<?xml version="1.0" encoding="ISO-8859-1"?>
<formulaset format="2.1">
	<formulaset-name>Armor - Padded</formulaset-name>
	<formulaset-categories>
		<formulaset-category>Armor</formulaset-category>
	</formulaset-categories>
	<item>
		<item-name>Invisible Padded Cap</item-name>
		<item-icon>icon_formula_a_05_00_11.png</item-icon>
		<item-batchqty>1</item-batchqty>
		<item-attributes>
			<item-attribute type="equipSlot">Head</item-attribute>
			<item-attribute type="reqClass">ENC, GRDN, CHSW, ELAR, CRSB, BLDM, SPRD, KNOC, ICED, STMD, GTH, MIN, BRSK, FLMD, SPRM, RVR, RNGR, CONJ, SORC, CLRC, WIZ, WVR, DRU, MSN, FLT, FIT, WPN, TNK, TLR, SPL, JWL, CNF, CRP, ALC, ARM, SCH, OUT, BLK, SHMN, BTLM, MONK, SPRT, PLDN, SCT, HLR, MAGE, WAR</item-attribute>
		</item-attributes>
		<item-keywords>
			<item-keyword>techclass_1</item-keyword>
			<item-keyword>armor_helm</item-keyword>
			<item-keyword>bodyslot_head</item-keyword>
			<item-keyword>armortype_padded</item-keyword>
			<item-keyword>armorstyle_fabric</item-keyword>
			<item-keyword>resource_organic</item-keyword>
			<item-keyword>armor</item-keyword>
		</item-keywords>
		<tier>
			<tier-name>Invisible Flaxen Padded Cap</tier-name>
			<tier-lvl>1</tier-lvl>
			<tier-allowedtechniques>1</tier-allowedtechniques>
			<tier-attributes>
				<tier-attribute type="bulk">8</tier-attribute>
				<tier-attribute type="hoardValue">20</tier-attribute>
				<tier-attribute type="reqAdvSkill">Armor Use (110)</tier-attribute>
				<tier-attribute type="reqCurrentSchoolLevel">Current School Level (11)</tier-attribute>
				<tier-attribute type="statBonus">+4 Armor</tier-attribute>
			</tier-attributes>
			<tier-keywords>
				<tier-keyword>tier_1</tier-keyword>
			</tier-keywords>
			<resources>
				<resource>
					<resource-name>Flax Spool</resource-name>
					<resource-skill>Tailoring</resource-skill>
					<resource-min amount="20">120</resource-min>
					<resource-opt amount="10">220</resource-opt>
				</resource>
			</resources>
		</tier>
		<tier>
			<tier-name>Invisible Kenaf Padded Cap</tier-name>
			<tier-lvl>2</tier-lvl>
			<tier-allowedtechniques>1</tier-allowedtechniques>
			<tier-attributes>
				<tier-attribute type="bulk">18</tier-attribute>
				<tier-attribute type="hoardValue">50</tier-attribute>
				<tier-attribute type="reqAdvSkill">Armor Use (310)</tier-attribute>
				<tier-attribute type="reqCurrentSchoolLevel">Current School Level (31)</tier-attribute>
				<tier-attribute type="statBonus">+11 Armor</tier-attribute>
			</tier-attributes>
			<tier-keywords>
				<tier-keyword>techclass_2</tier-keyword>
				<tier-keyword>tier_2</tier-keyword>
			</tier-keywords>
			<resources>
				<resource>
					<resource-name>Kenaf Spool</resource-name>
					<resource-skill>Tailoring</resource-skill>
					<resource-min amount="20">320</resource-min>
					<resource-opt amount="10">445</resource-opt>
				</resource>
			</resources>
		</tier>
		<tier>
			<tier-name>Invisible Cotton Padded Cap</tier-name>
			<tier-lvl>3</tier-lvl>
			<tier-allowedtechniques>2</tier-allowedtechniques>
			<tier-attributes>
				<tier-attribute type="bulk">8</tier-attribute>
				<tier-attribute type="hoardValue">90</tier-attribute>
				<tier-attribute type="reqAdvSkill">Armor Use (510)</tier-attribute>
				<tier-attribute type="reqCurrentSchoolLevel">Current School Level (51)</tier-attribute>
				<tier-attribute type="statBonus">+22 Armor</tier-attribute>
			</tier-attributes>
			<tier-keywords>
				<tier-keyword>techclass_3</tier-keyword>
				<tier-keyword>techclass_2</tier-keyword>
				<tier-keyword>tier_3</tier-keyword>
			</tier-keywords>
			<resources>
				<resource>
					<resource-name>Cotton Spool</resource-name>
					<resource-skill>Tailoring</resource-skill>
					<resource-min amount="20">520</resource-min>
					<resource-opt amount="10">670</resource-opt>
				</resource>
			</resources>
		</tier>
		<tier>
			<tier-name>Invisible Silken Padded Cap</tier-name>
			<tier-lvl>4</tier-lvl>
			<tier-allowedtechniques>2</tier-allowedtechniques>
			<tier-attributes>
				<tier-attribute type="bulk">8</tier-attribute>
				<tier-attribute type="hoardValue">180</tier-attribute>
				<tier-attribute type="reqAdvSkill">Armor Use (710)</tier-attribute>
				<tier-attribute type="reqCurrentSchoolLevel">Current School Level (71)</tier-attribute>
				<tier-attribute type="statBonus">+37 Armor</tier-attribute>
			</tier-attributes>
			<tier-keywords>
				<tier-keyword>techclass_4</tier-keyword>
				<tier-keyword>techclass_3</tier-keyword>
				<tier-keyword>techclass_2</tier-keyword>
				<tier-keyword>tier_4</tier-keyword>
			</tier-keywords>
			<resources>
				<resource>
					<resource-name>Silk Spool</resource-name>
					<resource-skill>Tailoring</resource-skill>
					<resource-min amount="20">720</resource-min>
					<resource-opt amount="10">895</resource-opt>
				</resource>
			</resources>
		</tier>
		<tier>
			<tier-name>Invisible Ironsilk Padded Cap</tier-name>
			<tier-lvl>5</tier-lvl>
			<tier-allowedtechniques>3</tier-allowedtechniques>
			<tier-attributes>
				<tier-attribute type="bulk">8</tier-attribute>
				<tier-attribute type="hoardValue">360</tier-attribute>
				<tier-attribute type="reqAdvSkill">Armor Use (910)</tier-attribute>
				<tier-attribute type="reqCurrentSchoolLevel">Current School Level (91)</tier-attribute>
				<tier-attribute type="statBonus">+56 Armor</tier-attribute>
			</tier-attributes>
			<tier-keywords>
				<tier-keyword>techclass_5</tier-keyword>
				<tier-keyword>techclass_4</tier-keyword>
				<tier-keyword>techclass_3</tier-keyword>
				<tier-keyword>techclass_2</tier-keyword>
				<tier-keyword>tier_5</tier-keyword>
			</tier-keywords>
			<resources>
				<resource>
					<resource-name>Ironsilk Spool</resource-name>
					<resource-skill>Tailoring</resource-skill>
					<resource-min amount="20">920</resource-min>
					<resource-opt amount="10">1120</resource-opt>
				</resource>
			</resources>
		</tier>
	</item>
	<item>
		<item-name>Invisible Padded Mask</item-name>
		<item-icon>icon_formula_a_06_00_11.png</item-icon>
		<item-batchqty>1</item-batchqty>
		<item-attributes>
			<item-attribute type="equipSlot">Face</item-attribute>
			<item-attribute type="bulk">8</item-attribute>
			<item-attribute type="reqClass">ENC, GRDN, CHSW, ELAR, CRSB, BLDM, SPRD, KNOC, ICED, STMD, GTH, MIN, BRSK, FLMD, SPRM, RVR, RNGR, CONJ, SORC, CLRC, WIZ, WVR, DRU, MSN, FLT, FIT, WPN, TNK, TLR, SPL, JWL, CNF, CRP, ALC, ARM, SCH, OUT, BLK, SHMN, BTLM, MONK, SPRT, PLDN, SCT, HLR, MAGE, WAR</item-attribute>
		</item-attributes>
		<item-keywords>
			<item-keyword>techclass_1</item-keyword>
			<item-keyword>bodyslot_face</item-keyword>
			<item-keyword>armortype_padded</item-keyword>
			<item-keyword>armorstyle_fabric</item-keyword>
			<item-keyword>resource_organic</item-keyword>
			<item-keyword>armor</item-keyword>
		</item-keywords>
		<tier>
			<tier-name>Invisible Flaxen Padded Mask</tier-name>
			<tier-lvl>1</tier-lvl>
			<tier-desc>Padded armor utilizes quilting and additional layers to extend its damage mitigating capabilities. Light and easy to move in but not intended to offer any great degree of protection.</tier-desc>
			<tier-allowedtechniques>1</tier-allowedtechniques>
			<tier-attributes>
				<tier-attribute type="hoardValue">24</tier-attribute>
				<tier-attribute type="reqAdvSkill">Armor Use (110)</tier-attribute>
				<tier-attribute type="reqCurrentSchoolLevel">Current School Level (11)</tier-attribute>
				<tier-attribute type="statBonus">+4 Armor</tier-attribute>
			</tier-attributes>
			<tier-keywords>
				<tier-keyword>tier_1</tier-keyword>
			</tier-keywords>
			<resources>
				<resource>
					<resource-name>Flax Spool</resource-name>
					<resource-skill>Tailoring</resource-skill>
					<resource-min amount="24">160</resource-min>
					<resource-opt amount="12">260</resource-opt>
				</resource>
			</resources>
		</tier>
		<tier>
			<tier-name>Invisible Kenaf Padded Mask</tier-name>
			<tier-lvl>2</tier-lvl>
			<tier-desc>Padded armor utilizes quilting and additional layers to extend its damage mitigating capabilities. Light and easy to move in but not intended to offer any great degree of protection.</tier-desc>
			<tier-allowedtechniques>1</tier-allowedtechniques>
			<tier-attributes>
				<tier-attribute type="hoardValue">60</tier-attribute>
				<tier-attribute type="reqAdvSkill">Armor Use (310)</tier-attribute>
				<tier-attribute type="reqCurrentSchoolLevel">Current School Level (31)</tier-attribute>
				<tier-attribute type="statBonus">+11 Armor</tier-attribute>
			</tier-attributes>
			<tier-keywords>
				<tier-keyword>techclass_2</tier-keyword>
				<tier-keyword>tier_2</tier-keyword>
			</tier-keywords>
			<resources>
				<resource>
					<resource-name>Kenaf Spool</resource-name>
					<resource-skill>Tailoring</resource-skill>
					<resource-min amount="24">360</resource-min>
					<resource-opt amount="12">485</resource-opt>
				</resource>
			</resources>
		</tier>
		<tier>
			<tier-name>Invisible Cotton Padded Mask</tier-name>
			<tier-lvl>3</tier-lvl>
			<tier-desc>Padded armor utilizes quilting and additional layers to extend its damage mitigating capabilities. Light and easy to move in but not intended to offer any great degree of protection.</tier-desc>
			<tier-allowedtechniques>2</tier-allowedtechniques>
			<tier-attributes>
				<tier-attribute type="hoardValue">108</tier-attribute>
				<tier-attribute type="reqAdvSkill">Armor Use (510)</tier-attribute>
				<tier-attribute type="reqCurrentSchoolLevel">Current School Level (51)</tier-attribute>
				<tier-attribute type="statBonus">+22 Armor</tier-attribute>
			</tier-attributes>
			<tier-keywords>
				<tier-keyword>techclass_3</tier-keyword>
				<tier-keyword>techclass_2</tier-keyword>
				<tier-keyword>tier_3</tier-keyword>
			</tier-keywords>
			<resources>
				<resource>
					<resource-name>Cotton Spool</resource-name>
					<resource-skill>Tailoring</resource-skill>
					<resource-min amount="24">560</resource-min>
					<resource-opt amount="12">710</resource-opt>
				</resource>
			</resources>
		</tier>
		<tier>
			<tier-name>Invisible Silken Padded Mask</tier-name>
			<tier-lvl>4</tier-lvl>
			<tier-desc>Padded armor utilizes quilting and additional layers to extend its damage mitigating capabilities. Light and easy to move in but not intended to offer any great degree of protection.</tier-desc>
			<tier-allowedtechniques>2</tier-allowedtechniques>
			<tier-attributes>
				<tier-attribute type="hoardValue">216</tier-attribute>
				<tier-attribute type="reqAdvSkill">Armor Use (710)</tier-attribute>
				<tier-attribute type="reqCurrentSchoolLevel">Current School Level (71)</tier-attribute>
				<tier-attribute type="statBonus">+37 Armor</tier-attribute>
			</tier-attributes>
			<tier-keywords>
				<tier-keyword>techclass_4</tier-keyword>
				<tier-keyword>techclass_3</tier-keyword>
				<tier-keyword>techclass_2</tier-keyword>
				<tier-keyword>tier_4</tier-keyword>
			</tier-keywords>
			<resources>
				<resource>
					<resource-name>Silk Spool</resource-name>
					<resource-skill>Tailoring</resource-skill>
					<resource-min amount="24">760</resource-min>
					<resource-opt amount="12">935</resource-opt>
				</resource>
			</resources>
		</tier>
		<tier>
			<tier-name>Invisible Ironsilk Padded Mask</tier-name>
			<tier-lvl>5</tier-lvl>
			<tier-desc>Padded armor utilizes quilting and additional layers to extend its damage mitigating capabilities. Light and easy to move in but not intended to offer any great degree of protection.</tier-desc>
			<tier-allowedtechniques>3</tier-allowedtechniques>
			<tier-attributes>
				<tier-attribute type="hoardValue">432</tier-attribute>
				<tier-attribute type="reqAdvSkill">Armor Use (910)</tier-attribute>
				<tier-attribute type="reqCurrentSchoolLevel">Current School Level (91)</tier-attribute>
				<tier-attribute type="statBonus">+56 Armor</tier-attribute>
			</tier-attributes>
			<tier-keywords>
				<tier-keyword>techclass_5</tier-keyword>
				<tier-keyword>techclass_4</tier-keyword>
				<tier-keyword>techclass_3</tier-keyword>
				<tier-keyword>techclass_2</tier-keyword>
				<tier-keyword>tier_5</tier-keyword>
			</tier-keywords>
			<resources>
				<resource>
					<resource-name>Ironsilk Spool</resource-name>
					<resource-skill>Tailoring</resource-skill>
					<resource-min amount="24">960</resource-min>
					<resource-opt amount="12">1160</resource-opt>
				</resource>
			</resources>
		</tier>
	</item>
	<item>
		<item-name>Padded Belt</item-name>
		<item-icon>icon_formula_a_09_03_11.png</item-icon>
		<item-batchqty>1</item-batchqty>
		<item-attributes>
			<item-attribute type="equipSlot">Waist</item-attribute>
			<item-attribute type="bulk">8</item-attribute>
			<item-attribute type="reqClass">ENC, GRDN, CHSW, ELAR, CRSB, BLDM, SPRD, KNOC, ICED, STMD, GTH, MIN, BRSK, FLMD, SPRM, RVR, RNGR, CONJ, SORC, CLRC, WIZ, WVR, DRU, MSN, FLT, FIT, WPN, TNK, TLR, SPL, JWL, CNF, CRP, ALC, ARM, SCH, OUT, BLK, SHMN, BTLM, MONK, SPRT, PLDN, SCT, HLR, MAGE, WAR</item-attribute>
		</item-attributes>
		<item-keywords>
			<item-keyword>techclass_1</item-keyword>
			<item-keyword>armor_belt</item-keyword>
			<item-keyword>bodyslot_waist</item-keyword>
			<item-keyword>armortype_padded</item-keyword>
			<item-keyword>armorstyle_fabric</item-keyword>
			<item-keyword>resource_organic</item-keyword>
			<item-keyword>armor</item-keyword>
		</item-keywords>
		<tier>
			<tier-name>Flaxen Padded Belt</tier-name>
			<tier-lvl>1</tier-lvl>
			<tier-desc>Padded armor utilizes quilting and additional layers to extend its damage mitigating capabilities. Light and easy to move in but not intended to offer any great degree of protection.</tier-desc>
			<tier-allowedtechniques>1</tier-allowedtechniques>
			<tier-attributes>
				<tier-attribute type="hoardValue">18</tier-attribute>
				<tier-attribute type="reqAdvSkill">Armor Use (110)</tier-attribute>
				<tier-attribute type="reqCurrentSchoolLevel">Current School Level (11)</tier-attribute>
				<tier-attribute type="statBonus">+4 Armor</tier-attribute>
			</tier-attributes>
			<tier-keywords>
				<tier-keyword>tier_1</tier-keyword>
			</tier-keywords>
			<resources>
				<resource>
					<resource-name>Flax Spool</resource-name>
					<resource-skill>Tailoring</resource-skill>
					<resource-min amount="18">100</resource-min>
					<resource-opt amount="9">200</resource-opt>
				</resource>
			</resources>
		</tier>
		<tier>
			<tier-name>Kenaf Padded Belt</tier-name>
			<tier-lvl>2</tier-lvl>
			<tier-desc>Padded armor utilizes quilting and additional layers to extend its damage mitigating capabilities. Light and easy to move in but not intended to offer any great degree of protection.</tier-desc>
			<tier-allowedtechniques>1</tier-allowedtechniques>
			<tier-attributes>
				<tier-attribute type="hoardValue">45</tier-attribute>
				<tier-attribute type="reqAdvSkill">Armor Use (310)</tier-attribute>
				<tier-attribute type="reqCurrentSchoolLevel">Current School Level (31)</tier-attribute>
				<tier-attribute type="statBonus">+11 Armor</tier-attribute>
			</tier-attributes>
			<tier-keywords>
				<tier-keyword>techclass_2</tier-keyword>
				<tier-keyword>tier_2</tier-keyword>
			</tier-keywords>
			<resources>
				<resource>
					<resource-name>Kenaf Spool</resource-name>
					<resource-skill>Tailoring</resource-skill>
					<resource-min amount="18">300</resource-min>
					<resource-opt amount="9">425</resource-opt>
				</resource>
			</resources>
		</tier>
		<tier>
			<tier-name>Cotton Padded Belt</tier-name>
			<tier-lvl>3</tier-lvl>
			<tier-desc>Padded armor utilizes quilting and additional layers to extend its damage mitigating capabilities. Light and easy to move in but not intended to offer any great degree of protection.</tier-desc>
			<tier-allowedtechniques>2</tier-allowedtechniques>
			<tier-attributes>
				<tier-attribute type="hoardValue">81</tier-attribute>
				<tier-attribute type="reqAdvSkill">Armor Use (510)</tier-attribute>
				<tier-attribute type="reqCurrentSchoolLevel">Current School Level (51)</tier-attribute>
				<tier-attribute type="statBonus">+22 Armor</tier-attribute>
			</tier-attributes>
			<tier-keywords>
				<tier-keyword>techclass_3</tier-keyword>
				<tier-keyword>techclass_2</tier-keyword>
				<tier-keyword>tier_3</tier-keyword>
			</tier-keywords>
			<resources>
				<resource>
					<resource-name>Cotton Spool</resource-name>
					<resource-skill>Tailoring</resource-skill>
					<resource-min amount="18">500</resource-min>
					<resource-opt amount="9">650</resource-opt>
				</resource>
			</resources>
		</tier>
		<tier>
			<tier-name>Silken Padded Belt</tier-name>
			<tier-lvl>4</tier-lvl>
			<tier-desc>Padded armor utilizes quilting and additional layers to extend its damage mitigating capabilities. Light and easy to move in but not intended to offer any great degree of protection.</tier-desc>
			<tier-allowedtechniques>2</tier-allowedtechniques>
			<tier-attributes>
				<tier-attribute type="hoardValue">162</tier-attribute>
				<tier-attribute type="reqAdvSkill">Armor Use (710)</tier-attribute>
				<tier-attribute type="reqCurrentSchoolLevel">Current School Level (71)</tier-attribute>
				<tier-attribute type="statBonus">+37 Armor</tier-attribute>
			</tier-attributes>
			<tier-keywords>
				<tier-keyword>techclass_4</tier-keyword>
				<tier-keyword>techclass_3</tier-keyword>
				<tier-keyword>techclass_2</tier-keyword>
				<tier-keyword>tier_4</tier-keyword>
			</tier-keywords>
			<resources>
				<resource>
					<resource-name>Silk Spool</resource-name>
					<resource-skill>Tailoring</resource-skill>
					<resource-min amount="18">700</resource-min>
					<resource-opt amount="9">875</resource-opt>
				</resource>
			</resources>
		</tier>
		<tier>
			<tier-name>Ironsilk Padded Belt</tier-name>
			<tier-lvl>5</tier-lvl>
			<tier-desc>Padded armor utilizes quilting and additional layers to extend its damage mitigating capabilities. Light and easy to move in but not intended to offer any great degree of protection.</tier-desc>
			<tier-allowedtechniques>3</tier-allowedtechniques>
			<tier-attributes>
				<tier-attribute type="hoardValue">324</tier-attribute>
				<tier-attribute type="reqAdvSkill">Armor Use (910)</tier-attribute>
				<tier-attribute type="reqCurrentSchoolLevel">Current School Level (91)</tier-attribute>
				<tier-attribute type="statBonus">+56 Armor</tier-attribute>
			</tier-attributes>
			<tier-keywords>
				<tier-keyword>techclass_5</tier-keyword>
				<tier-keyword>techclass_4</tier-keyword>
				<tier-keyword>techclass_3</tier-keyword>
				<tier-keyword>techclass_2</tier-keyword>
				<tier-keyword>tier_5</tier-keyword>
			</tier-keywords>
			<resources>
				<resource>
					<resource-name>Ironsilk Spool</resource-name>
					<resource-skill>Tailoring</resource-skill>
					<resource-min amount="18">900</resource-min>
					<resource-opt amount="9">1100</resource-opt>
				</resource>
			</resources>
		</tier>
	</item>
	<item>
		<item-name>Padded Boots</item-name>
		<item-icon>icon_formula_a_11_03_11.png</item-icon>
		<item-batchqty>1</item-batchqty>
		<item-attributes>
			<item-attribute type="equipSlot">Feet</item-attribute>
			<item-attribute type="bulk">8</item-attribute>
			<item-attribute type="reqClass">ENC, GRDN, CHSW, ELAR, CRSB, BLDM, SPRD, KNOC, ICED, STMD, GTH, MIN, BRSK, FLMD, SPRM, RVR, RNGR, CONJ, SORC, CLRC, WIZ, WVR, DRU, MSN, FLT, FIT, WPN, TNK, TLR, SPL, JWL, CNF, CRP, ALC, ARM, SCH, OUT, BLK, SHMN, BTLM, MONK, SPRT, PLDN, SCT, HLR, MAGE, WAR</item-attribute>
		</item-attributes>
		<item-keywords>
			<item-keyword>techclass_1</item-keyword>
			<item-keyword>armor_boots</item-keyword>
			<item-keyword>bodyslot_feet</item-keyword>
			<item-keyword>armortype_padded</item-keyword>
			<item-keyword>armorstyle_fabric</item-keyword>
			<item-keyword>resource_organic</item-keyword>
			<item-keyword>armor</item-keyword>
		</item-keywords>
		<tier>
			<tier-name>Flaxen Padded Boots</tier-name>
			<tier-lvl>1</tier-lvl>
			<tier-desc>Padded armor utilizes quilting and additional layers to extend its damage mitigating capabilities. Light and easy to move in but not intended to offer any great degree of protection.</tier-desc>
			<tier-allowedtechniques>1</tier-allowedtechniques>
			<tier-attributes>
				<tier-attribute type="hoardValue">22</tier-attribute>
				<tier-attribute type="reqAdvSkill">Armor Use (110)</tier-attribute>
				<tier-attribute type="reqCurrentSchoolLevel">Current School Level (11)</tier-attribute>
				<tier-attribute type="statBonus">+4 Armor</tier-attribute>
			</tier-attributes>
			<tier-keywords>
				<tier-keyword>tier_1</tier-keyword>
			</tier-keywords>
			<resources>
				<resource>
					<resource-name>Flax Spool</resource-name>
					<resource-skill>Tailoring</resource-skill>
					<resource-min amount="22">140</resource-min>
					<resource-opt amount="11">240</resource-opt>
				</resource>
			</resources>
		</tier>
		<tier>
			<tier-name>Kenaf Padded Boots</tier-name>
			<tier-lvl>2</tier-lvl>
			<tier-desc>Padded armor utilizes quilting and additional layers to extend its damage mitigating capabilities. Light and easy to move in but not intended to offer any great degree of protection.</tier-desc>
			<tier-allowedtechniques>1</tier-allowedtechniques>
			<tier-attributes>
				<tier-attribute type="hoardValue">55</tier-attribute>
				<tier-attribute type="reqAdvSkill">Armor Use (310)</tier-attribute>
				<tier-attribute type="reqCurrentSchoolLevel">Current School Level (31)</tier-attribute>
				<tier-attribute type="statBonus">+11 Armor</tier-attribute>
			</tier-attributes>
			<tier-keywords>
				<tier-keyword>techclass_2</tier-keyword>
				<tier-keyword>tier_2</tier-keyword>
			</tier-keywords>
			<resources>
				<resource>
					<resource-name>Kenaf Spool</resource-name>
					<resource-skill>Tailoring</resource-skill>
					<resource-min amount="22">340</resource-min>
					<resource-opt amount="11">465</resource-opt>
				</resource>
			</resources>
		</tier>
		<tier>
			<tier-name>Cotton Padded Boots</tier-name>
			<tier-lvl>3</tier-lvl>
			<tier-desc>Padded armor utilizes quilting and additional layers to extend its damage mitigating capabilities. Light and easy to move in but not intended to offer any great degree of protection.</tier-desc>
			<tier-allowedtechniques>2</tier-allowedtechniques>
			<tier-attributes>
				<tier-attribute type="hoardValue">99</tier-attribute>
				<tier-attribute type="reqAdvSkill">Armor Use (510)</tier-attribute>
				<tier-attribute type="reqCurrentSchoolLevel">Current School Level (51)</tier-attribute>
				<tier-attribute type="statBonus">+22 Armor</tier-attribute>
			</tier-attributes>
			<tier-keywords>
				<tier-keyword>techclass_3</tier-keyword>
				<tier-keyword>techclass_2</tier-keyword>
				<tier-keyword>tier_3</tier-keyword>
			</tier-keywords>
			<resources>
				<resource>
					<resource-name>Cotton Spool</resource-name>
					<resource-skill>Tailoring</resource-skill>
					<resource-min amount="22">540</resource-min>
					<resource-opt amount="11">690</resource-opt>
				</resource>
			</resources>
		</tier>
		<tier>
			<tier-name>Silken Padded Boots</tier-name>
			<tier-lvl>4</tier-lvl>
			<tier-desc>Padded armor utilizes quilting and additional layers to extend its damage mitigating capabilities. Light and easy to move in but not intended to offer any great degree of protection.</tier-desc>
			<tier-allowedtechniques>2</tier-allowedtechniques>
			<tier-attributes>
				<tier-attribute type="hoardValue">198</tier-attribute>
				<tier-attribute type="reqAdvSkill">Armor Use (710)</tier-attribute>
				<tier-attribute type="reqCurrentSchoolLevel">Current School Level (71)</tier-attribute>
				<tier-attribute type="statBonus">+37 Armor</tier-attribute>
			</tier-attributes>
			<tier-keywords>
				<tier-keyword>techclass_4</tier-keyword>
				<tier-keyword>techclass_3</tier-keyword>
				<tier-keyword>techclass_2</tier-keyword>
				<tier-keyword>tier_4</tier-keyword>
			</tier-keywords>
			<resources>
				<resource>
					<resource-name>Silk Spool</resource-name>
					<resource-skill>Tailoring</resource-skill>
					<resource-min amount="22">740</resource-min>
					<resource-opt amount="11">915</resource-opt>
				</resource>
			</resources>
		</tier>
		<tier>
			<tier-name>Ironsilk Padded Boots</tier-name>
			<tier-lvl>5</tier-lvl>
			<tier-desc>Padded armor utilizes quilting and additional layers to extend its damage mitigating capabilities. Light and easy to move in but not intended to offer any great degree of protection.</tier-desc>
			<tier-allowedtechniques>3</tier-allowedtechniques>
			<tier-attributes>
				<tier-attribute type="hoardValue">396</tier-attribute>
				<tier-attribute type="reqAdvSkill">Armor Use (910)</tier-attribute>
				<tier-attribute type="reqCurrentSchoolLevel">Current School Level (91)</tier-attribute>
				<tier-attribute type="statBonus">+56 Armor</tier-attribute>
			</tier-attributes>
			<tier-keywords>
				<tier-keyword>techclass_5</tier-keyword>
				<tier-keyword>techclass_4</tier-keyword>
				<tier-keyword>techclass_3</tier-keyword>
				<tier-keyword>techclass_2</tier-keyword>
				<tier-keyword>tier_5</tier-keyword>
			</tier-keywords>
			<resources>
				<resource>
					<resource-name>Ironsilk Spool</resource-name>
					<resource-skill>Tailoring</resource-skill>
					<resource-min amount="22">940</resource-min>
					<resource-opt amount="11">1140</resource-opt>
				</resource>
			</resources>
		</tier>
	</item>
	<item>
		<item-name>Padded Cap</item-name>
		<item-icon>icon_formula_a_05_03_11.png</item-icon>
		<item-batchqty>1</item-batchqty>
		<item-attributes>
			<item-attribute type="equipSlot">Head</item-attribute>
			<item-attribute type="reqClass">ENC, GRDN, CHSW, ELAR, CRSB, BLDM, SPRD, KNOC, ICED, STMD, GTH, MIN, BRSK, FLMD, SPRM, RVR, RNGR, CONJ, SORC, CLRC, WIZ, WVR, DRU, MSN, FLT, FIT, WPN, TNK, TLR, SPL, JWL, CNF, CRP, ALC, ARM, SCH, OUT, BLK, SHMN, BTLM, MONK, SPRT, PLDN, SCT, HLR, MAGE, WAR</item-attribute>
		</item-attributes>
		<item-keywords>
			<item-keyword>techclass_1</item-keyword>
			<item-keyword>armor_helm</item-keyword>
			<item-keyword>bodyslot_head</item-keyword>
			<item-keyword>armortype_padded</item-keyword>
			<item-keyword>armorstyle_fabric</item-keyword>
			<item-keyword>resource_organic</item-keyword>
			<item-keyword>armor</item-keyword>
		</item-keywords>
		<tier>
			<tier-name>Flaxen Padded Cap</tier-name>
			<tier-lvl>1</tier-lvl>
			<tier-desc>Padded armor utilizes quilting and additional layers to extend its damage mitigating capabilities. Light and easy to move in but not intended to offer any great degree of protection.</tier-desc>
			<tier-allowedtechniques>1</tier-allowedtechniques>
			<tier-attributes>
				<tier-attribute type="bulk">8</tier-attribute>
				<tier-attribute type="hoardValue">20</tier-attribute>
				<tier-attribute type="reqAdvSkill">Armor Use (110)</tier-attribute>
				<tier-attribute type="reqCurrentSchoolLevel">Current School Level (11)</tier-attribute>
				<tier-attribute type="statBonus">+4 Armor</tier-attribute>
			</tier-attributes>
			<tier-keywords>
				<tier-keyword>tier_1</tier-keyword>
			</tier-keywords>
			<resources>
				<resource>
					<resource-name>Flax Spool</resource-name>
					<resource-skill>Tailoring</resource-skill>
					<resource-min amount="20">120</resource-min>
					<resource-opt amount="10">220</resource-opt>
				</resource>
			</resources>
		</tier>
		<tier>
			<tier-name>Kenaf Padded Cap</tier-name>
			<tier-lvl>2</tier-lvl>
			<tier-desc>Padded armor utilizes quilting and additional layers to extend its damage mitigating capabilities. Light and easy to move in but not intended to offer any great degree of protection.</tier-desc>
			<tier-allowedtechniques>1</tier-allowedtechniques>
			<tier-attributes>
				<tier-attribute type="bulk">18</tier-attribute>
				<tier-attribute type="hoardValue">50</tier-attribute>
				<tier-attribute type="reqAdvSkill">Armor Use (310)</tier-attribute>
				<tier-attribute type="reqCurrentSchoolLevel">Current School Level (31)</tier-attribute>
				<tier-attribute type="statBonus">+11 Armor</tier-attribute>
			</tier-attributes>
			<tier-keywords>
				<tier-keyword>techclass_2</tier-keyword>
				<tier-keyword>tier_2</tier-keyword>
			</tier-keywords>
			<resources>
				<resource>
					<resource-name>Kenaf Spool</resource-name>
					<resource-skill>Tailoring</resource-skill>
					<resource-min amount="20">320</resource-min>
					<resource-opt amount="10">445</resource-opt>
				</resource>
			</resources>
		</tier>
		<tier>
			<tier-name>Cotton Padded Cap</tier-name>
			<tier-lvl>3</tier-lvl>
			<tier-desc>Padded armor utilizes quilting and additional layers to extend its damage mitigating capabilities. Light and easy to move in but not intended to offer any great degree of protection.</tier-desc>
			<tier-allowedtechniques>2</tier-allowedtechniques>
			<tier-attributes>
				<tier-attribute type="bulk">8</tier-attribute>
				<tier-attribute type="hoardValue">90</tier-attribute>
				<tier-attribute type="reqAdvSkill">Armor Use (510)</tier-attribute>
				<tier-attribute type="reqCurrentSchoolLevel">Current School Level (51)</tier-attribute>
				<tier-attribute type="statBonus">+22 Armor</tier-attribute>
			</tier-attributes>
			<tier-keywords>
				<tier-keyword>techclass_3</tier-keyword>
				<tier-keyword>techclass_2</tier-keyword>
				<tier-keyword>tier_3</tier-keyword>
			</tier-keywords>
			<resources>
				<resource>
					<resource-name>Cotton Spool</resource-name>
					<resource-skill>Tailoring</resource-skill>
					<resource-min amount="20">520</resource-min>
					<resource-opt amount="10">670</resource-opt>
				</resource>
			</resources>
		</tier>
		<tier>
			<tier-name>Silken Padded Cap</tier-name>
			<tier-lvl>4</tier-lvl>
			<tier-desc>Padded armor utilizes quilting and additional layers to extend its damage mitigating capabilities. Light and easy to move in but not intended to offer any great degree of protection.</tier-desc>
			<tier-allowedtechniques>2</tier-allowedtechniques>
			<tier-attributes>
				<tier-attribute type="bulk">8</tier-attribute>
				<tier-attribute type="hoardValue">180</tier-attribute>
				<tier-attribute type="reqAdvSkill">Armor Use (710)</tier-attribute>
				<tier-attribute type="reqCurrentSchoolLevel">Current School Level (71)</tier-attribute>
				<tier-attribute type="statBonus">+37 Armor</tier-attribute>
			</tier-attributes>
			<tier-keywords>
				<tier-keyword>techclass_4</tier-keyword>
				<tier-keyword>techclass_3</tier-keyword>
				<tier-keyword>techclass_2</tier-keyword>
				<tier-keyword>tier_4</tier-keyword>
			</tier-keywords>
			<resources>
				<resource>
					<resource-name>Silk Spool</resource-name>
					<resource-skill>Tailoring</resource-skill>
					<resource-min amount="20">720</resource-min>
					<resource-opt amount="10">895</resource-opt>
				</resource>
			</resources>
		</tier>
		<tier>
			<tier-name>Ironsilk Padded Cap</tier-name>
			<tier-lvl>5</tier-lvl>
			<tier-desc>Padded armor utilizes quilting and additional layers to extend its damage mitigating capabilities. Light and easy to move in but not intended to offer any great degree of protection.</tier-desc>
			<tier-allowedtechniques>3</tier-allowedtechniques>
			<tier-attributes>
				<tier-attribute type="bulk">8</tier-attribute>
				<tier-attribute type="hoardValue">360</tier-attribute>
				<tier-attribute type="reqAdvSkill">Armor Use (910)</tier-attribute>
				<tier-attribute type="reqCurrentSchoolLevel">Current School Level (91)</tier-attribute>
				<tier-attribute type="statBonus">+56 Armor</tier-attribute>
			</tier-attributes>
			<tier-keywords>
				<tier-keyword>techclass_5</tier-keyword>
				<tier-keyword>techclass_4</tier-keyword>
				<tier-keyword>techclass_3</tier-keyword>
				<tier-keyword>techclass_2</tier-keyword>
				<tier-keyword>tier_5</tier-keyword>
			</tier-keywords>
			<resources>
				<resource>
					<resource-name>Ironsilk Spool</resource-name>
					<resource-skill>Tailoring</resource-skill>
					<resource-min amount="20">920</resource-min>
					<resource-opt amount="10">1120</resource-opt>
				</resource>
			</resources>
		</tier>
	</item>
	<item>
		<item-name>Padded Cape</item-name>
		<item-icon>icon_formula_a_03_03_11.png</item-icon>
		<item-batchqty>1</item-batchqty>
		<item-attributes>
			<item-attribute type="equipSlot">Back</item-attribute>
			<item-attribute type="bulk">16</item-attribute>
			<item-attribute type="reqClass">ENC, GRDN, CHSW, ELAR, CRSB, BLDM, SPRD, KNOC, ICED, STMD, GTH, MIN, BRSK, FLMD, SPRM, RVR, RNGR, CONJ, SORC, CLRC, WIZ, WVR, DRU, MSN, FLT, FIT, WPN, TNK, TLR, SPL, JWL, CNF, CRP, ALC, ARM, SCH, OUT, BLK, SHMN, BTLM, MONK, SPRT, PLDN, SCT, HLR, MAGE, WAR</item-attribute>
		</item-attributes>
		<item-keywords>
			<item-keyword>techclass_1</item-keyword>
			<item-keyword>armor_cape</item-keyword>
			<item-keyword>bodyslot_head</item-keyword>
			<item-keyword>bodyslot_back</item-keyword>
			<item-keyword>armortype_padded</item-keyword>
			<item-keyword>armorstyle_fabric</item-keyword>
			<item-keyword>resource_organic</item-keyword>
			<item-keyword>armor</item-keyword>
		</item-keywords>
		<tier>
			<tier-name>Flaxen Padded Cape</tier-name>
			<tier-lvl>1</tier-lvl>
			<tier-desc>Padded armor utilizes quilting and additional layers to extend its damage mitigating capabilities. Light and easy to move in but not intended to offer any great degree of protection.</tier-desc>
			<tier-allowedtechniques>1</tier-allowedtechniques>
			<tier-attributes>
				<tier-attribute type="hoardValue">26</tier-attribute>
				<tier-attribute type="reqAdvSkill">Armor Use (110)</tier-attribute>
				<tier-attribute type="reqCurrentSchoolLevel">Current School Level (11)</tier-attribute>
				<tier-attribute type="statBonus">+4 Armor</tier-attribute>
			</tier-attributes>
			<tier-keywords>
				<tier-keyword>tier_1</tier-keyword>
			</tier-keywords>
			<resources>
				<resource>
					<resource-name>Flax Spool</resource-name>
					<resource-skill>Tailoring</resource-skill>
					<resource-min amount="26">175</resource-min>
					<resource-opt amount="13">275</resource-opt>
				</resource>
			</resources>
		</tier>
		<tier>
			<tier-name>Kenaf Padded Cape</tier-name>
			<tier-lvl>2</tier-lvl>
			<tier-desc>Padded armor utilizes quilting and additional layers to extend its damage mitigating capabilities. Light and easy to move in but not intended to offer any great degree of protection.</tier-desc>
			<tier-allowedtechniques>1</tier-allowedtechniques>
			<tier-attributes>
				<tier-attribute type="hoardValue">65</tier-attribute>
				<tier-attribute type="reqAdvSkill">Armor Use (310)</tier-attribute>
				<tier-attribute type="reqCurrentSchoolLevel">Current School Level (31)</tier-attribute>
				<tier-attribute type="statBonus">+11 Armor</tier-attribute>
			</tier-attributes>
			<tier-keywords>
				<tier-keyword>techclass_2</tier-keyword>
				<tier-keyword>tier_2</tier-keyword>
			</tier-keywords>
			<resources>
				<resource>
					<resource-name>Kenaf Spool</resource-name>
					<resource-skill>Tailoring</resource-skill>
					<resource-min amount="26">375</resource-min>
					<resource-opt amount="13">500</resource-opt>
				</resource>
			</resources>
		</tier>
		<tier>
			<tier-name>Cotton Padded Cape</tier-name>
			<tier-lvl>3</tier-lvl>
			<tier-desc>Padded armor utilizes quilting and additional layers to extend its damage mitigating capabilities. Light and easy to move in but not intended to offer any great degree of protection.</tier-desc>
			<tier-allowedtechniques>2</tier-allowedtechniques>
			<tier-attributes>
				<tier-attribute type="hoardValue">117</tier-attribute>
				<tier-attribute type="reqAdvSkill">Armor Use (510)</tier-attribute>
				<tier-attribute type="reqCurrentSchoolLevel">Current School Level (51)</tier-attribute>
				<tier-attribute type="statBonus">+22 Armor</tier-attribute>
			</tier-attributes>
			<tier-keywords>
				<tier-keyword>techclass_3</tier-keyword>
				<tier-keyword>techclass_2</tier-keyword>
				<tier-keyword>tier_3</tier-keyword>
			</tier-keywords>
			<resources>
				<resource>
					<resource-name>Cotton Spool</resource-name>
					<resource-skill>Tailoring</resource-skill>
					<resource-min amount="26">575</resource-min>
					<resource-opt amount="13">725</resource-opt>
				</resource>
			</resources>
		</tier>
		<tier>
			<tier-name>Silken Padded Cape</tier-name>
			<tier-lvl>4</tier-lvl>
			<tier-desc>Padded armor utilizes quilting and additional layers to extend its damage mitigating capabilities. Light and easy to move in but not intended to offer any great degree of protection.</tier-desc>
			<tier-allowedtechniques>2</tier-allowedtechniques>
			<tier-attributes>
				<tier-attribute type="hoardValue">234</tier-attribute>
				<tier-attribute type="reqAdvSkill">Armor Use (710)</tier-attribute>
				<tier-attribute type="reqCurrentSchoolLevel">Current School Level (71)</tier-attribute>
				<tier-attribute type="statBonus">+37 Armor</tier-attribute>
			</tier-attributes>
			<tier-keywords>
				<tier-keyword>techclass_4</tier-keyword>
				<tier-keyword>techclass_3</tier-keyword>
				<tier-keyword>techclass_2</tier-keyword>
				<tier-keyword>tier_4</tier-keyword>
			</tier-keywords>
			<resources>
				<resource>
					<resource-name>Silk Spool</resource-name>
					<resource-skill>Tailoring</resource-skill>
					<resource-min amount="26">775</resource-min>
					<resource-opt amount="13">950</resource-opt>
				</resource>
			</resources>
		</tier>
		<tier>
			<tier-name>Ironsilk Padded Cape</tier-name>
			<tier-lvl>5</tier-lvl>
			<tier-desc>Padded armor utilizes quilting and additional layers to extend its damage mitigating capabilities. Light and easy to move in but not intended to offer any great degree of protection.</tier-desc>
			<tier-allowedtechniques>3</tier-allowedtechniques>
			<tier-attributes>
				<tier-attribute type="hoardValue">468</tier-attribute>
				<tier-attribute type="reqAdvSkill">Armor Use (910)</tier-attribute>
				<tier-attribute type="reqCurrentSchoolLevel">Current School Level (91)</tier-attribute>
				<tier-attribute type="statBonus">+56 Armor</tier-attribute>
			</tier-attributes>
			<tier-keywords>
				<tier-keyword>techclass_5</tier-keyword>
				<tier-keyword>techclass_4</tier-keyword>
				<tier-keyword>techclass_3</tier-keyword>
				<tier-keyword>techclass_2</tier-keyword>
				<tier-keyword>tier_5</tier-keyword>
			</tier-keywords>
			<resources>
				<resource>
					<resource-name>Ironsilk Spool</resource-name>
					<resource-skill>Tailoring</resource-skill>
					<resource-min amount="26">975</resource-min>
					<resource-opt amount="13">1175</resource-opt>
				</resource>
			</resources>
		</tier>
	</item>
	<item>
		<item-name>Padded Gloves</item-name>
		<item-icon>icon_formula_a_24_03_11.png</item-icon>
		<item-batchqty>1</item-batchqty>
		<item-attributes>
			<item-attribute type="equipSlot">Hands</item-attribute>
			<item-attribute type="bulk">8</item-attribute>
			<item-attribute type="reqClass">ENC, GRDN, CHSW, ELAR, CRSB, BLDM, SPRD, KNOC, ICED, STMD, GTH, MIN, BRSK, FLMD, SPRM, RVR, RNGR, CONJ, SORC, CLRC, WIZ, WVR, DRU, MSN, FLT, FIT, WPN, TNK, TLR, SPL, JWL, CNF, CRP, ALC, ARM, SCH, OUT, BLK, SHMN, BTLM, MONK, SPRT, PLDN, SCT, HLR, MAGE, WAR</item-attribute>
		</item-attributes>
		<item-keywords>
			<item-keyword>techclass_1</item-keyword>
			<item-keyword>armor_gauntlets</item-keyword>
			<item-keyword>bodyslot_hands</item-keyword>
			<item-keyword>armortype_padded</item-keyword>
			<item-keyword>armorstyle_fabric</item-keyword>
			<item-keyword>resource_organic</item-keyword>
			<item-keyword>armor</item-keyword>
		</item-keywords>
		<tier>
			<tier-name>Flaxen Padded Gloves</tier-name>
			<tier-lvl>1</tier-lvl>
			<tier-desc>Padded armor utilizes quilting and additional layers to extend its damage mitigating capabilities. Light and easy to move in but not intended to offer any great degree of protection.</tier-desc>
			<tier-allowedtechniques>1</tier-allowedtechniques>
			<tier-attributes>
				<tier-attribute type="hoardValue">22</tier-attribute>
				<tier-attribute type="reqAdvSkill">Armor Use (110)</tier-attribute>
				<tier-attribute type="reqCurrentSchoolLevel">Current School Level (11)</tier-attribute>
				<tier-attribute type="statBonus">+4 Armor</tier-attribute>
			</tier-attributes>
			<tier-keywords>
				<tier-keyword>tier_1</tier-keyword>
			</tier-keywords>
			<resources>
				<resource>
					<resource-name>Flax Spool</resource-name>
					<resource-skill>Tailoring</resource-skill>
					<resource-min amount="22">150</resource-min>
					<resource-opt amount="11">250</resource-opt>
				</resource>
			</resources>
		</tier>
		<tier>
			<tier-name>Kenaf Padded Gloves</tier-name>
			<tier-lvl>2</tier-lvl>
			<tier-desc>Padded armor utilizes quilting and additional layers to extend its damage mitigating capabilities. Light and easy to move in but not intended to offer any great degree of protection.</tier-desc>
			<tier-allowedtechniques>1</tier-allowedtechniques>
			<tier-attributes>
				<tier-attribute type="hoardValue">55</tier-attribute>
				<tier-attribute type="reqAdvSkill">Armor Use (310)</tier-attribute>
				<tier-attribute type="reqCurrentSchoolLevel">Current School Level (31)</tier-attribute>
				<tier-attribute type="statBonus">+11 Armor</tier-attribute>
			</tier-attributes>
			<tier-keywords>
				<tier-keyword>techclass_2</tier-keyword>
				<tier-keyword>tier_2</tier-keyword>
			</tier-keywords>
			<resources>
				<resource>
					<resource-name>Kenaf Spool</resource-name>
					<resource-skill>Tailoring</resource-skill>
					<resource-min amount="22">350</resource-min>
					<resource-opt amount="11">475</resource-opt>
				</resource>
			</resources>
		</tier>
		<tier>
			<tier-name>Cotton Padded Gloves</tier-name>
			<tier-lvl>3</tier-lvl>
			<tier-desc>Padded armor utilizes quilting and additional layers to extend its damage mitigating capabilities. Light and easy to move in but not intended to offer any great degree of protection.</tier-desc>
			<tier-allowedtechniques>2</tier-allowedtechniques>
			<tier-attributes>
				<tier-attribute type="hoardValue">99</tier-attribute>
				<tier-attribute type="reqAdvSkill">Armor Use (510)</tier-attribute>
				<tier-attribute type="reqCurrentSchoolLevel">Current School Level (51)</tier-attribute>
				<tier-attribute type="statBonus">+22 Armor</tier-attribute>
			</tier-attributes>
			<tier-keywords>
				<tier-keyword>techclass_3</tier-keyword>
				<tier-keyword>techclass_2</tier-keyword>
				<tier-keyword>tier_3</tier-keyword>
			</tier-keywords>
			<resources>
				<resource>
					<resource-name>Cotton Spool</resource-name>
					<resource-skill>Tailoring</resource-skill>
					<resource-min amount="22">550</resource-min>
					<resource-opt amount="11">700</resource-opt>
				</resource>
			</resources>
		</tier>
		<tier>
			<tier-name>Silken Padded Gloves</tier-name>
			<tier-lvl>4</tier-lvl>
			<tier-desc>Padded armor utilizes quilting and additional layers to extend its damage mitigating capabilities. Light and easy to move in but not intended to offer any great degree of protection.</tier-desc>
			<tier-allowedtechniques>2</tier-allowedtechniques>
			<tier-attributes>
				<tier-attribute type="hoardValue">198</tier-attribute>
				<tier-attribute type="reqAdvSkill">Armor Use (710)</tier-attribute>
				<tier-attribute type="reqCurrentSchoolLevel">Current School Level (71)</tier-attribute>
				<tier-attribute type="statBonus">+37 Armor</tier-attribute>
			</tier-attributes>
			<tier-keywords>
				<tier-keyword>techclass_4</tier-keyword>
				<tier-keyword>techclass_3</tier-keyword>
				<tier-keyword>techclass_2</tier-keyword>
				<tier-keyword>tier_4</tier-keyword>
			</tier-keywords>
			<resources>
				<resource>
					<resource-name>Silk Spool</resource-name>
					<resource-skill>Tailoring</resource-skill>
					<resource-min amount="22">750</resource-min>
					<resource-opt amount="11">925</resource-opt>
				</resource>
			</resources>
		</tier>
		<tier>
			<tier-name>Ironsilk Padded Gloves</tier-name>
			<tier-lvl>5</tier-lvl>
			<tier-desc>Padded armor utilizes quilting and additional layers to extend its damage mitigating capabilities. Light and easy to move in but not intended to offer any great degree of protection.</tier-desc>
			<tier-allowedtechniques>3</tier-allowedtechniques>
			<tier-attributes>
				<tier-attribute type="hoardValue">396</tier-attribute>
				<tier-attribute type="reqAdvSkill">Armor Use (910)</tier-attribute>
				<tier-attribute type="reqCurrentSchoolLevel">Current School Level (91)</tier-attribute>
				<tier-attribute type="statBonus">+56 Armor</tier-attribute>
			</tier-attributes>
			<tier-keywords>
				<tier-keyword>techclass_5</tier-keyword>
				<tier-keyword>techclass_4</tier-keyword>
				<tier-keyword>techclass_3</tier-keyword>
				<tier-keyword>techclass_2</tier-keyword>
				<tier-keyword>tier_5</tier-keyword>
			</tier-keywords>
			<resources>
				<resource>
					<resource-name>Ironsilk Spool</resource-name>
					<resource-skill>Tailoring</resource-skill>
					<resource-min amount="22">950</resource-min>
					<resource-opt amount="11">1150</resource-opt>
				</resource>
			</resources>
		</tier>
	</item>
	<item>
		<item-name>Padded Leggings</item-name>
		<item-icon>icon_formula_a_10_03_11.png</item-icon>
		<item-batchqty>1</item-batchqty>
		<item-attributes>
			<item-attribute type="equipSlot">Legs</item-attribute>
			<item-attribute type="bulk">16</item-attribute>
			<item-attribute type="reqClass">ENC, GRDN, CHSW, ELAR, CRSB, BLDM, SPRD, KNOC, ICED, STMD, GTH, MIN, BRSK, FLMD, SPRM, RVR, RNGR, CONJ, SORC, CLRC, WIZ, WVR, DRU, MSN, FLT, FIT, WPN, TNK, TLR, SPL, JWL, CNF, CRP, ALC, ARM, SCH, OUT, BLK, SHMN, BTLM, MONK, SPRT, PLDN, SCT, HLR, MAGE, WAR</item-attribute>
		</item-attributes>
		<item-keywords>
			<item-keyword>techclass_1</item-keyword>
			<item-keyword>armor_leggings</item-keyword>
			<item-keyword>bodyslot_legs</item-keyword>
			<item-keyword>armortype_padded</item-keyword>
			<item-keyword>armorstyle_fabric</item-keyword>
			<item-keyword>resource_organic</item-keyword>
			<item-keyword>armor</item-keyword>
		</item-keywords>
		<tier>
			<tier-name>Flaxen Padded Leggings</tier-name>
			<tier-lvl>1</tier-lvl>
			<tier-desc>Padded armor utilizes quilting and additional layers to extend its damage mitigating capabilities. Light and easy to move in but not intended to offer any great degree of protection.</tier-desc>
			<tier-allowedtechniques>1</tier-allowedtechniques>
			<tier-attributes>
				<tier-attribute type="hoardValue">28</tier-attribute>
				<tier-attribute type="reqAdvSkill">Armor Use (110)</tier-attribute>
				<tier-attribute type="reqCurrentSchoolLevel">Current School Level (11)</tier-attribute>
				<tier-attribute type="statBonus">+4 Armor</tier-attribute>
			</tier-attributes>
			<tier-keywords>
				<tier-keyword>tier_1</tier-keyword>
			</tier-keywords>
			<resources>
				<resource>
					<resource-name>Flax Spool</resource-name>
					<resource-skill>Tailoring</resource-skill>
					<resource-min amount="28">180</resource-min>
					<resource-opt amount="14">280</resource-opt>
				</resource>
			</resources>
		</tier>
		<tier>
			<tier-name>Kenaf Padded Leggings</tier-name>
			<tier-lvl>2</tier-lvl>
			<tier-desc>Padded armor utilizes quilting and additional layers to extend its damage mitigating capabilities. Light and easy to move in but not intended to offer any great degree of protection.</tier-desc>
			<tier-allowedtechniques>1</tier-allowedtechniques>
			<tier-attributes>
				<tier-attribute type="hoardValue">70</tier-attribute>
				<tier-attribute type="reqAdvSkill">Armor Use (310)</tier-attribute>
				<tier-attribute type="reqCurrentSchoolLevel">Current School Level (31)</tier-attribute>
				<tier-attribute type="statBonus">+11 Armor</tier-attribute>
			</tier-attributes>
			<tier-keywords>
				<tier-keyword>techclass_2</tier-keyword>
				<tier-keyword>tier_2</tier-keyword>
			</tier-keywords>
			<resources>
				<resource>
					<resource-name>Kenaf Spool</resource-name>
					<resource-skill>Tailoring</resource-skill>
					<resource-min amount="28">380</resource-min>
					<resource-opt amount="14">505</resource-opt>
				</resource>
			</resources>
		</tier>
		<tier>
			<tier-name>Cotton Padded Leggings</tier-name>
			<tier-lvl>3</tier-lvl>
			<tier-desc>Padded armor utilizes quilting and additional layers to extend its damage mitigating capabilities. Light and easy to move in but not intended to offer any great degree of protection.</tier-desc>
			<tier-allowedtechniques>2</tier-allowedtechniques>
			<tier-attributes>
				<tier-attribute type="hoardValue">126</tier-attribute>
				<tier-attribute type="reqAdvSkill">Armor Use (510)</tier-attribute>
				<tier-attribute type="reqCurrentSchoolLevel">Current School Level (51)</tier-attribute>
				<tier-attribute type="statBonus">+22 Armor</tier-attribute>
			</tier-attributes>
			<tier-keywords>
				<tier-keyword>techclass_3</tier-keyword>
				<tier-keyword>techclass_2</tier-keyword>
				<tier-keyword>tier_3</tier-keyword>
			</tier-keywords>
			<resources>
				<resource>
					<resource-name>Cotton Spool</resource-name>
					<resource-skill>Tailoring</resource-skill>
					<resource-min amount="28">580</resource-min>
					<resource-opt amount="14">730</resource-opt>
				</resource>
			</resources>
		</tier>
		<tier>
			<tier-name>Silken Padded Leggings</tier-name>
			<tier-lvl>4</tier-lvl>
			<tier-desc>Padded armor utilizes quilting and additional layers to extend its damage mitigating capabilities. Light and easy to move in but not intended to offer any great degree of protection.</tier-desc>
			<tier-allowedtechniques>2</tier-allowedtechniques>
			<tier-attributes>
				<tier-attribute type="hoardValue">252</tier-attribute>
				<tier-attribute type="reqAdvSkill">Armor Use (710)</tier-attribute>
				<tier-attribute type="reqCurrentSchoolLevel">Current School Level (71)</tier-attribute>
				<tier-attribute type="statBonus">+37 Armor</tier-attribute>
			</tier-attributes>
			<tier-keywords>
				<tier-keyword>techclass_4</tier-keyword>
				<tier-keyword>techclass_3</tier-keyword>
				<tier-keyword>techclass_2</tier-keyword>
				<tier-keyword>tier_4</tier-keyword>
			</tier-keywords>
			<resources>
				<resource>
					<resource-name>Silk Spool</resource-name>
					<resource-skill>Tailoring</resource-skill>
					<resource-min amount="28">780</resource-min>
					<resource-opt amount="14">955</resource-opt>
				</resource>
			</resources>
		</tier>
		<tier>
			<tier-name>Ironsilk Padded Leggings</tier-name>
			<tier-lvl>5</tier-lvl>
			<tier-desc>Padded armor utilizes quilting and additional layers to extend its damage mitigating capabilities. Light and easy to move in but not intended to offer any great degree of protection.</tier-desc>
			<tier-allowedtechniques>3</tier-allowedtechniques>
			<tier-attributes>
				<tier-attribute type="hoardValue">504</tier-attribute>
				<tier-attribute type="reqAdvSkill">Armor Use (910)</tier-attribute>
				<tier-attribute type="reqCurrentSchoolLevel">Current School Level (91)</tier-attribute>
				<tier-attribute type="statBonus">+56 Armor</tier-attribute>
			</tier-attributes>
			<tier-keywords>
				<tier-keyword>techclass_5</tier-keyword>
				<tier-keyword>techclass_4</tier-keyword>
				<tier-keyword>techclass_3</tier-keyword>
				<tier-keyword>techclass_2</tier-keyword>
				<tier-keyword>tier_5</tier-keyword>
			</tier-keywords>
			<resources>
				<resource>
					<resource-name>Ironsilk Spool</resource-name>
					<resource-skill>Tailoring</resource-skill>
					<resource-min amount="28">980</resource-min>
					<resource-opt amount="14">1180</resource-opt>
				</resource>
			</resources>
		</tier>
	</item>
	<item>
		<item-name>Padded Mask</item-name>
		<item-icon>icon_formula_a_06_03_11.png</item-icon>
		<item-batchqty>1</item-batchqty>
		<item-attributes>
			<item-attribute type="equipSlot">Face</item-attribute>
			<item-attribute type="bulk">8</item-attribute>
			<item-attribute type="reqClass">ENC, GRDN, CHSW, ELAR, CRSB, BLDM, SPRD, KNOC, ICED, STMD, GTH, MIN, BRSK, FLMD, SPRM, RVR, RNGR, CONJ, SORC, CLRC, WIZ, WVR, DRU, MSN, FLT, FIT, WPN, TNK, TLR, SPL, JWL, CNF, CRP, ALC, ARM, SCH, OUT, BLK, SHMN, BTLM, MONK, SPRT, PLDN, SCT, HLR, MAGE, WAR</item-attribute>
		</item-attributes>
		<item-keywords>
			<item-keyword>techclass_1</item-keyword>
			<item-keyword>bodyslot_face</item-keyword>
			<item-keyword>armortype_padded</item-keyword>
			<item-keyword>armorstyle_fabric</item-keyword>
			<item-keyword>resource_organic</item-keyword>
			<item-keyword>armor</item-keyword>
		</item-keywords>
		<tier>
			<tier-name>Flaxen Padded Mask</tier-name>
			<tier-lvl>1</tier-lvl>
			<tier-desc>Padded armor utilizes quilting and additional layers to extend its damage mitigating capabilities. Light and easy to move in but not intended to offer any great degree of protection.</tier-desc>
			<tier-allowedtechniques>1</tier-allowedtechniques>
			<tier-attributes>
				<tier-attribute type="hoardValue">24</tier-attribute>
				<tier-attribute type="reqAdvSkill">Armor Use (110)</tier-attribute>
				<tier-attribute type="reqCurrentSchoolLevel">Current School Level (11)</tier-attribute>
				<tier-attribute type="statBonus">+4 Armor</tier-attribute>
			</tier-attributes>
			<tier-keywords>
				<tier-keyword>tier_1</tier-keyword>
			</tier-keywords>
			<resources>
				<resource>
					<resource-name>Flax Spool</resource-name>
					<resource-skill>Tailoring</resource-skill>
					<resource-min amount="24">160</resource-min>
					<resource-opt amount="12">260</resource-opt>
				</resource>
			</resources>
		</tier>
		<tier>
			<tier-name>Kenaf Padded Mask</tier-name>
			<tier-lvl>2</tier-lvl>
			<tier-desc>Padded armor utilizes quilting and additional layers to extend its damage mitigating capabilities. Light and easy to move in but not intended to offer any great degree of protection.</tier-desc>
			<tier-allowedtechniques>1</tier-allowedtechniques>
			<tier-attributes>
				<tier-attribute type="hoardValue">60</tier-attribute>
				<tier-attribute type="reqAdvSkill">Armor Use (310)</tier-attribute>
				<tier-attribute type="reqCurrentSchoolLevel">Current School Level (31)</tier-attribute>
				<tier-attribute type="statBonus">+11 Armor</tier-attribute>
			</tier-attributes>
			<tier-keywords>
				<tier-keyword>techclass_2</tier-keyword>
				<tier-keyword>tier_2</tier-keyword>
			</tier-keywords>
			<resources>
				<resource>
					<resource-name>Kenaf Spool</resource-name>
					<resource-skill>Tailoring</resource-skill>
					<resource-min amount="24">360</resource-min>
					<resource-opt amount="12">485</resource-opt>
				</resource>
			</resources>
		</tier>
		<tier>
			<tier-name>Cotton Padded Mask</tier-name>
			<tier-lvl>3</tier-lvl>
			<tier-desc>Padded armor utilizes quilting and additional layers to extend its damage mitigating capabilities. Light and easy to move in but not intended to offer any great degree of protection.</tier-desc>
			<tier-allowedtechniques>2</tier-allowedtechniques>
			<tier-attributes>
				<tier-attribute type="hoardValue">108</tier-attribute>
				<tier-attribute type="reqAdvSkill">Armor Use (510)</tier-attribute>
				<tier-attribute type="reqCurrentSchoolLevel">Current School Level (51)</tier-attribute>
				<tier-attribute type="statBonus">+22 Armor</tier-attribute>
			</tier-attributes>
			<tier-keywords>
				<tier-keyword>techclass_3</tier-keyword>
				<tier-keyword>techclass_2</tier-keyword>
				<tier-keyword>tier_3</tier-keyword>
			</tier-keywords>
			<resources>
				<resource>
					<resource-name>Cotton Spool</resource-name>
					<resource-skill>Tailoring</resource-skill>
					<resource-min amount="24">560</resource-min>
					<resource-opt amount="12">710</resource-opt>
				</resource>
			</resources>
		</tier>
		<tier>
			<tier-name>Silken Padded Mask</tier-name>
			<tier-lvl>4</tier-lvl>
			<tier-desc>Padded armor utilizes quilting and additional layers to extend its damage mitigating capabilities. Light and easy to move in but not intended to offer any great degree of protection.</tier-desc>
			<tier-allowedtechniques>2</tier-allowedtechniques>
			<tier-attributes>
				<tier-attribute type="hoardValue">216</tier-attribute>
				<tier-attribute type="reqAdvSkill">Armor Use (710)</tier-attribute>
				<tier-attribute type="reqCurrentSchoolLevel">Current School Level (71)</tier-attribute>
				<tier-attribute type="statBonus">+37 Armor</tier-attribute>
			</tier-attributes>
			<tier-keywords>
				<tier-keyword>techclass_4</tier-keyword>
				<tier-keyword>techclass_3</tier-keyword>
				<tier-keyword>techclass_2</tier-keyword>
				<tier-keyword>tier_4</tier-keyword>
			</tier-keywords>
			<resources>
				<resource>
					<resource-name>Silk Spool</resource-name>
					<resource-skill>Tailoring</resource-skill>
					<resource-min amount="24">760</resource-min>
					<resource-opt amount="12">935</resource-opt>
				</resource>
			</resources>
		</tier>
		<tier>
			<tier-name>Ironsilk Padded Mask</tier-name>
			<tier-lvl>5</tier-lvl>
			<tier-desc>Padded armor utilizes quilting and additional layers to extend its damage mitigating capabilities. Light and easy to move in but not intended to offer any great degree of protection.</tier-desc>
			<tier-allowedtechniques>3</tier-allowedtechniques>
			<tier-attributes>
				<tier-attribute type="hoardValue">432</tier-attribute>
				<tier-attribute type="reqAdvSkill">Armor Use (910)</tier-attribute>
				<tier-attribute type="reqCurrentSchoolLevel">Current School Level (91)</tier-attribute>
				<tier-attribute type="statBonus">+56 Armor</tier-attribute>
			</tier-attributes>
			<tier-keywords>
				<tier-keyword>techclass_5</tier-keyword>
				<tier-keyword>techclass_4</tier-keyword>
				<tier-keyword>techclass_3</tier-keyword>
				<tier-keyword>techclass_2</tier-keyword>
				<tier-keyword>tier_5</tier-keyword>
			</tier-keywords>
			<resources>
				<resource>
					<resource-name>Ironsilk Spool</resource-name>
					<resource-skill>Tailoring</resource-skill>
					<resource-min amount="24">960</resource-min>
					<resource-opt amount="12">1160</resource-opt>
				</resource>
			</resources>
		</tier>
	</item>
	<item>
		<item-name>Padded Shoulderpad</item-name>
		<item-icon>icon_formula_a_12_03_11.png</item-icon>
		<item-batchqty>1</item-batchqty>
		<item-attributes>
			<item-attribute type="equipSlot">Shoulder</item-attribute>
			<item-attribute type="bulk">8</item-attribute>
			<item-attribute type="reqClass">ENC, GRDN, CHSW, ELAR, CRSB, BLDM, SPRD, KNOC, ICED, STMD, GTH, MIN, BRSK, FLMD, SPRM, RVR, RNGR, CONJ, SORC, CLRC, WIZ, WVR, DRU, MSN, FLT, FIT, WPN, TNK, TLR, SPL, JWL, CNF, CRP, ALC, ARM, SCH, OUT, BLK, SHMN, BTLM, MONK, SPRT, PLDN, SCT, HLR, MAGE, WAR</item-attribute>
		</item-attributes>
		<item-keywords>
			<item-keyword>techclass_1</item-keyword>
			<item-keyword>armor_shoulderpad</item-keyword>
			<item-keyword>bodyslot_shoulder</item-keyword>
			<item-keyword>armortype_padded</item-keyword>
			<item-keyword>armorstyle_fabric</item-keyword>
			<item-keyword>resource_organic</item-keyword>
			<item-keyword>armor</item-keyword>
		</item-keywords>
		<tier>
			<tier-name>Flaxen Padded Shoulderpad</tier-name>
			<tier-lvl>1</tier-lvl>
			<tier-desc>Padded armor utilizes quilting and additional layers to extend its damage mitigating capabilities. Light and easy to move in but not intended to offer any great degree of protection.</tier-desc>
			<tier-allowedtechniques>1</tier-allowedtechniques>
			<tier-attributes>
				<tier-attribute type="hoardValue">20</tier-attribute>
				<tier-attribute type="reqAdvSkill">Armor Use (110)</tier-attribute>
				<tier-attribute type="reqCurrentSchoolLevel">Current School Level (11)</tier-attribute>
				<tier-attribute type="statBonus">+4 Armor</tier-attribute>
			</tier-attributes>
			<tier-keywords>
				<tier-keyword>tier_1</tier-keyword>
			</tier-keywords>
			<resources>
				<resource>
					<resource-name>Flax Spool</resource-name>
					<resource-skill>Tailoring</resource-skill>
					<resource-min amount="20">130</resource-min>
					<resource-opt amount="10">230</resource-opt>
				</resource>
			</resources>
		</tier>
		<tier>
			<tier-name>Kenaf Padded Shoulderpad</tier-name>
			<tier-lvl>2</tier-lvl>
			<tier-desc>Padded armor utilizes quilting and additional layers to extend its damage mitigating capabilities. Light and easy to move in but not intended to offer any great degree of protection.</tier-desc>
			<tier-allowedtechniques>1</tier-allowedtechniques>
			<tier-attributes>
				<tier-attribute type="hoardValue">50</tier-attribute>
				<tier-attribute type="reqAdvSkill">Armor Use (310)</tier-attribute>
				<tier-attribute type="reqCurrentSchoolLevel">Current School Level (31)</tier-attribute>
				<tier-attribute type="statBonus">+11 Armor</tier-attribute>
			</tier-attributes>
			<tier-keywords>
				<tier-keyword>techclass_2</tier-keyword>
				<tier-keyword>tier_2</tier-keyword>
			</tier-keywords>
			<resources>
				<resource>
					<resource-name>Kenaf Spool</resource-name>
					<resource-skill>Tailoring</resource-skill>
					<resource-min amount="20">330</resource-min>
					<resource-opt amount="10">455</resource-opt>
				</resource>
			</resources>
		</tier>
		<tier>
			<tier-name>Cotton Padded Shoulderpad</tier-name>
			<tier-lvl>3</tier-lvl>
			<tier-desc>Padded armor utilizes quilting and additional layers to extend its damage mitigating capabilities. Light and easy to move in but not intended to offer any great degree of protection.</tier-desc>
			<tier-allowedtechniques>2</tier-allowedtechniques>
			<tier-attributes>
				<tier-attribute type="hoardValue">90</tier-attribute>
				<tier-attribute type="reqAdvSkill">Armor Use (510)</tier-attribute>
				<tier-attribute type="reqCurrentSchoolLevel">Current School Level (51)</tier-attribute>
				<tier-attribute type="statBonus">+22 Armor</tier-attribute>
			</tier-attributes>
			<tier-keywords>
				<tier-keyword>techclass_3</tier-keyword>
				<tier-keyword>techclass_2</tier-keyword>
				<tier-keyword>tier_3</tier-keyword>
			</tier-keywords>
			<resources>
				<resource>
					<resource-name>Cotton Spool</resource-name>
					<resource-skill>Tailoring</resource-skill>
					<resource-min amount="20">530</resource-min>
					<resource-opt amount="10">680</resource-opt>
				</resource>
			</resources>
		</tier>
		<tier>
			<tier-name>Silken Padded Shoulderpad</tier-name>
			<tier-lvl>4</tier-lvl>
			<tier-desc>Padded armor utilizes quilting and additional layers to extend its damage mitigating capabilities. Light and easy to move in but not intended to offer any great degree of protection.</tier-desc>
			<tier-allowedtechniques>2</tier-allowedtechniques>
			<tier-attributes>
				<tier-attribute type="hoardValue">180</tier-attribute>
				<tier-attribute type="reqAdvSkill">Armor Use (710)</tier-attribute>
				<tier-attribute type="reqCurrentSchoolLevel">Current School Level (71)</tier-attribute>
				<tier-attribute type="statBonus">+37 Armor</tier-attribute>
			</tier-attributes>
			<tier-keywords>
				<tier-keyword>techclass_4</tier-keyword>
				<tier-keyword>techclass_3</tier-keyword>
				<tier-keyword>techclass_2</tier-keyword>
				<tier-keyword>tier_4</tier-keyword>
			</tier-keywords>
			<resources>
				<resource>
					<resource-name>Silk Spool</resource-name>
					<resource-skill>Tailoring</resource-skill>
					<resource-min amount="20">730</resource-min>
					<resource-opt amount="10">905</resource-opt>
				</resource>
			</resources>
		</tier>
		<tier>
			<tier-name>Ironsilk Padded Shoulderpad</tier-name>
			<tier-lvl>5</tier-lvl>
			<tier-desc>Padded armor utilizes quilting and additional layers to extend its damage mitigating capabilities. Light and easy to move in but not intended to offer any great degree of protection.</tier-desc>
			<tier-allowedtechniques>3</tier-allowedtechniques>
			<tier-attributes>
				<tier-attribute type="hoardValue">360</tier-attribute>
				<tier-attribute type="reqAdvSkill">Armor Use (910)</tier-attribute>
				<tier-attribute type="reqCurrentSchoolLevel">Current School Level (91)</tier-attribute>
				<tier-attribute type="statBonus">+56 Armor</tier-attribute>
			</tier-attributes>
			<tier-keywords>
				<tier-keyword>techclass_5</tier-keyword>
				<tier-keyword>techclass_4</tier-keyword>
				<tier-keyword>techclass_3</tier-keyword>
				<tier-keyword>techclass_2</tier-keyword>
				<tier-keyword>tier_5</tier-keyword>
			</tier-keywords>
			<resources>
				<resource>
					<resource-name>Ironsilk Spool</resource-name>
					<resource-skill>Tailoring</resource-skill>
					<resource-min amount="20">930</resource-min>
					<resource-opt amount="10">1130</resource-opt>
				</resource>
			</resources>
		</tier>
	</item>
	<item>
		<item-name>Padded Sleeves</item-name>
		<item-icon>icon_formula_a_25_03_11.png</item-icon>
		<item-batchqty>1</item-batchqty>
		<item-attributes>
			<item-attribute type="equipSlot">Arms</item-attribute>
			<item-attribute type="bulk">8</item-attribute>
			<item-attribute type="reqClass">ENC, GRDN, CHSW, ELAR, CRSB, BLDM, SPRD, KNOC, ICED, STMD, GTH, MIN, BRSK, FLMD, SPRM, RVR, RNGR, CONJ, SORC, CLRC, WIZ, WVR, DRU, MSN, FLT, FIT, WPN, TNK, TLR, SPL, JWL, CNF, CRP, ALC, ARM, SCH, OUT, BLK, SHMN, BTLM, MONK, SPRT, PLDN, SCT, HLR, MAGE, WAR</item-attribute>
		</item-attributes>
		<item-keywords>
			<item-keyword>techclass_1</item-keyword>
			<item-keyword>armor_armguard</item-keyword>
			<item-keyword>bodyslot_arms</item-keyword>
			<item-keyword>armortype_padded</item-keyword>
			<item-keyword>armorstyle_fabric</item-keyword>
			<item-keyword>resource_organic</item-keyword>
			<item-keyword>armor</item-keyword>
		</item-keywords>
		<tier>
			<tier-name>Flaxen Padded Sleeves</tier-name>
			<tier-lvl>1</tier-lvl>
			<tier-desc>Padded armor utilizes quilting and additional layers to extend its damage mitigating capabilities. Light and easy to move in but not intended to offer any great degree of protection.</tier-desc>
			<tier-allowedtechniques>1</tier-allowedtechniques>
			<tier-attributes>
				<tier-attribute type="hoardValue">24</tier-attribute>
				<tier-attribute type="reqAdvSkill">Armor Use (110)</tier-attribute>
				<tier-attribute type="reqCurrentSchoolLevel">Current School Level (11)</tier-attribute>
				<tier-attribute type="statBonus">+4 Armor</tier-attribute>
			</tier-attributes>
			<tier-keywords>
				<tier-keyword>tier_1</tier-keyword>
			</tier-keywords>
			<resources>
				<resource>
					<resource-name>Flax Spool</resource-name>
					<resource-skill>Tailoring</resource-skill>
					<resource-min amount="24">170</resource-min>
					<resource-opt amount="12">270</resource-opt>
				</resource>
			</resources>
		</tier>
		<tier>
			<tier-name>Kenaf Padded Sleeves</tier-name>
			<tier-lvl>2</tier-lvl>
			<tier-desc>Padded armor utilizes quilting and additional layers to extend its damage mitigating capabilities. Light and easy to move in but not intended to offer any great degree of protection.</tier-desc>
			<tier-allowedtechniques>1</tier-allowedtechniques>
			<tier-attributes>
				<tier-attribute type="hoardValue">60</tier-attribute>
				<tier-attribute type="reqAdvSkill">Armor Use (310)</tier-attribute>
				<tier-attribute type="reqCurrentSchoolLevel">Current School Level (31)</tier-attribute>
				<tier-attribute type="statBonus">+11 Armor</tier-attribute>
			</tier-attributes>
			<tier-keywords>
				<tier-keyword>techclass_2</tier-keyword>
				<tier-keyword>tier_2</tier-keyword>
			</tier-keywords>
			<resources>
				<resource>
					<resource-name>Kenaf Spool</resource-name>
					<resource-skill>Tailoring</resource-skill>
					<resource-min amount="24">370</resource-min>
					<resource-opt amount="12">495</resource-opt>
				</resource>
			</resources>
		</tier>
		<tier>
			<tier-name>Cotton Padded Sleeves</tier-name>
			<tier-lvl>3</tier-lvl>
			<tier-desc>Padded armor utilizes quilting and additional layers to extend its damage mitigating capabilities. Light and easy to move in but not intended to offer any great degree of protection.</tier-desc>
			<tier-allowedtechniques>2</tier-allowedtechniques>
			<tier-attributes>
				<tier-attribute type="hoardValue">108</tier-attribute>
				<tier-attribute type="reqAdvSkill">Armor Use (510)</tier-attribute>
				<tier-attribute type="reqCurrentSchoolLevel">Current School Level (51)</tier-attribute>
				<tier-attribute type="statBonus">+22 Armor</tier-attribute>
			</tier-attributes>
			<tier-keywords>
				<tier-keyword>techclass_3</tier-keyword>
				<tier-keyword>techclass_2</tier-keyword>
				<tier-keyword>tier_3</tier-keyword>
			</tier-keywords>
			<resources>
				<resource>
					<resource-name>Cotton Spool</resource-name>
					<resource-skill>Tailoring</resource-skill>
					<resource-min amount="24">570</resource-min>
					<resource-opt amount="12">720</resource-opt>
				</resource>
			</resources>
		</tier>
		<tier>
			<tier-name>Silken Padded Sleeves</tier-name>
			<tier-lvl>4</tier-lvl>
			<tier-desc>Padded armor utilizes quilting and additional layers to extend its damage mitigating capabilities. Light and easy to move in but not intended to offer any great degree of protection.</tier-desc>
			<tier-allowedtechniques>2</tier-allowedtechniques>
			<tier-attributes>
				<tier-attribute type="hoardValue">216</tier-attribute>
				<tier-attribute type="reqAdvSkill">Armor Use (710)</tier-attribute>
				<tier-attribute type="reqCurrentSchoolLevel">Current School Level (71)</tier-attribute>
				<tier-attribute type="statBonus">+37 Armor</tier-attribute>
			</tier-attributes>
			<tier-keywords>
				<tier-keyword>techclass_4</tier-keyword>
				<tier-keyword>techclass_3</tier-keyword>
				<tier-keyword>techclass_2</tier-keyword>
				<tier-keyword>tier_4</tier-keyword>
			</tier-keywords>
			<resources>
				<resource>
					<resource-name>Silk Spool</resource-name>
					<resource-skill>Tailoring</resource-skill>
					<resource-min amount="24">770</resource-min>
					<resource-opt amount="12">945</resource-opt>
				</resource>
			</resources>
		</tier>
		<tier>
			<tier-name>Ironsilk Padded Sleeves</tier-name>
			<tier-lvl>5</tier-lvl>
			<tier-desc>Padded armor utilizes quilting and additional layers to extend its damage mitigating capabilities. Light and easy to move in but not intended to offer any great degree of protection.</tier-desc>
			<tier-allowedtechniques>3</tier-allowedtechniques>
			<tier-attributes>
				<tier-attribute type="hoardValue">36</tier-attribute>
				<tier-attribute type="reqAdvSkill">Armor Use (910)</tier-attribute>
				<tier-attribute type="reqCurrentSchoolLevel">Current School Level (91)</tier-attribute>
				<tier-attribute type="statBonus">+56 Armor</tier-attribute>
			</tier-attributes>
			<tier-keywords>
				<tier-keyword>techclass_5</tier-keyword>
				<tier-keyword>techclass_4</tier-keyword>
				<tier-keyword>techclass_3</tier-keyword>
				<tier-keyword>techclass_2</tier-keyword>
				<tier-keyword>tier_5</tier-keyword>
			</tier-keywords>
			<resources>
				<resource>
					<resource-name>Ironsilk Spool</resource-name>
					<resource-skill>Tailoring</resource-skill>
					<resource-min amount="24">970</resource-min>
					<resource-opt amount="12">1170</resource-opt>
				</resource>
			</resources>
		</tier>
	</item>
	<item>
		<item-name>Padded Tunic</item-name>
		<item-icon>icon_formula_a_01_03_11.png</item-icon>
		<item-batchqty>1</item-batchqty>
		<item-attributes>
			<item-attribute type="equipSlot">Chest</item-attribute>
			<item-attribute type="bulk">16</item-attribute>
			<item-attribute type="reqClass">ENC, GRDN, CHSW, ELAR, CRSB, BLDM, SPRD, KNOC, ICED, STMD, GTH, MIN, BRSK, FLMD, SPRM, RVR, RNGR, CONJ, SORC, CLRC, WIZ, WVR, DRU, MSN, FLT, FIT, WPN, TNK, TLR, SPL, JWL, CNF, CRP, ALC, ARM, SCH, OUT, BLK, SHMN, BTLM, MONK, SPRT, PLDN, SCT, HLR, MAGE, WAR</item-attribute>
		</item-attributes>
		<item-keywords>
			<item-keyword>techclass_1</item-keyword>
			<item-keyword>armor_chestguard</item-keyword>
			<item-keyword>bodyslot_chest</item-keyword>
			<item-keyword>armortype_padded</item-keyword>
			<item-keyword>armorstyle_fabric</item-keyword>
			<item-keyword>resource_organic</item-keyword>
			<item-keyword>armor</item-keyword>
		</item-keywords>
		<tier>
			<tier-name>Flaxen Padded Tunic</tier-name>
			<tier-lvl>1</tier-lvl>
			<tier-desc>Padded armor utilizes quilting and additional layers to extend its damage mitigating capabilities. Light and easy to move in but not intended to offer any great degree of protection.</tier-desc>
			<tier-allowedtechniques>1</tier-allowedtechniques>
			<tier-attributes>
				<tier-attribute type="hoardValue">30</tier-attribute>
				<tier-attribute type="reqAdvSkill">Armor Use (110)</tier-attribute>
				<tier-attribute type="reqCurrentSchoolLevel">Current School Level (11)</tier-attribute>
				<tier-attribute type="statBonus">+4 Armor</tier-attribute>
			</tier-attributes>
			<tier-keywords>
				<tier-keyword>tier_1</tier-keyword>
			</tier-keywords>
			<resources>
				<resource>
					<resource-name>Flax Spool</resource-name>
					<resource-skill>Tailoring</resource-skill>
					<resource-min amount="30">190</resource-min>
					<resource-opt amount="15">290</resource-opt>
				</resource>
			</resources>
		</tier>
		<tier>
			<tier-name>Kenaf Padded Tunic</tier-name>
			<tier-lvl>2</tier-lvl>
			<tier-desc>Padded armor utilizes quilting and additional layers to extend its damage mitigating capabilities. Light and easy to move in but not intended to offer any great degree of protection.</tier-desc>
			<tier-allowedtechniques>1</tier-allowedtechniques>
			<tier-attributes>
				<tier-attribute type="hoardValue">85</tier-attribute>
				<tier-attribute type="reqAdvSkill">Armor Use (310)</tier-attribute>
				<tier-attribute type="reqCurrentSchoolLevel">Current School Level (31)</tier-attribute>
				<tier-attribute type="statBonus">+11 Armor</tier-attribute>
			</tier-attributes>
			<tier-keywords>
				<tier-keyword>techclass_2</tier-keyword>
				<tier-keyword>tier_2</tier-keyword>
			</tier-keywords>
			<resources>
				<resource>
					<resource-name>Kenaf Spool</resource-name>
					<resource-skill>Tailoring</resource-skill>
					<resource-min amount="34">390</resource-min>
					<resource-opt amount="17">515</resource-opt>
				</resource>
			</resources>
		</tier>
		<tier>
			<tier-name>Cotton Padded Tunic</tier-name>
			<tier-lvl>3</tier-lvl>
			<tier-desc>Padded armor utilizes quilting and additional layers to extend its damage mitigating capabilities. Light and easy to move in but not intended to offer any great degree of protection.</tier-desc>
			<tier-allowedtechniques>2</tier-allowedtechniques>
			<tier-attributes>
				<tier-attribute type="hoardValue">135</tier-attribute>
				<tier-attribute type="reqAdvSkill">Armor Use (510)</tier-attribute>
				<tier-attribute type="reqCurrentSchoolLevel">Current School Level (51)</tier-attribute>
				<tier-attribute type="statBonus">+22 Armor</tier-attribute>
			</tier-attributes>
			<tier-keywords>
				<tier-keyword>techclass_3</tier-keyword>
				<tier-keyword>techclass_2</tier-keyword>
				<tier-keyword>tier_3</tier-keyword>
			</tier-keywords>
			<resources>
				<resource>
					<resource-name>Cotton Spool</resource-name>
					<resource-skill>Tailoring</resource-skill>
					<resource-min amount="30">590</resource-min>
					<resource-opt amount="15">740</resource-opt>
				</resource>
			</resources>
		</tier>
		<tier>
			<tier-name>Silken Padded Tunic</tier-name>
			<tier-lvl>4</tier-lvl>
			<tier-desc>Padded armor utilizes quilting and additional layers to extend its damage mitigating capabilities. Light and easy to move in but not intended to offer any great degree of protection.</tier-desc>
			<tier-allowedtechniques>2</tier-allowedtechniques>
			<tier-attributes>
				<tier-attribute type="hoardValue">306</tier-attribute>
				<tier-attribute type="reqAdvSkill">Armor Use (710)</tier-attribute>
				<tier-attribute type="reqCurrentSchoolLevel">Current School Level (71)</tier-attribute>
				<tier-attribute type="statBonus">+37 Armor</tier-attribute>
			</tier-attributes>
			<tier-keywords>
				<tier-keyword>techclass_4</tier-keyword>
				<tier-keyword>techclass_3</tier-keyword>
				<tier-keyword>techclass_2</tier-keyword>
				<tier-keyword>tier_4</tier-keyword>
			</tier-keywords>
			<resources>
				<resource>
					<resource-name>Silk Spool</resource-name>
					<resource-skill>Tailoring</resource-skill>
					<resource-min amount="34">790</resource-min>
					<resource-opt amount="17">965</resource-opt>
				</resource>
			</resources>
		</tier>
		<tier>
			<tier-name>Ironsilk Padded Tunic</tier-name>
			<tier-lvl>5</tier-lvl>
			<tier-desc>Padded armor utilizes quilting and additional layers to extend its damage mitigating capabilities. Light and easy to move in but not intended to offer any great degree of protection.</tier-desc>
			<tier-allowedtechniques>3</tier-allowedtechniques>
			<tier-attributes>
				<tier-attribute type="hoardValue">540</tier-attribute>
				<tier-attribute type="reqAdvSkill">Armor Use (910)</tier-attribute>
				<tier-attribute type="reqCurrentSchoolLevel">Current School Level (91)</tier-attribute>
				<tier-attribute type="statBonus">+56 Armor</tier-attribute>
			</tier-attributes>
			<tier-keywords>
				<tier-keyword>techclass_5</tier-keyword>
				<tier-keyword>techclass_4</tier-keyword>
				<tier-keyword>techclass_3</tier-keyword>
				<tier-keyword>techclass_2</tier-keyword>
				<tier-keyword>tier_5</tier-keyword>
			</tier-keywords>
			<resources>
				<resource>
					<resource-name>Ironsilk Spool</resource-name>
					<resource-skill>Tailoring</resource-skill>
					<resource-min amount="30">990</resource-min>
					<resource-opt amount="15">1190</resource-opt>
				</resource>
			</resources>
		</tier>
	</item>
	<item>
		<item-name>Padded Wristband</item-name>
		<item-icon>icon_formula_a_13_03_11.png</item-icon>
		<item-batchqty>1</item-batchqty>
		<item-attributes>
			<item-attribute type="equipSlot">Forearm</item-attribute>
			<item-attribute type="bulk">8</item-attribute>
			<item-attribute type="reqClass">ENC, GRDN, CHSW, ELAR, CRSB, BLDM, SPRD, KNOC, ICED, STMD, GTH, MIN, BRSK, FLMD, SPRM, RVR, RNGR, CONJ, SORC, CLRC, WIZ, WVR, DRU, MSN, FLT, FIT, WPN, TNK, TLR, SPL, JWL, CNF, CRP, ALC, ARM, SCH, OUT, BLK, SHMN, BTLM, MONK, SPRT, PLDN, SCT, HLR, MAGE, WAR</item-attribute>
		</item-attributes>
		<item-keywords>
			<item-keyword>techclass_1</item-keyword>
			<item-keyword>armor_bracer</item-keyword>
			<item-keyword>bodyslot_forearm</item-keyword>
			<item-keyword>armortype_padded</item-keyword>
			<item-keyword>armorstyle_fabric</item-keyword>
			<item-keyword>resource_organic</item-keyword>
			<item-keyword>armor</item-keyword>
		</item-keywords>
		<tier>
			<tier-name>Flaxen Padded Wristband</tier-name>
			<tier-lvl>1</tier-lvl>
			<tier-desc>Padded armor utilizes quilting and additional layers to extend its damage mitigating capabilities. Light and easy to move in but not intended to offer any great degree of protection.</tier-desc>
			<tier-allowedtechniques>1</tier-allowedtechniques>
			<tier-attributes>
				<tier-attribute type="hoardValue">18</tier-attribute>
				<tier-attribute type="reqAdvSkill">Armor Use (110)</tier-attribute>
				<tier-attribute type="reqCurrentSchoolLevel">Current School Level (11)</tier-attribute>
				<tier-attribute type="statBonus">+4 Armor</tier-attribute>
			</tier-attributes>
			<tier-keywords>
				<tier-keyword>tier_1</tier-keyword>
			</tier-keywords>
			<resources>
				<resource>
					<resource-name>Flax Spool</resource-name>
					<resource-skill>Tailoring</resource-skill>
					<resource-min amount="18">110</resource-min>
					<resource-opt amount="9">210</resource-opt>
				</resource>
			</resources>
		</tier>
		<tier>
			<tier-name>Kenaf Padded Wristband</tier-name>
			<tier-lvl>2</tier-lvl>
			<tier-desc>Padded armor utilizes quilting and additional layers to extend its damage mitigating capabilities. Light and easy to move in but not intended to offer any great degree of protection.</tier-desc>
			<tier-allowedtechniques>1</tier-allowedtechniques>
			<tier-attributes>
				<tier-attribute type="hoardValue">45</tier-attribute>
				<tier-attribute type="reqAdvSkill">Armor Use (310)</tier-attribute>
				<tier-attribute type="reqCurrentSchoolLevel">Current School Level (31)</tier-attribute>
				<tier-attribute type="statBonus">+11 Armor</tier-attribute>
			</tier-attributes>
			<tier-keywords>
				<tier-keyword>techclass_2</tier-keyword>
				<tier-keyword>tier_2</tier-keyword>
			</tier-keywords>
			<resources>
				<resource>
					<resource-name>Kenaf Spool</resource-name>
					<resource-skill>Tailoring</resource-skill>
					<resource-min amount="18">310</resource-min>
					<resource-opt amount="9">435</resource-opt>
				</resource>
			</resources>
		</tier>
		<tier>
			<tier-name>Cotton Padded Wristband</tier-name>
			<tier-lvl>3</tier-lvl>
			<tier-desc>Padded armor utilizes quilting and additional layers to extend its damage mitigating capabilities. Light and easy to move in but not intended to offer any great degree of protection.</tier-desc>
			<tier-allowedtechniques>2</tier-allowedtechniques>
			<tier-attributes>
				<tier-attribute type="hoardValue">72</tier-attribute>
				<tier-attribute type="reqAdvSkill">Armor Use (510)</tier-attribute>
				<tier-attribute type="reqCurrentSchoolLevel">Current School Level (51)</tier-attribute>
				<tier-attribute type="statBonus">+22 Armor</tier-attribute>
			</tier-attributes>
			<tier-keywords>
				<tier-keyword>techclass_3</tier-keyword>
				<tier-keyword>techclass_2</tier-keyword>
				<tier-keyword>tier_3</tier-keyword>
			</tier-keywords>
			<resources>
				<resource>
					<resource-name>Cotton Spool</resource-name>
					<resource-skill>Tailoring</resource-skill>
					<resource-min amount="16">510</resource-min>
					<resource-opt amount="8">660</resource-opt>
				</resource>
			</resources>
		</tier>
		<tier>
			<tier-name>Silken Padded Wristband</tier-name>
			<tier-lvl>4</tier-lvl>
			<tier-desc>Padded armor utilizes quilting and additional layers to extend its damage mitigating capabilities. Light and easy to move in but not intended to offer any great degree of protection.</tier-desc>
			<tier-allowedtechniques>2</tier-allowedtechniques>
			<tier-attributes>
				<tier-attribute type="hoardValue">144</tier-attribute>
				<tier-attribute type="reqAdvSkill">Armor Use (710)</tier-attribute>
				<tier-attribute type="reqCurrentSchoolLevel">Current School Level (71)</tier-attribute>
				<tier-attribute type="statBonus">+37 Armor</tier-attribute>
			</tier-attributes>
			<tier-keywords>
				<tier-keyword>techclass_4</tier-keyword>
				<tier-keyword>techclass_3</tier-keyword>
				<tier-keyword>techclass_2</tier-keyword>
				<tier-keyword>tier_4</tier-keyword>
			</tier-keywords>
			<resources>
				<resource>
					<resource-name>Silk Spool</resource-name>
					<resource-skill>Tailoring</resource-skill>
					<resource-min amount="16">710</resource-min>
					<resource-opt amount="8">885</resource-opt>
				</resource>
			</resources>
		</tier>
		<tier>
			<tier-name>Ironsilk Padded Wristband</tier-name>
			<tier-lvl>5</tier-lvl>
			<tier-desc>Padded armor utilizes quilting and additional layers to extend its damage mitigating capabilities. Light and easy to move in but not intended to offer any great degree of protection.</tier-desc>
			<tier-allowedtechniques>3</tier-allowedtechniques>
			<tier-attributes>
				<tier-attribute type="hoardValue">288</tier-attribute>
				<tier-attribute type="reqAdvSkill">Armor Use (910)</tier-attribute>
				<tier-attribute type="reqCurrentSchoolLevel">Current School Level (91)</tier-attribute>
				<tier-attribute type="statBonus">+56 Armor</tier-attribute>
			</tier-attributes>
			<tier-keywords>
				<tier-keyword>techclass_5</tier-keyword>
				<tier-keyword>techclass_4</tier-keyword>
				<tier-keyword>techclass_3</tier-keyword>
				<tier-keyword>techclass_2</tier-keyword>
				<tier-keyword>tier_5</tier-keyword>
			</tier-keywords>
			<resources>
				<resource>
					<resource-name>Ironsilk Spool</resource-name>
					<resource-skill>Tailoring</resource-skill>
					<resource-min amount="16">910</resource-min>
					<resource-opt amount="8">1110</resource-opt>
				</resource>
			</resources>
		</tier>
	</item>
</formulaset>
