<?xml version="1.0" encoding="ISO-8859-1"?>
<formulaset format="2.1">
	<formulaset-name>Fashion Wear</formulaset-name>
	<formulaset-categories>
		<formulaset-category>Armor</formulaset-category>
	</formulaset-categories>
	<item>
		<item-name>Aughundell Textile Wear</item-name>
		<item-icon>icon_formula_a_01_12_10_11.png</item-icon>
		<item-batchqty>1</item-batchqty>
		<item-attributes>
			<item-attribute type="bulk">1</item-attribute>
			<item-attribute type="reqRace">Human, Dwarf, Fiend, Saris, Elf, Sslik, Half-Giant, Gnome, Satyr, Dryad</item-attribute>
			<item-attribute type="statBonus">+1 Armor</item-attribute>
		</item-attributes>
		<item-keywords>
			<item-keyword>tier_1</item-keyword>
		</item-keywords>
		<tier>
			<tier-name>Aughundell Textile Boots</tier-name>
			<tier-lvl name="Boots">1</tier-lvl>
			<tier-allowedtechniques>0</tier-allowedtechniques>
			<tier-attributes>
				<tier-attribute type="equipSlot">Feet</tier-attribute>
				<tier-attribute type="hoardValue">26</tier-attribute>
			</tier-attributes>
			<resources>
				<resource>
					<resource-name>Flax Spool</resource-name>
					<resource-skill>Clothworking</resource-skill>
					<resource-min amount="26">175</resource-min>
					<resource-opt amount="13">275</resource-opt>
				</resource>
			</resources>
		</tier>
		<tier>
			<tier-name>Aughundell Textile Pants</tier-name>
			<tier-lvl name="Pants">1</tier-lvl>
			<tier-allowedtechniques>0</tier-allowedtechniques>
			<tier-attributes>
				<tier-attribute type="equipSlot">Legs</tier-attribute>
				<tier-attribute type="hoardValue">28</tier-attribute>
			</tier-attributes>
			<resources>
				<resource>
					<resource-name>Flax Spool</resource-name>
					<resource-skill>Clothworking</resource-skill>
					<resource-min amount="28">185</resource-min>
					<resource-opt amount="14">285</resource-opt>
				</resource>
			</resources>
		</tier>
		<tier>
			<tier-name>Aughundell Textile Shirt</tier-name>
			<tier-lvl name="Shirt">1</tier-lvl>
			<tier-allowedtechniques>0</tier-allowedtechniques>
			<tier-attributes>
				<tier-attribute type="equipSlot">Chest</tier-attribute>
				<tier-attribute type="hoardValue">30</tier-attribute>
			</tier-attributes>
			<resources>
				<resource>
					<resource-name>Flax Spool</resource-name>
					<resource-skill>Clothworking</resource-skill>
					<resource-min amount="30">195</resource-min>
					<resource-opt amount="15">295</resource-opt>
				</resource>
			</resources>
		</tier>
	</item>
	<item>
		<item-name>Commoner Clothes</item-name>
		<item-icon>icon_formula_a_01_12_02_11.png</item-icon>
		<item-batchqty>1</item-batchqty>
		<item-attributes>
			<item-attribute type="bulk">1</item-attribute>
			<item-attribute type="reqRace">Human, Dwarf, Fiend, Saris, Elf, Sslik, Half-Giant, Gnome, Satyr, Dryad</item-attribute>
			<item-attribute type="statBonus">+1 Armor</item-attribute>
		</item-attributes>
		<item-keywords>
			<item-keyword>tier_1</item-keyword>
		</item-keywords>
		<tier>
			<tier-name>Commoner Pants</tier-name>
			<tier-lvl name="Pants">1</tier-lvl>
			<tier-allowedtechniques>0</tier-allowedtechniques>
			<tier-attributes>
				<tier-attribute type="equipSlot">Legs</tier-attribute>
				<tier-attribute type="hoardValue">16</tier-attribute>
			</tier-attributes>
			<resources>
				<resource>
					<resource-name>Flax Spool</resource-name>
					<resource-skill>Clothworking</resource-skill>
					<resource-min amount="16">25</resource-min>
					<resource-opt amount="8">125</resource-opt>
				</resource>
			</resources>
		</tier>
		<tier>
			<tier-name>Commoner Shirt</tier-name>
			<tier-lvl name="Shirt">1</tier-lvl>
			<tier-allowedtechniques>0</tier-allowedtechniques>
			<tier-attributes>
				<tier-attribute type="equipSlot">Chest</tier-attribute>
				<tier-attribute type="hoardValue">18</tier-attribute>
			</tier-attributes>
			<resources>
				<resource>
					<resource-name>Flax Spool</resource-name>
					<resource-skill>Clothworking</resource-skill>
					<resource-min amount="18">35</resource-min>
					<resource-opt amount="9">135</resource-opt>
				</resource>
			</resources>
		</tier>
	</item>
	<item>
		<item-name>Dark Forest Wear</item-name>
		<item-icon>icon_formula_a_01_12_04_11.png</item-icon>
		<item-batchqty>1</item-batchqty>
		<item-attributes>
			<item-attribute type="bulk">1</item-attribute>
			<item-attribute type="reqRace">Human, Dwarf, Fiend, Saris, Elf, Sslik, Half-Giant, Gnome, Satyr, Dryad</item-attribute>
			<item-attribute type="statBonus">+1 Armor</item-attribute>
		</item-attributes>
		<item-keywords>
			<item-keyword>tier_1</item-keyword>
		</item-keywords>
		<tier>
			<tier-name>Dark Forest Boots</tier-name>
			<tier-lvl name="Boots">1</tier-lvl>
			<tier-allowedtechniques>0</tier-allowedtechniques>
			<tier-attributes>
				<tier-attribute type="equipSlot">Feet</tier-attribute>
				<tier-attribute type="hoardValue">55</tier-attribute>
			</tier-attributes>
			<resources>
				<resource>
					<resource-name>Kenaf Spool</resource-name>
					<resource-skill>Clothworking</resource-skill>
					<resource-min amount="22">325</resource-min>
					<resource-opt amount="11">450</resource-opt>
				</resource>
			</resources>
		</tier>
		<tier>
			<tier-name>Dark Forest Pants</tier-name>
			<tier-lvl name="Pants">1</tier-lvl>
			<tier-allowedtechniques>0</tier-allowedtechniques>
			<tier-attributes>
				<tier-attribute type="equipSlot">Legs</tier-attribute>
				<tier-attribute type="hoardValue">60</tier-attribute>
			</tier-attributes>
			<resources>
				<resource>
					<resource-name>Kenaf Spool</resource-name>
					<resource-skill>Clothworking</resource-skill>
					<resource-min amount="24">335</resource-min>
					<resource-opt amount="12">460</resource-opt>
				</resource>
			</resources>
		</tier>
		<tier>
			<tier-name>Dark Forest Shirt</tier-name>
			<tier-lvl name="Shirt">1</tier-lvl>
			<tier-allowedtechniques>0</tier-allowedtechniques>
			<tier-attributes>
				<tier-attribute type="equipSlot">Chest</tier-attribute>
				<tier-attribute type="hoardValue">65</tier-attribute>
			</tier-attributes>
			<resources>
				<resource>
					<resource-name>Kenaf Spool</resource-name>
					<resource-skill>Clothworking</resource-skill>
					<resource-min amount="26">345</resource-min>
					<resource-opt amount="13">470</resource-opt>
				</resource>
			</resources>
		</tier>
	</item>
	<item>
		<item-name>Mahagra Mountain Wear</item-name>
		<item-icon>icon_formula_a_01_12_06_11.png</item-icon>
		<item-batchqty>1</item-batchqty>
		<item-attributes>
			<item-attribute type="bulk">1</item-attribute>
			<item-attribute type="reqRace">Human, Dwarf, Fiend, Saris, Elf, Sslik, Half-Giant, Gnome, Satyr, Dryad</item-attribute>
			<item-attribute type="statBonus">+1 Armor</item-attribute>
		</item-attributes>
		<item-keywords>
			<item-keyword>tier_1</item-keyword>
		</item-keywords>
		<tier>
			<tier-name>Mahagra Mountain Boots</tier-name>
			<tier-lvl name="Boots">1</tier-lvl>
			<tier-allowedtechniques>0</tier-allowedtechniques>
			<tier-attributes>
				<tier-attribute type="equipSlot">Feet</tier-attribute>
				<tier-attribute type="hoardValue">20</tier-attribute>
			</tier-attributes>
			<resources>
				<resource>
					<resource-name>Flax Spool</resource-name>
					<resource-skill>Clothworking</resource-skill>
					<resource-min amount="20">75</resource-min>
					<resource-opt amount="10">175</resource-opt>
				</resource>
			</resources>
		</tier>
		<tier>
			<tier-name>Mahagra Mountain Pants</tier-name>
			<tier-lvl name="Pants">1</tier-lvl>
			<tier-allowedtechniques>0</tier-allowedtechniques>
			<tier-attributes>
				<tier-attribute type="equipSlot">Legs</tier-attribute>
				<tier-attribute type="hoardValue">22</tier-attribute>
			</tier-attributes>
			<resources>
				<resource>
					<resource-name>Flax Spool</resource-name>
					<resource-skill>Clothworking</resource-skill>
					<resource-min amount="22">85</resource-min>
					<resource-opt amount="11">185</resource-opt>
				</resource>
			</resources>
		</tier>
		<tier>
			<tier-name>Mahagra Mountain Shirt</tier-name>
			<tier-lvl name="Shirt">1</tier-lvl>
			<tier-allowedtechniques>0</tier-allowedtechniques>
			<tier-attributes>
				<tier-attribute type="equipSlot">Chest</tier-attribute>
				<tier-attribute type="hoardValue">24</tier-attribute>
			</tier-attributes>
			<resources>
				<resource>
					<resource-name>Flax Spool</resource-name>
					<resource-skill>Clothworking</resource-skill>
					<resource-min amount="24">95</resource-min>
					<resource-opt amount="12">195</resource-opt>
				</resource>
			</resources>
		</tier>
	</item>
	<item>
		<item-name>New Rachival Work Wear</item-name>
		<item-icon>icon_formula_a_01_12_05_11.png</item-icon>
		<item-batchqty>1</item-batchqty>
		<item-attributes>
			<item-attribute type="bulk">1</item-attribute>
			<item-attribute type="reqRace">Human, Dwarf, Fiend, Saris, Elf, Sslik, Half-Giant, Gnome, Satyr, Dryad</item-attribute>
			<item-attribute type="statBonus">+1 Armor</item-attribute>
		</item-attributes>
		<item-keywords>
			<item-keyword>tier_1</item-keyword>
		</item-keywords>
		<tier>
			<tier-name>New Rachival Work Boots</tier-name>
			<tier-lvl name="Boots">1</tier-lvl>
			<tier-allowedtechniques>0</tier-allowedtechniques>
			<tier-attributes>
				<tier-attribute type="equipSlot">Feet</tier-attribute>
				<tier-attribute type="hoardValue">50</tier-attribute>
			</tier-attributes>
			<resources>
				<resource>
					<resource-name>Kenaf Spool</resource-name>
					<resource-skill>Clothworking</resource-skill>
					<resource-min amount="20">275</resource-min>
					<resource-opt amount="10">400</resource-opt>
				</resource>
			</resources>
		</tier>
		<tier>
			<tier-name>New Rachival Work Pants</tier-name>
			<tier-lvl name="Pants">1</tier-lvl>
			<tier-allowedtechniques>0</tier-allowedtechniques>
			<tier-attributes>
				<tier-attribute type="equipSlot">Legs</tier-attribute>
				<tier-attribute type="hoardValue">55</tier-attribute>
			</tier-attributes>
			<resources>
				<resource>
					<resource-name>Kenaf Spool</resource-name>
					<resource-skill>Clothworking</resource-skill>
					<resource-min amount="22">285</resource-min>
					<resource-opt amount="11">410</resource-opt>
				</resource>
			</resources>
		</tier>
		<tier>
			<tier-name>New Rachival Work Shirt</tier-name>
			<tier-lvl name="Shirt">1</tier-lvl>
			<tier-allowedtechniques>0</tier-allowedtechniques>
			<tier-attributes>
				<tier-attribute type="equipSlot">Chest</tier-attribute>
				<tier-attribute type="hoardValue">60</tier-attribute>
			</tier-attributes>
			<resources>
				<resource>
					<resource-name>Kenaf Spool</resource-name>
					<resource-skill>Clothworking</resource-skill>
					<resource-min amount="24">295</resource-min>
					<resource-opt amount="12">420</resource-opt>
				</resource>
			</resources>
		</tier>
	</item>
	<item>
		<item-name>Sslanis Jungle Wear</item-name>
		<item-icon>icon_formula_a_01_12_07_11.png</item-icon>
		<item-batchqty>1</item-batchqty>
		<item-attributes>
			<item-attribute type="bulk">1</item-attribute>
			<item-attribute type="hoardValue">22</item-attribute>
			<item-attribute type="reqRace">Sslik</item-attribute>
			<item-attribute type="statBonus">+1 Armor</item-attribute>
		</item-attributes>
		<item-keywords>
			<item-keyword>tier_1</item-keyword>
		</item-keywords>
		<tier>
			<tier-name>Sslanis Jungle Pants</tier-name>
			<tier-lvl name="Pants">1</tier-lvl>
			<tier-allowedtechniques>0</tier-allowedtechniques>
			<tier-attributes>
				<tier-attribute type="equipSlot">Legs</tier-attribute>
			</tier-attributes>
			<resources>
				<resource>
					<resource-name>Kenaf Spool</resource-name>
					<resource-skill>Clothworking</resource-skill>
					<resource-min amount="20">275</resource-min>
					<resource-opt amount="10">450</resource-opt>
				</resource>
			</resources>
		</tier>
		<tier>
			<tier-name>Sslanis Jungle Shirt</tier-name>
			<tier-lvl name="Shirt">1</tier-lvl>
			<tier-allowedtechniques>0</tier-allowedtechniques>
			<tier-attributes>
				<tier-attribute type="equipSlot">Chest</tier-attribute>
			</tier-attributes>
			<resources>
				<resource>
					<resource-name>Kenaf Spool</resource-name>
					<resource-skill>Clothworking</resource-skill>
					<resource-min amount="22">285</resource-min>
					<resource-opt amount="11">450</resource-opt>
				</resource>
			</resources>
		</tier>
	</item>
	<item>
		<item-name>Tazoon Common Wear</item-name>
		<item-icon>icon_formula_a_01_12_03_11.png</item-icon>
		<item-batchqty>1</item-batchqty>
		<item-attributes>
			<item-attribute type="bulk">1</item-attribute>
			<item-attribute type="reqRace">Human, Dwarf, Fiend, Saris, Elf, Sslik, Half-Giant, Gnome, Satyr, Dryad</item-attribute>
			<item-attribute type="statBonus">+1 Armor</item-attribute>
		</item-attributes>
		<item-keywords>
			<item-keyword>tier_1</item-keyword>
		</item-keywords>
		<tier>
			<tier-name>Tazoon Common Pants</tier-name>
			<tier-lvl name="Pants">1</tier-lvl>
			<tier-allowedtechniques>0</tier-allowedtechniques>
			<tier-attributes>
				<tier-attribute type="equipSlot">Legs</tier-attribute>
				<tier-attribute type="hoardValue">22</tier-attribute>
			</tier-attributes>
			<resources>
				<resource>
					<resource-name>Flax Spool</resource-name>
					<resource-skill>Clothworking</resource-skill>
					<resource-min amount="22">125</resource-min>
					<resource-opt amount="11">225</resource-opt>
				</resource>
			</resources>
		</tier>
		<tier>
			<tier-name>Tazoon Common Shirt</tier-name>
			<tier-lvl name="Shirt">1</tier-lvl>
			<tier-allowedtechniques>0</tier-allowedtechniques>
			<tier-attributes>
				<tier-attribute type="equipSlot">Chest</tier-attribute>
				<tier-attribute type="hoardValue">24</tier-attribute>
			</tier-attributes>
			<resources>
				<resource>
					<resource-name>Flax Spool</resource-name>
					<resource-skill>Clothworking</resource-skill>
					<resource-min amount="24">135</resource-min>
					<resource-opt amount="12">235</resource-opt>
				</resource>
			</resources>
		</tier>
	</item>
	<item>
		<item-name>Feladan Fashion Wear</item-name>
		<item-icon>icon_formula_a_01_12_08_11.png</item-icon>
		<item-batchqty>1</item-batchqty>
		<item-attributes>
			<item-attribute type="bulk">1</item-attribute>
			<item-attribute type="reqRace">Human, Dwarf, Fiend, Saris, Elf, Sslik, Half-Giant, Gnome, Satyr, Dryad</item-attribute>
			<item-attribute type="statBonus">+1 Armor</item-attribute>
		</item-attributes>
		<item-keywords>
			<item-keyword>tier_3</item-keyword>
		</item-keywords>
		<tier>
			<tier-name>Feladan Fashion Boots</tier-name>
			<tier-lvl name="Boots">3</tier-lvl>
			<tier-allowedtechniques>0</tier-allowedtechniques>
			<tier-attributes>
				<tier-attribute type="equipSlot">Feet</tier-attribute>
				<tier-attribute type="hoardValue">99</tier-attribute>
			</tier-attributes>
			<resources>
				<resource>
					<resource-name>Cotton Spool</resource-name>
					<resource-skill>Clothworking</resource-skill>
					<resource-min amount="22">525</resource-min>
					<resource-opt amount="11">675</resource-opt>
				</resource>
			</resources>
		</tier>
		<tier>
			<tier-name>Feladan Fashion Pants</tier-name>
			<tier-lvl name="Pants">3</tier-lvl>
			<tier-allowedtechniques>0</tier-allowedtechniques>
			<tier-attributes>
				<tier-attribute type="equipSlot">Legs</tier-attribute>
				<tier-attribute type="hoardValue">108</tier-attribute>
			</tier-attributes>
			<resources>
				<resource>
					<resource-name>Cotton Spool</resource-name>
					<resource-skill>Clothworking</resource-skill>
					<resource-min amount="24">535</resource-min>
					<resource-opt amount="12">685</resource-opt>
				</resource>
			</resources>
		</tier>
		<tier>
			<tier-name>Feladan Fashion Shirt</tier-name>
			<tier-lvl name="Shirt">3</tier-lvl>
			<tier-allowedtechniques>0</tier-allowedtechniques>
			<tier-attributes>
				<tier-attribute type="equipSlot">Chest</tier-attribute>
				<tier-attribute type="hoardValue">117</tier-attribute>
			</tier-attributes>
			<resources>
				<resource>
					<resource-name>Cotton Spool</resource-name>
					<resource-skill>Clothworking</resource-skill>
					<resource-min amount="26">545</resource-min>
					<resource-opt amount="13">695</resource-opt>
				</resource>
			</resources>
		</tier>
	</item>
	<item>
		<item-name>Kion Dress Wear</item-name>
		<item-icon>icon_formula_a_01_12_09_11.png</item-icon>
		<item-batchqty>1</item-batchqty>
		<item-attributes>
			<item-attribute type="bulk">1</item-attribute>
			<item-attribute type="reqRace">Human, Dwarf, Fiend, Saris, Elf, Sslik, Half-Giant, Gnome, Satyr, Dryad</item-attribute>
			<item-attribute type="statBonus">+1 Armor</item-attribute>
		</item-attributes>
		<item-keywords>
			<item-keyword>tier_3</item-keyword>
		</item-keywords>
		<tier>
			<tier-name>Kion Dress Boots</tier-name>
			<tier-lvl name="Boots">3</tier-lvl>
			<tier-allowedtechniques>0</tier-allowedtechniques>
			<tier-attributes>
				<tier-attribute type="equipSlot">Feet</tier-attribute>
				<tier-attribute type="hoardValue">90</tier-attribute>
			</tier-attributes>
			<resources>
				<resource>
					<resource-name>Cotton Spool</resource-name>
					<resource-skill>Clothworking</resource-skill>
					<resource-min amount="20">475</resource-min>
					<resource-opt amount="10">625</resource-opt>
				</resource>
			</resources>
		</tier>
		<tier>
			<tier-name>Kion Dress Pants</tier-name>
			<tier-lvl name="Pants">3</tier-lvl>
			<tier-allowedtechniques>0</tier-allowedtechniques>
			<tier-attributes>
				<tier-attribute type="equipSlot">Legs</tier-attribute>
				<tier-attribute type="hoardValue">99</tier-attribute>
			</tier-attributes>
			<resources>
				<resource>
					<resource-name>Cotton Spool</resource-name>
					<resource-skill>Clothworking</resource-skill>
					<resource-min amount="22">485</resource-min>
					<resource-opt amount="11">635</resource-opt>
				</resource>
			</resources>
		</tier>
		<tier>
			<tier-name>Kion Dress Shirt</tier-name>
			<tier-lvl name="Shirt">3</tier-lvl>
			<tier-allowedtechniques>0</tier-allowedtechniques>
			<tier-attributes>
				<tier-attribute type="equipSlot">Chest</tier-attribute>
				<tier-attribute type="hoardValue">108</tier-attribute>
			</tier-attributes>
			<resources>
				<resource>
					<resource-name>Cotton Spool</resource-name>
					<resource-skill>Clothworking</resource-skill>
					<resource-min amount="24">495</resource-min>
					<resource-opt amount="12">645</resource-opt>
				</resource>
			</resources>
		</tier>
	</item>
	<item>
		<item-name>Kirasanct Weave Wear</item-name>
		<item-icon>icon_formula_a_01_12_07_11.png</item-icon>
		<item-batchqty>1</item-batchqty>
		<item-attributes>
			<item-attribute type="bulk">1</item-attribute>
			<item-attribute type="reqRace">Human, Dwarf, Fiend, Saris, Elf, Sslik, Half-Giant, Gnome, Satyr, Dryad</item-attribute>
			<item-attribute type="statBonus">+1 Armor</item-attribute>
		</item-attributes>
		<item-keywords>
			<item-keyword>tier_3</item-keyword>
		</item-keywords>
		<tier>
			<tier-name>Kirasanct Weave Boots</tier-name>
			<tier-lvl name="Boots">3</tier-lvl>
			<tier-allowedtechniques>0</tier-allowedtechniques>
			<tier-attributes>
				<tier-attribute type="equipSlot">Feet</tier-attribute>
				<tier-attribute type="hoardValue">180</tier-attribute>
			</tier-attributes>
			<resources>
				<resource>
					<resource-name>Silk Spool</resource-name>
					<resource-skill>Clothworking</resource-skill>
					<resource-min amount="20">675</resource-min>
					<resource-opt amount="10">850</resource-opt>
				</resource>
			</resources>
		</tier>
		<tier>
			<tier-name>Kirasanct Weave Pants</tier-name>
			<tier-lvl name="Pants">3</tier-lvl>
			<tier-allowedtechniques>0</tier-allowedtechniques>
			<tier-attributes>
				<tier-attribute type="equipSlot">Legs</tier-attribute>
				<tier-attribute type="hoardValue">198</tier-attribute>
			</tier-attributes>
			<resources>
				<resource>
					<resource-name>Silk Spool</resource-name>
					<resource-skill>Clothworking</resource-skill>
					<resource-min amount="22">685</resource-min>
					<resource-opt amount="11">860</resource-opt>
				</resource>
			</resources>
		</tier>
		<tier>
			<tier-name>Kirasanct Weave Shirt</tier-name>
			<tier-lvl name="Shirt">3</tier-lvl>
			<tier-allowedtechniques>0</tier-allowedtechniques>
			<tier-attributes>
				<tier-attribute type="equipSlot">Chest</tier-attribute>
				<tier-attribute type="hoardValue">216</tier-attribute>
			</tier-attributes>
			<resources>
				<resource>
					<resource-name>Silk Spool</resource-name>
					<resource-skill>Clothworking</resource-skill>
					<resource-min amount="24">695</resource-min>
					<resource-opt amount="12">870</resource-opt>
				</resource>
			</resources>
		</tier>
	</item>
	<item>
		<item-name>Special Pants</item-name>
		<item-icon>icon_formula_a_10_specialpants_11.png</item-icon>
		<item-batchqty>1</item-batchqty>
		<item-attributes>
			<item-attribute type="equipSlot">Legs</item-attribute>
			<item-attribute type="bulk">1</item-attribute>
			<item-attribute type="hoardValue">50</item-attribute>
			<item-attribute type="reqClass">ENC, GRDN, CHSW, ELAR, CRSB, BLDM, SPRD, KNOC, ICED, STMD, GTH, MIN, BRSK, FLMD, SPRM, RVR, RNGR, CONJ, SORC, CLRC, WIZ, WVR, DRU, MSN, FLT, FIT, WPN, TNK, TLR, SPL, JWL, CNF, CRP, ALC, ARM, SCH, OUT, BLK, SHMN, BTLM, MONK, SPRT, PLDN, SCT, HLR, MAGE, WAR</item-attribute>
		</item-attributes>
		<item-keywords>
			<item-keyword>tier_1</item-keyword>
			<item-keyword>bodyslot_legs</item-keyword>
			<item-keyword>armor</item-keyword>
		</item-keywords>
		<tier>
			<tier-name>Special Pants</tier-name>
			<tier-lvl name="Pants">1</tier-lvl>
			<tier-desc>Pants that read along the leg, "Ranked #1".</tier-desc>
			<tier-allowedtechniques>-1</tier-allowedtechniques>
			<tier-attributes>
      </tier-attributes>
			<resources>
				<resource>
					<resource-name>Special Spool</resource-name>
					<resource-skill>Tailoring</resource-skill>
					<resource-min amount="40">20</resource-min>
					<resource-opt amount="20">120</resource-opt>
				</resource>
			</resources>
		</tier>
	</item>
</formulaset>
