<?xml version="1.0" encoding="ISO-8859-1"?>
<techniqueset format="2.1">
	<techniqueset-name>Strength</techniqueset-name>
	<techniqueset-categories>
		<techniqueset-category>Statistic</techniqueset-category>
	</techniqueset-categories>
	<tech>
		<tech-name>Strength</tech-name>
		<tech-icon>icon_technique_01_06_11.png</tech-icon>
		<tech-keywords>
			<tech-keywordset>
				<tech-keyword>armor</tech-keyword>
				<tech-keyword>weapon</tech-keyword>
				<tech-keyword>jewelry</tech-keyword>
				<tech-keyword>tool</tech-keyword>
				<tech-keyword>dragonscale</tech-keyword>
				<tech-keyword>container</tech-keyword>
			</tech-keywordset>
			<tech-keywordset>
				<tech-keyword>bodyslot_chest</tech-keyword>
				<tech-keyword>bodyslot_neck</tech-keyword>
				<tech-keyword>bodyslot_head</tech-keyword>
				<tech-keyword>bodyslot_ear</tech-keyword>
				<tech-keyword>bodyslot_waist</tech-keyword>
				<tech-keyword>bodyslot_legs</tech-keyword>
				<tech-keyword>bodyslot_forearm</tech-keyword>
				<tech-keyword>bodyslot_rightpalm</tech-keyword>
				<tech-keyword>bodyslot_leftpalm</tech-keyword>
				<tech-keyword>dragon_bodyslot_wing</tech-keyword>
				<tech-keyword>dragon_bodyslot_foreleg</tech-keyword>
				<tech-keyword>dragon_bodyslot_hindleg</tech-keyword>
				<tech-keyword>dragon_bodyslot_chest</tech-keyword>
				<tech-keyword>dragon_bodyslot_back</tech-keyword>
				<tech-keyword>dragon_bodyslot_head</tech-keyword>
				<tech-keyword>dragon_bodyslot_tail</tech-keyword>
				<tech-keyword>dragon_weapon_claw</tech-keyword>
				<tech-keyword>dragon_tool_claw</tech-keyword>
			</tech-keywordset>
		</tech-keywords>
		<tech-effectkeywords>
			<tech-effectkeywordset>
				<tech-effectkeyword>statmod_strength_up</tech-effectkeyword>
			</tech-effectkeywordset>
		</tech-effectkeywords>
		<tier>
			<tier-name>Strength I</tier-name>
			<tier-origin>Statistic: Strength I</tier-origin>
			<tier-lvl>1</tier-lvl>
			<tier-desc>This technique gives the user the ability to create objects with an additional +5 to the Strength statistic.</tier-desc>
			<tier-skilladjust>10</tier-skilladjust>
			<tier-keywords>
				<tier-keywordset>
					<tier-keyword>techclass_1</tier-keyword>
				</tier-keywordset>
			</tier-keywords>
			<tier-attributes>
				<tier-attribute type="statBonus">+5 Strength</tier-attribute>
			</tier-attributes>
			<components>
				<component amount="4">Dim Essence Orb</component>
				<component amount="1">Weaker Maggot Mandibles</component>
			</components>
		</tier>
		<tier>
			<tier-name>Strength II</tier-name>
			<tier-origin>Statistic: Strength II</tier-origin>
			<tier-lvl>2</tier-lvl>
			<tier-desc>This technique gives the user the ability to create objects with an additional +10 to the Strength statistic.</tier-desc>
			<tier-skilladjust>20</tier-skilladjust>
			<tier-keywords>
				<tier-keywordset>
					<tier-keyword>techclass_2</tier-keyword>
				</tier-keywordset>
			</tier-keywords>
			<tier-attributes>
				<tier-attribute type="statBonus">+10 Strength</tier-attribute>
			</tier-attributes>
			<components>
				<component amount="4">Pale Essence Orb</component>
				<component amount="1">Ruxus Skin</component>
				<component amount="1">Brown Wolf Fang</component>
			</components>
		</tier>
		<tier>
			<tier-name>Strength III</tier-name>
			<tier-origin>Statistic: Strength III</tier-origin>
			<tier-lvl>3</tier-lvl>
			<tier-desc>This technique gives the user the ability to create objects with an additional +15 to the Strength statistic.</tier-desc>
			<tier-skilladjust>30</tier-skilladjust>
			<tier-keywords>
				<tier-keywordset>
					<tier-keyword>techclass_3</tier-keyword>
				</tier-keywordset>
			</tier-keywords>
			<tier-attributes>
				<tier-attribute type="statBonus">+15 Strength</tier-attribute>
			</tier-attributes>
			<components>
				<component amount="4">Glowing Essence Orb</component>
				<component amount="1">Jasper Golem Chip</component>
				<component amount="1">Redbacked Spider Eye</component>
			</components>
		</tier>
		<tier>
			<tier-name>Strength IV</tier-name>
			<tier-origin>Statistic: Strength IV</tier-origin>
			<tier-lvl>4</tier-lvl>
			<tier-desc/>
			<tier-skilladjust>40</tier-skilladjust>
			<tier-keywords>
				<tier-keywordset>
					<tier-keyword>techclass_4</tier-keyword>
				</tier-keywordset>
			</tier-keywords>
			<tier-attributes>
				<tier-attribute type="statBonus">+20 Strength</tier-attribute>
			</tier-attributes>
			<components>
				<component amount="4">Bright Essence Orb</component>
				<component amount="1">Jade Golem Chip</component>
				<component amount="2">Fire Ogre Jawbone</component>
			</components>
		</tier>
		<tier>
			<tier-name>Strength V</tier-name>
			<tier-origin>Statistic: Strength V</tier-origin>
			<tier-lvl>5</tier-lvl>
			<tier-desc/>
			<tier-skilladjust>50</tier-skilladjust>
			<tier-keywords>
				<tier-keywordset>
					<tier-keyword>techclass_5</tier-keyword>
				</tier-keywordset>
			</tier-keywords>
			<tier-attributes>
				<tier-attribute type="statBonus">+25 Strength</tier-attribute>
			</tier-attributes>
			<components>
				<component amount="4">Shining Essence Orb</component>
				<component amount="2">Purple Spider Venom</component>
				<component amount="2">Emerald Golem Chip</component>
			</components>
		</tier>
	</tech>
</techniqueset>
