<?xml version="1.0" encoding="ISO-8859-1"?>
<formulaset format="2.1">
	<formulaset-name>Dragon Tool Claws</formulaset-name>
	<formulaset-categories>
		<formulaset-category>Tools</formulaset-category>
	</formulaset-categories>
	<item>
		<item-name>Dragon Tool Claw</item-name>
		<item-icon>icon_formula_w_dng_01_11.png</item-icon>
		<item-batchqty>1</item-batchqty>
		<item-attributes>
			<item-attribute type="bulk">10</item-attribute>
			<item-attribute type="equipSlot">Dragon Claw</item-attribute>
		</item-attributes>
		<item-keywords>
			<item-keyword>dragon_tool_claw</item-keyword>
			<item-keyword>techclass_1</item-keyword>
			<tech-keyword>dragon_tool</tech-keyword>
			<item-keyword>dragonscale</item-keyword>
			<item-keyword>resource_metal</item-keyword>
		</item-keywords>
		<tier>
			<tier-name>Bronze Tool Claw</tier-name>
			<tier-lvl levelName="Bronze Tool Claw">1</tier-lvl>
			<tier-desc>A bronze gauntlet worn over a dragon's claws, which can be imbued with a variety of crafting techniques.  It is important to note that a crafting claw does not replace dragon crafting abilities in any way.</tier-desc>
			<tier-allowedtechniques>1</tier-allowedtechniques>
			<tier-attributes>
				<tier-attribute type="hoardValue">30</tier-attribute>
				<tier-attribute type="reqCurrentCraftLevel">Current Craft Level (1)</tier-attribute>
				<tier-attribute type="reqCraftSkill">Mining (1) or Quarrying (1)</tier-attribute>
			</tier-attributes>
			<tier-keywords>
				<tier-keyword>formula_skill_beginner</tier-keyword>
				<tier-keyword>tier_1</tier-keyword>
			</tier-keywords>
			<resources>
				<resource>
					<resource-name>Bronze Bar</resource-name>
					<resource-skill>Dragon Scalecraft</resource-skill>
					<resource-min amount="24">1</resource-min>
					<resource-opt amount="12">100</resource-opt>
				</resource>
			</resources>
		</tier>
		<tier>
			<tier-name>Iron Tool Claw</tier-name>
			<tier-lvl levelName="Iron Tool Claw">2</tier-lvl>
			<tier-desc>An iron gauntlet worn over a dragon's claws, which can be imbued with a variety of crafting techniques.  It is important to note that a crafting claw does not replace dragon crafting abilities in any way.</tier-desc>
			<tier-allowedtechniques>1</tier-allowedtechniques>
			<tier-attributes>
				<tier-attribute type="hoardValue">60</tier-attribute>
				<tier-attribute type="reqCurrentCraftLevel">Current Craft Level (20)</tier-attribute>
				<tier-attribute type="reqCraftSkill">Mining (200) or Quarrying (200)</tier-attribute>
			</tier-attributes>
			<tier-keywords>
				<tier-keyword>techclass_2</tier-keyword>
				<tier-keyword>formula_skill_beginner</tier-keyword>
				<tier-keyword>tier_2</tier-keyword>
			</tier-keywords>
			<resources>
				<resource>
					<resource-name>Iron Bar</resource-name>
					<resource-skill>Dragon Scalecraft</resource-skill>
					<resource-min amount="24">200</resource-min>
					<resource-opt amount="12">325</resource-opt>
				</resource>
			</resources>
		</tier>
		<tier>
			<tier-name>Steel Tool Claw</tier-name>
			<tier-lvl levelName="Steel Tool Claw">3</tier-lvl>
			<tier-desc>A steel gauntlet worn over a dragon's claws, which can be imbued with a variety of crafting techniques.  It is important to note that a crafting claw does not replace dragon crafting abilities in any way.</tier-desc>
			<tier-allowedtechniques>2</tier-allowedtechniques>
			<tier-attributes>
				<tier-attribute type="hoardValue">120</tier-attribute>
				<tier-attribute type="reqCurrentCraftLevel">Current Craft Level (40)</tier-attribute>
				<tier-attribute type="reqCraftSkill">Mining (400) or Quarrying (400)</tier-attribute>
			</tier-attributes>
			<tier-keywords>
				<tier-keyword>techclass_3</tier-keyword>
				<tier-keyword>techclass_2</tier-keyword>
				<tier-keyword>formula_skill_journeyman</tier-keyword>
				<tier-keyword>tier_3</tier-keyword>
			</tier-keywords>
			<resources>
				<resource>
					<resource-name>Steel Bar</resource-name>
					<resource-skill>Dragon Scalecraft</resource-skill>
					<resource-min amount="24">400</resource-min>
					<resource-opt amount="12">550</resource-opt>
				</resource>
			</resources>
		</tier>
		<tier>
			<tier-name>Cobalt Tool Claw</tier-name>
			<tier-lvl levelName="Cobalt Tool Claw">4</tier-lvl>
			<tier-desc>A cobalt gauntlet worn over a dragon's claws, which can be imbued with a variety of crafting techniques.  It is important to note that a crafting claw does not replace dragon crafting abilities in any way.</tier-desc>
			<tier-allowedtechniques>2</tier-allowedtechniques>
			<tier-attributes>
				<tier-attribute type="hoardValue">240</tier-attribute>
				<tier-attribute type="reqCurrentCraftLevel">Current Craft Level (60)</tier-attribute>
				<tier-attribute type="reqCraftSkill">Mining (600) or Quarrying (600)</tier-attribute>
			</tier-attributes>
			<tier-keywords>
				<tier-keyword>techclass_4</tier-keyword>
				<tier-keyword>techclass_3</tier-keyword>
				<tier-keyword>techclass_2</tier-keyword>
				<tier-keyword>formula_skill_journeyman</tier-keyword>
				<tier-keyword>tier_4</tier-keyword>
			</tier-keywords>
			<resources>
				<resource>
					<resource-name>Cobalt Bar</resource-name>
					<resource-skill>Dragon Scalecraft</resource-skill>
					<resource-min amount="24">600</resource-min>
					<resource-opt amount="12">775</resource-opt>
				</resource>
			</resources>
		</tier>
		<tier>
			<tier-name>Mithril Tool Claw</tier-name>
			<tier-lvl levelName="Mithril Tool Claw">5</tier-lvl>
			<tier-desc>A mithril gauntlet worn over a dragon's claws, which can be imbued with a variety of crafting techniques.  It is important to note that a crafting claw does not replace dragon crafting abilities in any way.</tier-desc>
			<tier-allowedtechniques>3</tier-allowedtechniques>
			<tier-attributes>
				<tier-attribute type="hoardValue">480</tier-attribute>
				<tier-attribute type="reqCurrentCraftLevel">Current Craft Level (80)</tier-attribute>
				<tier-attribute type="reqCraftSkill">Mining (800) or Quarrying (800)</tier-attribute>
			</tier-attributes>
			<tier-keywords>
				<tier-keyword>techclass_5</tier-keyword>
				<tier-keyword>techclass_4</tier-keyword>
				<tier-keyword>techclass_3</tier-keyword>
				<tier-keyword>techclass_2</tier-keyword>
				<tier-keyword>formula_skill_expert</tier-keyword>
				<tier-keyword>tier_5</tier-keyword>
			</tier-keywords>
			<resources>
				<resource>
					<resource-name>Mithril Bar</resource-name>
					<resource-skill>Dragon Scalecraft</resource-skill>
					<resource-min amount="24">800</resource-min>
					<resource-opt amount="12">1000</resource-opt>
				</resource>
			</resources>
		</tier>
	</item>
</formulaset>
