<?xml version="1.0" encoding="ISO-8859-1"?>
<formulaset format="2.1">
	<formulaset-name>Tools - Stone</formulaset-name>
	<formulaset-categories>
		<formulaset-category>Tools</formulaset-category>
	</formulaset-categories>
	<item>
		<item-name>Brew Stirrer</item-name>
		<item-icon>icon_formula_t_10_11.png</item-icon>
		<item-batchqty>1</item-batchqty>
		<item-attributes>
			<item-attribute type="equipSlot">Right Palm</item-attribute>
			<item-attribute type="bulk">10</item-attribute>
			<item-attribute type="reqCurrentCraftLevel">Current Craft Level (1)</item-attribute>
			<item-attribute type="reqRace">Human, Dwarf, Fiend, Saris, Elf, Sslik, Half-Giant, Gnome, Satyr, Dryad</item-attribute>
		</item-attributes>
		<item-keywords>
			<item-keyword>techclass_1</item-keyword>
			<item-keyword>skill_use_tanning</item-keyword>
			<item-keyword>skill_make_sculpting</item-keyword>
			<item-keyword>skill_use_brewing</item-keyword>
			<item-keyword>bodyslot_rightpalm</item-keyword>
			<item-keyword>tool</item-keyword>
			<item-keyword>resource_stone</item-keyword>
		</item-keywords>
		<tier>
			<tier-name>Sandstone Brew Stirrer</tier-name>
			<tier-lvl>1</tier-lvl>
			<tier-desc>A long-handled sandstone stirring spoon, used in the brewing of liquids.</tier-desc>
			<tier-allowedtechniques>1</tier-allowedtechniques>
			<tier-attributes>
				<tier-attribute type="hoardValue">30</tier-attribute>
				<tier-attribute type="reqCraftSkill">Brewing (1) or Tanning (1)</tier-attribute>
				<tier-attribute type="statCap">Limits Brewing to 250</tier-attribute>
				<tier-attribute type="statCap">Limits Tanning to 250</tier-attribute>
			</tier-attributes>
			<tier-keywords>
				<tier-keyword>tier_1</tier-keyword>
			</tier-keywords>
			<resources>
				<resource>
					<resource-name>Sandstone Brick</resource-name>
					<resource-skill>Sculpting</resource-skill>
					<resource-min amount="20">100</resource-min>
					<resource-opt amount="10">200</resource-opt>
				</resource>
			</resources>
		</tier>
		<tier>
			<tier-name>Slate Brew Stirrer</tier-name>
			<tier-lvl>2</tier-lvl>
			<tier-desc>A long-handled slate stirring spoon, used in the brewing of liquids.</tier-desc>
			<tier-allowedtechniques>1</tier-allowedtechniques>
			<tier-attributes>
				<tier-attribute type="hoardValue">60</tier-attribute>
				<tier-attribute type="reqCraftSkill">Brewing (200) or Tanning (200)</tier-attribute>
				<tier-attribute type="statCap">Limits Brewing to 450</tier-attribute>
				<tier-attribute type="statCap">Limits Tanning to 450</tier-attribute>
			</tier-attributes>
			<tier-keywords>
				<tier-keyword>techclass_2</tier-keyword>
				<tier-keyword>tier_2</tier-keyword>
			</tier-keywords>
			<resources>
				<resource>
					<resource-name>Slate Brick</resource-name>
					<resource-skill>Sculpting</resource-skill>
					<resource-min amount="20">300</resource-min>
					<resource-opt amount="10">425</resource-opt>
				</resource>
			</resources>
		</tier>
		<tier>
			<tier-name>Granite Brew Stirrer</tier-name>
			<tier-lvl>3</tier-lvl>
			<tier-desc>A long-handled granite stirring spoon, used in the brewing of liquids.</tier-desc>
			<tier-allowedtechniques>2</tier-allowedtechniques>
			<tier-attributes>
				<tier-attribute type="hoardValue">120</tier-attribute>
				<tier-attribute type="reqCraftSkill">Brewing (400) or Tanning (400)</tier-attribute>
				<tier-attribute type="statCap">Limits Brewing to 650</tier-attribute>
				<tier-attribute type="statCap">Limits Tanning to 650</tier-attribute>
			</tier-attributes>
			<tier-keywords>
				<tier-keyword>techclass_3</tier-keyword>
				<tier-keyword>techclass_2</tier-keyword>
				<tier-keyword>tier_3</tier-keyword>
			</tier-keywords>
			<resources>
				<resource>
					<resource-name>Granite Brick</resource-name>
					<resource-skill>Sculpting</resource-skill>
					<resource-min amount="20">500</resource-min>
					<resource-opt amount="10">650</resource-opt>
				</resource>
			</resources>
		</tier>
		<tier>
			<tier-name>Obsidian Brew Stirrer</tier-name>
			<tier-lvl>4</tier-lvl>
			<tier-desc>A long-handled obsidian stirring spoon, used in the brewing of liquids.</tier-desc>
			<tier-allowedtechniques>2</tier-allowedtechniques>
			<tier-attributes>
				<tier-attribute type="hoardValue">240</tier-attribute>
				<tier-attribute type="reqCraftSkill">Brewing (600) or Tanning (600)</tier-attribute>
				<tier-attribute type="statCap">Limits Brewing to 850</tier-attribute>
				<tier-attribute type="statCap">Limits Tanning to 850</tier-attribute>
			</tier-attributes>
			<tier-keywords>
				<tier-keyword>techclass_4</tier-keyword>
				<tier-keyword>techclass_3</tier-keyword>
				<tier-keyword>techclass_2</tier-keyword>
				<tier-keyword>tier_4</tier-keyword>
			</tier-keywords>
			<resources>
				<resource>
					<resource-name>Obsidian Brick</resource-name>
					<resource-skill>Sculpting</resource-skill>
					<resource-min amount="20">700</resource-min>
					<resource-opt amount="10">875</resource-opt>
				</resource>
			</resources>
		</tier>
		<tier>
			<tier-name>Marble Brew Stirrer</tier-name>
			<tier-lvl>5</tier-lvl>
			<tier-desc>A long-handled marble stirring spoon, used in the brewing of liquids.</tier-desc>
			<tier-allowedtechniques>3</tier-allowedtechniques>
			<tier-attributes>
				<tier-attribute type="hoardValue">480</tier-attribute>
				<tier-attribute type="reqCraftSkill">Brewing (800) or Tanning (800)</tier-attribute>
			</tier-attributes>
			<tier-keywords>
				<tier-keyword>techclass_5</tier-keyword>
				<tier-keyword>techclass_4</tier-keyword>
				<tier-keyword>techclass_3</tier-keyword>
				<tier-keyword>techclass_2</tier-keyword>
				<tier-keyword>tier_5</tier-keyword>
			</tier-keywords>
			<resources>
				<resource>
					<resource-name>Marble Brick</resource-name>
					<resource-skill>Sculpting</resource-skill>
					<resource-min amount="20">900</resource-min>
					<resource-opt amount="10">1100</resource-opt>
				</resource>
			</resources>
		</tier>
	</item>
	<item>
		<item-name>Clay Scoop</item-name>
		<item-icon>icon_formula_t_22_11.png</item-icon>
		<item-batchqty>1</item-batchqty>
		<item-attributes>
			<item-attribute type="equipSlot">Right Palm</item-attribute>
			<item-attribute type="bulk">10</item-attribute>
			<item-attribute type="reqCurrentCraftLevel">Current Craft Level (1)</item-attribute>
			<item-attribute type="reqRace">Human, Dwarf, Fiend, Saris, Elf, Sslik, Half-Giant, Gnome, Satyr, Dryad</item-attribute>
		</item-attributes>
		<item-keywords>
			<item-keyword>techclass_1</item-keyword>
			<item-keyword>skill_make_sculpting</item-keyword>
			<item-keyword>skill_use_quarrying</item-keyword>
			<item-keyword>skill_use_earthencraft</item-keyword>
			<item-keyword>bodyslot_rightpalm</item-keyword>
			<item-keyword>tool</item-keyword>
			<item-keyword>resource_stone</item-keyword>
		</item-keywords>
		<tier>
			<tier-name>Sandstone Clay Scoop</tier-name>
			<tier-lvl>1</tier-lvl>
			<tier-desc>A sandstone spade used in the scooping and shaping of clay.</tier-desc>
			<tier-allowedtechniques>1</tier-allowedtechniques>
			<tier-attributes>
				<tier-attribute type="hoardValue">24</tier-attribute>
				<tier-attribute type="reqCraftSkill">Earthencraft (1)</tier-attribute>
				<tier-attribute type="statCap">Limits Earthencraft to 250</tier-attribute>
			</tier-attributes>
			<tier-keywords>
				<tier-keyword>tier_1</tier-keyword>
			</tier-keywords>
			<resources>
				<resource>
					<resource-name>Sandstone Brick</resource-name>
					<resource-skill>Sculpting</resource-skill>
					<resource-min amount="16">50</resource-min>
					<resource-opt amount="8">150</resource-opt>
				</resource>
			</resources>
		</tier>
		<tier>
			<tier-name>Slate Clay Scoop</tier-name>
			<tier-lvl>2</tier-lvl>
			<tier-desc>A slate spade used in the scooping and shaping of clay.</tier-desc>
			<tier-allowedtechniques>1</tier-allowedtechniques>
			<tier-attributes>
				<tier-attribute type="hoardValue">48</tier-attribute>
				<tier-attribute type="reqCraftSkill">Earthencraft (200)</tier-attribute>
				<tier-attribute type="statCap">Limits Earthencraft to 450</tier-attribute>
			</tier-attributes>
			<tier-keywords>
				<tier-keyword>techclass_2</tier-keyword>
				<tier-keyword>tier_2</tier-keyword>
			</tier-keywords>
			<resources>
				<resource>
					<resource-name>Slate Brick</resource-name>
					<resource-skill>Sculpting</resource-skill>
					<resource-min amount="16">250</resource-min>
					<resource-opt amount="8">375</resource-opt>
				</resource>
			</resources>
		</tier>
		<tier>
			<tier-name>Granite Clay Scoop</tier-name>
			<tier-lvl>3</tier-lvl>
			<tier-desc>A granite spade used in the scooping and shaping of clay.</tier-desc>
			<tier-allowedtechniques>2</tier-allowedtechniques>
			<tier-attributes>
				<tier-attribute type="hoardValue">96</tier-attribute>
				<tier-attribute type="reqCraftSkill">Earthencraft (400)</tier-attribute>
				<tier-attribute type="statCap">Limits Earthencraft to 650</tier-attribute>
			</tier-attributes>
			<tier-keywords>
				<tier-keyword>techclass_3</tier-keyword>
				<tier-keyword>techclass_2</tier-keyword>
				<tier-keyword>tier_3</tier-keyword>
			</tier-keywords>
			<resources>
				<resource>
					<resource-name>Granite Brick</resource-name>
					<resource-skill>Sculpting</resource-skill>
					<resource-min amount="16">450</resource-min>
					<resource-opt amount="8">600</resource-opt>
				</resource>
			</resources>
		</tier>
		<tier>
			<tier-name>Obsidian Clay Scoop</tier-name>
			<tier-lvl>4</tier-lvl>
			<tier-desc>An obsidian spade used in the scooping and shaping of clay.</tier-desc>
			<tier-allowedtechniques>2</tier-allowedtechniques>
			<tier-attributes>
				<tier-attribute type="hoardValue">192</tier-attribute>
				<tier-attribute type="reqCraftSkill">Earthencraft (600)</tier-attribute>
				<tier-attribute type="statCap">Limits Earthencraft to 850</tier-attribute>
			</tier-attributes>
			<tier-keywords>
				<tier-keyword>techclass_4</tier-keyword>
				<tier-keyword>techclass_3</tier-keyword>
				<tier-keyword>techclass_2</tier-keyword>
				<tier-keyword>tier_4</tier-keyword>
			</tier-keywords>
			<resources>
				<resource>
					<resource-name>Obsidian Brick</resource-name>
					<resource-skill>Sculpting</resource-skill>
					<resource-min amount="16">650</resource-min>
					<resource-opt amount="8">825</resource-opt>
				</resource>
			</resources>
		</tier>
		<tier>
			<tier-name>Marble Clay Scoop</tier-name>
			<tier-lvl>5</tier-lvl>
			<tier-desc>A marble spade used in the scooping and shaping of clay.</tier-desc>
			<tier-allowedtechniques>3</tier-allowedtechniques>
			<tier-attributes>
				<tier-attribute type="hoardValue">384</tier-attribute>
				<tier-attribute type="reqCraftSkill">Earthencraft (800)</tier-attribute>
			</tier-attributes>
			<tier-keywords>
				<tier-keyword>techclass_5</tier-keyword>
				<tier-keyword>techclass_4</tier-keyword>
				<tier-keyword>techclass_3</tier-keyword>
				<tier-keyword>techclass_2</tier-keyword>
				<tier-keyword>tier_5</tier-keyword>
			</tier-keywords>
			<resources>
				<resource>
					<resource-name>Marble Brick</resource-name>
					<resource-skill>Sculpting</resource-skill>
					<resource-min amount="16">850</resource-min>
					<resource-opt amount="8">1050</resource-opt>
				</resource>
			</resources>
		</tier>
	</item>
	<item>
		<item-name>Essence Shaper</item-name>
		<item-icon>icon_formula_t_31_11.png</item-icon>
		<item-batchqty>1</item-batchqty>
		<item-attributes>
			<item-attribute type="equipSlot">Right Palm</item-attribute>
			<item-attribute type="bulk">10</item-attribute>
			<item-attribute type="reqCurrentCraftLevel">Current Craft Level (1)</item-attribute>
			<item-attribute type="reqRace">Human, Dwarf, Fiend, Saris, Elf, Sslik, Half-Giant, Gnome, Satyr, Dryad</item-attribute>
		</item-attributes>
		<item-keywords>
			<item-keyword>techclass_1</item-keyword>
			<item-keyword>skill_make_sculpting</item-keyword>
			<item-keyword>skill_use_essenceshaping</item-keyword>
			<item-keyword>bodyslot_rightpalm</item-keyword>
			<item-keyword>tool</item-keyword>
			<item-keyword>resource_stone</item-keyword>
		</item-keywords>
		<tier>
			<tier-name>Sandstone Essence Shaper</tier-name>
			<tier-lvl>1</tier-lvl>
			<tier-desc>A mystical sandstone device, used in the art of forming raw essence into a usable resource.</tier-desc>
			<tier-allowedtechniques>1</tier-allowedtechniques>
			<tier-attributes>
				<tier-attribute type="hoardValue">18</tier-attribute>
				<tier-attribute type="reqCraftSkill">Essence Shaping (1)</tier-attribute>
				<tier-attribute type="statCap">Limits Essence Shaping to 250</tier-attribute>
			</tier-attributes>
			<tier-keywords>
				<tier-keyword>tier_1</tier-keyword>
			</tier-keywords>
			<resources>
				<resource>
					<resource-name>Sandstone Brick</resource-name>
					<resource-skill>Sculpting</resource-skill>
					<resource-min amount="12">1</resource-min>
					<resource-opt amount="6">100</resource-opt>
				</resource>
			</resources>
		</tier>
		<tier>
			<tier-name>Slate Essence Shaper</tier-name>
			<tier-lvl>2</tier-lvl>
			<tier-desc>A mystical slate device, used in the art of forming raw essence into a usable resource.</tier-desc>
			<tier-allowedtechniques>1</tier-allowedtechniques>
			<tier-attributes>
				<tier-attribute type="hoardValue">36</tier-attribute>
				<tier-attribute type="reqCraftSkill">Essence Shaping (200)</tier-attribute>
				<tier-attribute type="statCap">Limits Essence Shaping to 450</tier-attribute>
			</tier-attributes>
			<tier-keywords>
				<tier-keyword>techclass_2</tier-keyword>
				<tier-keyword>tier_2</tier-keyword>
			</tier-keywords>
			<resources>
				<resource>
					<resource-name>Slate Brick</resource-name>
					<resource-skill>Sculpting</resource-skill>
					<resource-min amount="12">200</resource-min>
					<resource-opt amount="6">325</resource-opt>
				</resource>
			</resources>
		</tier>
		<tier>
			<tier-name>Granite Essence Shaper</tier-name>
			<tier-lvl>3</tier-lvl>
			<tier-desc>A mystical granite device, used in the art of forming raw essence into a usable resource.</tier-desc>
			<tier-allowedtechniques>2</tier-allowedtechniques>
			<tier-attributes>
				<tier-attribute type="hoardValue">72</tier-attribute>
				<tier-attribute type="reqCraftSkill">Essence Shaping (400)</tier-attribute>
				<tier-attribute type="statCap">Limits Essence Shaping to 650</tier-attribute>
			</tier-attributes>
			<tier-keywords>
				<tier-keyword>techclass_3</tier-keyword>
				<tier-keyword>techclass_2</tier-keyword>
				<tier-keyword>tier_3</tier-keyword>
			</tier-keywords>
			<resources>
				<resource>
					<resource-name>Granite Brick</resource-name>
					<resource-skill>Sculpting</resource-skill>
					<resource-min amount="12">400</resource-min>
					<resource-opt amount="6">550</resource-opt>
				</resource>
			</resources>
		</tier>
		<tier>
			<tier-name>Obsidian Essence Shaper</tier-name>
			<tier-lvl>4</tier-lvl>
			<tier-desc>A mystical obsidian device, used in the art of forming raw essence into a usable resource.</tier-desc>
			<tier-allowedtechniques>2</tier-allowedtechniques>
			<tier-attributes>
				<tier-attribute type="hoardValue">144</tier-attribute>
				<tier-attribute type="reqCraftSkill">Essence Shaping (600)</tier-attribute>
				<tier-attribute type="statCap">Limits Essence Shaping to 850</tier-attribute>
			</tier-attributes>
			<tier-keywords>
				<tier-keyword>techclass_4</tier-keyword>
				<tier-keyword>techclass_3</tier-keyword>
				<tier-keyword>techclass_2</tier-keyword>
				<tier-keyword>tier_4</tier-keyword>
			</tier-keywords>
			<resources>
				<resource>
					<resource-name>Obsidian Brick</resource-name>
					<resource-skill>Sculpting</resource-skill>
					<resource-min amount="12">600</resource-min>
					<resource-opt amount="6">775</resource-opt>
				</resource>
			</resources>
		</tier>
		<tier>
			<tier-name>Marble Essence Shaper</tier-name>
			<tier-lvl>5</tier-lvl>
			<tier-desc>A mystical marble device, used in the art of forming raw essence into a usable resource.</tier-desc>
			<tier-allowedtechniques>3</tier-allowedtechniques>
			<tier-attributes>
				<tier-attribute type="hoardValue">288</tier-attribute>
				<tier-attribute type="reqCraftSkill">Essence Shaping (800)</tier-attribute>
			</tier-attributes>
			<tier-keywords>
				<tier-keyword>techclass_5</tier-keyword>
				<tier-keyword>techclass_4</tier-keyword>
				<tier-keyword>techclass_3</tier-keyword>
				<tier-keyword>techclass_2</tier-keyword>
				<tier-keyword>tier_5</tier-keyword>
			</tier-keywords>
			<resources>
				<resource>
					<resource-name>Marble Brick</resource-name>
					<resource-skill>Sculpting</resource-skill>
					<resource-min amount="12">800</resource-min>
					<resource-opt amount="6">1000</resource-opt>
				</resource>
			</resources>
		</tier>
	</item>
	<item>
		<item-name>Essence Siphon</item-name>
		<item-icon>icon_formula_t_32_11.png</item-icon>
		<item-batchqty>1</item-batchqty>
		<item-attributes>
			<item-attribute type="equipSlot">Right Palm</item-attribute>
			<item-attribute type="bulk">10</item-attribute>
			<item-attribute type="reqCurrentCraftLevel">Current Craft Level (1)</item-attribute>
			<item-attribute type="reqRace">Human, Dwarf, Fiend, Saris, Elf, Sslik, Half-Giant, Gnome, Satyr, Dryad</item-attribute>
		</item-attributes>
		<item-keywords>
			<item-keyword>techclass_1</item-keyword>
			<item-keyword>skill_make_sculpting</item-keyword>
			<item-keyword>skill_use_essenceharvesting</item-keyword>
			<item-keyword>bodyslot_rightpalm</item-keyword>
			<item-keyword>tool</item-keyword>
			<item-keyword>resource_stone</item-keyword>
		</item-keywords>
		<tier>
			<tier-name>Sandstone Essence Siphon</tier-name>
			<tier-lvl>1</tier-lvl>
			<tier-desc>A mystical sandstone tube fashioned to draw off resources, used in the art of extracting essence.</tier-desc>
			<tier-allowedtechniques>1</tier-allowedtechniques>
			<tier-attributes>
				<tier-attribute type="hoardValue">18</tier-attribute>
				<tier-attribute type="reqCraftSkill">Essence Harvesting (1)</tier-attribute>
				<tier-attribute type="statCap">Limits Essence Harvesting to 250</tier-attribute>
			</tier-attributes>
			<tier-keywords>
				<tier-keyword>tier_1</tier-keyword>
			</tier-keywords>
			<resources>
				<resource>
					<resource-name>Sandstone Brick</resource-name>
					<resource-skill>Sculpting</resource-skill>
					<resource-min amount="12">1</resource-min>
					<resource-opt amount="6">100</resource-opt>
				</resource>
			</resources>
		</tier>
		<tier>
			<tier-name>Slate Essence Siphon</tier-name>
			<tier-lvl>2</tier-lvl>
			<tier-desc>A mystical slate tube fashioned to draw off resources, used in the art of extracting essence.</tier-desc>
			<tier-allowedtechniques>1</tier-allowedtechniques>
			<tier-attributes>
				<tier-attribute type="hoardValue">36</tier-attribute>
				<tier-attribute type="reqCraftSkill">Essence Harvesting (200)</tier-attribute>
				<tier-attribute type="statCap">Limits Essence Harvesting to 450</tier-attribute>
			</tier-attributes>
			<tier-keywords>
				<tier-keyword>techclass_2</tier-keyword>
				<tier-keyword>tier_2</tier-keyword>
			</tier-keywords>
			<resources>
				<resource>
					<resource-name>Slate Brick</resource-name>
					<resource-skill>Sculpting</resource-skill>
					<resource-min amount="12">200</resource-min>
					<resource-opt amount="6">325</resource-opt>
				</resource>
			</resources>
		</tier>
		<tier>
			<tier-name>Granite Essence Siphon</tier-name>
			<tier-lvl>3</tier-lvl>
			<tier-desc>A mystical granite tube fashioned to draw off resources, used in the art of extracting essence.</tier-desc>
			<tier-allowedtechniques>2</tier-allowedtechniques>
			<tier-attributes>
				<tier-attribute type="hoardValue">72</tier-attribute>
				<tier-attribute type="reqCraftSkill">Essence Harvesting (400)</tier-attribute>
				<tier-attribute type="statCap">Limits Essence Harvesting to 650</tier-attribute>
			</tier-attributes>
			<tier-keywords>
				<tier-keyword>techclass_3</tier-keyword>
				<tier-keyword>techclass_2</tier-keyword>
				<tier-keyword>tier_3</tier-keyword>
			</tier-keywords>
			<resources>
				<resource>
					<resource-name>Granite Brick</resource-name>
					<resource-skill>Sculpting</resource-skill>
					<resource-min amount="12">400</resource-min>
					<resource-opt amount="6">550</resource-opt>
				</resource>
			</resources>
		</tier>
		<tier>
			<tier-name>Obsidian Essence Siphon</tier-name>
			<tier-lvl>4</tier-lvl>
			<tier-desc>A mystical obsidian tube fashioned to draw off resources, used in the art of extracting essence.</tier-desc>
			<tier-allowedtechniques>2</tier-allowedtechniques>
			<tier-attributes>
				<tier-attribute type="hoardValue">144</tier-attribute>
				<tier-attribute type="reqCraftSkill">Essence Harvesting (600)</tier-attribute>
				<tier-attribute type="statCap">Limits Essence Harvesting to 850</tier-attribute>
			</tier-attributes>
			<tier-keywords>
				<tier-keyword>techclass_4</tier-keyword>
				<tier-keyword>techclass_3</tier-keyword>
				<tier-keyword>techclass_2</tier-keyword>
				<tier-keyword>tier_4</tier-keyword>
			</tier-keywords>
			<resources>
				<resource>
					<resource-name>Obsidian Brick</resource-name>
					<resource-skill>Sculpting</resource-skill>
					<resource-min amount="12">600</resource-min>
					<resource-opt amount="6">775</resource-opt>
				</resource>
			</resources>
		</tier>
		<tier>
			<tier-name>Marble Essence Siphon</tier-name>
			<tier-lvl>5</tier-lvl>
			<tier-desc>A mystical marble tube fashioned to draw off resources, used in the art of extracting essence.</tier-desc>
			<tier-allowedtechniques>3</tier-allowedtechniques>
			<tier-attributes>
				<tier-attribute type="hoardValue">288</tier-attribute>
				<tier-attribute type="reqCraftSkill">Essence Harvesting (800)</tier-attribute>
			</tier-attributes>
			<tier-keywords>
				<tier-keyword>techclass_5</tier-keyword>
				<tier-keyword>techclass_4</tier-keyword>
				<tier-keyword>techclass_3</tier-keyword>
				<tier-keyword>techclass_2</tier-keyword>
				<tier-keyword>tier_5</tier-keyword>
			</tier-keywords>
			<resources>
				<resource>
					<resource-name>Marble Brick</resource-name>
					<resource-skill>Sculpting</resource-skill>
					<resource-min amount="12">800</resource-min>
					<resource-opt amount="6">1000</resource-opt>
				</resource>
			</resources>
		</tier>
	</item>
	<item>
		<item-name>Essence Structurer</item-name>
		<item-icon>icon_formula_t_38_11.png</item-icon>
		<item-batchqty>1</item-batchqty>
		<item-attributes>
			<item-attribute type="equipSlot">Right Palm</item-attribute>
			<item-attribute type="bulk">10</item-attribute>
			<item-attribute type="reqCurrentCraftLevel">Current Craft Level (1)</item-attribute>
			<item-attribute type="reqRace">Human, Dwarf, Fiend, Saris, Elf, Sslik, Half-Giant, Gnome, Satyr, Dryad</item-attribute>
		</item-attributes>
		<item-keywords>
			<item-keyword>techclass_1</item-keyword>
			<item-keyword>skill_make_sculpting</item-keyword>
			<item-keyword>skill_use_essencestructuring</item-keyword>
			<item-keyword>bodyslot_rightpalm</item-keyword>
			<item-keyword>tool</item-keyword>
			<item-keyword>resource_stone</item-keyword>
		</item-keywords>
		<tier>
			<tier-name>Sandstone Essence Structurer</tier-name>
			<tier-lvl>1</tier-lvl>
			<tier-desc>A magical device with a long smooth arm with a sandstone tip, designed to allow the user to apply essence into buildings, and structures.</tier-desc>
			<tier-allowedtechniques>1</tier-allowedtechniques>
			<tier-attributes>
				<tier-attribute type="hoardValue">36</tier-attribute>
				<tier-attribute type="reqCraftSkill">Essence Structuring (1)</tier-attribute>
				<tier-attribute type="statCap">Limits Essence Structuring to 250</tier-attribute>
			</tier-attributes>
			<tier-keywords>
				<tier-keyword>tier_1</tier-keyword>
			</tier-keywords>
			<resources>
				<resource>
					<resource-name>Sandstone Brick</resource-name>
					<resource-skill>Sculpting</resource-skill>
					<resource-min amount="24">150</resource-min>
					<resource-opt amount="12">250</resource-opt>
				</resource>
			</resources>
		</tier>
		<tier>
			<tier-name>Slate Essence Structurer</tier-name>
			<tier-lvl>2</tier-lvl>
			<tier-desc>A magical device with a long smooth arm with a slate tip, designed to allow the user to apply essence into buildings, and structures.</tier-desc>
			<tier-allowedtechniques>1</tier-allowedtechniques>
			<tier-attributes>
				<tier-attribute type="hoardValue">72</tier-attribute>
				<tier-attribute type="reqCraftSkill">Essence Structuring (200)</tier-attribute>
				<tier-attribute type="statCap">Limits Essence Structuring to 450</tier-attribute>
			</tier-attributes>
			<tier-keywords>
				<tier-keyword>techclass_2</tier-keyword>
				<tier-keyword>tier_2</tier-keyword>
			</tier-keywords>
			<resources>
				<resource>
					<resource-name>Slate Brick</resource-name>
					<resource-skill>Sculpting</resource-skill>
					<resource-min amount="24">350</resource-min>
					<resource-opt amount="12">475</resource-opt>
				</resource>
			</resources>
		</tier>
		<tier>
			<tier-name>Granite Essence Structurer</tier-name>
			<tier-lvl>3</tier-lvl>
			<tier-desc>A magical device with a long smooth arm with a granite tip, designed to allow the user to apply essence into buildings, and structures.</tier-desc>
			<tier-allowedtechniques>2</tier-allowedtechniques>
			<tier-attributes>
				<tier-attribute type="hoardValue">144</tier-attribute>
				<tier-attribute type="reqCraftSkill">Essence Structuring (400)</tier-attribute>
				<tier-attribute type="statCap">Limits Essence Structuring to 650</tier-attribute>
			</tier-attributes>
			<tier-keywords>
				<tier-keyword>techclass_3</tier-keyword>
				<tier-keyword>techclass_2</tier-keyword>
				<tier-keyword>tier_3</tier-keyword>
			</tier-keywords>
			<resources>
				<resource>
					<resource-name>Granite Brick</resource-name>
					<resource-skill>Sculpting</resource-skill>
					<resource-min amount="24">550</resource-min>
					<resource-opt amount="12">700</resource-opt>
				</resource>
			</resources>
		</tier>
		<tier>
			<tier-name>Obsidian Essence Structurer</tier-name>
			<tier-lvl>4</tier-lvl>
			<tier-desc>A magical device with a long smooth arm with a obsidian tip, designed to allow the user to apply essence into buildings, and structures.</tier-desc>
			<tier-allowedtechniques>2</tier-allowedtechniques>
			<tier-attributes>
				<tier-attribute type="hoardValue">288</tier-attribute>
				<tier-attribute type="reqCraftSkill">Essence Structuring (600)</tier-attribute>
				<tier-attribute type="statCap">Limits Essence Structuring to 850</tier-attribute>
			</tier-attributes>
			<tier-keywords>
				<tier-keyword>techclass_4</tier-keyword>
				<tier-keyword>techclass_3</tier-keyword>
				<tier-keyword>techclass_2</tier-keyword>
				<tier-keyword>tier_4</tier-keyword>
			</tier-keywords>
			<resources>
				<resource>
					<resource-name>Obsidian Brick</resource-name>
					<resource-skill>Sculpting</resource-skill>
					<resource-min amount="24">750</resource-min>
					<resource-opt amount="12">925</resource-opt>
				</resource>
			</resources>
		</tier>
		<tier>
			<tier-name>Marble Essence Structurer</tier-name>
			<tier-lvl>5</tier-lvl>
			<tier-desc>A magical device with a long smooth arm with a marble tip, designed to allow the user to apply essence into buildings, and structures.</tier-desc>
			<tier-allowedtechniques>3</tier-allowedtechniques>
			<tier-attributes>
				<tier-attribute type="hoardValue">576</tier-attribute>
				<tier-attribute type="reqCraftSkill">Essence Structuring (800)</tier-attribute>
			</tier-attributes>
			<tier-keywords>
				<tier-keyword>techclass_5</tier-keyword>
				<tier-keyword>techclass_4</tier-keyword>
				<tier-keyword>techclass_3</tier-keyword>
				<tier-keyword>techclass_2</tier-keyword>
				<tier-keyword>tier_5</tier-keyword>
			</tier-keywords>
			<resources>
				<resource>
					<resource-name>Marble Brick</resource-name>
					<resource-skill>Sculpting</resource-skill>
					<resource-min amount="24">950</resource-min>
					<resource-opt amount="12">1150</resource-opt>
				</resource>
			</resources>
		</tier>
	</item>
	<item>
		<item-name>Glassblowing Rod</item-name>
		<item-icon>icon_formula_t_11_11.png</item-icon>
		<item-batchqty>1</item-batchqty>
		<item-attributes>
			<item-attribute type="equipSlot">Right Palm</item-attribute>
			<item-attribute type="bulk">10</item-attribute>
			<item-attribute type="reqCurrentCraftLevel">Current Craft Level (1)</item-attribute>
			<item-attribute type="reqRace">Human, Dwarf, Fiend, Saris, Elf, Sslik, Half-Giant, Gnome, Satyr, Dryad</item-attribute>
		</item-attributes>
		<item-keywords>
			<item-keyword>techclass_1</item-keyword>
			<item-keyword>skill_make_sculpting</item-keyword>
			<item-keyword>skill_use_earthencraft</item-keyword>
			<item-keyword>bodyslot_rightpalm</item-keyword>
			<item-keyword>tool</item-keyword>
			<item-keyword>resource_stone</item-keyword>
		</item-keywords>
		<tier>
			<tier-name>Sandstone Glassblowing Rod</tier-name>
			<tier-lvl>1</tier-lvl>
			<tier-desc>A hollow sandstone tube used to shape molten glass nodules into an object by blowing air into it through the tube.</tier-desc>
			<tier-allowedtechniques>1</tier-allowedtechniques>
			<tier-attributes>
				<tier-attribute type="hoardValue">30</tier-attribute>
				<tier-attribute type="reqCraftSkill">Earthencraft (1)</tier-attribute>
				<tier-attribute type="statCap">Limits Earthencraft to 250</tier-attribute>
			</tier-attributes>
			<tier-keywords>
				<tier-keyword>tier_1</tier-keyword>
			</tier-keywords>
			<resources>
				<resource>
					<resource-name>Sandstone Brick</resource-name>
					<resource-skill>Sculpting</resource-skill>
					<resource-min amount="20">150</resource-min>
					<resource-opt amount="10">250</resource-opt>
				</resource>
			</resources>
		</tier>
		<tier>
			<tier-name>Slate Glassblowing Rod</tier-name>
			<tier-lvl>2</tier-lvl>
			<tier-desc>A hollow slate tube used to shape molten glass nodules into an object by blowing air into it through the tube.</tier-desc>
			<tier-allowedtechniques>1</tier-allowedtechniques>
			<tier-attributes>
				<tier-attribute type="hoardValue">60</tier-attribute>
				<tier-attribute type="reqCraftSkill">Earthencraft (200)</tier-attribute>
				<tier-attribute type="statCap">Limits Earthencraft to 450</tier-attribute>
			</tier-attributes>
			<tier-keywords>
				<tier-keyword>techclass_2</tier-keyword>
				<tier-keyword>tier_2</tier-keyword>
			</tier-keywords>
			<resources>
				<resource>
					<resource-name>Slate Brick</resource-name>
					<resource-skill>Sculpting</resource-skill>
					<resource-min amount="20">350</resource-min>
					<resource-opt amount="10">475</resource-opt>
				</resource>
			</resources>
		</tier>
		<tier>
			<tier-name>Granite Glassblowing Rod</tier-name>
			<tier-lvl>3</tier-lvl>
			<tier-desc>A hollow granite tube used to shape molten glass nodules into an object by blowing air into it through the tube.</tier-desc>
			<tier-allowedtechniques>2</tier-allowedtechniques>
			<tier-attributes>
				<tier-attribute type="hoardValue">120</tier-attribute>
				<tier-attribute type="reqCraftSkill">Earthencraft (400)</tier-attribute>
				<tier-attribute type="statCap">Limits Earthencraft to 650</tier-attribute>
			</tier-attributes>
			<tier-keywords>
				<tier-keyword>techclass_3</tier-keyword>
				<tier-keyword>techclass_2</tier-keyword>
				<tier-keyword>tier_3</tier-keyword>
			</tier-keywords>
			<resources>
				<resource>
					<resource-name>Granite Brick</resource-name>
					<resource-skill>Sculpting</resource-skill>
					<resource-min amount="20">550</resource-min>
					<resource-opt amount="10">700</resource-opt>
				</resource>
			</resources>
		</tier>
		<tier>
			<tier-name>Obsidian Glassblowing Rod</tier-name>
			<tier-lvl>4</tier-lvl>
			<tier-desc>A hollow obsidian tube used to shape molten glass nodules into an object by blowing air into it through the tube.</tier-desc>
			<tier-allowedtechniques>2</tier-allowedtechniques>
			<tier-attributes>
				<tier-attribute type="hoardValue">240</tier-attribute>
				<tier-attribute type="reqCraftSkill">Earthencraft (600)</tier-attribute>
				<tier-attribute type="statCap">Limits Earthencraft to 850</tier-attribute>
			</tier-attributes>
			<tier-keywords>
				<tier-keyword>techclass_4</tier-keyword>
				<tier-keyword>techclass_3</tier-keyword>
				<tier-keyword>techclass_2</tier-keyword>
				<tier-keyword>tier_4</tier-keyword>
			</tier-keywords>
			<resources>
				<resource>
					<resource-name>Obsidian Brick</resource-name>
					<resource-skill>Sculpting</resource-skill>
					<resource-min amount="20">750</resource-min>
					<resource-opt amount="10">925</resource-opt>
				</resource>
			</resources>
		</tier>
		<tier>
			<tier-name>Marble Glassblowing Rod</tier-name>
			<tier-lvl>5</tier-lvl>
			<tier-desc>A hollow marble tube used to shape molten glass nodules into an object by blowing air into it through the tube.</tier-desc>
			<tier-allowedtechniques>3</tier-allowedtechniques>
			<tier-attributes>
				<tier-attribute type="hoardValue">480</tier-attribute>
				<tier-attribute type="reqCraftSkill">Earthencraft (800)</tier-attribute>
			</tier-attributes>
			<tier-keywords>
				<tier-keyword>techclass_5</tier-keyword>
				<tier-keyword>techclass_4</tier-keyword>
				<tier-keyword>techclass_3</tier-keyword>
				<tier-keyword>techclass_2</tier-keyword>
				<tier-keyword>tier_5</tier-keyword>
			</tier-keywords>
			<resources>
				<resource>
					<resource-name>Marble Brick</resource-name>
					<resource-skill>Sculpting</resource-skill>
					<resource-min amount="20">950</resource-min>
					<resource-opt amount="10">1150</resource-opt>
				</resource>
			</resources>
		</tier>
	</item>
	<item>
		<item-name>Mortar and Pestle</item-name>
		<item-icon>icon_formula_t_34_11.png</item-icon>
		<item-batchqty>1</item-batchqty>
		<item-attributes>
			<item-attribute type="equipSlot">Right Palm</item-attribute>
			<item-attribute type="bulk">10</item-attribute>
			<item-attribute type="reqCurrentCraftLevel">Current Craft Level (1)</item-attribute>
			<item-attribute type="reqRace">Human, Dwarf, Fiend, Saris, Elf, Sslik, Half-Giant, Gnome, Satyr, Dryad</item-attribute>
		</item-attributes>
		<item-keywords>
			<item-keyword>techclass_1</item-keyword>
			<item-keyword>skill_make_sculpting</item-keyword>
			<item-keyword>skill_use_alchemy</item-keyword>
			<item-keyword>bodyslot_rightpalm</item-keyword>
			<item-keyword>tool</item-keyword>
			<item-keyword>resource_stone</item-keyword>
		</item-keywords>
		<tier>
			<tier-name>Sandstone Mortar and Pestle</tier-name>
			<tier-lvl>1</tier-lvl>
			<tier-desc>A small sandstone bowl and a club-shaped grinder, used to prepare resources for the art of alchemy.</tier-desc>
			<tier-allowedtechniques>1</tier-allowedtechniques>
			<tier-attributes>
				<tier-attribute type="hoardValue">30</tier-attribute>
				<tier-attribute type="reqCraftSkill">Alchemy (1)</tier-attribute>
				<tier-attribute type="statCap">Limits Alchemy to 250</tier-attribute>
			</tier-attributes>
			<tier-keywords>
				<tier-keyword>tier_1</tier-keyword>
			</tier-keywords>
			<resources>
				<resource>
					<resource-name>Sandstone Brick</resource-name>
					<resource-skill>Sculpting</resource-skill>
					<resource-min amount="20">100</resource-min>
					<resource-opt amount="10">200</resource-opt>
				</resource>
			</resources>
		</tier>
		<tier>
			<tier-name>Slate Mortar and Pestle</tier-name>
			<tier-lvl>2</tier-lvl>
			<tier-desc>A small slate bowl and a club-shaped grinder, used to prepare resources for the art of alchemy.</tier-desc>
			<tier-allowedtechniques>1</tier-allowedtechniques>
			<tier-attributes>
				<tier-attribute type="hoardValue">60</tier-attribute>
				<tier-attribute type="reqCraftSkill">Alchemy (200)</tier-attribute>
				<tier-attribute type="statCap">Limits Alchemy to 450</tier-attribute>
			</tier-attributes>
			<tier-keywords>
				<tier-keyword>techclass_2</tier-keyword>
				<tier-keyword>tier_2</tier-keyword>
			</tier-keywords>
			<resources>
				<resource>
					<resource-name>Slate Brick</resource-name>
					<resource-skill>Sculpting</resource-skill>
					<resource-min amount="20">300</resource-min>
					<resource-opt amount="10">425</resource-opt>
				</resource>
			</resources>
		</tier>
		<tier>
			<tier-name>Granite Mortar and Pestle</tier-name>
			<tier-lvl>3</tier-lvl>
			<tier-desc>A small granite bowl and a club-shaped grinder, used to prepare resources for the art of alchemy.</tier-desc>
			<tier-allowedtechniques>2</tier-allowedtechniques>
			<tier-attributes>
				<tier-attribute type="hoardValue">120</tier-attribute>
				<tier-attribute type="reqCraftSkill">Alchemy (400)</tier-attribute>
				<tier-attribute type="statCap">Limits Alchemy to 650</tier-attribute>
			</tier-attributes>
			<tier-keywords>
				<tier-keyword>techclass_3</tier-keyword>
				<tier-keyword>techclass_2</tier-keyword>
				<tier-keyword>tier_3</tier-keyword>
			</tier-keywords>
			<resources>
				<resource>
					<resource-name>Granite Brick</resource-name>
					<resource-skill>Sculpting</resource-skill>
					<resource-min amount="20">500</resource-min>
					<resource-opt amount="10">650</resource-opt>
				</resource>
			</resources>
		</tier>
		<tier>
			<tier-name>Obsidian Mortar and Pestle</tier-name>
			<tier-lvl>4</tier-lvl>
			<tier-desc>A small obsidian bowl and a club-shaped grinder, used to prepare resources for the art of alchemy.</tier-desc>
			<tier-allowedtechniques>2</tier-allowedtechniques>
			<tier-attributes>
				<tier-attribute type="hoardValue">240</tier-attribute>
				<tier-attribute type="reqCraftSkill">Alchemy (600)</tier-attribute>
				<tier-attribute type="statCap">Limits Alchemy to 850</tier-attribute>
			</tier-attributes>
			<tier-keywords>
				<tier-keyword>techclass_4</tier-keyword>
				<tier-keyword>techclass_3</tier-keyword>
				<tier-keyword>techclass_2</tier-keyword>
				<tier-keyword>tier_4</tier-keyword>
			</tier-keywords>
			<resources>
				<resource>
					<resource-name>Obsidian Brick</resource-name>
					<resource-skill>Sculpting</resource-skill>
					<resource-min amount="20">700</resource-min>
					<resource-opt amount="10">875</resource-opt>
				</resource>
			</resources>
		</tier>
		<tier>
			<tier-name>Marble Mortar and Pestle</tier-name>
			<tier-lvl>5</tier-lvl>
			<tier-desc>A small marble bowl and a club-shaped grinder, used to prepare resources for the art of alchemy.</tier-desc>
			<tier-allowedtechniques>3</tier-allowedtechniques>
			<tier-attributes>
				<tier-attribute type="hoardValue">480</tier-attribute>
				<tier-attribute type="reqCraftSkill">Alchemy (800)</tier-attribute>
			</tier-attributes>
			<tier-keywords>
				<tier-keyword>techclass_5</tier-keyword>
				<tier-keyword>techclass_4</tier-keyword>
				<tier-keyword>techclass_3</tier-keyword>
				<tier-keyword>techclass_2</tier-keyword>
				<tier-keyword>tier_5</tier-keyword>
			</tier-keywords>
			<resources>
				<resource>
					<resource-name>Marble Brick</resource-name>
					<resource-skill>Sculpting</resource-skill>
					<resource-min amount="20">900</resource-min>
					<resource-opt amount="10">1100</resource-opt>
				</resource>
			</resources>
		</tier>
	</item>
</formulaset>
