<?xml version="1.0" encoding="ISO-8859-1"?>
<techniqueset format="2.1">
	<techniqueset-name>Chill</techniqueset-name>
	<techniqueset-categories>
		<techniqueset-category>Spell</techniqueset-category>
	</techniqueset-categories>
	<tech>
		<tech-name>Chill</tech-name>
		<tech-icon>icon_technique_02_00_11.png</tech-icon>
		<tech-keywords>
			<tech-keywordset>
				<tech-keyword>spell</tech-keyword>
				<tech-keyword>primal</tech-keyword>
			</tech-keywordset>
			<tech-keywordset>
				<tech-keyword>damage</tech-keyword>
			</tech-keywordset>
			<tech-keywordset>
				<tech-keyword>skill_use_magic_ice</tech-keyword>
			</tech-keywordset>
		</tech-keywords>
		<tech-effectkeywords>
			<tech-effectkeywordset>
				<tech-effectkeyword>tech_kicker_augment</tech-effectkeyword>
			</tech-effectkeywordset>
		</tech-effectkeywords>
		<tier>
			<tier-name>Chill I</tier-name>
			<tier-origin>Spell: Chill I</tier-origin>
			<tier-lvl>1</tier-lvl>
			<tier-desc>Ice spells with this technique have a 25% chance to lower the target's ice resistance by 10% for 30 seconds.</tier-desc>
			<tier-skilladjust>10</tier-skilladjust>
			<tier-keywords>
				<tier-keywordset>
					<tier-keyword>techclass_1</tier-keyword>
				</tier-keywordset>
			</tier-keywords>
			<components>
				<component amount="4">Dim Essence Orb</component>
				<component amount="1">Brittle Fyakki Leg</component>
			</components>
		</tier>
		<tier>
			<tier-name>Chill II</tier-name>
			<tier-origin>Spell: Chill II</tier-origin>
			<tier-lvl>2</tier-lvl>
			<tier-desc>Ice spells with this technique have a 25% chance to lower the target's ice resistance by 15% for 30 seconds.</tier-desc>
			<tier-skilladjust>20</tier-skilladjust>
			<tier-keywords>
				<tier-keywordset>
					<tier-keyword>techclass_2</tier-keyword>
				</tier-keywordset>
			</tier-keywords>
			<components>
				<component amount="4">Pale Essence Orb</component>
				<component amount="1">Lapis Lazuli Golem Chip</component>
				<component amount="1">Snow Pygmy Ear</component>
			</components>
		</tier>
		<tier>
			<tier-name>Chill III</tier-name>
			<tier-origin>Spell: Chill III</tier-origin>
			<tier-lvl>3</tier-lvl>
			<tier-desc>Ice spells with this technique have a 25% chance to lower the target's ice resistance by 20% for 30 seconds.</tier-desc>
			<tier-skilladjust>30</tier-skilladjust>
			<tier-keywords>
				<tier-keywordset>
					<tier-keyword>techclass_3</tier-keyword>
				</tier-keywordset>
			</tier-keywords>
			<components>
				<component amount="4">Glowing Essence Orb</component>
				<component amount="1">Greater Ghost Vapor</component>
				<component amount="1">Winter Gruok Knuckles</component>
			</components>
		</tier>
		<tier>
			<tier-name>Chill IV</tier-name>
			<tier-origin>Spell: Chill IV</tier-origin>
			<tier-lvl>4</tier-lvl>
			<tier-desc>Ice spells with this technique have a 25% chance to lower the target's ice resistance by 25% for 30 seconds.</tier-desc>
			<tier-skilladjust>30</tier-skilladjust>
			<tier-keywords>
				<tier-keywordset>
					<tier-keyword>techclass_4</tier-keyword>
				</tier-keywordset>
			</tier-keywords>
			<components>
				<component amount="4">Bright Essence Orb</component>
				<component amount="2">Fire Pygmy Ear</component>
				<component amount="1">Winter Werewolf Fang</component>
			</components>
		</tier>
		<tier>
			<tier-name>Chill V</tier-name>
			<tier-origin>Spell: Chill V</tier-origin>
			<tier-lvl>5</tier-lvl>
			<tier-desc>Ice spells with this technique have a 25% chance to lower the target's ice resistance by 30% for 30 seconds.</tier-desc>
			<tier-skilladjust>30</tier-skilladjust>
			<tier-keywords>
				<tier-keywordset>
					<tier-keyword>techclass_5</tier-keyword>
				</tier-keywordset>
			</tier-keywords>
			<components>
				<component amount="4">Shining Essence Orb</component>
				<component amount="2">Giant Fire Beetle Mandible</component>
				<component amount="2">Veteran Ghost Vapor</component>
			</components>
		</tier>
	</tech>
</techniqueset>
