<?xml version="1.0" encoding="ISO-8859-1"?>
<techniqueset format="2.1">
	<techniqueset-name>Cinder</techniqueset-name>
	<techniqueset-categories>
		<techniqueset-category>Spell</techniqueset-category>
	</techniqueset-categories>
	<tech>
		<tech-name>Cinder</tech-name>
		<tech-icon>icon_technique_02_00_11.png</tech-icon>
		<tech-keywords>
			<tech-keywordset>
				<tech-keyword>spell</tech-keyword>
				<tech-keyword>primal</tech-keyword>
			</tech-keywordset>
			<tech-keywordset>
				<tech-keyword>damage</tech-keyword>
			</tech-keywordset>
			<tech-keywordset>
				<tech-keyword>skill_use_magic_flame</tech-keyword>
			</tech-keywordset>
		</tech-keywords>
		<tech-effectkeywords>
			<tech-effectkeywordset>
				<tech-effectkeyword>tech_kicker_augment</tech-effectkeyword>
			</tech-effectkeywordset>
		</tech-effectkeywords>
		<tier>
			<tier-name>Cinder I</tier-name>
			<tier-origin>Spell: Cinder I</tier-origin>
			<tier-lvl>1</tier-lvl>
			<tier-desc>Flame spells with this technique have a 25% chance to lower the target's flame resistance by 10% for 30 seconds.</tier-desc>
			<tier-skilladjust>10</tier-skilladjust>
			<tier-keywords>
				<tier-keywordset>
					<tier-keyword>techclass_1</tier-keyword>
				</tier-keywordset>
			</tier-keywords>
			<components>
				<component amount="4">Dim Essence Orb</component>
				<component amount="1">Weaker Maggot Mandibles</component>
			</components>
		</tier>
		<tier>
			<tier-name>Cinder II</tier-name>
			<tier-origin>Spell: Cinder II</tier-origin>
			<tier-lvl>2</tier-lvl>
			<tier-desc>Flame spells with this technique have a 25% chance to lower the target's flame resistance by 15% for 30 seconds.</tier-desc>
			<tier-skilladjust>20</tier-skilladjust>
			<tier-keywords>
				<tier-keywordset>
					<tier-keyword>techclass_2</tier-keyword>
				</tier-keywordset>
			</tier-keywords>
			<components>
				<component amount="4">Pale Essence Orb</component>
				<component amount="1">Silver Golem Fragment</component>
				<component amount="1">Leafy Oastic Sac</component>
			</components>
		</tier>
		<tier>
			<tier-name>Cinder III</tier-name>
			<tier-origin>Spell: Cinder III</tier-origin>
			<tier-lvl>3</tier-lvl>
			<tier-desc>Flame spells with this technique have a 25% chance to lower the target's flame resistance by 20% for 30 seconds.</tier-desc>
			<tier-skilladjust>30</tier-skilladjust>
			<tier-keywords>
				<tier-keywordset>
					<tier-keyword>techclass_3</tier-keyword>
				</tier-keywordset>
			</tier-keywords>
			<components>
				<component amount="4">Glowing Essence Orb</component>
				<component amount="1">Greater Ghost Vapor</component>
				<component amount="1">Winter Mountain Wolf Fang</component>
			</components>
		</tier>
		<tier>
			<tier-name>Cinder IV</tier-name>
			<tier-origin>Spell: Cinder IV</tier-origin>
			<tier-lvl>4</tier-lvl>
			<tier-desc>Flame spells with this technique have a 25% chance to lower the target's flame resistance by 25% for 30 seconds.</tier-desc>
			<tier-skilladjust>30</tier-skilladjust>
			<tier-keywords>
				<tier-keywordset>
					<tier-keyword>techclass_4</tier-keyword>
				</tier-keywordset>
			</tier-keywords>
			<components>
				<component amount="4">Bright Essence Orb</component>
				<component amount="2">Flame Beetle Carapace</component>
				<component amount="1">Kwellen Flame Cinder</component>
			</components>
		</tier>
		<tier>
			<tier-name>Cinder V</tier-name>
			<tier-origin>Spell: Cinder V</tier-origin>
			<tier-lvl>5</tier-lvl>
			<tier-desc>Flame spells with this technique have a 25% chance to lower the target's flame resistance by 30% for 30 seconds.</tier-desc>
			<tier-skilladjust>30</tier-skilladjust>
			<tier-keywords>
				<tier-keywordset>
					<tier-keyword>techclass_5</tier-keyword>
				</tier-keywordset>
			</tier-keywords>
			<components>
				<component amount="4">Shining Essence Orb</component>
				<component amount="2">Fiery Dire Wolf Fang</component>
				<component amount="2">Giant Flame Beetle Mandible</component>
			</components>
		</tier>
	</tech>
</techniqueset>
