<?xml version="1.0" encoding="ISO-8859-1"?>
<techniqueset format="2.1">
	<techniqueset-name>Heal Recycle</techniqueset-name>
	<techniqueset-categories>
		<techniqueset-category>Spell</techniqueset-category>
	</techniqueset-categories>
	<tech>
		<tech-name>Heal Recycle</tech-name>
		<tech-icon>icon_technique_02_07_11.png</tech-icon>
		<tech-keywords>
			<tech-keywordset>
				<tech-keyword>spell</tech-keyword>
				<tech-keyword>primal</tech-keyword>
			</tech-keywordset>
			<tech-keywordset>
				<tech-keyword>heal</tech-keyword>
			</tech-keywordset>
		</tech-keywords>
		<tech-effectkeywords>
			<tech-effectkeywordset>
				<tech-effectkeyword>spell_mod_recycle</tech-effectkeyword>
			</tech-effectkeywordset>
		</tech-effectkeywords>
		<tier>
			<tier-name>Heal Recycle I</tier-name>
			<tier-origin>Spell: Heal Recycle I</tier-origin>
			<tier-lvl>1</tier-lvl>
			<tier-desc>Modifies the amount of recycle time the heal spell requires by -2.</tier-desc>
			<tier-skilladjust>10</tier-skilladjust>
			<tier-keywords>
				<tier-keywordset>
					<tier-keyword>techclass_1</tier-keyword>
				</tier-keywordset>
			</tier-keywords>
			<components>
				<component amount="4">Dim Essence Orb</component>
				<component amount="1">Greater Water Elemental Droplet</component>
			</components>
		</tier>
		<tier>
			<tier-name>Heal Recycle II</tier-name>
			<tier-origin>Spell: Heal Recycle II</tier-origin>
			<tier-lvl>2</tier-lvl>
			<tier-desc>Modifies the amount of recycle time the heal spell requires by -5.</tier-desc>
			<tier-skilladjust>20</tier-skilladjust>
			<tier-keywords>
				<tier-keywordset>
					<tier-keyword>techclass_2</tier-keyword>
				</tier-keywordset>
			</tier-keywords>
			<components>
				<component amount="4">Pale Essence Orb</component>
				<component amount="1">Lesser Zombie Finger</component>
				<component amount="1">Lesser Mummy Embalming Dust</component>
			</components>
		</tier>
		<tier>
			<tier-name>Heal Recycle III</tier-name>
			<tier-origin>Spell: Heal Recycle III</tier-origin>
			<tier-lvl>3</tier-lvl>
			<tier-desc>Modifies the amount of recycle time the heal spell requires by -10.</tier-desc>
			<tier-skilladjust>30</tier-skilladjust>
			<tier-keywords>
				<tier-keywordset>
					<tier-keyword>techclass_3</tier-keyword>
				</tier-keywordset>
			</tier-keywords>
			<components>
				<component amount="4">Glowing Essence Orb</component>
				<component amount="1">Citrine Golem Chip</component>
				<component amount="1">Greater Mummy Scarab</component>
			</components>
		</tier>
	</tech>
</techniqueset>
