<?xml version="1.0" encoding="ISO-8859-1"?>
<techniqueset format="2.1">
	<techniqueset-name>Energy Range</techniqueset-name>
	<techniqueset-categories>
		<techniqueset-category>Spell</techniqueset-category>
	</techniqueset-categories>
	<tech>
		<tech-name>Energy Range</tech-name>
		<tech-icon>icon_technique_02_04_11.png</tech-icon>
		<tech-keywords>
			<tech-keywordset>
				<tech-keyword>spell</tech-keyword>
				<tech-keyword>primal</tech-keyword>
			</tech-keywordset>
			<tech-keywordset>
				<tech-keyword>skill_use_magic_energy</tech-keyword>
			</tech-keywordset>
			<tech-keywordset>
				<tech-keyword>ranged</tech-keyword>
			</tech-keywordset>
		</tech-keywords>
		<tech-effectkeywords>
			<tech-effectkeywordset>
				<tech-effectkeyword>spell_mod_range</tech-effectkeyword>
			</tech-effectkeywordset>
		</tech-effectkeywords>
		<tier>
			<tier-name>Energy Range I</tier-name>
			<tier-origin>Spell: Energy Range I</tier-origin>
			<tier-lvl>1</tier-lvl>
			<tier-desc>Modifies the maximum ranged energy spell by +5.</tier-desc>
			<tier-skilladjust>10</tier-skilladjust>
			<tier-keywords>
				<tier-keywordset>
					<tier-keyword>techclass_1</tier-keyword>
				</tier-keywordset>
			</tier-keywords>
			<components>
				<component amount="4">Dim Essence Orb</component>
				<component amount="1">Gruok Bristles</component>
			</components>
		</tier>
		<tier>
			<tier-name>Energy Range II</tier-name>
			<tier-origin>Spell: Energy Range II</tier-origin>
			<tier-lvl>2</tier-lvl>
			<tier-desc>Modifies the maximum ranged energy spell by +10.</tier-desc>
			<tier-skilladjust>20</tier-skilladjust>
			<tier-keywords>
				<tier-keywordset>
					<tier-keyword>techclass_2</tier-keyword>
				</tier-keywordset>
			</tier-keywords>
			<components>
				<component amount="4">Pale Essence Orb</component>
				<component amount="1">Silver Golem Fragment</component>
				<component amount="1">Brown Wolf Fang</component>
			</components>
		</tier>
		<tier>
			<tier-name>Energy Range III</tier-name>
			<tier-origin>Spell: Energy Range III</tier-origin>
			<tier-lvl>3</tier-lvl>
			<tier-desc>Modifies the maximum ranged energy spell by +15.</tier-desc>
			<tier-skilladjust>30</tier-skilladjust>
			<tier-keywords>
				<tier-keywordset>
					<tier-keyword>techclass_3</tier-keyword>
				</tier-keywordset>
			</tier-keywords>
			<components>
				<component amount="4">Glowing Essence Orb</component>
				<component amount="1">Kwellen Ice Shard</component>
				<component amount="1">Redbacked Spider Breeder Eye</component>
			</components>
		</tier>
		<tier>
			<tier-name>Energy Range IV</tier-name>
			<tier-origin>Spell: Energy Range IV</tier-origin>
			<tier-lvl>4</tier-lvl>
			<tier-desc>Modifies the maximum ranged energy spell by +20.</tier-desc>
			<tier-skilladjust>30</tier-skilladjust>
			<tier-keywords>
				<tier-keywordset>
					<tier-keyword>techclass_4</tier-keyword>
				</tier-keywordset>
			</tier-keywords>
			<components>
				<component amount="4">Bright Essence Orb</component>
				<component amount="1">Obsidian Golem Fragment</component>
				<component amount="2">Flame Wolf Fang</component>
			</components>
		</tier>
		<tier>
			<tier-name>Energy Range V</tier-name>
			<tier-origin>Spell: Energy Range V</tier-origin>
			<tier-lvl>5</tier-lvl>
			<tier-desc>Modifies the maximum ranged energy spell by +25.</tier-desc>
			<tier-skilladjust>30</tier-skilladjust>
			<tier-keywords>
				<tier-keywordset>
					<tier-keyword>techclass_5</tier-keyword>
				</tier-keywordset>
			</tier-keywords>
			<components>
				<component amount="4">Shining Essence Orb</component>
				<component amount="2">Enduring Fyakki Chitin</component>
				<component amount="2">Veteran Blight Bindings</component>
			</components>
		</tier>
	</tech>
</techniqueset>
