<?xml version="1.0" encoding="ISO-8859-1"?>
<techniqueset format="2.1">
	<techniqueset-name>Shocked</techniqueset-name>
	<techniqueset-categories>
		<techniqueset-category>Spell</techniqueset-category>
	</techniqueset-categories>
	<tech>
		<tech-name>Shocked</tech-name>
		<tech-icon>icon_technique_02_00_11.png</tech-icon>
		<tech-keywords>
			<tech-keywordset>
				<tech-keyword>spell</tech-keyword>
				<tech-keyword>primal</tech-keyword>
			</tech-keywordset>
			<tech-keywordset>
				<tech-keyword>damage</tech-keyword>
			</tech-keywordset>
			<tech-keywordset>
				<tech-keyword>skill_use_magic_energy</tech-keyword>
			</tech-keywordset>
		</tech-keywords>
		<tech-effectkeywords>
			<tech-effectkeywordset>
				<tech-effectkeyword>tech_kicker_augment</tech-effectkeyword>
			</tech-effectkeywordset>
		</tech-effectkeywords>
		<tier>
			<tier-name>Shocked I</tier-name>
			<tier-origin>Spell: Shocked I</tier-origin>
			<tier-lvl>1</tier-lvl>
			<tier-desc>Applied to an energy damage spell this technique has a 15% chance of slowing an enemy's physical attack speed by 15% for 30 seconds.</tier-desc>
			<tier-skilladjust>10</tier-skilladjust>
			<tier-keywords>
				<tier-keywordset>
					<tier-keyword>techclass_1</tier-keyword>
				</tier-keywordset>
			</tier-keywords>
			<components>
				<component amount="4">Dim Essence Orb</component>
				<component amount="1">Malachite Golem Chip</component>
			</components>
		</tier>
		<tier>
			<tier-name>Shocked II</tier-name>
			<tier-origin>Spell: Shocked II</tier-origin>
			<tier-lvl>2</tier-lvl>
			<tier-desc>Applied to an energy damage spell this technique has a 25% chance of slowing an enemy's physical attack speed by 15% for 30 seconds.</tier-desc>
			<tier-skilladjust>20</tier-skilladjust>
			<tier-keywords>
				<tier-keywordset>
					<tier-keyword>techclass_2</tier-keyword>
				</tier-keywordset>
			</tier-keywords>
			<components>
				<component amount="4">Pale Essence Orb</component>
				<component amount="1">Fyakki Stinger Tip</component>
				<component amount="1">Brighter Tarantula Silk</component>
			</components>
		</tier>
		<tier>
			<tier-name>Shocked III</tier-name>
			<tier-origin>Spell: Shocked III</tier-origin>
			<tier-lvl>3</tier-lvl>
			<tier-desc>Applied to an energy damage spell this technique has a 35% chance of slowing an enemy's physical attack speed by 15% for 30 seconds.</tier-desc>
			<tier-skilladjust>30</tier-skilladjust>
			<tier-keywords>
				<tier-keywordset>
					<tier-keyword>techclass_3</tier-keyword>
				</tier-keywordset>
			</tier-keywords>
			<components>
				<component amount="4">Glowing Essence Orb</component>
				<component amount="1">Snow Beetle Carapace</component>
				<component amount="1">Greater Zombie Thighbone</component>
			</components>
		</tier>
		<tier>
			<tier-name>Shocked IV</tier-name>
			<tier-origin>Spell: Shocked IV</tier-origin>
			<tier-lvl>4</tier-lvl>
			<tier-desc>Applied to an energy damage spell this technique has a 45% chance of slowing an enemy's physical attack speed by 15% for 30 seconds.</tier-desc>
			<tier-skilladjust>30</tier-skilladjust>
			<tier-keywords>
				<tier-keywordset>
					<tier-keyword>techclass_4</tier-keyword>
				</tier-keywordset>
				<tier-keywordset>
					<tier-keyword>techclass_4</tier-keyword>
				</tier-keywordset>
			</tier-keywords>
			<components>
				<component amount="4">Bright Essence Orb</component>
				<component amount="2">Fire Ogre Jawbone</component>
				<component amount="1">Mighty Blight Bindings</component>
			</components>
		</tier>
		<tier>
			<tier-name>Shocked V</tier-name>
			<tier-origin>Spell: Shocked V</tier-origin>
			<tier-lvl>5</tier-lvl>
			<tier-desc>Applied to an energy damage spell this technique has a 55% chance of slowing an enemy's physical attack speed by 15% for 30 seconds.</tier-desc>
			<tier-skilladjust>30</tier-skilladjust>
			<tier-keywords>
				<tier-keywordset>
					<tier-keyword>techclass_4</tier-keyword>
				</tier-keywordset>
				<tier-keywordset>
					<tier-keyword>techclass_5</tier-keyword>
				</tier-keywordset>
			</tier-keywords>
			<components>
				<component amount="4">Shining Essence Orb</component>
				<component amount="2">Giant Fire Beetle Mandible</component>
				<component amount="2">Grey Necrofly Wing</component>
			</components>
		</tier>
	</tech>
</techniqueset>
