<?xml version="1.0" encoding="ISO-8859-1"?>
<techniqueset format="2.1">
	<techniqueset-name>Heal Increase</techniqueset-name>
	<techniqueset-categories>
		<techniqueset-category>Spell</techniqueset-category>
	</techniqueset-categories>
	<tech>
		<tech-name>Heal Increase</tech-name>
		<tech-icon>icon_technique_02_14_11.png</tech-icon>
		<tech-keywords>
			<tech-keywordset>
				<tech-keyword>spell</tech-keyword>
				<tech-keyword>primal</tech-keyword>
			</tech-keywordset>
			<tech-keywordset>
				<tech-keyword>heal</tech-keyword>
			</tech-keywordset>
		</tech-keywords>
		<tech-effectkeywords>
			<tech-effectkeywordset>
				<tech-effectkeyword>spell_mod_heal</tech-effectkeyword>
			</tech-effectkeywordset>
		</tech-effectkeywords>
		<tier>
			<tier-name>Heal Increase I</tier-name>
			<tier-origin>Spell: Heal Increase I</tier-origin>
			<tier-lvl>1</tier-lvl>
			<tier-desc>Allows a heal spell to heal for an additional 5-10 points.</tier-desc>
			<tier-skilladjust>10</tier-skilladjust>
			<tier-keywords>
				<tier-keywordset>
					<tier-keyword>techclass_1</tier-keyword>
				</tier-keywordset>
			</tier-keywords>
			<components>
				<component amount="4">Dim Essence Orb</component>
				<component amount="1">Turquoise Golem Chip</component>
			</components>
		</tier>
		<tier>
			<tier-name>Heal Increase II</tier-name>
			<tier-origin>Spell: Heal Increase II</tier-origin>
			<tier-lvl>2</tier-lvl>
			<tier-desc>Allows a heal spell to heal for an additional 10-15 points.</tier-desc>
			<tier-skilladjust>20</tier-skilladjust>
			<tier-keywords>
				<tier-keywordset>
					<tier-keyword>techclass_2</tier-keyword>
				</tier-keywordset>
			</tier-keywords>
			<components>
				<component amount="4">Pale Essence Orb</component>
				<component amount="1">Lesser Zombie Finger</component>
				<component amount="1">Brighter Tarantula Silk</component>
			</components>
		</tier>
		<tier>
			<tier-name>Heal Increase III</tier-name>
			<tier-origin>Spell: Heal Increase III</tier-origin>
			<tier-lvl>3</tier-lvl>
			<tier-desc>Allows a heal spell to heal for an additional 15-20 points.</tier-desc>
			<tier-skilladjust>30</tier-skilladjust>
			<tier-keywords>
				<tier-keywordset>
					<tier-keyword>techclass_3</tier-keyword>
				</tier-keywordset>
			</tier-keywords>
			<components>
				<component amount="4">Glowing Essence Orb</component>
				<component amount="1">Desert Wolf Fang</component>
				<component amount="1">Aquamarine Golem Chip</component>
			</components>
		</tier>
		<tier>
			<tier-name>Heal Increase IV</tier-name>
			<tier-origin>Spell: Heal Increase IV</tier-origin>
			<tier-lvl>4</tier-lvl>
			<tier-desc>Allows a heal spell to heal for an additional 20-25 points.</tier-desc>
			<tier-skilladjust>30</tier-skilladjust>
			<tier-keywords>
				<tier-keywordset>
					<tier-keyword>techclass_4</tier-keyword>
				</tier-keywordset>
				<tier-keywordset>
					<tier-keyword>techclass_4</tier-keyword>
				</tier-keywordset>
			</tier-keywords>
			<components>
				<component amount="4">Bright Essence Orb</component>
				<component amount="2">Mighty Zombie Spleen</component>
				<component amount="1">Mighty Aegror Pus Packet</component>
			</components>
		</tier>
		<tier>
			<tier-name>Heal Increase V</tier-name>
			<tier-origin>Spell: Heal Increase V</tier-origin>
			<tier-lvl>5</tier-lvl>
			<tier-desc>Allows a heal spell to heal for an additional 25-30 points.</tier-desc>
			<tier-skilladjust>30</tier-skilladjust>
			<tier-keywords>
				<tier-keywordset>
					<tier-keyword>techclass_4</tier-keyword>
				</tier-keywordset>
				<tier-keywordset>
					<tier-keyword>techclass_5</tier-keyword>
				</tier-keywordset>
			</tier-keywords>
			<components>
				<component amount="4">Shining Essence Orb</component>
				<component amount="2">Veteran Ghost Vapor</component>
				<component amount="2">Zombie Ogre Toe</component>
			</components>
		</tier>
	</tech>
</techniqueset>
