<?xml version="1.0" encoding="ISO-8859-1"?>
<techniqueset format="2.1">
	<techniqueset-name>Fog</techniqueset-name>
	<techniqueset-categories>
		<techniqueset-category>Spell</techniqueset-category>
	</techniqueset-categories>
	<tech>
		<tech-name>Fog</tech-name>
		<tech-icon>icon_technique_02_00_11.png</tech-icon>
		<tech-keywords>
			<tech-keywordset>
				<tech-keyword>spell</tech-keyword>
				<tech-keyword>primal</tech-keyword>
			</tech-keywordset>
			<tech-keywordset>
				<tech-keyword>damage</tech-keyword>
			</tech-keywordset>
			<tech-keywordset>
				<tech-keyword>skill_use_magic_mind</tech-keyword>
			</tech-keywordset>
		</tech-keywords>
		<tech-effectkeywords>
			<tech-effectkeywordset>
				<tech-effectkeyword>tech_kicker_augment</tech-effectkeyword>
			</tech-effectkeywordset>
		</tech-effectkeywords>
		<tier>
			<tier-name>Fog I</tier-name>
			<tier-origin>Spell: Fog I</tier-origin>
			<tier-lvl>1</tier-lvl>
			<tier-desc>Mind spells with this technique have a 25% chance to lower the target's mind resistance by 10% for 30 seconds.</tier-desc>
			<tier-skilladjust>10</tier-skilladjust>
			<tier-keywords>
				<tier-keywordset>
					<tier-keyword>techclass_1</tier-keyword>
				</tier-keywordset>
			</tier-keywords>
			<components>
				<component amount="4">Dim Essence Orb</component>
				<component amount="1">Sand Ogre Jawbone</component>
			</components>
		</tier>
		<tier>
			<tier-name>Fog II</tier-name>
			<tier-origin>Spell: Fog II</tier-origin>
			<tier-lvl>2</tier-lvl>
			<tier-desc>Mind spells with this technique have a 25% chance to lower the target's mind resistance by 15% for 30 seconds.</tier-desc>
			<tier-skilladjust>20</tier-skilladjust>
			<tier-keywords>
				<tier-keywordset>
					<tier-keyword>techclass_2</tier-keyword>
				</tier-keywordset>
			</tier-keywords>
			<components>
				<component amount="4">Pale Essence Orb</component>
				<component amount="1">Lesser Blight Claw</component>
				<component amount="1">Blue Necrofly Wing</component>
			</components>
		</tier>
		<tier>
			<tier-name>Fog III</tier-name>
			<tier-origin>Spell: Fog III</tier-origin>
			<tier-lvl>3</tier-lvl>
			<tier-desc>Mind spells with this technique have a 25% chance to lower the target's mind resistance by 20% for 30 seconds.</tier-desc>
			<tier-skilladjust>30</tier-skilladjust>
			<tier-keywords>
				<tier-keywordset>
					<tier-keyword>techclass_3</tier-keyword>
				</tier-keywordset>
			</tier-keywords>
			<components>
				<component amount="4">Glowing Essence Orb</component>
				<component amount="1">Werewolf Bone</component>
				<component amount="1">Redbacked Tarantula Eye</component>
			</components>
		</tier>
		<tier>
			<tier-name>Fog IV</tier-name>
			<tier-origin>Spell: Fog IV</tier-origin>
			<tier-lvl>4</tier-lvl>
			<tier-desc>Mind spells with this technique have a 25% chance to lower the target's mind resistance by 25% for 30 seconds.</tier-desc>
			<tier-skilladjust>30</tier-skilladjust>
			<tier-keywords>
				<tier-keywordset>
					<tier-keyword>techclass_4</tier-keyword>
				</tier-keywordset>
				<tier-keywordset>
					<tier-keyword>techclass_4</tier-keyword>
				</tier-keywordset>
			</tier-keywords>
			<components>
				<component amount="4">Bright Essence Orb</component>
				<component amount="1">Shadow Tarantula Fang</component>
				<component amount="2">Mighty Aegror Pus Packet</component>
			</components>
		</tier>
		<tier>
			<tier-name>Fog V</tier-name>
			<tier-origin>Spell: Fog V</tier-origin>
			<tier-lvl>5</tier-lvl>
			<tier-desc>Mind spells with this technique have a 25% chance to lower the target's mind resistance by 30% for 30 seconds.</tier-desc>
			<tier-skilladjust>30</tier-skilladjust>
			<tier-keywords>
				<tier-keywordset>
					<tier-keyword>techclass_4</tier-keyword>
				</tier-keywordset>
				<tier-keywordset>
					<tier-keyword>techclass_5</tier-keyword>
				</tier-keywordset>
			</tier-keywords>
			<components>
				<component amount="4">Shining Essence Orb</component>
				<component amount="2">Purple Tarantula Venom</component>
				<component amount="2">Red Vexator Fringe</component>
			</components>
		</tier>
	</tech>
</techniqueset>
