<?xml version="1.0" encoding="ISO-8859-1"?>
<techniqueset format="2.1">
	<techniqueset-name>Concentrated</techniqueset-name>
	<techniqueset-categories>
		<techniqueset-category>Spell</techniqueset-category>
	</techniqueset-categories>
	<tech>
		<tech-name>Concentrated</tech-name>
		<tech-icon>icon_technique_02_00_11.png</tech-icon>
		<tech-keywords>
			<tech-keywordset>
				<tech-keyword>spell</tech-keyword>
				<tech-keyword>primal</tech-keyword>
			</tech-keywordset>
			<tech-keywordset>
				<tech-keyword>damage</tech-keyword>
			</tech-keywordset>
			<tech-keywordset>
				<tech-keyword>skill_use_magic_energy</tech-keyword>
			</tech-keywordset>
		</tech-keywords>
		<tech-effectkeywords>
			<tech-effectkeywordset>
				<tech-effectkeyword>tech_kicker_augment</tech-effectkeyword>
			</tech-effectkeywordset>
		</tech-effectkeywords>
		<tier>
			<tier-name>Concentrated I</tier-name>
			<tier-origin>Spell: Concentrated I</tier-origin>
			<tier-lvl>1</tier-lvl>
			<tier-desc>Gives the user a 15% chance to hit 50% more accuracy with future energy spells for 30 seconds.</tier-desc>
			<tier-skilladjust>10</tier-skilladjust>
			<tier-keywords>
				<tier-keywordset>
					<tier-keyword>techclass_1</tier-keyword>
				</tier-keywordset>
			</tier-keywords>
			<components>
				<component amount="4">Dim Essence Orb</component>
				<component amount="1">Venomous Stalker Leg Hair</component>
			</components>
		</tier>
		<tier>
			<tier-name>Concentrated II</tier-name>
			<tier-origin>Spell: Concentrated II</tier-origin>
			<tier-lvl>2</tier-lvl>
			<tier-desc>Gives the user a 25% chance to hit 50% more accuracy with future energy spells for 30 seconds.</tier-desc>
			<tier-skilladjust>20</tier-skilladjust>
			<tier-keywords>
				<tier-keywordset>
					<tier-keyword>techclass_2</tier-keyword>
				</tier-keywordset>
			</tier-keywords>
			<components>
				<component amount="4">Pale Essence Orb</component>
				<component amount="1">Frost Pygmy Shrunken Head</component>
				<component amount="1">Ruxus Skin</component>
			</components>
		</tier>
		<tier>
			<tier-name>Concentrated III</tier-name>
			<tier-origin>Spell: Concentrated III</tier-origin>
			<tier-lvl>3</tier-lvl>
			<tier-desc>Gives the user a 35% chance to hit 50% more accuracy with future energy spells for 30 seconds.</tier-desc>
			<tier-skilladjust>30</tier-skilladjust>
			<tier-keywords>
				<tier-keywordset>
					<tier-keyword>techclass_3</tier-keyword>
				</tier-keywordset>
			</tier-keywords>
			<components>
				<component amount="4">Glowing Essence Orb</component>
				<component amount="1">Mountain Wolf Fang</component>
				<component amount="1">Greater Blight Bindings</component>
			</components>
		</tier>
		<tier>
			<tier-name>Concentrated IV</tier-name>
			<tier-origin>Spell: Concentrated IV</tier-origin>
			<tier-lvl>4</tier-lvl>
			<tier-desc>Gives the user a 45% chance to hit 50% more accuracy with future energy spells for 30 seconds.</tier-desc>
			<tier-skilladjust>30</tier-skilladjust>
			<tier-keywords>
				<tier-keywordset>
					<tier-keyword>techclass_4</tier-keyword>
				</tier-keywordset>
			</tier-keywords>
			<components>
				<component amount="4">Bright Essence Orb</component>
				<component amount="2">Flame Pygmy Ear</component>
				<component amount="1">Red Necrofly Wing</component>
			</components>
		</tier>
	</tech>
</techniqueset>
