<?xml version="1.0" encoding="ISO-8859-1"?>
<techniqueset format="2.1">
	<techniqueset-name>Ice Snare</techniqueset-name>
	<techniqueset-categories>
		<techniqueset-category>Spell</techniqueset-category>
	</techniqueset-categories>
	<tech>
		<tech-name>Ice Snare</tech-name>
		<tech-icon>icon_technique_02_00_11.png</tech-icon>
		<tech-keywords>
			<tech-keywordset>
				<tech-keyword>spell</tech-keyword>
				<tech-keyword>primal</tech-keyword>
			</tech-keywordset>
			<tech-keywordset>
				<tech-keyword>damage</tech-keyword>
			</tech-keywordset>
			<tech-keywordset>
				<tech-keyword>skill_use_magic_ice</tech-keyword>
			</tech-keywordset>
		</tech-keywords>
		<tech-effectkeywords>
			<tech-effectkeywordset>
				<tech-effectkeyword>tech_kicker_augment</tech-effectkeyword>
			</tech-effectkeywordset>
		</tech-effectkeywords>
		<tier>
			<tier-name>Ice Snare I</tier-name>
			<tier-origin>Spell: Ice Snare I</tier-origin>
			<tier-lvl>1</tier-lvl>
			<tier-desc>Gives an ice damage spell the ability to slow a target's movement to 75% of normal for 30 seconds.</tier-desc>
			<tier-skilladjust>10</tier-skilladjust>
			<tier-keywords>
				<tier-keywordset>
					<tier-keyword>techclass_1</tier-keyword>
				</tier-keywordset>
			</tier-keywords>
			<components>
				<component amount="4">Dim Essence Orb</component>
				<component amount="1">Weaker Maggot Mandibles</component>
			</components>
		</tier>
		<tier>
			<tier-name>Ice Snare II</tier-name>
			<tier-origin>Spell: Ice Snare II</tier-origin>
			<tier-lvl>2</tier-lvl>
			<tier-desc>Gives an ice damage spell the ability to slow a target's movement to 70% of normal for 30 seconds.</tier-desc>
			<tier-skilladjust>20</tier-skilladjust>
			<tier-keywords>
				<tier-keywordset>
					<tier-keyword>techclass_2</tier-keyword>
				</tier-keywordset>
			</tier-keywords>
			<components>
				<component amount="4">Pale Essence Orb</component>
				<component amount="1">Frost Beetle Carapace</component>
				<component amount="1">Amethyst Golem Chip</component>
			</components>
		</tier>
		<tier>
			<tier-name>Ice Snare III</tier-name>
			<tier-origin>Spell: Ice Snare III</tier-origin>
			<tier-lvl>3</tier-lvl>
			<tier-desc>Gives an ice damage spell the ability to slow a target's movement to 65% of normal for 30 seconds.</tier-desc>
			<tier-skilladjust>30</tier-skilladjust>
			<tier-keywords>
				<tier-keywordset>
					<tier-keyword>techclass_3</tier-keyword>
				</tier-keywordset>
			</tier-keywords>
			<components>
				<component amount="4">Glowing Essence Orb</component>
				<component amount="1">Granite Golem Fragment</component>
				<component amount="1">Ice Golem Shard</component>
			</components>
		</tier>
		<tier>
			<tier-name>Ice Snare IV</tier-name>
			<tier-origin>Spell: Ice Snare IV</tier-origin>
			<tier-lvl>4</tier-lvl>
			<tier-desc>Gives an ice damage spell the ability to slow a target's movement to 60% of normal for 30 seconds.</tier-desc>
			<tier-skilladjust>30</tier-skilladjust>
			<tier-keywords>
				<tier-keywordset>
					<tier-keyword>techclass_4</tier-keyword>
				</tier-keywordset>
			</tier-keywords>
			<components>
				<component amount="4">Bright Essence Orb</component>
				<component amount="2">Arbotus Gullet</component>
				<component amount="1">Mighty Aegror Pus Packet</component>
			</components>
		</tier>
		<tier>
			<tier-name>Ice Snare V</tier-name>
			<tier-origin>Spell: Ice Snare V</tier-origin>
			<tier-lvl>5</tier-lvl>
			<tier-desc>Gives an ice damage spell the ability to slow a target's movement to 55% of normal for 30 seconds.</tier-desc>
			<tier-skilladjust>30</tier-skilladjust>
			<tier-keywords>
				<tier-keywordset>
					<tier-keyword>techclass_5</tier-keyword>
				</tier-keywordset>
			</tier-keywords>
			<components>
				<component amount="4">Shining Essence Orb</component>
				<component amount="2">Zombie Ogre Toe</component>
				<component amount="2">Veteran Aegror Engorged Pus Packets</component>
			</components>
		</tier>
	</tech>
</techniqueset>
