<?xml version="1.0" encoding="ISO-8859-1"?>
<techniqueset format="2.1">
	<techniqueset-name>Pierce</techniqueset-name>
	<techniqueset-categories>
		<techniqueset-category>Spell</techniqueset-category>
	</techniqueset-categories>
	<tech>
		<tech-name>Pierce</tech-name>
		<tech-icon>icon_technique_02_00_11.png</tech-icon>
		<tech-keywords>
			<tech-keywordset>
				<tech-keyword>spell</tech-keyword>
				<tech-keyword>primal</tech-keyword>
			</tech-keywordset>
			<tech-keywordset>
				<tech-keyword>damage</tech-keyword>
			</tech-keywordset>
		</tech-keywords>
		<tech-effectkeywords>
			<tech-effectkeywordset>
				<tech-effectkeyword>tech_kicker_damage</tech-effectkeyword>
			</tech-effectkeywordset>
		</tech-effectkeywords>
		<tier>
			<tier-name>Pierce I</tier-name>
			<tier-origin>Spell: Pierce I</tier-origin>
			<tier-lvl>1</tier-lvl>
			<tier-desc>Gives a damage spell a 25% chance to do an additional 2-4 pierce damage.</tier-desc>
			<tier-skilladjust>10</tier-skilladjust>
			<tier-keywords>
				<tier-keywordset>
					<tier-keyword>techclass_1</tier-keyword>
				</tier-keywordset>
			</tier-keywords>
			<components>
				<component amount="4">Dim Essence Orb</component>
				<component amount="1">Bronze Golem Fragment</component>
			</components>
		</tier>
		<tier>
			<tier-name>Pierce II</tier-name>
			<tier-origin>Spell: Pierce II</tier-origin>
			<tier-lvl>2</tier-lvl>
			<tier-desc>Gives a damage spell a 25% chance to do an additional 4-6 pierce damage.</tier-desc>
			<tier-skilladjust>20</tier-skilladjust>
			<tier-keywords>
				<tier-keywordset>
					<tier-keyword>techclass_2</tier-keyword>
				</tier-keywordset>
			</tier-keywords>
			<components>
				<component amount="4">Pale Essence Orb</component>
				<component amount="1">Brighter Spider Silk</component>
				<component amount="1">Rose Quartz Golem Chip</component>
			</components>
		</tier>
		<tier>
			<tier-name>Pierce III</tier-name>
			<tier-origin>Spell: Pierce III</tier-origin>
			<tier-lvl>3</tier-lvl>
			<tier-desc>Gives a damage spell a 25% chance to do an additional 6-8 pierce damage.</tier-desc>
			<tier-skilladjust>30</tier-skilladjust>
			<tier-keywords>
				<tier-keywordset>
					<tier-keyword>techclass_3</tier-keyword>
				</tier-keywordset>
			</tier-keywords>
			<components>
				<component amount="4">Glowing Essence Orb</component>
				<component amount="1">Ice Beetle Carapace</component>
				<component amount="1">Jasper Golem Chip</component>
			</components>
		</tier>
		<tier>
			<tier-name>Pierce IV</tier-name>
			<tier-origin>Spell: Pierce IV</tier-origin>
			<tier-lvl>4</tier-lvl>
			<tier-desc>Gives a damage spell a 25% chance to do an additional 8-10 pierce damage.</tier-desc>
			<tier-skilladjust>30</tier-skilladjust>
			<tier-keywords>
				<tier-keywordset>
					<tier-keyword>techclass_4</tier-keyword>
				</tier-keywordset>
				<tier-keywordset>
					<tier-keyword>techclass_4</tier-keyword>
				</tier-keywordset>
			</tier-keywords>
			<components>
				<component amount="4">Bright Essence Orb</component>
				<component amount="1">Fire Ogre Jawbone</component>
				<component amount="2">Winter Werewolf Fang</component>
			</components>
		</tier>
		<tier>
			<tier-name>Pierce V</tier-name>
			<tier-origin>Spell: Pierce V</tier-origin>
			<tier-lvl>5</tier-lvl>
			<tier-desc>Gives a damage spell a 25% chance to do an additional 10-12 pierce damage.</tier-desc>
			<tier-skilladjust>30</tier-skilladjust>
			<tier-keywords>
				<tier-keywordset>
					<tier-keyword>techclass_4</tier-keyword>
				</tier-keywordset>
				<tier-keywordset>
					<tier-keyword>techclass_5</tier-keyword>
				</tier-keywordset>
			</tier-keywords>
			<components>
				<component amount="4">Shining Essence Orb</component>
				<component amount="2">Emerald Golem Chip</component>
				<component amount="2">Veteran Aegror Engorged Pus Packets</component>
			</components>
		</tier>
	</tech>
</techniqueset>
