<?xml version="1.0" encoding="ISO-8859-1"?>
<techniqueset format="2.1">
	<techniqueset-name>Fortify</techniqueset-name>
	<techniqueset-categories>
		<techniqueset-category>Spell</techniqueset-category>
	</techniqueset-categories>
	<tech>
		<tech-name>Fortify</tech-name>
		<tech-icon>icon_technique_02_00_11.png</tech-icon>
		<tech-keywords>
			<tech-keywordset>
				<tech-keyword>spell</tech-keyword>
				<tech-keyword>primal</tech-keyword>
			</tech-keywordset>
			<tech-keywordset>
				<tech-keyword>buff</tech-keyword>
			</tech-keywordset>
		</tech-keywords>
		<tech-effectkeywords>
			<tech-effectkeywordset>
				<tech-effectkeyword>tech_kicker_augment</tech-effectkeyword>
			</tech-effectkeywordset>
		</tech-effectkeywords>
		<tier>
			<tier-name>Fortify I</tier-name>
			<tier-origin>Spell: Fortify I</tier-origin>
			<tier-lvl>1</tier-lvl>
			<tier-desc>Gives a beneficial spell a 15% chance to generate an additional armor increase.</tier-desc>
			<tier-skilladjust>10</tier-skilladjust>
			<tier-keywords>
				<tier-keywordset>
					<tier-keyword>techclass_1</tier-keyword>
				</tier-keywordset>
			</tier-keywords>
			<components>
				<component amount="4">Dim Essence Orb</component>
				<component amount="1">Sand Pygmy Ear</component>
			</components>
		</tier>
		<tier>
			<tier-name>Fortify II</tier-name>
			<tier-origin>Spell: Fortify II</tier-origin>
			<tier-lvl>2</tier-lvl>
			<tier-desc>Gives a beneficial spell a 25% chance to generate an additional armor increase.</tier-desc>
			<tier-skilladjust>20</tier-skilladjust>
			<tier-keywords>
				<tier-keywordset>
					<tier-keyword>techclass_2</tier-keyword>
				</tier-keywordset>
			</tier-keywords>
			<components>
				<component amount="4">Pale Essence Orb</component>
				<component amount="1">Lesser Mummy Embalming Dust</component>
				<component amount="1">Fyakki Stinger Tip</component>
			</components>
		</tier>
		<tier>
			<tier-name>Fortify III</tier-name>
			<tier-origin>Spell: Fortify III</tier-origin>
			<tier-lvl>3</tier-lvl>
			<tier-desc>Gives a beneficial spell a 35% chance to generate an additional armor increase.</tier-desc>
			<tier-skilladjust>30</tier-skilladjust>
			<tier-keywords>
				<tier-keywordset>
					<tier-keyword>techclass_3</tier-keyword>
				</tier-keywordset>
			</tier-keywords>
			<components>
				<component amount="4">Glowing Essence Orb</component>
				<component amount="1">Crushing Ogre Club Splinter</component>
				<component amount="1">Granite Golem Fragment</component>
			</components>
		</tier>
		<tier>
			<tier-name>Fortify IV</tier-name>
			<tier-origin>Spell: Fortify IV</tier-origin>
			<tier-lvl>4</tier-lvl>
			<tier-desc>Gives a beneficial spell a 45% chance to generate an additional armor increase.</tier-desc>
			<tier-skilladjust>30</tier-skilladjust>
			<tier-keywords>
				<tier-keywordset>
					<tier-keyword>techclass_4</tier-keyword>
				</tier-keywordset>
			</tier-keywords>
			<components>
				<component amount="4">Bright Essence Orb</component>
				<component amount="1">Topaz Golem Chip</component>
				<component amount="2">Mighty Blight Bindings</component>
			</components>
		</tier>
		<tier>
			<tier-name>Fortify V</tier-name>
			<tier-origin>Spell: Fortify V</tier-origin>
			<tier-lvl>5</tier-lvl>
			<tier-desc>Gives a beneficial spell a 55% chance to generate an additional armor increase.</tier-desc>
			<tier-skilladjust>30</tier-skilladjust>
			<tier-keywords>
				<tier-keywordset>
					<tier-keyword>techclass_5</tier-keyword>
				</tier-keywordset>
			</tier-keywords>
			<components>
				<component amount="4">Shining Essence Orb</component>
				<component amount="2">Emerald Golem Chip</component>
				<component amount="2">Veteran Abomination Chest Skull</component>
			</components>
		</tier>
	</tech>
</techniqueset>
