<?xml version="1.0" encoding="ISO-8859-1"?>
<techniqueset format="2.1">
	<techniqueset-name>Flame Range</techniqueset-name>
	<techniqueset-categories>
		<techniqueset-category>Spell</techniqueset-category>
	</techniqueset-categories>
	<tech>
		<tech-name>Flame Range</tech-name>
		<tech-icon>icon_technique_02_06_11.png</tech-icon>
		<tech-keywords>
			<tech-keywordset>
				<tech-keyword>spell</tech-keyword>
				<tech-keyword>primal</tech-keyword>
			</tech-keywordset>
			<tech-keywordset>
				<tech-keyword>skill_use_magic_flame</tech-keyword>
			</tech-keywordset>
			<tech-keywordset>
				<tech-keyword>ranged</tech-keyword>
			</tech-keywordset>
		</tech-keywords>
		<tech-effectkeywords>
			<tech-effectkeywordset>
				<tech-effectkeyword>spell_mod_range</tech-effectkeyword>
			</tech-effectkeywordset>
		</tech-effectkeywords>
		<tier>
			<tier-name>Flame Range I</tier-name>
			<tier-origin>Spell: Flame Range I</tier-origin>
			<tier-lvl>1</tier-lvl>
			<tier-desc>Modifies the maximum ranged flame spell by +5.</tier-desc>
			<tier-skilladjust>10</tier-skilladjust>
			<tier-keywords>
				<tier-keywordset>
					<tier-keyword>techclass_1</tier-keyword>
				</tier-keywordset>
			</tier-keywords>
			<components>
				<component amount="4">Dim Essence Orb</component>
				<component amount="1">Sand Beetle Carapace</component>
			</components>
		</tier>
		<tier>
			<tier-name>Flame Range II</tier-name>
			<tier-origin>Spell: Flame Range II</tier-origin>
			<tier-lvl>2</tier-lvl>
			<tier-desc>Modifies the maximum ranged flame spell by +10.</tier-desc>
			<tier-skilladjust>20</tier-skilladjust>
			<tier-keywords>
				<tier-keywordset>
					<tier-keyword>techclass_2</tier-keyword>
				</tier-keywordset>
			</tier-keywords>
			<components>
				<component amount="4">Pale Essence Orb</component>
				<component amount="1">Frost Beetle Carapace</component>
				<component amount="1">Winter Wolf Fang</component>
			</components>
		</tier>
		<tier>
			<tier-name>Flame Range III</tier-name>
			<tier-origin>Spell: Flame Range III</tier-origin>
			<tier-lvl>3</tier-lvl>
			<tier-desc>Modifies the maximum ranged flame spell by +15.</tier-desc>
			<tier-skilladjust>30</tier-skilladjust>
			<tier-keywords>
				<tier-keywordset>
					<tier-keyword>techclass_3</tier-keyword>
				</tier-keywordset>
			</tier-keywords>
			<components>
				<component amount="4">Glowing Essence Orb</component>
				<component amount="1">Greater Ghost Vapor</component>
				<component amount="1">Resistant Fyakki Eye</component>
			</components>
		</tier>
		<tier>
			<tier-name>Flame Range IV</tier-name>
			<tier-origin>Spell: Flame Range IV</tier-origin>
			<tier-lvl>4</tier-lvl>
			<tier-desc>Modifies the maximum ranged flame spell by +20.</tier-desc>
			<tier-skilladjust>30</tier-skilladjust>
			<tier-keywords>
				<tier-keywordset>
					<tier-keyword>techclass_4</tier-keyword>
				</tier-keywordset>
			</tier-keywords>
			<components>
				<component amount="4">Bright Essence Orb</component>
				<component amount="2">Maple Treant Knot</component>
				<component amount="1">Flame Wolf Fang</component>
			</components>
		</tier>
		<tier>
			<tier-name>Flame Range V</tier-name>
			<tier-origin>Spell: Flame Range V</tier-origin>
			<tier-lvl>5</tier-lvl>
			<tier-desc>Modifies the maximum ranged flame spell by +25.</tier-desc>
			<tier-skilladjust>30</tier-skilladjust>
			<tier-keywords>
				<tier-keywordset>
					<tier-keyword>techclass_5</tier-keyword>
				</tier-keywordset>
			</tier-keywords>
			<components>
				<component amount="4">Shining Essence Orb</component>
				<component amount="2">Fiery Dire Wolf Fang</component>
				<component amount="2">Purple Tarantula Venom</component>
			</components>
		</tier>
	</tech>
</techniqueset>
