<?xml version="1.0" encoding="ISO-8859-1"?>
<techniqueset format="2.1">
	<techniqueset-name>Burning Damage</techniqueset-name>
	<techniqueset-categories>
		<techniqueset-category>Spell</techniqueset-category>
	</techniqueset-categories>
	<tech>
		<tech-name>Burning Damage</tech-name>
		<tech-icon>icon_technique_02_00_11.png</tech-icon>
		<tech-keywords>
			<tech-keywordset>
				<tech-keyword>spell</tech-keyword>
				<tech-keyword>primal</tech-keyword>
			</tech-keywordset>
			<tech-keywordset>
				<tech-keyword>damage</tech-keyword>
			</tech-keywordset>
			<tech-keywordset>
				<tech-keyword>skill_use_magic_flame</tech-keyword>
			</tech-keywordset>
		</tech-keywords>
		<tech-effectkeywords>
			<tech-effectkeywordset>
				<tech-effectkeyword>tech_kicker_augment</tech-effectkeyword>
			</tech-effectkeywordset>
		</tech-effectkeywords>
		<tier>
			<tier-name>Burning Damage I</tier-name>
			<tier-origin>Spell: Burning Damage I</tier-origin>
			<tier-lvl>1</tier-lvl>
			<tier-desc>When a spell with this technique hits a target the target will incur incremented amounts of additional flame damage over a 20 second period.</tier-desc>
			<tier-skilladjust>10</tier-skilladjust>
			<tier-keywords>
				<tier-keywordset>
					<tier-keyword>techclass_1</tier-keyword>
				</tier-keywordset>
			</tier-keywords>
			<components>
				<component amount="4">Dim Essence Orb</component>
				<component amount="1">Biting Necrofly Wing</component>
			</components>
		</tier>
		<tier>
			<tier-name>Burning Damage II</tier-name>
			<tier-origin>Spell: Burning Damage II</tier-origin>
			<tier-lvl>2</tier-lvl>
			<tier-desc>When a spell with this technique hits a target the target will incur incremented amounts of additional flame damage over a 20 second period.</tier-desc>
			<tier-skilladjust>20</tier-skilladjust>
			<tier-keywords>
				<tier-keywordset>
					<tier-keyword>techclass_2</tier-keyword>
				</tier-keywordset>
			</tier-keywords>
			<components>
				<component amount="4">Pale Essence Orb</component>
				<component amount="1">Iron Golem Fragment</component>
				<component amount="1">Snow Ogre Jawbone</component>
			</components>
		</tier>
		<tier>
			<tier-name>Burning Damage III</tier-name>
			<tier-origin>Spell: Burning Damage III</tier-origin>
			<tier-lvl>3</tier-lvl>
			<tier-desc>When a spell with this technique hits a target the target will incur incremented amounts of additional flame damage over a 20 second period.</tier-desc>
			<tier-skilladjust>30</tier-skilladjust>
			<tier-keywords>
				<tier-keywordset>
					<tier-keyword>techclass_3</tier-keyword>
				</tier-keywordset>
			</tier-keywords>
			<components>
				<component amount="4">Glowing Essence Orb</component>
				<component amount="1">Redbacked Spider Eye</component>
				<component amount="1">Wraith Master Ectoplasm</component>
			</components>
		</tier>
		<tier>
			<tier-name>Burning Damage IV</tier-name>
			<tier-origin>Spell: Burning Damage IV</tier-origin>
			<tier-lvl>4</tier-lvl>
			<tier-desc>When a spell with this technique hits a target the target will incur incremented amounts of additional flame damage over a 20 second period.</tier-desc>
			<tier-skilladjust>30</tier-skilladjust>
			<tier-keywords>
				<tier-keywordset>
					<tier-keyword>techclass_4</tier-keyword>
				</tier-keywordset>
			</tier-keywords>
			<components>
				<component amount="4">Bright Essence Orb</component>
				<component amount="2">Fire Beetle Carapace</component>
				<component amount="1">Kwellen Flame Cinder</component>
			</components>
		</tier>
		<tier>
			<tier-name>Burning Damage V</tier-name>
			<tier-origin>Spell: Burning Damage V</tier-origin>
			<tier-lvl>5</tier-lvl>
			<tier-desc>When a spell with this technique hits a target the target will incur incremented amounts of additional flame damage over a 20 second period.</tier-desc>
			<tier-skilladjust>30</tier-skilladjust>
			<tier-keywords>
				<tier-keywordset>
					<tier-keyword>techclass_5</tier-keyword>
				</tier-keywordset>
			</tier-keywords>
			<components>
				<component amount="4">Shining Essence Orb</component>
				<component amount="2">Giant Fire Beetle Mandible</component>
				<component amount="2">Red Vexator Fringe</component>
			</components>
		</tier>
	</tech>
</techniqueset>
