<?xml version="1.0" encoding="ISO-8859-1"?>
<techniqueset format="2.1">
	<techniqueset-name>Primal Range</techniqueset-name>
	<techniqueset-categories>
		<techniqueset-category>Spell</techniqueset-category>
	</techniqueset-categories>
	<tech>
		<tech-name>Primal Range</tech-name>
		<tech-icon>icon_technique_02_00_11.png</tech-icon>
		<tech-keywords>
			<tech-keywordset>
				<tech-keyword>spell</tech-keyword>
				<tech-keyword>primal</tech-keyword>
			</tech-keywordset>
			<tech-keywordset>
				<tech-keyword>skill_use_magic_primal</tech-keyword>
			</tech-keywordset>
			<tech-keywordset>
				<tech-keyword>ranged</tech-keyword>
			</tech-keywordset>
		</tech-keywords>
		<tech-effectkeywords>
			<tech-effectkeywordset>
				<tech-effectkeyword>spell_mod_range</tech-effectkeyword>
			</tech-effectkeywordset>
		</tech-effectkeywords>
		<tier>
			<tier-name>Primal Range I</tier-name>
			<tier-origin>Spell: Primal Range I</tier-origin>
			<tier-lvl>1</tier-lvl>
			<tier-desc>Modifies the maximum ranged primal spell by +5.</tier-desc>
			<tier-skilladjust>10</tier-skilladjust>
			<tier-keywords>
				<tier-keywordset>
					<tier-keyword>techclass_1</tier-keyword>
				</tier-keywordset>
			</tier-keywords>
			<components>
				<component amount="4">Dim Essence Orb</component>
				<component amount="1">Venomous Stalker Leg Hair</component>
			</components>
		</tier>
		<tier>
			<tier-name>Primal Range II</tier-name>
			<tier-origin>Spell: Primal Range II</tier-origin>
			<tier-lvl>2</tier-lvl>
			<tier-desc>Modifies the maximum ranged primal spell by +10.</tier-desc>
			<tier-skilladjust>20</tier-skilladjust>
			<tier-keywords>
				<tier-keywordset>
					<tier-keyword>techclass_2</tier-keyword>
				</tier-keywordset>
			</tier-keywords>
			<components>
				<component amount="4">Pale Essence Orb</component>
				<component amount="1">Grass Beetle Carapace</component>
				<component amount="1">Blue Necrofly Wing</component>
			</components>
		</tier>
		<tier>
			<tier-name>Primal Range III</tier-name>
			<tier-origin>Spell: Primal Range III</tier-origin>
			<tier-lvl>3</tier-lvl>
			<tier-desc>Modifies the maximum ranged primal spell by +15.</tier-desc>
			<tier-skilladjust>30</tier-skilladjust>
			<tier-keywords>
				<tier-keywordset>
					<tier-keyword>techclass_3</tier-keyword>
				</tier-keywordset>
			</tier-keywords>
			<components>
				<component amount="4">Glowing Essence Orb</component>
				<component amount="1">Ice Ogre Jawbone</component>
				<component amount="1">Winter Mountain Wolf Fang</component>
			</components>
		</tier>
		<tier>
			<tier-name>Primal Range IV</tier-name>
			<tier-origin>Spell: Primal Range IV</tier-origin>
			<tier-lvl>4</tier-lvl>
			<tier-desc>Modifies the maximum ranged primal spell by +20.</tier-desc>
			<tier-skilladjust>30</tier-skilladjust>
			<tier-keywords>
				<tier-keywordset>
					<tier-keyword>techclass_4</tier-keyword>
				</tier-keywordset>
				<tier-keywordset>
					<tier-keyword>techclass_4</tier-keyword>
				</tier-keywordset>
			</tier-keywords>
			<components>
				<component amount="4">Bright Essence Orb</component>
				<component amount="1">Fire Wolf Fang</component>
				<component amount="2">Shadow Tarantula Fang</component>
			</components>
		</tier>
		<tier>
			<tier-name>Primal Range V</tier-name>
			<tier-origin>Spell: Primal Range V</tier-origin>
			<tier-lvl>5</tier-lvl>
			<tier-desc>Modifies the maximum ranged primal spell by +25.</tier-desc>
			<tier-skilladjust>30</tier-skilladjust>
			<tier-keywords>
				<tier-keywordset>
					<tier-keyword>techclass_4</tier-keyword>
				</tier-keywordset>
				<tier-keywordset>
					<tier-keyword>techclass_5</tier-keyword>
				</tier-keywordset>
			</tier-keywords>
			<components>
				<component amount="4">Shining Essence Orb</component>
				<component amount="2">Yew Treant Knot</component>
				<component amount="2">Blue Vexator Fringe</component>
			</components>
		</tier>
	</tech>
</techniqueset>
