<?xml version="1.0" encoding="ISO-8859-1"?>
<techniqueset format="2.1">
	<techniqueset-name>Potency</techniqueset-name>
	<techniqueset-categories>
		<techniqueset-category>Spell</techniqueset-category>
	</techniqueset-categories>
	<tech>
		<tech-name>Potency</tech-name>
		<tech-icon>icon_technique_02_00_11.png</tech-icon>
		<tech-keywords>
			<tech-keywordset>
				<tech-keyword>spell</tech-keyword>
				<tech-keyword>primal</tech-keyword>
			</tech-keywordset>
			<tech-keywordset>
				<tech-keyword>heal</tech-keyword>
			</tech-keywordset>
		</tech-keywords>
		<tech-effectkeywords>
			<tech-effectkeywordset>
				<tech-effectkeyword>spell_mod_heal</tech-effectkeyword>
			</tech-effectkeywordset>
		</tech-effectkeywords>
		<tier>
			<tier-name>Potency I</tier-name>
			<tier-origin>Spell: Potency I</tier-origin>
			<tier-lvl>1</tier-lvl>
			<tier-desc>Adds to the maximum value of a heal spell.</tier-desc>
			<tier-skilladjust>10</tier-skilladjust>
			<tier-keywords>
				<tier-keywordset>
					<tier-keyword>techclass_1</tier-keyword>
				</tier-keywordset>
			</tier-keywords>
			<components>
				<component amount="4">Dim Essence Orb</component>
				<component amount="1">Cedar Treant Knot</component>
			</components>
		</tier>
		<tier>
			<tier-name>Potency II</tier-name>
			<tier-origin>Spell: Potency II</tier-origin>
			<tier-lvl>2</tier-lvl>
			<tier-desc>Adds to the maximum value of a heal spell.</tier-desc>
			<tier-skilladjust>20</tier-skilladjust>
			<tier-keywords>
				<tier-keywordset>
					<tier-keyword>techclass_2</tier-keyword>
				</tier-keywordset>
			</tier-keywords>
			<components>
				<component amount="4">Pale Essence Orb</component>
				<component amount="1">Brown Wolf Fang</component>
				<component amount="1">Brighter Tarantula Silk</component>
			</components>
		</tier>
		<tier>
			<tier-name>Potency III</tier-name>
			<tier-origin>Spell: Potency III</tier-origin>
			<tier-lvl>3</tier-lvl>
			<tier-desc>Adds to the maximum value of a heal spell.</tier-desc>
			<tier-skilladjust>30</tier-skilladjust>
			<tier-keywords>
				<tier-keywordset>
					<tier-keyword>techclass_3</tier-keyword>
				</tier-keywordset>
			</tier-keywords>
			<components>
				<component amount="4">Glowing Essence Orb</component>
				<component amount="1">Mountain Wolf Fang</component>
				<component amount="1">Ice Beetle Carapace</component>
			</components>
		</tier>
		<tier>
			<tier-name>Potency IV</tier-name>
			<tier-origin>Spell: Potency IV</tier-origin>
			<tier-lvl>4</tier-lvl>
			<tier-desc>Adds to the maximum value of a heal spell.</tier-desc>
			<tier-skilladjust>30</tier-skilladjust>
			<tier-keywords>
				<tier-keywordset>
					<tier-keyword>techclass_4</tier-keyword>
				</tier-keywordset>
			</tier-keywords>
			<components>
				<component amount="4">Bright Essence Orb</component>
				<component amount="1">Flame Beetle Carapace</component>
				<component amount="2">Opal Golem Chip</component>
			</components>
		</tier>
		<tier>
			<tier-name>Potency V</tier-name>
			<tier-origin>Spell: Potency V</tier-origin>
			<tier-lvl>5</tier-lvl>
			<tier-desc>Adds to the maximum value of a heal spell.</tier-desc>
			<tier-skilladjust>30</tier-skilladjust>
			<tier-keywords>
				<tier-keywordset>
					<tier-keyword>techclass_5</tier-keyword>
				</tier-keywordset>
			</tier-keywords>
			<components>
				<component amount="4">Shining Essence Orb</component>
				<component amount="2">Fiery Dire Wolf Fang</component>
				<component amount="2">Purple Tarantula Venom</component>
			</components>
		</tier>
	</tech>
</techniqueset>
