<?xml version="1.0" encoding="ISO-8859-1"?>
<formulaset format="2.1">
	<formulaset-name>Resources - Construction</formulaset-name>
	<formulaset-categories>
		<formulaset-category>Resources</formulaset-category>
	</formulaset-categories>
	<item>
		<item-name>Leather Construction Canvas</item-name>
		<item-icon>icon_formula_r_11_04_11.png</item-icon>
		<item-batchqty>1</item-batchqty>
		<item-attributes>
			<item-attribute type="equipSlot">All</item-attribute>
			<item-attribute type="bulk">120</item-attribute>
		</item-attributes>
		<tier>
			<tier-name>Rough Leather Construction Canvas</tier-name>
			<tier-lvl>1</tier-lvl>
			<tier-allowedtechniques>0</tier-allowedtechniques>
			<tier-attributes>
      </tier-attributes>
			<tier-keywords>
				<tier-keyword>tier_1</tier-keyword>
			</tier-keywords>
			<resources>
				<resource>
					<resource-name>Cedar Leather Tannin</resource-name>
					<resource-skill>Weaving</resource-skill>
					<resource-min amount="20">100</resource-min>
					<resource-opt amount="10">300</resource-opt>
				</resource>
				<resource>
					<resource-name>Hide Strip</resource-name>
					<resource-skill>Weaving</resource-skill>
					<resource-min amount="40">100</resource-min>
					<resource-opt amount="20">300</resource-opt>
				</resource>
			</resources>
		</tier>
		<tier>
			<tier-name>Tanned Leather Construction Canvas</tier-name>
			<tier-lvl>2</tier-lvl>
			<tier-allowedtechniques>0</tier-allowedtechniques>
			<tier-attributes>
      </tier-attributes>
			<tier-keywords>
				<tier-keyword>tier_2</tier-keyword>
			</tier-keywords>
			<resources>
				<resource>
					<resource-name>Elm Leather Tannin</resource-name>
					<resource-skill>Weaving</resource-skill>
					<resource-min amount="20">300</resource-min>
					<resource-opt amount="10">525</resource-opt>
				</resource>
				<resource>
					<resource-name>Hide Strip</resource-name>
					<resource-skill>Weaving</resource-skill>
					<resource-min amount="40">300</resource-min>
					<resource-opt amount="20">525</resource-opt>
				</resource>
			</resources>
		</tier>
		<tier>
			<tier-name>Reinforced Leather Construction Canvas</tier-name>
			<tier-lvl>3</tier-lvl>
			<tier-allowedtechniques>0</tier-allowedtechniques>
			<tier-attributes>
      </tier-attributes>
			<tier-keywords>
				<tier-keyword>tier_2</tier-keyword>
			</tier-keywords>
			<resources>
				<resource>
					<resource-name>Maple Leather Tannin</resource-name>
					<resource-skill>Weaving</resource-skill>
					<resource-min amount="20">700</resource-min>
					<resource-opt amount="10">975</resource-opt>
				</resource>
				<resource>
					<resource-name>Hide Strip</resource-name>
					<resource-skill>Weaving</resource-skill>
					<resource-min amount="40">700</resource-min>
					<resource-opt amount="20">975</resource-opt>
				</resource>
			</resources>
		</tier>
		<tier>
			<tier-name>Hardened Leather Construction Canvas</tier-name>
			<tier-lvl>4</tier-lvl>
			<tier-allowedtechniques>0</tier-allowedtechniques>
			<tier-attributes>
      </tier-attributes>
			<tier-keywords>
				<tier-keyword>tier_4</tier-keyword>
			</tier-keywords>
			<resources>
				<resource>
					<resource-name>Oak Leather Tannin</resource-name>
					<resource-skill>Weaving</resource-skill>
					<resource-min amount="20">500</resource-min>
					<resource-opt amount="10">750</resource-opt>
				</resource>
				<resource>
					<resource-name>Hide Strip</resource-name>
					<resource-skill>Weaving</resource-skill>
					<resource-min amount="40">500</resource-min>
					<resource-opt amount="20">750</resource-opt>
				</resource>
			</resources>
		</tier>
		<tier>
			<tier-name>Essence Leather Construction Canvas</tier-name>
			<tier-lvl>5</tier-lvl>
			<tier-allowedtechniques>0</tier-allowedtechniques>
			<tier-attributes>
      </tier-attributes>
			<tier-keywords>
				<tier-keyword>tier_5</tier-keyword>
			</tier-keywords>
			<resources>
				<resource>
					<resource-name>Yew Leather Tannin</resource-name>
					<resource-skill>Weaving</resource-skill>
					<resource-min amount="20">900</resource-min>
					<resource-opt amount="10">1175</resource-opt>
				</resource>
				<resource>
					<resource-name>Hide Strip</resource-name>
					<resource-skill>Weaving</resource-skill>
					<resource-min amount="40">500</resource-min>
					<resource-opt amount="20">750</resource-opt>
				</resource>
			</resources>
		</tier>
	</item>
	<item>
		<item-name>Essence Construction Source</item-name>
		<item-icon>icon_formula_r_04_17_11.png</item-icon>
		<item-batchqty>1</item-batchqty>
		<item-attributes>
			<item-attribute type="equipSlot">All</item-attribute>
			<item-attribute type="bulk">120</item-attribute>
		</item-attributes>
		<tier>
			<tier-name>Dim Essence Construction Source</tier-name>
			<tier-lvl>1</tier-lvl>
			<tier-allowedtechniques>0</tier-allowedtechniques>
			<tier-attributes>
      </tier-attributes>
			<tier-keywords>
				<tier-keyword>tier_1</tier-keyword>
			</tier-keywords>
			<resources>
				<resource>
					<resource-name>Dim Essence Orb</resource-name>
					<resource-skill>Essence Structuring</resource-skill>
					<resource-min amount="40">100</resource-min>
					<resource-opt amount="20">300</resource-opt>
				</resource>
			</resources>
		</tier>
		<tier>
			<tier-name>Pale Essence Construction Source</tier-name>
			<tier-lvl>2</tier-lvl>
			<tier-allowedtechniques>0</tier-allowedtechniques>
			<tier-attributes>
      </tier-attributes>
			<tier-keywords>
				<tier-keyword>tier_2</tier-keyword>
			</tier-keywords>
			<resources>
				<resource>
					<resource-name>Pale Essence Orb</resource-name>
					<resource-skill>Essence Structuring</resource-skill>
					<resource-min amount="40">300</resource-min>
					<resource-opt amount="20">525</resource-opt>
				</resource>
			</resources>
		</tier>
		<tier>
			<tier-name>Glowing Essence Construction Source</tier-name>
			<tier-lvl>3</tier-lvl>
			<tier-allowedtechniques>0</tier-allowedtechniques>
			<tier-attributes>
      </tier-attributes>
			<tier-keywords>
				<tier-keyword>tier_3</tier-keyword>
			</tier-keywords>
			<resources>
				<resource>
					<resource-name>Glowing Essence Orb</resource-name>
					<resource-skill>Essence Structuring</resource-skill>
					<resource-min amount="40">500</resource-min>
					<resource-opt amount="20">750</resource-opt>
				</resource>
			</resources>
		</tier>
		<tier>
			<tier-name>Bright Essence Construction Source</tier-name>
			<tier-lvl>4</tier-lvl>
			<tier-allowedtechniques>0</tier-allowedtechniques>
			<tier-attributes>
      </tier-attributes>
			<tier-keywords>
				<tier-keyword>tier_4</tier-keyword>
			</tier-keywords>
			<resources>
				<resource>
					<resource-name>Bright Essence Orb</resource-name>
					<resource-skill>Essence Structuring</resource-skill>
					<resource-min amount="40">700</resource-min>
					<resource-opt amount="20">975</resource-opt>
				</resource>
			</resources>
		</tier>
		<tier>
			<tier-name>Shining Essence Construction Source</tier-name>
			<tier-lvl>5</tier-lvl>
			<tier-allowedtechniques>0</tier-allowedtechniques>
			<tier-attributes>
      </tier-attributes>
			<tier-keywords>
				<tier-keyword>tier_5</tier-keyword>
			</tier-keywords>
			<resources>
				<resource>
					<resource-name>Shining Essence Orb</resource-name>
					<resource-skill>Essence Structuring</resource-skill>
					<resource-min amount="40">900</resource-min>
					<resource-opt amount="20">1175</resource-opt>
				</resource>
			</resources>
		</tier>
		<tier>
			<tier-name>Radiant Essence Construction Source</tier-name>
			<tier-lvl>6</tier-lvl>
			<tier-allowedtechniques>0</tier-allowedtechniques>
			<tier-attributes>
      </tier-attributes>
			<tier-keywords>
				<tier-keyword>tier_6</tier-keyword>
			</tier-keywords>
			<resources>
				<resource>
					<resource-name>Radiant Essence Orb</resource-name>
					<resource-skill>Essence Structuring</resource-skill>
					<resource-min amount="40">1100</resource-min>
					<resource-opt amount="20">1425</resource-opt>
				</resource>
			</resources>
		</tier>
	</item>
	<item>
		<item-name>Essence Construction Sphere</item-name>
		<item-icon>icon_formula_r_04_03_11.png</item-icon>
		<item-batchqty>1</item-batchqty>
		<item-attributes>
			<item-attribute type="equipSlot">All</item-attribute>
			<item-attribute type="bulk">120</item-attribute>
		</item-attributes>
		<tier>
			<tier-name>Dim Essence Construction Sphere</tier-name>
			<tier-lvl>1</tier-lvl>
			<tier-desc>A large sphere of processed dim essence, used in structure construction.</tier-desc>
			<tier-allowedtechniques>0</tier-allowedtechniques>
			<tier-attributes>
      </tier-attributes>
			<tier-keywords>
				<tier-keyword>tier_1</tier-keyword>
			</tier-keywords>
			<resources>
				<resource>
					<resource-name>Dim Essence Orb</resource-name>
					<resource-skill>Essence Structuring</resource-skill>
					<resource-min amount="30">1</resource-min>
					<resource-opt amount="15">200</resource-opt>
				</resource>
			</resources>
		</tier>
		<tier>
			<tier-name>Pale Essence Construction Sphere</tier-name>
			<tier-lvl>2</tier-lvl>
			<tier-desc>A large sphere of processed pale essence, used in structure construction.</tier-desc>
			<tier-allowedtechniques>0</tier-allowedtechniques>
			<tier-attributes>
      </tier-attributes>
			<tier-keywords>
				<tier-keyword>tier_2</tier-keyword>
			</tier-keywords>
			<resources>
				<resource>
					<resource-name>Pale Essence Orb</resource-name>
					<resource-skill>Essence Structuring</resource-skill>
					<resource-min amount="30">200</resource-min>
					<resource-opt amount="15">425</resource-opt>
				</resource>
			</resources>
		</tier>
		<tier>
			<tier-name>Glowing Essence Construction Sphere</tier-name>
			<tier-lvl>3</tier-lvl>
			<tier-desc>A large sphere of processed glowing essence, used in structure construction.</tier-desc>
			<tier-allowedtechniques>0</tier-allowedtechniques>
			<tier-attributes>
      </tier-attributes>
			<tier-keywords>
				<tier-keyword>tier_3</tier-keyword>
			</tier-keywords>
			<resources>
				<resource>
					<resource-name>Glowing Essence Orb</resource-name>
					<resource-skill>Essence Structuring</resource-skill>
					<resource-min amount="30">400</resource-min>
					<resource-opt amount="15">650</resource-opt>
				</resource>
			</resources>
		</tier>
		<tier>
			<tier-name>Bright Essence Construction Sphere</tier-name>
			<tier-lvl>4</tier-lvl>
			<tier-desc>A large sphere of processed bright essence, used in structure construction.</tier-desc>
			<tier-allowedtechniques>0</tier-allowedtechniques>
			<tier-attributes>
      </tier-attributes>
			<tier-keywords>
				<tier-keyword>tier_4</tier-keyword>
			</tier-keywords>
			<resources>
				<resource>
					<resource-name>Bright Essence Orb</resource-name>
					<resource-skill>Essence Structuring</resource-skill>
					<resource-min amount="30">600</resource-min>
					<resource-opt amount="15">875</resource-opt>
				</resource>
			</resources>
		</tier>
		<tier>
			<tier-name>Shining Essence Construction Sphere</tier-name>
			<tier-lvl>5</tier-lvl>
			<tier-desc>A large sphere of processed shining essence, used in structure construction.</tier-desc>
			<tier-allowedtechniques>0</tier-allowedtechniques>
			<tier-attributes>
      </tier-attributes>
			<tier-keywords>
				<tier-keyword>tier_5</tier-keyword>
			</tier-keywords>
			<resources>
				<resource>
					<resource-name>Shining Essence Orb</resource-name>
					<resource-skill>Essence Structuring</resource-skill>
					<resource-min amount="30">800</resource-min>
					<resource-opt amount="15">1075</resource-opt>
				</resource>
			</resources>
		</tier>
		<tier>
			<tier-name>Radiant Essence Construction Sphere</tier-name>
			<tier-lvl>6</tier-lvl>
			<tier-desc>A large sphere of processed radiant essence, used in structure construction.</tier-desc>
			<tier-allowedtechniques>0</tier-allowedtechniques>
			<tier-attributes>
      </tier-attributes>
			<tier-keywords>
				<tier-keyword>tier_6</tier-keyword>
			</tier-keywords>
			<resources>
				<resource>
					<resource-name>Radiant Essence Orb</resource-name>
					<resource-skill>Essence Structuring</resource-skill>
					<resource-min amount="30">1000</resource-min>
					<resource-opt amount="15">1325</resource-opt>
				</resource>
			</resources>
		</tier>
	</item>
	<item>
		<item-name>Fabric Construction Bolt</item-name>
		<item-icon>icon_formula_r_09_04_11.png</item-icon>
		<item-batchqty>1</item-batchqty>
		<item-attributes>
			<item-attribute type="equipSlot">All</item-attribute>
			<item-attribute type="bulk">120</item-attribute>
		</item-attributes>
		<tier>
			<tier-name>Flax Construction Bolt</tier-name>
			<tier-lvl>1</tier-lvl>
			<tier-desc>A bolt of cloth made from spun flax, used in structure construction.</tier-desc>
			<tier-allowedtechniques>0</tier-allowedtechniques>
			<tier-attributes>
      </tier-attributes>
			<tier-keywords>
				<tier-keyword>tier_1</tier-keyword>
			</tier-keywords>
			<resources>
				<resource>
					<resource-name>Flax Spool</resource-name>
					<resource-skill>Weaving</resource-skill>
					<resource-min amount="30">1</resource-min>
					<resource-opt amount="15">200</resource-opt>
				</resource>
			</resources>
		</tier>
		<tier>
			<tier-name>Kenaf Construction Bolt</tier-name>
			<tier-lvl>2</tier-lvl>
			<tier-desc>A bolt of cloth made from spun kenaf, used in structure construction.</tier-desc>
			<tier-allowedtechniques>0</tier-allowedtechniques>
			<tier-attributes>
      </tier-attributes>
			<tier-keywords>
				<tier-keyword>tier_2</tier-keyword>
			</tier-keywords>
			<resources>
				<resource>
					<resource-name>Kenaf Spool</resource-name>
					<resource-skill>Weaving</resource-skill>
					<resource-min amount="30">200</resource-min>
					<resource-opt amount="15">425</resource-opt>
				</resource>
			</resources>
		</tier>
		<tier>
			<tier-name>Cotton Construction Bolt</tier-name>
			<tier-lvl>3</tier-lvl>
			<tier-desc>A bolt of cloth made from spun cotton, used in structure construction.</tier-desc>
			<tier-allowedtechniques>0</tier-allowedtechniques>
			<tier-attributes>
      </tier-attributes>
			<tier-keywords>
				<tier-keyword>tier_3</tier-keyword>
			</tier-keywords>
			<resources>
				<resource>
					<resource-name>Cotton Spool</resource-name>
					<resource-skill>Weaving</resource-skill>
					<resource-min amount="30">400</resource-min>
					<resource-opt amount="15">650</resource-opt>
				</resource>
			</resources>
		</tier>
		<tier>
			<tier-name>Silk Construction Bolt</tier-name>
			<tier-lvl>4</tier-lvl>
			<tier-desc>A bolt of cloth made from spun silk, used in structure construction.</tier-desc>
			<tier-allowedtechniques>0</tier-allowedtechniques>
			<tier-attributes>
      </tier-attributes>
			<tier-keywords>
				<tier-keyword>tier_4</tier-keyword>
			</tier-keywords>
			<resources>
				<resource>
					<resource-name>Silk Spool</resource-name>
					<resource-skill>Weaving</resource-skill>
					<resource-min amount="30">600</resource-min>
					<resource-opt amount="15">875</resource-opt>
				</resource>
			</resources>
		</tier>
		<tier>
			<tier-name>Ironsilk Construction Bolt</tier-name>
			<tier-lvl>5</tier-lvl>
			<tier-desc>A bolt of cloth made from spun ironsilk, used in structure construction.</tier-desc>
			<tier-allowedtechniques>0</tier-allowedtechniques>
			<tier-attributes>
      </tier-attributes>
			<tier-keywords>
				<tier-keyword>tier_5</tier-keyword>
			</tier-keywords>
			<resources>
				<resource>
					<resource-name>Ironsilk Spool</resource-name>
					<resource-skill>Weaving</resource-skill>
					<resource-min amount="30">800</resource-min>
					<resource-opt amount="15">1075</resource-opt>
				</resource>
			</resources>
		</tier>
		<tier>
			<tier-name>Steelsilk Construction Bolt</tier-name>
			<tier-lvl>6</tier-lvl>
			<tier-desc>A bolt of cloth made from spun steelsilk, used in structure construction.</tier-desc>
			<tier-allowedtechniques>0</tier-allowedtechniques>
			<tier-attributes>
      </tier-attributes>
			<tier-keywords>
				<tier-keyword>tier_6</tier-keyword>
			</tier-keywords>
			<resources>
				<resource>
					<resource-name>Steelsilk Spool</resource-name>
					<resource-skill>Weaving</resource-skill>
					<resource-min amount="30">1000</resource-min>
					<resource-opt amount="15">1325</resource-opt>
				</resource>
			</resources>
		</tier>
	</item>
	<item>
		<item-name>Fabric Construction Tapestries</item-name>
		<item-icon>icon_formula_r_09_05_11.png</item-icon>
		<item-batchqty>1</item-batchqty>
		<item-attributes>
			<item-attribute type="equipSlot">All</item-attribute>
			<item-attribute type="bulk">120</item-attribute>
		</item-attributes>
		<tier>
			<tier-name>Flax Construction Tapestries</tier-name>
			<tier-lvl>1</tier-lvl>
			<tier-allowedtechniques>0</tier-allowedtechniques>
			<tier-attributes>
      </tier-attributes>
			<tier-keywords>
				<tier-keyword>tier_1</tier-keyword>
			</tier-keywords>
			<resources>
				<resource>
					<resource-name>Flax Spool</resource-name>
					<resource-skill>Weaving</resource-skill>
					<resource-min amount="40">100</resource-min>
					<resource-opt amount="20">300</resource-opt>
				</resource>
			</resources>
		</tier>
		<tier>
			<tier-name>Kenaf Construction Tapestries</tier-name>
			<tier-lvl>2</tier-lvl>
			<tier-allowedtechniques>0</tier-allowedtechniques>
			<tier-attributes>
      </tier-attributes>
			<tier-keywords>
				<tier-keyword>tier_2</tier-keyword>
			</tier-keywords>
			<resources>
				<resource>
					<resource-name>Kenaf Spool</resource-name>
					<resource-skill>Weaving</resource-skill>
					<resource-min amount="40">300</resource-min>
					<resource-opt amount="20">525</resource-opt>
				</resource>
			</resources>
		</tier>
		<tier>
			<tier-name>Cotton Construction Tapestries</tier-name>
			<tier-lvl>3</tier-lvl>
			<tier-allowedtechniques>0</tier-allowedtechniques>
			<tier-attributes>
      </tier-attributes>
			<tier-keywords>
				<tier-keyword>tier_3</tier-keyword>
			</tier-keywords>
			<resources>
				<resource>
					<resource-name>Cotton Spool</resource-name>
					<resource-skill>Weaving</resource-skill>
					<resource-min amount="40">500</resource-min>
					<resource-opt amount="20">750</resource-opt>
				</resource>
			</resources>
		</tier>
		<tier>
			<tier-name>Silk Construction Tapestries</tier-name>
			<tier-lvl>4</tier-lvl>
			<tier-allowedtechniques>0</tier-allowedtechniques>
			<tier-attributes>
      </tier-attributes>
			<tier-keywords>
				<tier-keyword>tier_4</tier-keyword>
			</tier-keywords>
			<resources>
				<resource>
					<resource-name>Silk Spool</resource-name>
					<resource-skill>Weaving</resource-skill>
					<resource-min amount="40">700</resource-min>
					<resource-opt amount="20">975</resource-opt>
				</resource>
			</resources>
		</tier>
		<tier>
			<tier-name>Ironsilk Construction Tapestries</tier-name>
			<tier-lvl>5</tier-lvl>
			<tier-allowedtechniques>0</tier-allowedtechniques>
			<tier-attributes>
      </tier-attributes>
			<tier-keywords>
				<tier-keyword>tier_5</tier-keyword>
			</tier-keywords>
			<resources>
				<resource>
					<resource-name>Ironsilk Spool</resource-name>
					<resource-skill>Weaving</resource-skill>
					<resource-min amount="40">900</resource-min>
					<resource-opt amount="20">1200</resource-opt>
				</resource>
			</resources>
		</tier>
		<tier>
			<tier-name>Steelsilk Construction Tapestries</tier-name>
			<tier-lvl>6</tier-lvl>
			<tier-allowedtechniques>0</tier-allowedtechniques>
			<tier-attributes>
      </tier-attributes>
			<tier-keywords>
				<tier-keyword>tier_6</tier-keyword>
			</tier-keywords>
			<resources>
				<resource>
					<resource-name>Steelsilk Spool</resource-name>
					<resource-skill>Weaving</resource-skill>
					<resource-min amount="40">1100</resource-min>
					<resource-opt amount="20">1425</resource-opt>
				</resource>
			</resources>
		</tier>
	</item>
	<item>
		<item-name>Hide Construction Tarp</item-name>
		<item-icon>icon_formula_r_11_03_11.png</item-icon>
		<item-batchqty>1</item-batchqty>
		<item-attributes>
			<item-attribute type="equipSlot">All</item-attribute>
			<item-attribute type="bulk">120</item-attribute>
		</item-attributes>
		<tier>
			<tier-name>Rough Hide Construction Tarp</tier-name>
			<tier-lvl>1</tier-lvl>
			<tier-desc>This tarp is made from quality hide.</tier-desc>
			<tier-allowedtechniques>0</tier-allowedtechniques>
			<tier-attributes>
      </tier-attributes>
			<tier-keywords>
				<tier-keyword>tier_1</tier-keyword>
			</tier-keywords>
			<resources>
				<resource>
					<resource-name>Cedar Hide Tannin</resource-name>
					<resource-skill>Weaving</resource-skill>
					<resource-min amount="10">1</resource-min>
					<resource-opt amount="5">200</resource-opt>
				</resource>
				<resource>
					<resource-name>Hide Strip</resource-name>
					<resource-skill>Weaving</resource-skill>
					<resource-min amount="30">600</resource-min>
					<resource-opt amount="15">875</resource-opt>
				</resource>
			</resources>
		</tier>
		<tier>
			<tier-name>Tanned Hide Construction Tarp</tier-name>
			<tier-lvl>2</tier-lvl>
			<tier-allowedtechniques>0</tier-allowedtechniques>
			<tier-attributes>
      </tier-attributes>
			<tier-keywords>
				<tier-keyword>tier_2</tier-keyword>
			</tier-keywords>
			<resources>
				<resource>
					<resource-name>Elm Hide Tannin</resource-name>
					<resource-skill>Weaving</resource-skill>
					<resource-min amount="10">200</resource-min>
					<resource-opt amount="5">425</resource-opt>
				</resource>
				<resource>
					<resource-name>Hide Strip</resource-name>
					<resource-skill>Weaving</resource-skill>
					<resource-min amount="30">400</resource-min>
					<resource-opt amount="15">650</resource-opt>
				</resource>
			</resources>
		</tier>
		<tier>
			<tier-name>Hardened Hide Construction Tarp</tier-name>
			<tier-lvl>3</tier-lvl>
			<tier-allowedtechniques>0</tier-allowedtechniques>
			<tier-attributes>
      </tier-attributes>
			<tier-keywords>
				<tier-keyword>tier_3</tier-keyword>
			</tier-keywords>
			<resources>
				<resource>
					<resource-name>Oak Hide Tannin</resource-name>
					<resource-skill>Weaving</resource-skill>
					<resource-min amount="10">400</resource-min>
					<resource-opt amount="5">650</resource-opt>
				</resource>
				<resource>
					<resource-name>Hide Strip</resource-name>
					<resource-skill>Weaving</resource-skill>
					<resource-min amount="30">400</resource-min>
					<resource-opt amount="15">650</resource-opt>
				</resource>
			</resources>
		</tier>
		<tier>
			<tier-name>Reinforced Hide Construction Tarp</tier-name>
			<tier-lvl>4</tier-lvl>
			<tier-allowedtechniques>0</tier-allowedtechniques>
			<tier-attributes>
      </tier-attributes>
			<tier-keywords>
				<tier-keyword>tier_4</tier-keyword>
			</tier-keywords>
			<resources>
				<resource>
					<resource-name>Maple Hide Tannin</resource-name>
					<resource-skill>Weaving</resource-skill>
					<resource-min amount="10">600</resource-min>
					<resource-opt amount="5">875</resource-opt>
				</resource>
				<resource>
					<resource-name>Hide Strip</resource-name>
					<resource-skill>Weaving</resource-skill>
					<resource-min amount="30">600</resource-min>
					<resource-opt amount="15">875</resource-opt>
				</resource>
			</resources>
		</tier>
		<tier>
			<tier-name>Essence Hide Construction Tarp</tier-name>
			<tier-lvl>5</tier-lvl>
			<tier-allowedtechniques>0</tier-allowedtechniques>
			<tier-attributes>
      </tier-attributes>
			<tier-keywords>
				<tier-keyword>tier_5</tier-keyword>
			</tier-keywords>
			<resources>
				<resource>
					<resource-name>Yew Hide Tannin</resource-name>
					<resource-skill>Weaving</resource-skill>
					<resource-min amount="10">800</resource-min>
					<resource-opt amount="5">1075</resource-opt>
				</resource>
				<resource>
					<resource-name>Hide Strip</resource-name>
					<resource-skill>Weaving</resource-skill>
					<resource-min amount="30">400</resource-min>
					<resource-opt amount="15">650</resource-opt>
				</resource>
			</resources>
		</tier>
		<tier>
			<tier-name>Radiant Hide Construction Tarp</tier-name>
			<tier-lvl>6</tier-lvl>
			<tier-allowedtechniques>0</tier-allowedtechniques>
			<tier-attributes>
      </tier-attributes>
			<tier-keywords>
				<tier-keyword>tier_6</tier-keyword>
			</tier-keywords>
			<resources>
				<resource>
					<resource-name>Thornwood Hide Tannin</resource-name>
					<resource-skill>Weaving</resource-skill>
					<resource-min amount="10">1000</resource-min>
					<resource-opt amount="5">1325</resource-opt>
				</resource>
				<resource>
					<resource-name>Hide Strip</resource-name>
					<resource-skill>Weaving</resource-skill>
					<resource-min amount="30">400</resource-min>
					<resource-opt amount="15">650</resource-opt>
				</resource>
			</resources>
		</tier>
	</item>
	<item>
		<item-name>Metal Construction Jointing</item-name>
		<item-icon>icon_formula_r_01_10_11.png</item-icon>
		<item-batchqty>1</item-batchqty>
		<item-attributes>
			<item-attribute type="equipSlot">All</item-attribute>
			<item-attribute type="bulk">120</item-attribute>
		</item-attributes>
		<tier>
			<tier-name>Bronze Construction Jointing</tier-name>
			<tier-lvl name="I Bronze">1</tier-lvl>
			<tier-allowedtechniques>0</tier-allowedtechniques>
			<tier-attributes>
      </tier-attributes>
			<tier-keywords>
				<tier-keyword>tier_1</tier-keyword>
			</tier-keywords>
			<resources>
				<resource>
					<resource-name>Bronze Bar</resource-name>
					<resource-skill>Fitting</resource-skill>
					<resource-min amount="40">100</resource-min>
					<resource-opt amount="20">300</resource-opt>
				</resource>
			</resources>
		</tier>
		<tier>
			<tier-name>Iron Construction Jointing</tier-name>
			<tier-lvl name="II Iron">2</tier-lvl>
			<tier-allowedtechniques>0</tier-allowedtechniques>
			<tier-attributes>
      </tier-attributes>
			<tier-keywords>
				<tier-keyword>tier_2</tier-keyword>
			</tier-keywords>
			<resources>
				<resource>
					<resource-name>Iron Bar</resource-name>
					<resource-skill>Fitting</resource-skill>
					<resource-min amount="40">300</resource-min>
					<resource-opt amount="20">525</resource-opt>
				</resource>
			</resources>
		</tier>
		<tier>
			<tier-name>Silver Construction Jointing</tier-name>
			<tier-lvl name="II Silver">2</tier-lvl>
			<tier-allowedtechniques>0</tier-allowedtechniques>
			<tier-attributes>
      </tier-attributes>
			<tier-keywords>
				<tier-keyword>tier_2</tier-keyword>
			</tier-keywords>
			<resources>
				<resource>
					<resource-name>Silver Bar</resource-name>
					<resource-skill>Fitting</resource-skill>
					<resource-min amount="40">300</resource-min>
					<resource-opt amount="20">525</resource-opt>
				</resource>
			</resources>
		</tier>
		<tier>
			<tier-name>Gold Construction Jointing</tier-name>
			<tier-lvl name="III Gold">3</tier-lvl>
			<tier-allowedtechniques>0</tier-allowedtechniques>
			<tier-attributes>
      </tier-attributes>
			<tier-keywords>
				<tier-keyword>tier_3</tier-keyword>
			</tier-keywords>
			<resources>
				<resource>
					<resource-name>Gold Bar</resource-name>
					<resource-skill>Fitting</resource-skill>
					<resource-min amount="40">500</resource-min>
					<resource-opt amount="20">750</resource-opt>
				</resource>
			</resources>
		</tier>
		<tier>
			<tier-name>Steel Construction Jointing</tier-name>
			<tier-lvl name="III Steel">3</tier-lvl>
			<tier-allowedtechniques>0</tier-allowedtechniques>
			<tier-attributes>
      </tier-attributes>
			<tier-keywords>
				<tier-keyword>tier_3</tier-keyword>
			</tier-keywords>
			<resources>
				<resource>
					<resource-name>Steel Bar</resource-name>
					<resource-skill>Fitting</resource-skill>
					<resource-min amount="40">500</resource-min>
					<resource-opt amount="20">750</resource-opt>
				</resource>
			</resources>
		</tier>
		<tier>
			<tier-name>Cobalt Construction Jointing</tier-name>
			<tier-lvl name="IV Cobalt">4</tier-lvl>
			<tier-allowedtechniques>0</tier-allowedtechniques>
			<tier-attributes>
      </tier-attributes>
			<tier-keywords>
				<tier-keyword>tier_4</tier-keyword>
			</tier-keywords>
			<resources>
				<resource>
					<resource-name>Cobalt Bar</resource-name>
					<resource-skill>Fitting</resource-skill>
					<resource-min amount="40">700</resource-min>
					<resource-opt amount="20">975</resource-opt>
				</resource>
			</resources>
		</tier>
		<tier>
			<tier-name>Platinum Construction Jointing</tier-name>
			<tier-lvl name="IV Platinum">4</tier-lvl>
			<tier-allowedtechniques>0</tier-allowedtechniques>
			<tier-attributes>
      </tier-attributes>
			<tier-keywords>
				<tier-keyword>tier_4</tier-keyword>
			</tier-keywords>
			<resources>
				<resource>
					<resource-name>Platinum Bar</resource-name>
					<resource-skill>Fitting</resource-skill>
					<resource-min amount="40">700</resource-min>
					<resource-opt amount="20">975</resource-opt>
				</resource>
			</resources>
		</tier>
		<tier>
			<tier-name>Mithril Construction Jointing</tier-name>
			<tier-lvl name="V Mithril">5</tier-lvl>
			<tier-allowedtechniques>0</tier-allowedtechniques>
			<tier-attributes>
      </tier-attributes>
			<tier-keywords>
				<tier-keyword>tier_5</tier-keyword>
			</tier-keywords>
			<resources>
				<resource>
					<resource-name>Mithril Bar</resource-name>
					<resource-skill>Fitting</resource-skill>
					<resource-min amount="40">900</resource-min>
					<resource-opt amount="20">1175</resource-opt>
				</resource>
			</resources>
		</tier>
		<tier>
			<tier-name>Adamantium Construction Jointing</tier-name>
			<tier-lvl name="VI Adamantium">6</tier-lvl>
			<tier-allowedtechniques>0</tier-allowedtechniques>
			<tier-attributes>
      </tier-attributes>
			<tier-keywords>
				<tier-keyword>tier_6</tier-keyword>
			</tier-keywords>
			<resources>
				<resource>
					<resource-name>Adamantium Bar</resource-name>
					<resource-skill>Fitting</resource-skill>
					<resource-min amount="40">1100</resource-min>
					<resource-opt amount="20">1425</resource-opt>
				</resource>
			</resources>
		</tier>
	</item>
	<item>
		<item-name>Metal Construction Sheeting</item-name>
		<item-icon>icon_formula_r_01_05_11.png</item-icon>
		<item-batchqty>1</item-batchqty>
		<item-attributes>
			<item-attribute type="equipSlot">All</item-attribute>
			<item-attribute type="bulk">120</item-attribute>
		</item-attributes>
		<tier>
			<tier-name>Bronze Construction Sheeting</tier-name>
			<tier-lvl name="I Bronze">1</tier-lvl>
			<tier-desc>A large sheet pounded from bronze bars, used in structure construction.</tier-desc>
			<tier-allowedtechniques>0</tier-allowedtechniques>
			<tier-attributes>
      </tier-attributes>
			<tier-keywords>
				<tier-keyword>tier_1</tier-keyword>
			</tier-keywords>
			<resources>
				<resource>
					<resource-name>Bronze Bar</resource-name>
					<resource-skill>Fitting</resource-skill>
					<resource-min amount="30">1</resource-min>
					<resource-opt amount="15">200</resource-opt>
				</resource>
			</resources>
		</tier>
		<tier>
			<tier-name>Iron Construction Sheeting</tier-name>
			<tier-lvl name="II Iron">2</tier-lvl>
			<tier-desc>A large sheet pounded from iron bars, used in structure construction.</tier-desc>
			<tier-allowedtechniques>0</tier-allowedtechniques>
			<tier-attributes>
      </tier-attributes>
			<tier-keywords>
				<tier-keyword>tier_2</tier-keyword>
			</tier-keywords>
			<resources>
				<resource>
					<resource-name>Iron Bar</resource-name>
					<resource-skill>Fitting</resource-skill>
					<resource-min amount="30">200</resource-min>
					<resource-opt amount="15">425</resource-opt>
				</resource>
			</resources>
		</tier>
		<tier>
			<tier-name>Silver Construction Sheeting</tier-name>
			<tier-lvl name="II Silver">2</tier-lvl>
			<tier-desc>A large sheet pounded from silver bars, used in structure construction.</tier-desc>
			<tier-allowedtechniques>0</tier-allowedtechniques>
			<tier-attributes>
      </tier-attributes>
			<tier-keywords>
				<tier-keyword>tier_2</tier-keyword>
			</tier-keywords>
			<resources>
				<resource>
					<resource-name>Silver Bar</resource-name>
					<resource-skill>Fitting</resource-skill>
					<resource-min amount="30">200</resource-min>
					<resource-opt amount="15">425</resource-opt>
				</resource>
			</resources>
		</tier>
		<tier>
			<tier-name>Gold Construction Sheeting</tier-name>
			<tier-lvl name="III Gold">3</tier-lvl>
			<tier-desc>A large sheet pounded from gold bars, used in structure construction.</tier-desc>
			<tier-allowedtechniques>0</tier-allowedtechniques>
			<tier-attributes>
      </tier-attributes>
			<tier-keywords>
				<tier-keyword>tier_3</tier-keyword>
			</tier-keywords>
			<resources>
				<resource>
					<resource-name>Gold Bar</resource-name>
					<resource-skill>Fitting</resource-skill>
					<resource-min amount="30">400</resource-min>
					<resource-opt amount="15">650</resource-opt>
				</resource>
			</resources>
		</tier>
		<tier>
			<tier-name>Steel Construction Sheeting</tier-name>
			<tier-lvl name="III Steel">3</tier-lvl>
			<tier-desc>A large sheet pounded from steel bars, used in structure construction.</tier-desc>
			<tier-allowedtechniques>0</tier-allowedtechniques>
			<tier-attributes>
      </tier-attributes>
			<tier-keywords>
				<tier-keyword>tier_3</tier-keyword>
			</tier-keywords>
			<resources>
				<resource>
					<resource-name>Steel Bar</resource-name>
					<resource-skill>Fitting</resource-skill>
					<resource-min amount="30">400</resource-min>
					<resource-opt amount="15">650</resource-opt>
				</resource>
			</resources>
		</tier>
		<tier>
			<tier-name>Cobalt Construction Sheeting</tier-name>
			<tier-lvl name="IV Cobalt">4</tier-lvl>
			<tier-desc>A large sheet pounded from cobalt bars, used in structure construction.</tier-desc>
			<tier-allowedtechniques>0</tier-allowedtechniques>
			<tier-attributes>
      </tier-attributes>
			<tier-keywords>
				<tier-keyword>tier_4</tier-keyword>
			</tier-keywords>
			<resources>
				<resource>
					<resource-name>Cobalt Bar</resource-name>
					<resource-skill>Fitting</resource-skill>
					<resource-min amount="30">600</resource-min>
					<resource-opt amount="15">875</resource-opt>
				</resource>
			</resources>
		</tier>
		<tier>
			<tier-name>Platinum Construction Sheeting</tier-name>
			<tier-lvl name="IV Platinum">4</tier-lvl>
			<tier-desc>A large sheet pounded from platinum bars, used in structure construction.</tier-desc>
			<tier-allowedtechniques>0</tier-allowedtechniques>
			<tier-attributes>
      </tier-attributes>
			<tier-keywords>
				<tier-keyword>tier_4</tier-keyword>
			</tier-keywords>
			<resources>
				<resource>
					<resource-name>Platinum Bar</resource-name>
					<resource-skill>Fitting</resource-skill>
					<resource-min amount="30">600</resource-min>
					<resource-opt amount="15">875</resource-opt>
				</resource>
			</resources>
		</tier>
		<tier>
			<tier-name>Mithril Construction Sheeting</tier-name>
			<tier-lvl name="V Mithril">5</tier-lvl>
			<tier-desc>A large sheet pounded from mithril bars, used in structure construction.</tier-desc>
			<tier-allowedtechniques>0</tier-allowedtechniques>
			<tier-attributes>
      </tier-attributes>
			<tier-keywords>
				<tier-keyword>tier_5</tier-keyword>
			</tier-keywords>
			<resources>
				<resource>
					<resource-name>Mithril Bar</resource-name>
					<resource-skill>Fitting</resource-skill>
					<resource-min amount="30">800</resource-min>
					<resource-opt amount="15">1075</resource-opt>
				</resource>
			</resources>
		</tier>
		<tier>
			<tier-name>Adamantium Construction Sheeting</tier-name>
			<tier-lvl name="VI Adamantium">6</tier-lvl>
			<tier-desc>A large sheet pounded from adamantium bars, used in structure construction.</tier-desc>
			<tier-allowedtechniques>0</tier-allowedtechniques>
			<tier-attributes>
      </tier-attributes>
			<tier-keywords>
				<tier-keyword>tier_6</tier-keyword>
			</tier-keywords>
			<resources>
				<resource>
					<resource-name>Adamantium Bar</resource-name>
					<resource-skill>Fitting</resource-skill>
					<resource-min amount="30">1000</resource-min>
					<resource-opt amount="15">1325</resource-opt>
				</resource>
			</resources>
		</tier>
	</item>
	<item>
		<item-name>Stone Construction Block</item-name>
		<item-icon>icon_formula_r_02_06_11.png</item-icon>
		<item-batchqty>1</item-batchqty>
		<item-attributes>
			<item-attribute type="equipSlot">All</item-attribute>
			<item-attribute type="bulk">120</item-attribute>
		</item-attributes>
		<tier>
			<tier-name>Sandstone Construction Block</tier-name>
			<tier-lvl>1</tier-lvl>
			<tier-desc>Made from sandstone bricks, this block is used in construction.</tier-desc>
			<tier-allowedtechniques>0</tier-allowedtechniques>
			<tier-attributes>
      </tier-attributes>
			<tier-keywords>
				<tier-keyword>tier_1</tier-keyword>
			</tier-keywords>
			<resources>
				<resource>
					<resource-name>Sandstone Brick</resource-name>
					<resource-skill>Masonry</resource-skill>
					<resource-min amount="30">1</resource-min>
					<resource-opt amount="15">200</resource-opt>
				</resource>
			</resources>
		</tier>
		<tier>
			<tier-name>Slate Construction Block</tier-name>
			<tier-lvl>2</tier-lvl>
			<tier-desc>Made from slate bricks, this block is used in construction.</tier-desc>
			<tier-allowedtechniques>0</tier-allowedtechniques>
			<tier-attributes>
      </tier-attributes>
			<tier-keywords>
				<tier-keyword>tier_2</tier-keyword>
			</tier-keywords>
			<resources>
				<resource>
					<resource-name>Slate Brick</resource-name>
					<resource-skill>Masonry</resource-skill>
					<resource-min amount="30">200</resource-min>
					<resource-opt amount="15">425</resource-opt>
				</resource>
			</resources>
		</tier>
		<tier>
			<tier-name>Granite Construction Block</tier-name>
			<tier-lvl>3</tier-lvl>
			<tier-desc>Made from granite bricks, this block is used in construction.</tier-desc>
			<tier-allowedtechniques>0</tier-allowedtechniques>
			<tier-attributes>
      </tier-attributes>
			<tier-keywords>
				<tier-keyword>tier_3</tier-keyword>
			</tier-keywords>
			<resources>
				<resource>
					<resource-name>Granite Brick</resource-name>
					<resource-skill>Masonry</resource-skill>
					<resource-min amount="30">400</resource-min>
					<resource-opt amount="15">650</resource-opt>
				</resource>
			</resources>
		</tier>
		<tier>
			<tier-name>Obsidian Construction Block</tier-name>
			<tier-lvl>4</tier-lvl>
			<tier-desc>Made from obsidian bricks, this block is used in construction.</tier-desc>
			<tier-allowedtechniques>0</tier-allowedtechniques>
			<tier-attributes>
      </tier-attributes>
			<tier-keywords>
				<tier-keyword>tier_4</tier-keyword>
			</tier-keywords>
			<resources>
				<resource>
					<resource-name>Obsidian Brick</resource-name>
					<resource-skill>Masonry</resource-skill>
					<resource-min amount="30">600</resource-min>
					<resource-opt amount="15">875</resource-opt>
				</resource>
			</resources>
		</tier>
		<tier>
			<tier-name>Marble Construction Block</tier-name>
			<tier-lvl>5</tier-lvl>
			<tier-desc>Made from marble bricks, this block is used in construction.</tier-desc>
			<tier-allowedtechniques>0</tier-allowedtechniques>
			<tier-attributes>
      </tier-attributes>
			<tier-keywords>
				<tier-keyword>tier_5</tier-keyword>
			</tier-keywords>
			<resources>
				<resource>
					<resource-name>Marble Brick</resource-name>
					<resource-skill>Masonry</resource-skill>
					<resource-min amount="30">800</resource-min>
					<resource-opt amount="15">1075</resource-opt>
				</resource>
			</resources>
		</tier>
		<tier>
			<tier-name>Travertine Construction Block</tier-name>
			<tier-lvl>6</tier-lvl>
			<tier-desc>Made from travertine bricks, this block is used in construction.</tier-desc>
			<tier-allowedtechniques>0</tier-allowedtechniques>
			<tier-attributes>
      </tier-attributes>
			<tier-keywords>
				<tier-keyword>tier_6</tier-keyword>
			</tier-keywords>
			<resources>
				<resource>
					<resource-name>Travertine Brick</resource-name>
					<resource-skill>Masonry</resource-skill>
					<resource-min amount="30">1000</resource-min>
					<resource-opt amount="15">1325</resource-opt>
				</resource>
			</resources>
		</tier>
	</item>
	<item>
		<item-name>Stone Construction Keystones</item-name>
		<item-icon>icon_formula_r_02_10_11.png</item-icon>
		<item-batchqty>1</item-batchqty>
		<item-attributes>
			<item-attribute type="equipSlot">All</item-attribute>
			<item-attribute type="bulk">120</item-attribute>
		</item-attributes>
		<tier>
			<tier-name>Sandstone Construction Keystones</tier-name>
			<tier-lvl>1</tier-lvl>
			<tier-allowedtechniques>0</tier-allowedtechniques>
			<tier-attributes>
      </tier-attributes>
			<tier-keywords>
				<tier-keyword>tier_1</tier-keyword>
			</tier-keywords>
			<resources>
				<resource>
					<resource-name>Sandstone Brick</resource-name>
					<resource-skill>Masonry</resource-skill>
					<resource-min amount="40">100</resource-min>
					<resource-opt amount="20">300</resource-opt>
				</resource>
			</resources>
		</tier>
		<tier>
			<tier-name>Slate Construction Keystones</tier-name>
			<tier-lvl>2</tier-lvl>
			<tier-allowedtechniques>0</tier-allowedtechniques>
			<tier-attributes>
      </tier-attributes>
			<tier-keywords>
				<tier-keyword>tier_2</tier-keyword>
			</tier-keywords>
			<resources>
				<resource>
					<resource-name>Slate Brick</resource-name>
					<resource-skill>Masonry</resource-skill>
					<resource-min amount="40">300</resource-min>
					<resource-opt amount="20">525</resource-opt>
				</resource>
			</resources>
		</tier>
		<tier>
			<tier-name>Granite Construction Keystones</tier-name>
			<tier-lvl>3</tier-lvl>
			<tier-allowedtechniques>0</tier-allowedtechniques>
			<tier-attributes>
      </tier-attributes>
			<tier-keywords>
				<tier-keyword>tier_3</tier-keyword>
			</tier-keywords>
			<resources>
				<resource>
					<resource-name>Granite Brick</resource-name>
					<resource-skill>Masonry</resource-skill>
					<resource-min amount="40">500</resource-min>
					<resource-opt amount="20">750</resource-opt>
				</resource>
			</resources>
		</tier>
		<tier>
			<tier-name>Obsidian Construction Keystones</tier-name>
			<tier-lvl>4</tier-lvl>
			<tier-allowedtechniques>0</tier-allowedtechniques>
			<tier-attributes>
      </tier-attributes>
			<tier-keywords>
				<tier-keyword>tier_4</tier-keyword>
			</tier-keywords>
			<resources>
				<resource>
					<resource-name>Obsidian Brick</resource-name>
					<resource-skill>Masonry</resource-skill>
					<resource-min amount="40">700</resource-min>
					<resource-opt amount="20">975</resource-opt>
				</resource>
			</resources>
		</tier>
		<tier>
			<tier-name>Marble Construction Keystones</tier-name>
			<tier-lvl>5</tier-lvl>
			<tier-allowedtechniques>0</tier-allowedtechniques>
			<tier-attributes>
      </tier-attributes>
			<tier-keywords>
				<tier-keyword>tier_5</tier-keyword>
			</tier-keywords>
			<resources>
				<resource>
					<resource-name>Marble Brick</resource-name>
					<resource-skill>Masonry</resource-skill>
					<resource-min amount="40">900</resource-min>
					<resource-opt amount="20">1175</resource-opt>
				</resource>
			</resources>
		</tier>
		<tier>
			<tier-name>Travertine Construction Keystones</tier-name>
			<tier-lvl>6</tier-lvl>
			<tier-allowedtechniques>0</tier-allowedtechniques>
			<tier-attributes>
      </tier-attributes>
			<tier-keywords>
				<tier-keyword>tier_6</tier-keyword>
			</tier-keywords>
			<resources>
				<resource>
					<resource-name>Travertine Brick</resource-name>
					<resource-skill>Masonry</resource-skill>
					<resource-min amount="40">1100</resource-min>
					<resource-opt amount="20">1425</resource-opt>
				</resource>
			</resources>
		</tier>
	</item>
	<item>
		<item-name>Wood Construction Braces</item-name>
		<item-icon>icon_formula_r_05_08_11.png</item-icon>
		<item-batchqty>1</item-batchqty>
		<item-attributes>
			<item-attribute type="equipSlot">All</item-attribute>
			<item-attribute type="bulk">120</item-attribute>
		</item-attributes>
		<tier>
			<tier-name>Cedar Construction Braces</tier-name>
			<tier-lvl>1</tier-lvl>
			<tier-allowedtechniques>0</tier-allowedtechniques>
			<tier-attributes>
      </tier-attributes>
			<tier-keywords>
				<tier-keyword>tier_1</tier-keyword>
			</tier-keywords>
			<resources>
				<resource>
					<resource-name>Cedar Board</resource-name>
					<resource-skill>Carpentry</resource-skill>
					<resource-min amount="40">100</resource-min>
					<resource-opt amount="20">300</resource-opt>
				</resource>
			</resources>
		</tier>
		<tier>
			<tier-name>Elm Construction Braces</tier-name>
			<tier-lvl>2</tier-lvl>
			<tier-allowedtechniques>0</tier-allowedtechniques>
			<tier-attributes>
      </tier-attributes>
			<tier-keywords>
				<tier-keyword>resourcetype_processed</tier-keyword>
				<tier-keyword>tier_2</tier-keyword>
				<tier-keyword>resource_wood</tier-keyword>
			</tier-keywords>
			<resources>
				<resource>
					<resource-name>Elm Board</resource-name>
					<resource-skill>Carpentry</resource-skill>
					<resource-min amount="40">300</resource-min>
					<resource-opt amount="20">525</resource-opt>
				</resource>
			</resources>
		</tier>
		<tier>
			<tier-name>Oak Construction Braces</tier-name>
			<tier-lvl>3</tier-lvl>
			<tier-allowedtechniques>0</tier-allowedtechniques>
			<tier-attributes>
      </tier-attributes>
			<tier-keywords>
				<tier-keyword>tier_3</tier-keyword>
			</tier-keywords>
			<resources>
				<resource>
					<resource-name>Oak Board</resource-name>
					<resource-skill>Carpentry</resource-skill>
					<resource-min amount="40">500</resource-min>
					<resource-opt amount="20">750</resource-opt>
				</resource>
			</resources>
		</tier>
		<tier>
			<tier-name>Maple Construction Braces</tier-name>
			<tier-lvl>4</tier-lvl>
			<tier-allowedtechniques>0</tier-allowedtechniques>
			<tier-attributes>
      </tier-attributes>
			<tier-keywords>
				<tier-keyword>tier_4</tier-keyword>
			</tier-keywords>
			<resources>
				<resource>
					<resource-name>Maple Board</resource-name>
					<resource-skill>Carpentry</resource-skill>
					<resource-min amount="40">700</resource-min>
					<resource-opt amount="20">975</resource-opt>
				</resource>
			</resources>
		</tier>
		<tier>
			<tier-name>Yew Construction Braces</tier-name>
			<tier-lvl>5</tier-lvl>
			<tier-allowedtechniques>0</tier-allowedtechniques>
			<tier-attributes>
      </tier-attributes>
			<tier-keywords>
				<tier-keyword>tier_5</tier-keyword>
				<tier-keyword>resource_wood</tier-keyword>
			</tier-keywords>
			<resources>
				<resource>
					<resource-name>Yew Board</resource-name>
					<resource-skill>Carpentry</resource-skill>
					<resource-min amount="40">900</resource-min>
					<resource-opt amount="20">1175</resource-opt>
				</resource>
			</resources>
		</tier>
		<tier>
			<tier-name>Thornwood Construction Braces</tier-name>
			<tier-lvl>6</tier-lvl>
			<tier-allowedtechniques>0</tier-allowedtechniques>
			<tier-attributes>
      </tier-attributes>
			<tier-keywords>
				<tier-keyword>tier_6</tier-keyword>
				<tier-keyword>resource_wood</tier-keyword>
			</tier-keywords>
			<resources>
				<resource>
					<resource-name>Thornwood Board</resource-name>
					<resource-skill>Carpentry</resource-skill>
					<resource-min amount="40">1100</resource-min>
					<resource-opt amount="20">1425</resource-opt>
				</resource>
			</resources>
		</tier>
	</item>
	<item>
		<item-name>Wood Construction Timber</item-name>
		<item-icon>icon_formula_r_05_06_11.png</item-icon>
		<item-batchqty>1</item-batchqty>
		<item-attributes>
			<item-attribute type="equipSlot">All</item-attribute>
			<item-attribute type="bulk">120</item-attribute>
		</item-attributes>
		<tier>
			<tier-name>Cedar Construction Timber</tier-name>
			<tier-lvl>1</tier-lvl>
			<tier-desc>A large piece of cedar timber, used in construction projects.</tier-desc>
			<tier-allowedtechniques>0</tier-allowedtechniques>
			<tier-attributes>
      </tier-attributes>
			<tier-keywords>
				<tier-keyword>tier_1</tier-keyword>
			</tier-keywords>
			<resources>
				<resource>
					<resource-name>Cedar Board</resource-name>
					<resource-skill>Carpentry</resource-skill>
					<resource-min amount="30">1</resource-min>
					<resource-opt amount="15">200</resource-opt>
				</resource>
			</resources>
		</tier>
		<tier>
			<tier-name>Elm Construction Timber</tier-name>
			<tier-lvl>2</tier-lvl>
			<tier-desc>A large piece of elm timber, used in construction projects.</tier-desc>
			<tier-allowedtechniques>0</tier-allowedtechniques>
			<tier-attributes>
      </tier-attributes>
			<tier-keywords>
				<tier-keyword>resourcetype_processed</tier-keyword>
				<tier-keyword>tier_2</tier-keyword>
				<tier-keyword>resource_wood</tier-keyword>
			</tier-keywords>
			<resources>
				<resource>
					<resource-name>Elm Board</resource-name>
					<resource-skill>Carpentry</resource-skill>
					<resource-min amount="30">200</resource-min>
					<resource-opt amount="15">425</resource-opt>
				</resource>
			</resources>
		</tier>
		<tier>
			<tier-name>Oak Construction Timber</tier-name>
			<tier-lvl>3</tier-lvl>
			<tier-desc>A large piece of oak timber, used in construction projects.</tier-desc>
			<tier-allowedtechniques>0</tier-allowedtechniques>
			<tier-attributes>
      </tier-attributes>
			<tier-keywords>
				<tier-keyword>tier_3</tier-keyword>
			</tier-keywords>
			<resources>
				<resource>
					<resource-name>Oak Board</resource-name>
					<resource-skill>Carpentry</resource-skill>
					<resource-min amount="30">400</resource-min>
					<resource-opt amount="15">650</resource-opt>
				</resource>
			</resources>
		</tier>
		<tier>
			<tier-name>Maple Construction Timber</tier-name>
			<tier-lvl>4</tier-lvl>
			<tier-desc>A large piece of maple timber, used in construction projects.</tier-desc>
			<tier-allowedtechniques>0</tier-allowedtechniques>
			<tier-attributes>
      </tier-attributes>
			<tier-keywords>
				<tier-keyword>tier_4</tier-keyword>
			</tier-keywords>
			<resources>
				<resource>
					<resource-name>Maple Board</resource-name>
					<resource-skill>Carpentry</resource-skill>
					<resource-min amount="30">600</resource-min>
					<resource-opt amount="15">875</resource-opt>
				</resource>
			</resources>
		</tier>
		<tier>
			<tier-name>Yew Construction Timber</tier-name>
			<tier-lvl>5</tier-lvl>
			<tier-desc>A large piece of yew timber, used in construction projects.</tier-desc>
			<tier-allowedtechniques>0</tier-allowedtechniques>
			<tier-attributes>
      </tier-attributes>
			<tier-keywords>
				<tier-keyword>tier_5</tier-keyword>
				<tier-keyword>resource_wood</tier-keyword>
			</tier-keywords>
			<resources>
				<resource>
					<resource-name>Yew Board</resource-name>
					<resource-skill>Carpentry</resource-skill>
					<resource-min amount="30">800</resource-min>
					<resource-opt amount="15">1075</resource-opt>
				</resource>
			</resources>
		</tier>
		<tier>
			<tier-name>Thornwood Construction Timber</tier-name>
			<tier-lvl>6</tier-lvl>
			<tier-desc>A large piece of thornwood timber, used in construction projects.</tier-desc>
			<tier-allowedtechniques>0</tier-allowedtechniques>
			<tier-attributes>
      </tier-attributes>
			<tier-keywords>
				<tier-keyword>tier_6</tier-keyword>
				<tier-keyword>resource_wood</tier-keyword>
			</tier-keywords>
			<resources>
				<resource>
					<resource-name>Thornwood Board</resource-name>
					<resource-skill>Carpentry</resource-skill>
					<resource-min amount="30">1000</resource-min>
					<resource-opt amount="15">1325</resource-opt>
				</resource>
			</resources>
		</tier>
	</item>
</formulaset>
