<?xml version="1.0" encoding="ISO-8859-1"?>
<formulaset format="2.1">
	<formulaset-name>Resources - Earthencraft</formulaset-name>
	<formulaset-categories>
		<formulaset-category>Resources</formulaset-category>
	</formulaset-categories>
	<item>
		<item-name>Glass Bottles</item-name>
		<item-icon>icon_formula_r_02_12_11.png</item-icon>
		<item-batchqty>2</item-batchqty>
		<item-attributes>
			<item-attribute type="equipSlot">All</item-attribute>
			<item-attribute type="bulk">1</item-attribute>
		</item-attributes>
		<item-keywords>
			<item-keyword>resourcetype_processed</item-keyword>
			<item-keyword>tier_1</item-keyword>
			<item-keyword>resource_stone</item-keyword>
		</item-keywords>
		<tier>
			<tier-name>Glass Bottle</tier-name>
			<tier-lvl>1</tier-lvl>
			<tier-allowedtechniques>0</tier-allowedtechniques>
			<tier-attributes>
      </tier-attributes>
			<resources>
				<resource>
					<resource-name>Glass Nodule</resource-name>
					<resource-skill>Earthencraft</resource-skill>
					<resource-min amount="8">1</resource-min>
					<resource-opt amount="4">200</resource-opt>
				</resource>
			</resources>
		</tier>
	</item>
	<item>
		<item-name>Glass Nodule</item-name>
		<item-icon>icon_formula_r_02_07_11.png</item-icon>
		<item-batchqty>1</item-batchqty>
		<item-attributes>
			<item-attribute type="equipSlot">All</item-attribute>
			<item-attribute type="bulk">3</item-attribute>
		</item-attributes>
		<item-keywords>
			<item-keyword>resourcetype_processed</item-keyword>
			<item-keyword>tier_1</item-keyword>
			<item-keyword>resource_stone</item-keyword>
		</item-keywords>
		<tier>
			<tier-name>Glass Nodule</tier-name>
			<tier-lvl>1</tier-lvl>
			<tier-desc>Looks like this nodule could be used to make glass vials.</tier-desc>
			<tier-allowedtechniques>0</tier-allowedtechniques>
			<tier-attributes>
      </tier-attributes>
			<resources>
				<resource>
					<resource-name>Sand</resource-name>
					<resource-skill>Earthencraft</resource-skill>
					<resource-min amount="10">1</resource-min>
					<resource-opt amount="5">200</resource-opt>
				</resource>
			</resources>
		</tier>
	</item>
	<item>
		<item-name>Glass Vials</item-name>
		<item-icon>icon_formula_r_02_08_11.png</item-icon>
		<item-batchqty>5</item-batchqty>
		<item-attributes>
			<item-attribute type="equipSlot">All</item-attribute>
			<item-attribute type="bulk">1</item-attribute>
		</item-attributes>
		<item-keywords>
			<item-keyword>resourcetype_processed</item-keyword>
			<item-keyword>tier_1</item-keyword>
			<item-keyword>resource_stone</item-keyword>
		</item-keywords>
		<tier>
			<tier-name>Glass Vial</tier-name>
			<tier-lvl>1</tier-lvl>
			<tier-desc>This vial could be useful in holding potions.</tier-desc>
			<tier-allowedtechniques>0</tier-allowedtechniques>
			<tier-attributes>
      </tier-attributes>
			<resources>
				<resource>
					<resource-name>Glass Nodule</resource-name>
					<resource-skill>Earthencraft</resource-skill>
					<resource-min amount="8">1</resource-min>
					<resource-opt amount="2">400</resource-opt>
				</resource>
			</resources>
		</tier>
	</item>
	<item>
		<item-name>Cooking Bowls</item-name>
		<item-icon>icon_formula_r_03_02_11.png</item-icon>
		<item-batchqty>2</item-batchqty>
		<item-attributes>
			<item-attribute type="equipSlot">All</item-attribute>
			<item-attribute type="bulk">4</item-attribute>
		</item-attributes>
		<tier>
			<tier-name>Adobe Cooking Bowl</tier-name>
			<tier-lvl>1</tier-lvl>
			<tier-desc>A cooking bowl, made from adobe clay.</tier-desc>
			<tier-allowedtechniques>0</tier-allowedtechniques>
			<tier-attributes>
      </tier-attributes>
			<tier-keywords>
				<tier-keyword>tier_1</tier-keyword>
			</tier-keywords>
			<resources>
				<resource>
					<resource-name>Adobe Clay Chunk</resource-name>
					<resource-skill>Earthencraft</resource-skill>
					<resource-min amount="5">1</resource-min>
					<resource-opt amount="2">200</resource-opt>
				</resource>
				<resource>
					<resource-name>Water</resource-name>
					<resource-skill>Earthencraft</resource-skill>
					<resource-min amount="5">400</resource-min>
					<resource-opt amount="3">875</resource-opt>
				</resource>
			</resources>
		</tier>
		<tier>
			<tier-name>Earthenware Cooking Bowl</tier-name>
			<tier-lvl>2</tier-lvl>
			<tier-desc>A cooking bowl, made from earthenware clay.</tier-desc>
			<tier-allowedtechniques>0</tier-allowedtechniques>
			<tier-attributes>
      </tier-attributes>
			<tier-keywords>
				<tier-keyword>tier_2</tier-keyword>
			</tier-keywords>
			<resources>
				<resource>
					<resource-name>Earthenware Clay Chunk</resource-name>
					<resource-skill>Earthencraft</resource-skill>
					<resource-min amount="5">200</resource-min>
					<resource-opt amount="2">425</resource-opt>
				</resource>
				<resource>
					<resource-name>Water</resource-name>
					<resource-skill>Earthencraft</resource-skill>
					<resource-min amount="5">400</resource-min>
					<resource-opt amount="3">875</resource-opt>
				</resource>
			</resources>
		</tier>
		<tier>
			<tier-name>Terra Cotta Cooking Bowl</tier-name>
			<tier-lvl>3</tier-lvl>
			<tier-desc>A cooking bowl, made from terra cotta clay.</tier-desc>
			<tier-allowedtechniques>0</tier-allowedtechniques>
			<tier-attributes>
      </tier-attributes>
			<tier-keywords>
				<tier-keyword>tier_3</tier-keyword>
			</tier-keywords>
			<resources>
				<resource>
					<resource-name>Terra Cotta Clay Chunk</resource-name>
					<resource-skill>Earthencraft</resource-skill>
					<resource-min amount="5">400</resource-min>
					<resource-opt amount="2">650</resource-opt>
				</resource>
				<resource>
					<resource-name>Water</resource-name>
					<resource-skill>Earthencraft</resource-skill>
					<resource-min amount="5">400</resource-min>
					<resource-opt amount="3">875</resource-opt>
				</resource>
			</resources>
		</tier>
		<tier>
			<tier-name>Stoneware Cooking Bowl</tier-name>
			<tier-lvl>4</tier-lvl>
			<tier-desc>A cooking bowl, made from stoneware clay.</tier-desc>
			<tier-allowedtechniques>0</tier-allowedtechniques>
			<tier-attributes>
      </tier-attributes>
			<tier-keywords>
				<tier-keyword>tier_4</tier-keyword>
			</tier-keywords>
			<resources>
				<resource>
					<resource-name>Stoneware Clay Chunk</resource-name>
					<resource-skill>Earthencraft</resource-skill>
					<resource-min amount="5">600</resource-min>
					<resource-opt amount="2">875</resource-opt>
				</resource>
				<resource>
					<resource-name>Water</resource-name>
					<resource-skill>Earthencraft</resource-skill>
					<resource-min amount="5">400</resource-min>
					<resource-opt amount="3">875</resource-opt>
				</resource>
			</resources>
		</tier>
		<tier>
			<tier-name>Geostone Cooking Bowl</tier-name>
			<tier-lvl>5</tier-lvl>
			<tier-desc>A cooking bowl, made from geostone clay.</tier-desc>
			<tier-allowedtechniques>0</tier-allowedtechniques>
			<tier-attributes>
      </tier-attributes>
			<tier-keywords>
				<tier-keyword>tier_5</tier-keyword>
			</tier-keywords>
			<resources>
				<resource>
					<resource-name>Geostone Clay Chunk</resource-name>
					<resource-skill>Earthencraft</resource-skill>
					<resource-min amount="5">800</resource-min>
					<resource-opt amount="2">1075</resource-opt>
				</resource>
				<resource>
					<resource-name>Water</resource-name>
					<resource-skill>Earthencraft</resource-skill>
					<resource-min amount="5">400</resource-min>
					<resource-opt amount="3">875</resource-opt>
				</resource>
			</resources>
		</tier>
	</item>
	<item>
		<item-name>Cooking Jars</item-name>
		<item-icon>icon_formula_r_03_03_11.png</item-icon>
		<item-batchqty>2</item-batchqty>
		<item-attributes>
			<item-attribute type="equipSlot">All</item-attribute>
			<item-attribute type="bulk">4</item-attribute>
		</item-attributes>
		<tier>
			<tier-name>Adobe Cooking Jar</tier-name>
			<tier-lvl>1</tier-lvl>
			<tier-desc>A jar used in cooking, made from adobe clay.</tier-desc>
			<tier-allowedtechniques>0</tier-allowedtechniques>
			<tier-attributes>
      </tier-attributes>
			<tier-keywords>
				<tier-keyword>tier_1</tier-keyword>
			</tier-keywords>
			<resources>
				<resource>
					<resource-name>Adobe Clay Chunk</resource-name>
					<resource-skill>Earthencraft</resource-skill>
					<resource-min amount="8">100</resource-min>
					<resource-opt amount="4">300</resource-opt>
				</resource>
				<resource>
					<resource-name>Water</resource-name>
					<resource-skill>Earthencraft</resource-skill>
					<resource-min amount="5">500</resource-min>
					<resource-opt amount="3">975</resource-opt>
				</resource>
			</resources>
		</tier>
		<tier>
			<tier-name>Earthenware Cooking Jar</tier-name>
			<tier-lvl>2</tier-lvl>
			<tier-desc>A jar used in cooking, made from earthenware clay.</tier-desc>
			<tier-allowedtechniques>0</tier-allowedtechniques>
			<tier-attributes>
      </tier-attributes>
			<tier-keywords>
				<tier-keyword>tier_2</tier-keyword>
			</tier-keywords>
			<resources>
				<resource>
					<resource-name>Earthenware Clay Chunk</resource-name>
					<resource-skill>Earthencraft</resource-skill>
					<resource-min amount="8">300</resource-min>
					<resource-opt amount="4">525</resource-opt>
				</resource>
				<resource>
					<resource-name>Water</resource-name>
					<resource-skill>Earthencraft</resource-skill>
					<resource-min amount="5">500</resource-min>
					<resource-opt amount="3">975</resource-opt>
				</resource>
			</resources>
		</tier>
		<tier>
			<tier-name>Terra Cotta Cooking Jar</tier-name>
			<tier-lvl>3</tier-lvl>
			<tier-desc>A jar used in cooking, made from terra cotta clay.</tier-desc>
			<tier-allowedtechniques>0</tier-allowedtechniques>
			<tier-attributes>
      </tier-attributes>
			<tier-keywords>
				<tier-keyword>tier_3</tier-keyword>
			</tier-keywords>
			<resources>
				<resource>
					<resource-name>Terra Cotta Clay Chunk</resource-name>
					<resource-skill>Earthencraft</resource-skill>
					<resource-min amount="8">500</resource-min>
					<resource-opt amount="4">750</resource-opt>
				</resource>
				<resource>
					<resource-name>Water</resource-name>
					<resource-skill>Earthencraft</resource-skill>
					<resource-min amount="5">500</resource-min>
					<resource-opt amount="3">975</resource-opt>
				</resource>
			</resources>
		</tier>
		<tier>
			<tier-name>Stoneware Cooking Jar</tier-name>
			<tier-lvl>4</tier-lvl>
			<tier-desc>A jar used in cooking, made from stoneware clay.</tier-desc>
			<tier-allowedtechniques>0</tier-allowedtechniques>
			<tier-attributes>
      </tier-attributes>
			<tier-keywords>
				<tier-keyword>tier_4</tier-keyword>
			</tier-keywords>
			<resources>
				<resource>
					<resource-name>Stoneware Clay Chunk</resource-name>
					<resource-skill>Earthencraft</resource-skill>
					<resource-min amount="8">700</resource-min>
					<resource-opt amount="4">975</resource-opt>
				</resource>
				<resource>
					<resource-name>Water</resource-name>
					<resource-skill>Earthencraft</resource-skill>
					<resource-min amount="5">500</resource-min>
					<resource-opt amount="3">975</resource-opt>
				</resource>
			</resources>
		</tier>
		<tier>
			<tier-name>Geostone Cooking Jar</tier-name>
			<tier-lvl>5</tier-lvl>
			<tier-desc>A jar used in cooking, made from geostone clay.</tier-desc>
			<tier-allowedtechniques>0</tier-allowedtechniques>
			<tier-attributes>
      </tier-attributes>
			<tier-keywords>
				<tier-keyword>tier_5</tier-keyword>
			</tier-keywords>
			<resources>
				<resource>
					<resource-name>Geostone Clay Chunk</resource-name>
					<resource-skill>Earthencraft</resource-skill>
					<resource-min amount="8">900</resource-min>
					<resource-opt amount="4">1175</resource-opt>
				</resource>
				<resource>
					<resource-name>Water</resource-name>
					<resource-skill>Earthencraft</resource-skill>
					<resource-min amount="5">500</resource-min>
					<resource-opt amount="3">975</resource-opt>
				</resource>
			</resources>
		</tier>
	</item>
	<item>
		<item-name>Cooking Pie Pans</item-name>
		<item-icon>icon_formula_r_03_05_11.png</item-icon>
		<item-batchqty>2</item-batchqty>
		<item-attributes>
			<item-attribute type="equipSlot">All</item-attribute>
			<item-attribute type="bulk">4</item-attribute>
		</item-attributes>
		<tier>
			<tier-name>Adobe Cooking Pie Pan</tier-name>
			<tier-lvl>1</tier-lvl>
			<tier-desc>A cooking pie pan, made from adobe clay.</tier-desc>
			<tier-allowedtechniques>0</tier-allowedtechniques>
			<tier-attributes>
      </tier-attributes>
			<tier-keywords>
				<tier-keyword>tier_1</tier-keyword>
			</tier-keywords>
			<resources>
				<resource>
					<resource-name>Adobe Clay Chunk</resource-name>
					<resource-skill>Earthencraft</resource-skill>
					<resource-min amount="10">150</resource-min>
					<resource-opt amount="5">350</resource-opt>
				</resource>
				<resource>
					<resource-name>Water</resource-name>
					<resource-skill>Earthencraft</resource-skill>
					<resource-min amount="5">550</resource-min>
					<resource-opt amount="3">1025</resource-opt>
				</resource>
			</resources>
		</tier>
		<tier>
			<tier-name>Earthenware Cooking Pie Pan</tier-name>
			<tier-lvl>2</tier-lvl>
			<tier-desc>A cooking pie pan, made from earthenware clay.</tier-desc>
			<tier-allowedtechniques>0</tier-allowedtechniques>
			<tier-attributes>
      </tier-attributes>
			<tier-keywords>
				<tier-keyword>tier_2</tier-keyword>
			</tier-keywords>
			<resources>
				<resource>
					<resource-name>Earthenware Clay Chunk</resource-name>
					<resource-skill>Earthencraft</resource-skill>
					<resource-min amount="10">350</resource-min>
					<resource-opt amount="5">575</resource-opt>
				</resource>
				<resource>
					<resource-name>Water</resource-name>
					<resource-skill>Earthencraft</resource-skill>
					<resource-min amount="5">550</resource-min>
					<resource-opt amount="3">1025</resource-opt>
				</resource>
			</resources>
		</tier>
		<tier>
			<tier-name>Terra Cotta Cooking Pie Pan</tier-name>
			<tier-lvl>3</tier-lvl>
			<tier-desc>A cooking pie pan, made from terra cotta clay.</tier-desc>
			<tier-allowedtechniques>0</tier-allowedtechniques>
			<tier-attributes>
      </tier-attributes>
			<tier-keywords>
				<tier-keyword>tier_3</tier-keyword>
			</tier-keywords>
			<resources>
				<resource>
					<resource-name>Terra Cotta Clay Chunk</resource-name>
					<resource-skill>Earthencraft</resource-skill>
					<resource-min amount="10">550</resource-min>
					<resource-opt amount="5">800</resource-opt>
				</resource>
				<resource>
					<resource-name>Water</resource-name>
					<resource-skill>Earthencraft</resource-skill>
					<resource-min amount="5">550</resource-min>
					<resource-opt amount="3">1025</resource-opt>
				</resource>
			</resources>
		</tier>
		<tier>
			<tier-name>Stoneware Cooking Pie Pan</tier-name>
			<tier-lvl>4</tier-lvl>
			<tier-desc>A cooking pie pan, made from stoneware clay.</tier-desc>
			<tier-allowedtechniques>0</tier-allowedtechniques>
			<tier-attributes>
      </tier-attributes>
			<tier-keywords>
				<tier-keyword>tier_4</tier-keyword>
			</tier-keywords>
			<resources>
				<resource>
					<resource-name>Stoneware Clay Chunk</resource-name>
					<resource-skill>Earthencraft</resource-skill>
					<resource-min amount="10">750</resource-min>
					<resource-opt amount="5">1025</resource-opt>
				</resource>
				<resource>
					<resource-name>Water</resource-name>
					<resource-skill>Earthencraft</resource-skill>
					<resource-min amount="5">550</resource-min>
					<resource-opt amount="3">1025</resource-opt>
				</resource>
			</resources>
		</tier>
		<tier>
			<tier-name>Geostone Cooking Pie Pan</tier-name>
			<tier-lvl>5</tier-lvl>
			<tier-desc>A cooking pie pan, made from geostone clay.</tier-desc>
			<tier-allowedtechniques>0</tier-allowedtechniques>
			<tier-attributes>
      </tier-attributes>
			<tier-keywords>
				<tier-keyword>tier_5</tier-keyword>
			</tier-keywords>
			<resources>
				<resource>
					<resource-name>Geostone Clay Chunk</resource-name>
					<resource-skill>Earthencraft</resource-skill>
					<resource-min amount="10">950</resource-min>
					<resource-opt amount="5">1225</resource-opt>
				</resource>
				<resource>
					<resource-name>Water</resource-name>
					<resource-skill>Earthencraft</resource-skill>
					<resource-min amount="5">550</resource-min>
					<resource-opt amount="3">1025</resource-opt>
				</resource>
			</resources>
		</tier>
	</item>
	<item>
		<item-name>Cooking Pots</item-name>
		<item-icon>icon_formula_r_03_06_11.png</item-icon>
		<item-batchqty>2</item-batchqty>
		<item-attributes>
			<item-attribute type="equipSlot">All</item-attribute>
			<item-attribute type="bulk">4</item-attribute>
		</item-attributes>
		<tier>
			<tier-name>Adobe Cooking Pot</tier-name>
			<tier-lvl>1</tier-lvl>
			<tier-desc>A round and deep vessel, made from adobe and used in cooking.</tier-desc>
			<tier-allowedtechniques>0</tier-allowedtechniques>
			<tier-attributes>
      </tier-attributes>
			<tier-keywords>
				<tier-keyword>tier_1</tier-keyword>
			</tier-keywords>
			<resources>
				<resource>
					<resource-name>Adobe Clay Chunk</resource-name>
					<resource-skill>Earthencraft</resource-skill>
					<resource-min amount="6">50</resource-min>
					<resource-opt amount="3">250</resource-opt>
				</resource>
				<resource>
					<resource-name>Water</resource-name>
					<resource-skill>Earthencraft</resource-skill>
					<resource-min amount="5">850</resource-min>
					<resource-opt amount="3">1125</resource-opt>
				</resource>
			</resources>
		</tier>
		<tier>
			<tier-name>Earthenware Cooking Pot</tier-name>
			<tier-lvl>2</tier-lvl>
			<tier-desc>A round and deep vessel, made from earthenware and used in cooking.</tier-desc>
			<tier-allowedtechniques>0</tier-allowedtechniques>
			<tier-attributes>
      </tier-attributes>
			<tier-keywords>
				<tier-keyword>tier_2</tier-keyword>
			</tier-keywords>
			<resources>
				<resource>
					<resource-name>Earthenware Clay Chunk</resource-name>
					<resource-skill>Earthencraft</resource-skill>
					<resource-min amount="6">250</resource-min>
					<resource-opt amount="3">475</resource-opt>
				</resource>
				<resource>
					<resource-name>Water</resource-name>
					<resource-skill>Earthencraft</resource-skill>
					<resource-min amount="5">850</resource-min>
					<resource-opt amount="3">1125</resource-opt>
				</resource>
			</resources>
		</tier>
		<tier>
			<tier-name>Terra Cotta Cooking Pot</tier-name>
			<tier-lvl>3</tier-lvl>
			<tier-desc>A round and deep vessel, made from terra cotta and used in cooking.</tier-desc>
			<tier-allowedtechniques>0</tier-allowedtechniques>
			<tier-attributes>
      </tier-attributes>
			<tier-keywords>
				<tier-keyword>tier_3</tier-keyword>
			</tier-keywords>
			<resources>
				<resource>
					<resource-name>Terra Cotta Clay Chunk</resource-name>
					<resource-skill>Earthencraft</resource-skill>
					<resource-min amount="6">450</resource-min>
					<resource-opt amount="3">700</resource-opt>
				</resource>
				<resource>
					<resource-name>Water</resource-name>
					<resource-skill>Earthencraft</resource-skill>
					<resource-min amount="5">850</resource-min>
					<resource-opt amount="3">1125</resource-opt>
				</resource>
			</resources>
		</tier>
		<tier>
			<tier-name>Stoneware Cooking Pot</tier-name>
			<tier-lvl>4</tier-lvl>
			<tier-desc>A round and deep vessel, made from stoneware and used in cooking.</tier-desc>
			<tier-allowedtechniques>0</tier-allowedtechniques>
			<tier-attributes>
      </tier-attributes>
			<tier-keywords>
				<tier-keyword>tier_4</tier-keyword>
			</tier-keywords>
			<resources>
				<resource>
					<resource-name>Stoneware Clay Chunk</resource-name>
					<resource-skill>Earthencraft</resource-skill>
					<resource-min amount="6">650</resource-min>
					<resource-opt amount="3">925</resource-opt>
				</resource>
				<resource>
					<resource-name>Water</resource-name>
					<resource-skill>Earthencraft</resource-skill>
					<resource-min amount="5">850</resource-min>
					<resource-opt amount="3">1125</resource-opt>
				</resource>
			</resources>
		</tier>
		<tier>
			<tier-name>Geostone Cooking Pot</tier-name>
			<tier-lvl>5</tier-lvl>
			<tier-desc>A round and deep vessel, made from geostone and used in cooking.</tier-desc>
			<tier-allowedtechniques>0</tier-allowedtechniques>
			<tier-attributes>
      </tier-attributes>
			<tier-keywords>
				<tier-keyword>tier_5</tier-keyword>
			</tier-keywords>
			<resources>
				<resource>
					<resource-name>Geostone Clay Chunk</resource-name>
					<resource-skill>Earthencraft</resource-skill>
					<resource-min amount="6">850</resource-min>
					<resource-opt amount="3">1125</resource-opt>
				</resource>
				<resource>
					<resource-name>Water</resource-name>
					<resource-skill>Earthencraft</resource-skill>
					<resource-min amount="5">850</resource-min>
					<resource-opt amount="3">1125</resource-opt>
				</resource>
			</resources>
		</tier>
	</item>
	<item>
		<item-name>Cooking Roasters</item-name>
		<item-icon>icon_formula_r_03_04_11.png</item-icon>
		<item-batchqty>2</item-batchqty>
		<item-attributes>
			<item-attribute type="equipSlot">All</item-attribute>
			<item-attribute type="bulk">4</item-attribute>
		</item-attributes>
		<tier>
			<tier-name>Adobe Cooking Roaster</tier-name>
			<tier-lvl>1</tier-lvl>
			<tier-desc>A cooking mould, made from adobe clay.</tier-desc>
			<tier-allowedtechniques>0</tier-allowedtechniques>
			<tier-attributes>
      </tier-attributes>
			<tier-keywords>
				<tier-keyword>tier_1</tier-keyword>
			</tier-keywords>
			<resources>
				<resource>
					<resource-name>Adobe Clay Chunk</resource-name>
					<resource-skill>Earthencraft</resource-skill>
					<resource-min amount="10">150</resource-min>
					<resource-opt amount="5">350</resource-opt>
				</resource>
				<resource>
					<resource-name>Water</resource-name>
					<resource-skill>Earthencraft</resource-skill>
					<resource-min amount="5">550</resource-min>
					<resource-opt amount="3">1025</resource-opt>
				</resource>
			</resources>
		</tier>
		<tier>
			<tier-name>Earthenware Cooking Roaster</tier-name>
			<tier-lvl>2</tier-lvl>
			<tier-desc>A cooking mould, made from earthenware clay.</tier-desc>
			<tier-allowedtechniques>0</tier-allowedtechniques>
			<tier-attributes>
      </tier-attributes>
			<tier-keywords>
				<tier-keyword>tier_2</tier-keyword>
			</tier-keywords>
			<resources>
				<resource>
					<resource-name>Earthenware Clay Chunk</resource-name>
					<resource-skill>Earthencraft</resource-skill>
					<resource-min amount="10">350</resource-min>
					<resource-opt amount="5">575</resource-opt>
				</resource>
				<resource>
					<resource-name>Water</resource-name>
					<resource-skill>Earthencraft</resource-skill>
					<resource-min amount="5">550</resource-min>
					<resource-opt amount="3">1025</resource-opt>
				</resource>
			</resources>
		</tier>
		<tier>
			<tier-name>Terra Cotta Cooking Roaster</tier-name>
			<tier-lvl>3</tier-lvl>
			<tier-desc>A cooking mould, made from terra cotta clay.</tier-desc>
			<tier-allowedtechniques>0</tier-allowedtechniques>
			<tier-attributes>
      </tier-attributes>
			<tier-keywords>
				<tier-keyword>tier_3</tier-keyword>
			</tier-keywords>
			<resources>
				<resource>
					<resource-name>Terra Cotta Clay Chunk</resource-name>
					<resource-skill>Earthencraft</resource-skill>
					<resource-min amount="10">550</resource-min>
					<resource-opt amount="5">800</resource-opt>
				</resource>
				<resource>
					<resource-name>Water</resource-name>
					<resource-skill>Earthencraft</resource-skill>
					<resource-min amount="5">550</resource-min>
					<resource-opt amount="3">1025</resource-opt>
				</resource>
			</resources>
		</tier>
		<tier>
			<tier-name>Stoneware Cooking Roaster</tier-name>
			<tier-lvl>4</tier-lvl>
			<tier-desc>A cooking mould, made from stoneware clay.</tier-desc>
			<tier-allowedtechniques>0</tier-allowedtechniques>
			<tier-attributes>
      </tier-attributes>
			<tier-keywords>
				<tier-keyword>tier_4</tier-keyword>
			</tier-keywords>
			<resources>
				<resource>
					<resource-name>Stoneware Clay Chunk</resource-name>
					<resource-skill>Earthencraft</resource-skill>
					<resource-min amount="10">750</resource-min>
					<resource-opt amount="5">1025</resource-opt>
				</resource>
				<resource>
					<resource-name>Water</resource-name>
					<resource-skill>Earthencraft</resource-skill>
					<resource-min amount="5">550</resource-min>
					<resource-opt amount="3">1025</resource-opt>
				</resource>
			</resources>
		</tier>
		<tier>
			<tier-name>Geostone Cooking Roaster</tier-name>
			<tier-lvl>5</tier-lvl>
			<tier-desc>A cooking mould, made from geostone clay.</tier-desc>
			<tier-allowedtechniques>0</tier-allowedtechniques>
			<tier-attributes>
      </tier-attributes>
			<tier-keywords>
				<tier-keyword>tier_5</tier-keyword>
			</tier-keywords>
			<resources>
				<resource>
					<resource-name>Geostone Clay Chunk</resource-name>
					<resource-skill>Earthencraft</resource-skill>
					<resource-min amount="10">950</resource-min>
					<resource-opt amount="5">1225</resource-opt>
				</resource>
				<resource>
					<resource-name>Water</resource-name>
					<resource-skill>Earthencraft</resource-skill>
					<resource-min amount="5">550</resource-min>
					<resource-opt amount="3">1025</resource-opt>
				</resource>
			</resources>
		</tier>
	</item>
	<item>
		<item-name>Cooking Sheets</item-name>
		<item-icon>icon_formula_r_03_07_11.png</item-icon>
		<item-batchqty>2</item-batchqty>
		<item-attributes>
			<item-attribute type="equipSlot">All</item-attribute>
			<item-attribute type="bulk">4</item-attribute>
		</item-attributes>
		<tier>
			<tier-name>Adobe Cooking Sheet</tier-name>
			<tier-lvl>1</tier-lvl>
			<tier-desc>A shallow cooking pan that is constructed of adobe clay and used for cooking.</tier-desc>
			<tier-allowedtechniques>0</tier-allowedtechniques>
			<tier-attributes>
      </tier-attributes>
			<tier-keywords>
				<tier-keyword>tier_1</tier-keyword>
			</tier-keywords>
			<resources>
				<resource>
					<resource-name>Adobe Clay Chunk</resource-name>
					<resource-skill>Earthencraft</resource-skill>
					<resource-min amount="8">100</resource-min>
					<resource-opt amount="4">300</resource-opt>
				</resource>
				<resource>
					<resource-name>Water</resource-name>
					<resource-skill>Earthencraft</resource-skill>
					<resource-min amount="5">500</resource-min>
					<resource-opt amount="3">975</resource-opt>
				</resource>
			</resources>
		</tier>
		<tier>
			<tier-name>Earthenware Cooking Sheet</tier-name>
			<tier-lvl>2</tier-lvl>
			<tier-desc>A shallow cooking pan that is constructed of earthenware clay and used for cooking.</tier-desc>
			<tier-allowedtechniques>0</tier-allowedtechniques>
			<tier-attributes>
      </tier-attributes>
			<tier-keywords>
				<tier-keyword>tier_2</tier-keyword>
			</tier-keywords>
			<resources>
				<resource>
					<resource-name>Earthenware Clay Chunk</resource-name>
					<resource-skill>Earthencraft</resource-skill>
					<resource-min amount="8">300</resource-min>
					<resource-opt amount="4">525</resource-opt>
				</resource>
				<resource>
					<resource-name>Water</resource-name>
					<resource-skill>Earthencraft</resource-skill>
					<resource-min amount="5">500</resource-min>
					<resource-opt amount="3">975</resource-opt>
				</resource>
			</resources>
		</tier>
		<tier>
			<tier-name>Terra Cotta Cooking Sheet</tier-name>
			<tier-lvl>3</tier-lvl>
			<tier-desc>A shallow cooking pan that is constructed of terra cotta clay and used for cooking.</tier-desc>
			<tier-allowedtechniques>0</tier-allowedtechniques>
			<tier-attributes>
      </tier-attributes>
			<tier-keywords>
				<tier-keyword>tier_3</tier-keyword>
			</tier-keywords>
			<resources>
				<resource>
					<resource-name>Terra Cotta Clay Chunk</resource-name>
					<resource-skill>Earthencraft</resource-skill>
					<resource-min amount="8">500</resource-min>
					<resource-opt amount="4">750</resource-opt>
				</resource>
				<resource>
					<resource-name>Water</resource-name>
					<resource-skill>Earthencraft</resource-skill>
					<resource-min amount="5">500</resource-min>
					<resource-opt amount="3">975</resource-opt>
				</resource>
			</resources>
		</tier>
		<tier>
			<tier-name>Stoneware Cooking Sheet</tier-name>
			<tier-lvl>4</tier-lvl>
			<tier-desc>A shallow cooking pan that is constructed of stoneware clay and used for cooking.</tier-desc>
			<tier-allowedtechniques>0</tier-allowedtechniques>
			<tier-attributes>
      </tier-attributes>
			<tier-keywords>
				<tier-keyword>tier_4</tier-keyword>
			</tier-keywords>
			<resources>
				<resource>
					<resource-name>Stoneware Clay Chunk</resource-name>
					<resource-skill>Earthencraft</resource-skill>
					<resource-min amount="8">700</resource-min>
					<resource-opt amount="4">975</resource-opt>
				</resource>
				<resource>
					<resource-name>Water</resource-name>
					<resource-skill>Earthencraft</resource-skill>
					<resource-min amount="5">500</resource-min>
					<resource-opt amount="3">975</resource-opt>
				</resource>
			</resources>
		</tier>
		<tier>
			<tier-name>Geostone Cooking Sheet</tier-name>
			<tier-lvl>5</tier-lvl>
			<tier-desc>A shallow cooking pan that is constructed of geostone clay and used for cooking.</tier-desc>
			<tier-allowedtechniques>0</tier-allowedtechniques>
			<tier-attributes>
      </tier-attributes>
			<tier-keywords>
				<tier-keyword>tier_5</tier-keyword>
			</tier-keywords>
			<resources>
				<resource>
					<resource-name>Geostone Clay Chunk</resource-name>
					<resource-skill>Earthencraft</resource-skill>
					<resource-min amount="8">900</resource-min>
					<resource-opt amount="4">1175</resource-opt>
				</resource>
				<resource>
					<resource-name>Water</resource-name>
					<resource-skill>Earthencraft</resource-skill>
					<resource-min amount="5">500</resource-min>
					<resource-opt amount="3">975</resource-opt>
				</resource>
			</resources>
		</tier>
	</item>
	<item>
		<item-name>Cooking Skewers</item-name>
		<item-icon>icon_formula_r_03_08_11.png</item-icon>
		<item-batchqty>2</item-batchqty>
		<item-attributes>
			<item-attribute type="equipSlot">All</item-attribute>
			<item-attribute type="bulk">4</item-attribute>
		</item-attributes>
		<tier>
			<tier-name>Adobe Cooking Skewer</tier-name>
			<tier-lvl>1</tier-lvl>
			<tier-desc>A stick made from adobe clay, used to skewer meat and vegetables when cooking.</tier-desc>
			<tier-allowedtechniques>0</tier-allowedtechniques>
			<tier-attributes>
      </tier-attributes>
			<tier-keywords>
				<tier-keyword>tier_1</tier-keyword>
			</tier-keywords>
			<resources>
				<resource>
					<resource-name>Adobe Clay Chunk</resource-name>
					<resource-skill>Earthencraft</resource-skill>
					<resource-min amount="6">50</resource-min>
					<resource-opt amount="3">250</resource-opt>
				</resource>
				<resource>
					<resource-name>Water</resource-name>
					<resource-skill>Earthencraft</resource-skill>
					<resource-min amount="5">450</resource-min>
					<resource-opt amount="3">925</resource-opt>
				</resource>
			</resources>
		</tier>
		<tier>
			<tier-name>Earthenware Cooking Skewer</tier-name>
			<tier-lvl>2</tier-lvl>
			<tier-desc>A stick made from earthenware clay, used to skewer meat and vegetables when cooking.</tier-desc>
			<tier-allowedtechniques>0</tier-allowedtechniques>
			<tier-attributes>
      </tier-attributes>
			<tier-keywords>
				<tier-keyword>tier_2</tier-keyword>
			</tier-keywords>
			<resources>
				<resource>
					<resource-name>Earthenware Clay Chunk</resource-name>
					<resource-skill>Earthencraft</resource-skill>
					<resource-min amount="6">250</resource-min>
					<resource-opt amount="3">475</resource-opt>
				</resource>
				<resource>
					<resource-name>Water</resource-name>
					<resource-skill>Earthencraft</resource-skill>
					<resource-min amount="5">450</resource-min>
					<resource-opt amount="3">925</resource-opt>
				</resource>
			</resources>
		</tier>
		<tier>
			<tier-name>Terra Cotta Cooking Skewer</tier-name>
			<tier-lvl>3</tier-lvl>
			<tier-desc>A stick made from terra cotta clay, used to skewer meat and vegetables when cooking.</tier-desc>
			<tier-allowedtechniques>0</tier-allowedtechniques>
			<tier-attributes>
      </tier-attributes>
			<tier-keywords>
				<tier-keyword>tier_3</tier-keyword>
			</tier-keywords>
			<resources>
				<resource>
					<resource-name>Terra Cotta Clay Chunk</resource-name>
					<resource-skill>Earthencraft</resource-skill>
					<resource-min amount="6">450</resource-min>
					<resource-opt amount="3">700</resource-opt>
				</resource>
				<resource>
					<resource-name>Water</resource-name>
					<resource-skill>Earthencraft</resource-skill>
					<resource-min amount="5">450</resource-min>
					<resource-opt amount="3">925</resource-opt>
				</resource>
			</resources>
		</tier>
		<tier>
			<tier-name>Stoneware Cooking Skewer</tier-name>
			<tier-lvl>4</tier-lvl>
			<tier-desc>A stick made from stoneware clay, used to skewer meat and vegetables when cooking.</tier-desc>
			<tier-allowedtechniques>0</tier-allowedtechniques>
			<tier-attributes>
      </tier-attributes>
			<tier-keywords>
				<tier-keyword>tier_4</tier-keyword>
			</tier-keywords>
			<resources>
				<resource>
					<resource-name>Stoneware Clay Chunk</resource-name>
					<resource-skill>Earthencraft</resource-skill>
					<resource-min amount="6">650</resource-min>
					<resource-opt amount="3">925</resource-opt>
				</resource>
				<resource>
					<resource-name>Water</resource-name>
					<resource-skill>Earthencraft</resource-skill>
					<resource-min amount="5">450</resource-min>
					<resource-opt amount="3">925</resource-opt>
				</resource>
			</resources>
		</tier>
		<tier>
			<tier-name>Geostone Cooking Skewer</tier-name>
			<tier-lvl>5</tier-lvl>
			<tier-desc>A stick made from geostone clay, used to skewer meat and vegetables when cooking.</tier-desc>
			<tier-allowedtechniques>0</tier-allowedtechniques>
			<tier-attributes>
      </tier-attributes>
			<tier-keywords>
				<tier-keyword>tier_5</tier-keyword>
			</tier-keywords>
			<resources>
				<resource>
					<resource-name>Geostone Clay Chunk</resource-name>
					<resource-skill>Earthencraft</resource-skill>
					<resource-min amount="6">850</resource-min>
					<resource-opt amount="3">1125</resource-opt>
				</resource>
				<resource>
					<resource-name>Water</resource-name>
					<resource-skill>Earthencraft</resource-skill>
					<resource-min amount="5">450</resource-min>
					<resource-opt amount="3">925</resource-opt>
				</resource>
			</resources>
		</tier>
	</item>
	<item>
		<item-name>Cooking Spits</item-name>
		<item-icon>icon_formula_r_03_09_11.png</item-icon>
		<item-batchqty>2</item-batchqty>
		<item-attributes>
			<item-attribute type="equipSlot">All</item-attribute>
			<item-attribute type="bulk">4</item-attribute>
		</item-attributes>
		<tier>
			<tier-name>Adobe Cooking Spit</tier-name>
			<tier-lvl>1</tier-lvl>
			<tier-desc>Long adobe clay rods, used to hold food in place for broiling and cooking.</tier-desc>
			<tier-allowedtechniques>0</tier-allowedtechniques>
			<tier-attributes>
      </tier-attributes>
			<tier-keywords>
				<tier-keyword>tier_1</tier-keyword>
			</tier-keywords>
			<resources>
				<resource>
					<resource-name>Adobe Clay Chunk</resource-name>
					<resource-skill>Earthencraft</resource-skill>
					<resource-min amount="5">1</resource-min>
					<resource-opt amount="2">200</resource-opt>
				</resource>
				<resource>
					<resource-name>Water</resource-name>
					<resource-skill>Earthencraft</resource-skill>
					<resource-min amount="5">400</resource-min>
					<resource-opt amount="3">875</resource-opt>
				</resource>
			</resources>
		</tier>
		<tier>
			<tier-name>Earthenware Cooking Spit</tier-name>
			<tier-lvl>2</tier-lvl>
			<tier-desc>Long earthenware clay rods, used to hold food in place for broiling and cooking.</tier-desc>
			<tier-allowedtechniques>0</tier-allowedtechniques>
			<tier-attributes>
      </tier-attributes>
			<tier-keywords>
				<tier-keyword>tier_2</tier-keyword>
			</tier-keywords>
			<resources>
				<resource>
					<resource-name>Earthenware Clay Chunk</resource-name>
					<resource-skill>Earthencraft</resource-skill>
					<resource-min amount="5">200</resource-min>
					<resource-opt amount="2">425</resource-opt>
				</resource>
				<resource>
					<resource-name>Water</resource-name>
					<resource-skill>Earthencraft</resource-skill>
					<resource-min amount="5">400</resource-min>
					<resource-opt amount="3">875</resource-opt>
				</resource>
			</resources>
		</tier>
		<tier>
			<tier-name>Terra Cotta Cooking Spit</tier-name>
			<tier-lvl>3</tier-lvl>
			<tier-desc>Long terra cotta clay rods, used to hold food in place for broiling and cooking.</tier-desc>
			<tier-allowedtechniques>0</tier-allowedtechniques>
			<tier-attributes>
      </tier-attributes>
			<tier-keywords>
				<tier-keyword>tier_3</tier-keyword>
			</tier-keywords>
			<resources>
				<resource>
					<resource-name>Terra Cotta Clay Chunk</resource-name>
					<resource-skill>Earthencraft</resource-skill>
					<resource-min amount="5">400</resource-min>
					<resource-opt amount="2">650</resource-opt>
				</resource>
				<resource>
					<resource-name>Water</resource-name>
					<resource-skill>Earthencraft</resource-skill>
					<resource-min amount="5">400</resource-min>
					<resource-opt amount="3">875</resource-opt>
				</resource>
			</resources>
		</tier>
		<tier>
			<tier-name>Stoneware Cooking Spit</tier-name>
			<tier-lvl>4</tier-lvl>
			<tier-desc>Long stoneware clay rods, used to hold food in place for broiling and cooking.</tier-desc>
			<tier-allowedtechniques>0</tier-allowedtechniques>
			<tier-attributes>
      </tier-attributes>
			<tier-keywords>
				<tier-keyword>tier_4</tier-keyword>
			</tier-keywords>
			<resources>
				<resource>
					<resource-name>Stoneware Clay Chunk</resource-name>
					<resource-skill>Earthencraft</resource-skill>
					<resource-min amount="5">600</resource-min>
					<resource-opt amount="2">875</resource-opt>
				</resource>
				<resource>
					<resource-name>Water</resource-name>
					<resource-skill>Earthencraft</resource-skill>
					<resource-min amount="5">400</resource-min>
					<resource-opt amount="3">875</resource-opt>
				</resource>
			</resources>
		</tier>
		<tier>
			<tier-name>Geostone Cooking Spit</tier-name>
			<tier-lvl>5</tier-lvl>
			<tier-desc>Long geostone clay rods, used to hold food in place for broiling and cooking.</tier-desc>
			<tier-allowedtechniques>0</tier-allowedtechniques>
			<tier-attributes>
      </tier-attributes>
			<tier-keywords>
				<tier-keyword>tier_5</tier-keyword>
			</tier-keywords>
			<resources>
				<resource>
					<resource-name>Geostone Clay Chunk</resource-name>
					<resource-skill>Earthencraft</resource-skill>
					<resource-min amount="5">800</resource-min>
					<resource-opt amount="2">1075</resource-opt>
				</resource>
				<resource>
					<resource-name>Water</resource-name>
					<resource-skill>Earthencraft</resource-skill>
					<resource-min amount="5">400</resource-min>
					<resource-opt amount="3">875</resource-opt>
				</resource>
			</resources>
		</tier>
	</item>
</formulaset>
