<?xml version="1.0" encoding="ISO-8859-1"?>
<formulaset format="2.1">
	<formulaset-name>Resources - Enchanting</formulaset-name>
	<formulaset-categories>
		<formulaset-category>Resources</formulaset-category>
	</formulaset-categories>
	<item>
		<item-name>Purified Orbs</item-name>
		<item-icon>icon_formula_r_04_05_11.png</item-icon>
		<item-batchqty>1</item-batchqty>
		<item-attributes>
			<item-attribute type="equipSlot">All</item-attribute>
			<item-attribute type="bulk">8</item-attribute>
		</item-attributes>
		<tier>
			<tier-name>Purified Dim Essence Orb</tier-name>
			<tier-lvl>1</tier-lvl>
			<tier-desc>Filled with a dim essence, this orb looks like it would be useful for magical purposes.</tier-desc>
			<tier-allowedtechniques>0</tier-allowedtechniques>
			<tier-attributes>
      </tier-attributes>
			<tier-keywords>
				<tier-keyword>tier_1</tier-keyword>
			</tier-keywords>
			<resources>
				<resource>
					<resource-name>Dim Essence Orb</resource-name>
					<resource-skill>Enchanting</resource-skill>
					<resource-min amount="4">100</resource-min>
					<resource-opt amount="1">200</resource-opt>
				</resource>
			</resources>
		</tier>
		<tier>
			<tier-name>Purified Pale Essence Orb</tier-name>
			<tier-lvl>2</tier-lvl>
			<tier-desc>Filled with a pale essence, this orb looks like it would be useful for magical purposes.</tier-desc>
			<tier-allowedtechniques>0</tier-allowedtechniques>
			<tier-attributes>
      </tier-attributes>
			<tier-keywords>
				<tier-keyword>tier_2</tier-keyword>
			</tier-keywords>
			<resources>
				<resource>
					<resource-name>Pale Essence Orb</resource-name>
					<resource-skill>Enchanting</resource-skill>
					<resource-min amount="4">300</resource-min>
					<resource-opt amount="1">425</resource-opt>
				</resource>
			</resources>
		</tier>
		<tier>
			<tier-name>Purified Glowing Essence Orb</tier-name>
			<tier-lvl>3</tier-lvl>
			<tier-desc>Filled with a glowing essence, this orb looks like it would be useful for magical purposes.</tier-desc>
			<tier-allowedtechniques>0</tier-allowedtechniques>
			<tier-attributes>
      </tier-attributes>
			<tier-keywords>
				<tier-keyword>tier_3</tier-keyword>
			</tier-keywords>
			<resources>
				<resource>
					<resource-name>Glowing Essence Orb</resource-name>
					<resource-skill>Enchanting</resource-skill>
					<resource-min amount="4">500</resource-min>
					<resource-opt amount="1">650</resource-opt>
				</resource>
			</resources>
		</tier>
		<tier>
			<tier-name>Purified Bright Essence Orb</tier-name>
			<tier-lvl>4</tier-lvl>
			<tier-desc>Filled with a bright essence, this orb looks like it would be useful for magical purposes.</tier-desc>
			<tier-allowedtechniques>0</tier-allowedtechniques>
			<tier-attributes>
      </tier-attributes>
			<tier-keywords>
				<tier-keyword>tier_4</tier-keyword>
			</tier-keywords>
			<resources>
				<resource>
					<resource-name>Bright Essence Orb</resource-name>
					<resource-skill>Enchanting</resource-skill>
					<resource-min amount="4">700</resource-min>
					<resource-opt amount="1">875</resource-opt>
				</resource>
			</resources>
		</tier>
		<tier>
			<tier-name>Purified Shining Essence Orb</tier-name>
			<tier-lvl>5</tier-lvl>
			<tier-desc>Filled with a shining essence, this orb looks like it would be useful for magical purposes.</tier-desc>
			<tier-allowedtechniques>0</tier-allowedtechniques>
			<tier-attributes>
      </tier-attributes>
			<tier-keywords>
				<tier-keyword>tier_5</tier-keyword>
			</tier-keywords>
			<resources>
				<resource>
					<resource-name>Shining Essence Orb</resource-name>
					<resource-skill>Enchanting</resource-skill>
					<resource-min amount="4">900</resource-min>
					<resource-opt amount="1">1075</resource-opt>
				</resource>
			</resources>
		</tier>
	</item>
</formulaset>
