<?xml version="1.0" encoding="ISO-8859-1"?>
<formulaset format="2.1">
	<formulaset-name>Resources - Confectioner Rare Garnishes</formulaset-name>
	<formulaset-categories>
		<formulaset-category>Resources</formulaset-category>
	</formulaset-categories>
	<item>
		<item-name>Rubbed Basil</item-name>
		<item-icon>icon_formula_f_03_01_11.png</item-icon>
		<item-batchqty>1</item-batchqty>
		<item-attributes>
			<item-attribute type="bulk">4</item-attribute>
			<item-attribute type="hoardValue">0</item-attribute>
		</item-attributes>
		<item-keywords>
			<item-keyword>resourcetype_processed</item-keyword>
			<item-keyword>tier_3</item-keyword>
			<item-keyword>resource_organic</item-keyword>
		</item-keywords>
		<tier>
			<tier-name>Rubbed Basil</tier-name>
			<tier-lvl levelName="Rubbed Basil">3</tier-lvl>
			<tier-desc/>
			<tier-allowedtechniques>0</tier-allowedtechniques>
			<tier-attributes>
			</tier-attributes>
			<tier-keywords>
			</tier-keywords>
			<resources>
				<resource>
					<resource-name>Basil</resource-name>
					<resource-skill>Preparing</resource-skill>
					<resource-opt amount="2">550</resource-opt>
					<resource-min amount="5">400</resource-min>
				</resource>
			</resources>
		</tier>
	</item>
	<item>
		<item-name>Dried Bay Leaf</item-name>
		<item-icon>icon_formula_f_03_01_11.png</item-icon>
		<item-batchqty>1</item-batchqty>
		<item-attributes>
			<item-attribute type="bulk">4</item-attribute>
			<item-attribute type="hoardValue">0</item-attribute>
		</item-attributes>
		<item-keywords>
			<item-keyword>resourcetype_processed</item-keyword>
			<item-keyword>tier_2</item-keyword>
			<item-keyword>resource_organic</item-keyword>
		</item-keywords>
		<tier>
			<tier-name>Dried Bay Leaf</tier-name>
			<tier-lvl levelName="Dried Bay Leaf">2</tier-lvl>
			<tier-desc/>
			<tier-allowedtechniques>0</tier-allowedtechniques>
			<tier-attributes>
			</tier-attributes>
			<tier-keywords>
			</tier-keywords>
			<resources>
				<resource>
					<resource-name>Bay Leaf</resource-name>
					<resource-skill>Preparing</resource-skill>
					<resource-opt amount="2">325</resource-opt>
					<resource-min amount="5">200</resource-min>
				</resource>
			</resources>
		</tier>
	</item>
	<item>
		<item-name>Ground Fennel</item-name>
		<item-icon>icon_formula_f_03_01_11.png</item-icon>
		<item-batchqty>1</item-batchqty>
		<item-attributes>
			<item-attribute type="bulk">4</item-attribute>
			<item-attribute type="hoardValue">0</item-attribute>
		</item-attributes>
		<item-keywords>
			<item-keyword>resourcetype_processed</item-keyword>
			<item-keyword>tier_4</item-keyword>
			<item-keyword>resource_organic</item-keyword>
		</item-keywords>
		<tier>
			<tier-name>Ground Fennel</tier-name>
			<tier-lvl levelName="Ground Fennel">4</tier-lvl>
			<tier-desc/>
			<tier-allowedtechniques>0</tier-allowedtechniques>
			<tier-attributes>
			</tier-attributes>
			<tier-keywords>
			</tier-keywords>
			<resources>
				<resource>
					<resource-name>Fennel</resource-name>
					<resource-skill>Preparing</resource-skill>
					<resource-opt amount="2">775</resource-opt>
					<resource-min amount="5">600</resource-min>
				</resource>
			</resources>
		</tier>
	</item>
	<item>
		<item-name>Sliced Ginger</item-name>
		<item-icon>icon_formula_f_03_01_11.png</item-icon>
		<item-batchqty>1</item-batchqty>
		<item-attributes>
			<item-attribute type="bulk">4</item-attribute>
			<item-attribute type="hoardValue">0</item-attribute>
		</item-attributes>
		<item-keywords>
			<item-keyword>resourcetype_processed</item-keyword>
			<item-keyword>tier_1</item-keyword>
			<item-keyword>resource_organic</item-keyword>
		</item-keywords>
		<tier>
			<tier-name>Sliced Ginger</tier-name>
			<tier-lvl levelName="Sliced Ginger">1</tier-lvl>
			<tier-desc/>
			<tier-allowedtechniques>0</tier-allowedtechniques>
			<tier-attributes>
			</tier-attributes>
			<tier-keywords>
			</tier-keywords>
			<resources>
				<resource>
					<resource-name>Ginger</resource-name>
					<resource-skill>Preparing</resource-skill>
					<resource-opt amount="2">100</resource-opt>
					<resource-min amount="5">1</resource-min>
				</resource>
			</resources>
		</tier>
	</item>
	<item>
		<item-name>Ground Ginseng</item-name>
		<item-icon>icon_formula_f_03_01_11.png</item-icon>
		<item-batchqty>1</item-batchqty>
		<item-attributes>
			<item-attribute type="bulk">4</item-attribute>
			<item-attribute type="hoardValue">0</item-attribute>
		</item-attributes>
		<item-keywords>
			<item-keyword>resourcetype_processed</item-keyword>
			<item-keyword>tier_3</item-keyword>
			<item-keyword>resource_organic</item-keyword>
		</item-keywords>
		<tier>
			<tier-name>Ground Ginseng</tier-name>
			<tier-lvl levelName="Ground Ginseng">3</tier-lvl>
			<tier-desc/>
			<tier-allowedtechniques>0</tier-allowedtechniques>
			<tier-attributes>
			</tier-attributes>
			<tier-keywords>
			</tier-keywords>
			<resources>
				<resource>
					<resource-name>Ginseng</resource-name>
					<resource-skill>Preparing</resource-skill>
					<resource-opt amount="2">550</resource-opt>
					<resource-min amount="5">400</resource-min>
				</resource>
			</resources>
		</tier>
	</item>
	<item>
		<item-name>Ground Licorice</item-name>
		<item-icon>icon_formula_f_03_01_11.png</item-icon>
		<item-batchqty>1</item-batchqty>
		<item-attributes>
			<item-attribute type="bulk">2</item-attribute>
			<item-attribute type="hoardValue">0</item-attribute>
		</item-attributes>
		<item-keywords>
			<item-keyword>resourcetype_gathered</item-keyword>
			<item-keyword>tier_2</item-keyword>
			<item-keyword>resource_organic</item-keyword>
		</item-keywords>
		<tier>
			<tier-name>Ground Licorice</tier-name>
			<tier-lvl levelName="Ground Licorice">2</tier-lvl>
			<tier-desc/>
			<tier-allowedtechniques>0</tier-allowedtechniques>
			<tier-attributes>
			</tier-attributes>
			<tier-keywords>
			</tier-keywords>
			<resources>
				<resource>
					<resource-name>Licorice</resource-name>
					<resource-skill>Preparing</resource-skill>
					<resource-opt amount="2">325</resource-opt>
					<resource-min amount="5">200</resource-min>
				</resource>
			</resources>
		</tier>
	</item>
	<item>
		<item-name>Ground Mandrake</item-name>
		<item-icon>icon_formula_f_03_01_11.png</item-icon>
		<item-batchqty>1</item-batchqty>
		<item-attributes>
			<item-attribute type="bulk">4</item-attribute>
			<item-attribute type="hoardValue">0</item-attribute>
		</item-attributes>
		<item-keywords>
			<item-keyword>resourcetype_processed</item-keyword>
			<item-keyword>tier_5</item-keyword>
			<item-keyword>resource_organic</item-keyword>
		</item-keywords>
		<tier>
			<tier-name>Ground Mandrake</tier-name>
			<tier-lvl levelName="Ground Mandrake">5</tier-lvl>
			<tier-desc/>
			<tier-allowedtechniques>0</tier-allowedtechniques>
			<tier-attributes>
			</tier-attributes>
			<tier-keywords>
			</tier-keywords>
			<resources>
				<resource>
					<resource-name>Mandrake</resource-name>
					<resource-skill>Preparing</resource-skill>
					<resource-opt amount="2">1000</resource-opt>
					<resource-min amount="5">800</resource-min>
				</resource>
			</resources>
		</tier>
	</item>
	<item>
		<item-name>Rubbed Mint</item-name>
		<item-icon>icon_formula_f_03_01_11.png</item-icon>
		<item-batchqty>1</item-batchqty>
		<item-attributes>
			<item-attribute type="bulk">4</item-attribute>
			<item-attribute type="hoardValue">0</item-attribute>
		</item-attributes>
		<item-keywords>
			<item-keyword>resourcetype_processed</item-keyword>
			<item-keyword>tier_5</item-keyword>
			<item-keyword>resource_organic</item-keyword>
		</item-keywords>
		<tier>
			<tier-name>Rubbed Mint</tier-name>
			<tier-lvl levelName="Rubbed Mint">5</tier-lvl>
			<tier-desc/>
			<tier-allowedtechniques>0</tier-allowedtechniques>
			<tier-attributes>
			</tier-attributes>
			<tier-keywords>
			</tier-keywords>
			<resources>
				<resource>
					<resource-name>Mint</resource-name>
					<resource-skill>Preparing</resource-skill>
					<resource-opt amount="2">1000</resource-opt>
					<resource-min amount="5">800</resource-min>
				</resource>
			</resources>
		</tier>
	</item>
	<item>
		<item-name>Rubbed Rosemary</item-name>
		<item-icon>icon_formula_f_03_01_11.png</item-icon>
		<item-batchqty>1</item-batchqty>
		<item-attributes>
			<item-attribute type="bulk">4</item-attribute>
			<item-attribute type="hoardValue">0</item-attribute>
		</item-attributes>
		<item-keywords>
			<item-keyword>resourcetype_processed</item-keyword>
			<item-keyword>tier_4</item-keyword>
			<item-keyword>resource_organic</item-keyword>
		</item-keywords>
		<tier>
			<tier-name>Rubbed Rosemary</tier-name>
			<tier-lvl levelName="Rubbed Rosemary">4</tier-lvl>
			<tier-desc/>
			<tier-allowedtechniques>0</tier-allowedtechniques>
			<tier-attributes>
			</tier-attributes>
			<tier-keywords>
			</tier-keywords>
			<resources>
				<resource>
					<resource-name>Rosemary</resource-name>
					<resource-skill>Preparing</resource-skill>
					<resource-opt amount="2">775</resource-opt>
					<resource-min amount="5">600</resource-min>
				</resource>
			</resources>
		</tier>
	</item>
	<item>
		<item-name>Rubbed Sage</item-name>
		<item-icon>icon_formula_f_03_01_11.png</item-icon>
		<item-batchqty>1</item-batchqty>
		<item-attributes>
			<item-attribute type="bulk">4</item-attribute>
			<item-attribute type="hoardValue">0</item-attribute>
		</item-attributes>
		<item-keywords>
			<item-keyword>resourcetype_processed</item-keyword>
			<item-keyword>tier_1</item-keyword>
			<item-keyword>resource_organic</item-keyword>
		</item-keywords>
		<tier>
			<tier-name>Rubbed Sage</tier-name>
			<tier-lvl levelName="Rubbed Sage">1</tier-lvl>
			<tier-desc/>
			<tier-allowedtechniques>0</tier-allowedtechniques>
			<tier-attributes>
			</tier-attributes>
			<tier-keywords>
			</tier-keywords>
			<resources>
				<resource>
					<resource-name>Sage</resource-name>
					<resource-skill>Preparing</resource-skill>
					<resource-opt amount="2">100</resource-opt>
					<resource-min amount="5">1</resource-min>
				</resource>
			</resources>
		</tier>
	</item>
	<item>
		<item-name>Soaked Stoneroot</item-name>
		<item-icon>icon_formula_f_03_01_11.png</item-icon>
		<item-batchqty>1</item-batchqty>
		<item-attributes>
			<item-attribute type="bulk">4</item-attribute>
			<item-attribute type="hoardValue">0</item-attribute>
		</item-attributes>
		<item-keywords>
			<item-keyword>resourcetype_processed</item-keyword>
			<item-keyword>tier_5</item-keyword>
			<item-keyword>resource_organic</item-keyword>
		</item-keywords>
		<tier>
			<tier-name>Soaked Stoneroot</tier-name>
			<tier-lvl levelName="Soaked Stoneroot">5</tier-lvl>
			<tier-desc/>
			<tier-allowedtechniques>0</tier-allowedtechniques>
			<tier-attributes>
			</tier-attributes>
			<tier-keywords>
			</tier-keywords>
			<resources>
				<resource>
					<resource-name>Stoneroot</resource-name>
					<resource-skill>Preparing</resource-skill>
					<resource-opt amount="2">1000</resource-opt>
					<resource-min amount="5">800</resource-min>
				</resource>
			</resources>
		</tier>
	</item>
	<item>
		<item-name>Cleaned Truffles</item-name>
		<item-icon>icon_formula_f_03_01_11.png</item-icon>
		<item-batchqty>1</item-batchqty>
		<item-attributes>
			<item-attribute type="bulk">4</item-attribute>
			<item-attribute type="hoardValue">0</item-attribute>
		</item-attributes>
		<item-keywords>
			<item-keyword>resourcetype_processed</item-keyword>
			<item-keyword>tier_5</item-keyword>
			<item-keyword>resource_organic</item-keyword>
		</item-keywords>
		<tier>
			<tier-name>Cleaned Truffles</tier-name>
			<tier-lvl levelName="Cleaned Truffles">5</tier-lvl>
			<tier-desc/>
			<tier-allowedtechniques>0</tier-allowedtechniques>
			<tier-attributes>
			</tier-attributes>
			<tier-keywords>
			</tier-keywords>
			<resources>
				<resource>
					<resource-name>Truffles</resource-name>
					<resource-skill>Preparing</resource-skill>
					<resource-opt amount="2">1000</resource-opt>
					<resource-min amount="5">800</resource-min>
				</resource>
			</resources>
		</tier>
	</item>
	<item>
		<item-name>Ground Star Anise</item-name>
		<item-icon>icon_formula_f_03_01_11.png</item-icon>
		<item-batchqty>1</item-batchqty>
		<item-attributes>
			<item-attribute type="bulk">4</item-attribute>
			<item-attribute type="hoardValue">0</item-attribute>
		</item-attributes>
		<item-keywords>
			<item-keyword>resourcetype_processed</item-keyword>
			<item-keyword>tier_6</item-keyword>
			<item-keyword>resource_organic</item-keyword>
		</item-keywords>
		<tier>
			<tier-name>Ground Star Anise</tier-name>
			<tier-lvl levelName="Ground Star Anise">6</tier-lvl>
			<tier-desc/>
			<tier-allowedtechniques>0</tier-allowedtechniques>
			<tier-attributes>
			</tier-attributes>
			<tier-keywords>
			</tier-keywords>
			<resources>
				<resource>
					<resource-name>Star Anise</resource-name>
					<resource-skill>Preparing</resource-skill>
					<resource-min amount="5">1000</resource-min>
					<resource-opt amount="2">1225</resource-opt>
				</resource>
			</resources>
		</tier>
	</item>
	<item>
		<item-name>Ground Nightshade</item-name>
		<item-icon>icon_formula_f_03_01_11.png</item-icon>
		<item-batchqty>1</item-batchqty>
		<item-attributes>
			<item-attribute type="bulk">4</item-attribute>
			<item-attribute type="hoardValue">0</item-attribute>
		</item-attributes>
		<item-keywords>
			<item-keyword>resourcetype_processed</item-keyword>
			<item-keyword>tier_6</item-keyword>
			<item-keyword>resource_organic</item-keyword>
		</item-keywords>
		<tier>
			<tier-name>Ground Nightshade</tier-name>
			<tier-lvl levelName="Ground Nightshade">6</tier-lvl>
			<tier-desc/>
			<tier-allowedtechniques>0</tier-allowedtechniques>
			<tier-attributes>
			</tier-attributes>
			<tier-keywords>
			</tier-keywords>
			<resources>
				<resource>
					<resource-name>Nightshade</resource-name>
					<resource-skill>Preparing</resource-skill>
					<resource-min amount="5">1000</resource-min>
					<resource-opt amount="2">1200</resource-opt>
				</resource>
			</resources>
		</tier>
	</item>
	<item>
		<item-name>Cleaned Buttercap Fungus</item-name>
		<item-icon>icon_formula_f_03_01_11.png</item-icon>
		<item-batchqty>1</item-batchqty>
		<item-attributes>
			<item-attribute type="bulk">4</item-attribute>
			<item-attribute type="hoardValue">0</item-attribute>
		</item-attributes>
		<item-keywords>
			<item-keyword>resourcetype_processed</item-keyword>
			<item-keyword>tier_6</item-keyword>
			<item-keyword>resource_organic</item-keyword>
		</item-keywords>
		<tier>
			<tier-name>Cleaned Buttercap Fungus</tier-name>
			<tier-lvl levelName="Cleaned Buttercap Fungus">6</tier-lvl>
			<tier-desc/>
			<tier-allowedtechniques>0</tier-allowedtechniques>
			<tier-attributes>
			</tier-attributes>
			<tier-keywords>
			</tier-keywords>
			<resources>
				<resource>
					<resource-name>Buttercap</resource-name>
					<resource-skill>Preparing</resource-skill>
					<resource-min amount="5">1000</resource-min>
					<resource-opt amount="2">1200</resource-opt>
				</resource>
			</resources>
		</tier>
	</item>
	<item>
		<item-name>Ground Bitterroot</item-name>
		<item-icon>icon_formula_f_03_01_11.png</item-icon>
		<item-batchqty>1</item-batchqty>
		<item-attributes>
			<item-attribute type="bulk">4</item-attribute>
			<item-attribute type="hoardValue">0</item-attribute>
		</item-attributes>
		<item-keywords>
			<item-keyword>resourcetype_processed</item-keyword>
			<item-keyword>tier_6</item-keyword>
			<item-keyword>resource_organic</item-keyword>
		</item-keywords>
		<tier>
			<tier-name>Ground Bitterroot</tier-name>
			<tier-lvl levelName="Ground Bitterroot">6</tier-lvl>
			<tier-desc/>
			<tier-allowedtechniques>0</tier-allowedtechniques>
			<tier-attributes>
			</tier-attributes>
			<tier-keywords>
			</tier-keywords>
			<resources>
				<resource>
					<resource-name>Bitterroot</resource-name>
					<resource-skill>Preparing</resource-skill>
					<resource-min amount="5">1000</resource-min>
					<resource-opt amount="2">1225</resource-opt>
				</resource>
			</resources>
		</tier>
	</item>
</formulaset>
