<?xml version="1.0" encoding="ISO-8859-1"?>
<techniqueset format="2.1">
	<techniqueset-name>Eminence</techniqueset-name>
	<techniqueset-categories>
		<techniqueset-category>Adventure</techniqueset-category>
	</techniqueset-categories>
	<tech>
		<tech-name>Eminence</tech-name>
		<tech-icon>icon_technique_02_03_11.png</tech-icon>
		<tech-keywords>
			<tech-keywordset>
				<tech-keyword>dragonscale</tech-keyword>
			</tech-keywordset>
			<tech-keywordset>
				<tech-keyword>dragon_bodyslot_chest</tech-keyword>
			</tech-keywordset>
			<tech-keywordset>
				<tech-keyword>techclass_1</tech-keyword>
			</tech-keywordset>
		</tech-keywords>
		<tech-effectkeywords>
			<tech-effectkeywordset>
				<tech-effectkeyword>statmod_eminence_up</tech-effectkeyword>
			</tech-effectkeywordset>
		</tech-effectkeywords>
		<tier>
			<tier-name>Eminence</tier-name>
			<tier-origin>Adventure: Eminence</tier-origin>
			<tier-lvl>1</tier-lvl>
			<tier-desc>For Dragon chest scales only. Enemies have a 5% chance to be stunned by the wearer's Tooth &mp; Claw attacks.</tier-desc>
			<tier-skilladjust>10</tier-skilladjust>
			<tier-keywords>
      </tier-keywords>
			<tier-attributes>
				<tier-attribute type="description">4 second stun (5% chance)</tier-attribute>
			</tier-attributes>
			<components>
				<component amount="2">Pale Essence Orb</component>
				<component amount="1">Splinter of Ice-Bone</component>
			</components>
		</tier>
	</tech>
</techniqueset>
