<?xml version="1.0" encoding="ISO-8859-1"?>
<techniqueset format="2.1">
	<techniqueset-name>Velocity</techniqueset-name>
	<techniqueset-categories>
		<techniqueset-category>Statistic</techniqueset-category>
	</techniqueset-categories>
	<tech>
		<tech-name>Velocity</tech-name>
		<tech-icon>icon_technique_01_05_11.png</tech-icon>
		<tech-keywords>
			<tech-keywordset>
				<tech-keyword>dragonscale</tech-keyword>
			</tech-keywordset>
			<tech-keywordset>
				<tech-keyword>dragon_bodyslot_wing</tech-keyword>
			</tech-keywordset>
		</tech-keywords>
		<tech-effectkeywords>
			<tech-effectkeywordset>
				<tech-effectkeyword>statmod_flightspeed_up</tech-effectkeyword>
			</tech-effectkeywordset>
		</tech-effectkeywords>
		<tier>
			<tier-name>Velocity I</tier-name>
			<tier-origin>Statistic: Velocity I</tier-origin>
			<tier-lvl>1</tier-lvl>
			<tier-desc>This technique gives the user the ability to create objects with an additional +4 to the Flight Speed statistic.</tier-desc>
			<tier-skilladjust>10</tier-skilladjust>
			<tier-keywords>
				<tier-keywordset>
					<tier-keyword>techclass_1</tier-keyword>
				</tier-keywordset>
			</tier-keywords>
			<tier-attributes>
				<tier-attribute type="statBonus">+4 Fly Speed</tier-attribute>
			</tier-attributes>
			<components>
				<component amount="4">Dim Essence Orb</component>
				<component amount="1">Weaker Blight Bindings</component>
			</components>
		</tier>
		<tier>
			<tier-name>Velocity II</tier-name>
			<tier-origin>Statistic: Velocity II</tier-origin>
			<tier-lvl>2</tier-lvl>
			<tier-desc>This technique gives the user the ability to create objects with an additional +6 to the Flight Speed statistic.</tier-desc>
			<tier-skilladjust>20</tier-skilladjust>
			<tier-keywords>
				<tier-keywordset>
					<tier-keyword>techclass_2</tier-keyword>
				</tier-keywordset>
			</tier-keywords>
			<tier-attributes>
				<tier-attribute type="statBonus">+6 Fly Speed</tier-attribute>
			</tier-attributes>
			<components>
				<component amount="4">Pale Essence Orb</component>
				<component amount="1">Lesser Mummy Embalming Dust</component>
				<component amount="1">Leafy Oastic Sac</component>
			</components>
		</tier>
		<tier>
			<tier-name>Velocity III</tier-name>
			<tier-origin>Statistic: Velocity III</tier-origin>
			<tier-lvl>3</tier-lvl>
			<tier-desc>This technique gives the user the ability to create objects with an additional +8 to the Flight Speed statistic.</tier-desc>
			<tier-skilladjust>30</tier-skilladjust>
			<tier-keywords>
				<tier-keywordset>
					<tier-keyword>techclass_3</tier-keyword>
				</tier-keywordset>
			</tier-keywords>
			<tier-attributes>
				<tier-attribute type="statBonus">+8 Fly Speed</tier-attribute>
			</tier-attributes>
			<components>
				<component amount="4">Glowing Essence Orb</component>
				<component amount="1">Winter Mountain Wolf Fang</component>
				<component amount="1">Green Necrofly Wing</component>
			</components>
		</tier>
		<tier>
			<tier-name>Velocity IV</tier-name>
			<tier-origin>Statistic: Velocity IV</tier-origin>
			<tier-lvl>4</tier-lvl>
			<tier-desc/>
			<tier-skilladjust>40</tier-skilladjust>
			<tier-keywords>
				<tier-keywordset>
					<tier-keyword>techclass_4</tier-keyword>
				</tier-keywordset>
			</tier-keywords>
			<tier-attributes>
				<tier-attribute type="statBonus">+10 Fly Speed</tier-attribute>
			</tier-attributes>
			<components>
				<component amount="4">Bright Essence Orb</component>
				<component amount="2">Fire Wolf Fang</component>
				<component amount="1">Mighty Skeleton Skull</component>
			</components>
		</tier>
		<tier>
			<tier-name>Velocity V</tier-name>
			<tier-origin>Statistic: Velocity V</tier-origin>
			<tier-lvl>5</tier-lvl>
			<tier-desc/>
			<tier-skilladjust>50</tier-skilladjust>
			<tier-keywords>
				<tier-keywordset>
					<tier-keyword>techclass_5</tier-keyword>
				</tier-keywordset>
			</tier-keywords>
			<tier-attributes>
				<tier-attribute type="statBonus">+12 Fly Speed</tier-attribute>
			</tier-attributes>
			<components>
				<component amount="4">Shining Essence Orb</component>
				<component amount="2">Fire Opal Golem Chip</component>
				<component amount="2">Enduring Fyakki Chitin</component>
			</components>
		</tier>
	</tech>
</techniqueset>
