<?xml version="1.0" encoding="ISO-8859-1"?>
<profile>
	<profile-format>1.0</profile-format>
	<profile-name>Optimal</profile-name>
	<profile-server>Default</profile-server>
	<profile-email>frame@console.cc</profile-email>
	<statistics>
		<statistic value="0">Health</statistic>
		<statistic value="0">Strength</statistic>
		<statistic value="0">Power</statistic>
		<statistic value="0">Speed</statistic>
		<statistic value="0">Armor</statistic>
		<statistic value="0">Dexterity</statistic>
		<statistic value="0">Focus</statistic>
		<statistic value="0">Velocity</statistic>
	</statistics>
	<adventurelevels>
		<adventure>
			<adventure-name>Battle Mage</adventure-name>
			<adventure-level>0</adventure-level>
		</adventure>
		<adventure>
			<adventure-name>Berserker</adventure-name>
			<adventure-level>0</adventure-level>
		</adventure>
		<adventure>
			<adventure-name>Blood Mage</adventure-name>
			<adventure-level>0</adventure-level>
		</adventure>
		<adventure>
			<adventure-name>Chaos Warrior</adventure-name>
			<adventure-level>0</adventure-level>
		</adventure>
		<adventure>
			<adventure-name>Cleric</adventure-name>
			<adventure-level>0</adventure-level>
		</adventure>
		<adventure>
			<adventure-name>Conjurer</adventure-name>
			<adventure-level>0</adventure-level>
		</adventure>
		<adventure>
			<adventure-name>Crossbowman</adventure-name>
			<adventure-level>0</adventure-level>
		</adventure>
		<adventure>
			<adventure-name>Dragon</adventure-name>
			<adventure-level>0</adventure-level>
		</adventure>
		<adventure>
			<adventure-name>Druid</adventure-name>
			<adventure-level>0</adventure-level>
		</adventure>
		<adventure>
			<adventure-name>Elemental Archer</adventure-name>
			<adventure-level>0</adventure-level>
		</adventure>
		<adventure>
			<adventure-name>Healer</adventure-name>
			<adventure-level>0</adventure-level>
		</adventure>
		<adventure>
			<adventure-name>Flame Disciple</adventure-name>
			<adventure-level>0</adventure-level>
		</adventure>
		<adventure>
			<adventure-name>Ice Disciple</adventure-name>
			<adventure-level>0</adventure-level>
		</adventure>
		<adventure>
			<adventure-name>Knight of Creation</adventure-name>
			<adventure-level>0</adventure-level>
		</adventure>
		<adventure>
			<adventure-name>Mage</adventure-name>
			<adventure-level>0</adventure-level>
		</adventure>
		<adventure>
			<adventure-name>Monk</adventure-name>
			<adventure-level>0</adventure-level>
		</adventure>
		<adventure>
			<adventure-name>Paladin</adventure-name>
			<adventure-level>0</adventure-level>
		</adventure>
		<adventure>
			<adventure-name>Ranger</adventure-name>
			<adventure-level>0</adventure-level>
		</adventure>
		<adventure>
			<adventure-name>Reaver</adventure-name>
			<adventure-level>0</adventure-level>
		</adventure>
		<adventure>
			<adventure-name>Scout</adventure-name>
			<adventure-level>0</adventure-level>
		</adventure>
		<adventure>
			<adventure-name>Shaman</adventure-name>
			<adventure-level>0</adventure-level>
		</adventure>
		<adventure>
			<adventure-name>Sorcerer</adventure-name>
			<adventure-level>0</adventure-level>
		</adventure>
		<adventure>
			<adventure-name>Spearman</adventure-name>
			<adventure-level>0</adventure-level>
		</adventure>
		<adventure>
			<adventure-name>Spirit Disciple</adventure-name>
			<adventure-level>0</adventure-level>
		</adventure>
		<adventure>
			<adventure-name>Spiritist</adventure-name>
			<adventure-level>0</adventure-level>
		</adventure>
		<adventure>
			<adventure-name>Storm Disciple</adventure-name>
			<adventure-level>0</adventure-level>
		</adventure>
		<adventure>
			<adventure-name>Warrior</adventure-name>
			<adventure-level>0</adventure-level>
		</adventure>
		<adventure>
			<adventure-name>Wizard</adventure-name>
			<adventure-level>0</adventure-level>
		</adventure>
	</adventurelevels>
	<adventureskills>
		<adventureskill level="0">Armor Use</adventureskill>
		<adventureskill level="0">Augmentation</adventureskill>
		<adventureskill level="0">Blight</adventureskill>
		<adventureskill level="0">Bow</adventureskill>
		<adventureskill level="0">Crossbow</adventureskill>
		<adventureskill level="0">Dragon Breath</adventureskill>
		<adventureskill level="0">Energy</adventureskill>
		<adventureskill level="0">Evasion</adventureskill>
		<adventureskill level="0">Flame</adventureskill>
		<adventureskill level="0">Ice</adventureskill>
		<adventureskill level="0">Life</adventureskill>
		<adventureskill level="0">Magic Evasion</adventureskill>
		<adventureskill level="0">Mind</adventureskill>
		<adventureskill level="0">Nature</adventureskill>
		<adventureskill level="0">One Hand Crush</adventureskill>
		<adventureskill level="0">One Hand Pierce</adventureskill>
		<adventureskill level="0">One Hand Slash</adventureskill>
		<adventureskill level="0">Primal</adventureskill>
		<adventureskill level="0">Shield</adventureskill>
		<adventureskill level="0">Spirit</adventureskill>
		<adventureskill level="0">Summoning</adventureskill>
		<adventureskill level="0">Tooth and Claw</adventureskill>
		<adventureskill level="0">Two Hand Crush</adventureskill>
		<adventureskill level="0">Two Hand Slash</adventureskill>
	</adventureskills>
	<craftlevels>
		<craft>
			<craft-name>Alchemist</craft-name>
			<craft-level>0</craft-level>
			<craft-worktiermin>0</craft-worktiermin>
			<craft-worktiermax>0</craft-worktiermax>
		</craft>
		<craft>
			<craft-name>Armorer</craft-name>
			<craft-level>0</craft-level>
			<craft-worktiermin>0</craft-worktiermin>
			<craft-worktiermax>0</craft-worktiermax>
		</craft>
		<craft>
			<craft-name>Blacksmith</craft-name>
			<craft-level>0</craft-level>
			<craft-worktiermin>0</craft-worktiermin>
			<craft-worktiermax>0</craft-worktiermax>
		</craft>
		<craft>
			<craft-name>Carpenter</craft-name>
			<craft-level>0</craft-level>
			<craft-worktiermin>0</craft-worktiermin>
			<craft-worktiermax>0</craft-worktiermax>
		</craft>
		<craft>
			<craft-name>Confectioner</craft-name>
			<craft-level>0</craft-level>
			<craft-worktiermin>0</craft-worktiermin>
			<craft-worktiermax>0</craft-worktiermax>
		</craft>
		<craft>
			<craft-name>Dragon Crafter</craft-name>
			<craft-level>0</craft-level>
			<craft-worktiermin>0</craft-worktiermin>
			<craft-worktiermax>0</craft-worktiermax>
		</craft>
		<craft>
			<craft-name>Dragon Lairshaper</craft-name>
			<craft-level>0</craft-level>
			<craft-worktiermin>0</craft-worktiermin>
			<craft-worktiermax>0</craft-worktiermax>
		</craft>
		<craft>
			<craft-name>Enchanter</craft-name>
			<craft-level>0</craft-level>
			<craft-worktiermin>0</craft-worktiermin>
			<craft-worktiermax>0</craft-worktiermax>
		</craft>
		<craft>
			<craft-name>Fitter</craft-name>
			<craft-level>0</craft-level>
			<craft-worktiermin>5</craft-worktiermin>
			<craft-worktiermax>5</craft-worktiermax>
		</craft>
		<craft>
			<craft-name>Fletcher</craft-name>
			<craft-level>0</craft-level>
			<craft-worktiermin>5</craft-worktiermin>
			<craft-worktiermax>5</craft-worktiermax>
		</craft>
		<craft>
			<craft-name>Gatherer</craft-name>
			<craft-level>0</craft-level>
			<craft-worktiermin>0</craft-worktiermin>
			<craft-worktiermax>0</craft-worktiermax>
		</craft>
		<craft>
			<craft-name>Jeweler</craft-name>
			<craft-level>0</craft-level>
			<craft-worktiermin>3</craft-worktiermin>
			<craft-worktiermax>5</craft-worktiermax>
		</craft>
		<craft>
			<craft-name>Mason</craft-name>
			<craft-level>0</craft-level>
			<craft-worktiermin>0</craft-worktiermin>
			<craft-worktiermax>0</craft-worktiermax>
		</craft>
		<craft>
			<craft-name>Miner</craft-name>
			<craft-level>0</craft-level>
			<craft-worktiermin>0</craft-worktiermin>
			<craft-worktiermax>0</craft-worktiermax>
		</craft>
		<craft>
			<craft-name>Outfitter</craft-name>
			<craft-level>0</craft-level>
			<craft-worktiermin>0</craft-worktiermin>
			<craft-worktiermax>0</craft-worktiermax>
		</craft>
		<craft>
			<craft-name>Scholar</craft-name>
			<craft-level>0</craft-level>
			<craft-worktiermin>0</craft-worktiermin>
			<craft-worktiermax>0</craft-worktiermax>
		</craft>
		<craft>
			<craft-name>Spellcrafter</craft-name>
			<craft-level>0</craft-level>
			<craft-worktiermin>0</craft-worktiermin>
			<craft-worktiermax>0</craft-worktiermax>
		</craft>
		<craft>
			<craft-name>Tailor</craft-name>
			<craft-level>0</craft-level>
			<craft-worktiermin>5</craft-worktiermin>
			<craft-worktiermax>5</craft-worktiermax>
		</craft>
		<craft>
			<craft-name>Tinkerer</craft-name>
			<craft-level>0</craft-level>
			<craft-worktiermin>3</craft-worktiermin>
			<craft-worktiermax>5</craft-worktiermax>
		</craft>
		<craft>
			<craft-name>Weaponsmith</craft-name>
			<craft-level>0</craft-level>
			<craft-worktiermin>0</craft-worktiermin>
			<craft-worktiermax>0</craft-worktiermax>
		</craft>
		<craft>
			<craft-name>Weaver</craft-name>
			<craft-level>0</craft-level>
			<craft-worktiermin>0</craft-worktiermin>
			<craft-worktiermax>0</craft-worktiermax>
		</craft>
	</craftlevels>
	<craftskills>
		<craftskill level="2000">Alchemy</craftskill>
		<craftskill level="2000">Armorcraft</craftskill>
		<craftskill level="2000">Brewing</craftskill>
		<craftskill level="2000">Carpentry</craftskill>
		<craftskill level="2000">Clothworking</craftskill>
		<craftskill level="2000">Cooking</craftskill>
		<craftskill level="2000">Preparing</craftskill>
		<craftskill level="2000">Crystalshaping</craftskill>
		<craftskill level="2000">Dowsing</craftskill>
		<craftskill level="2000">Earthencraft</craftskill>
		<craftskill level="2000">Enchanting</craftskill>
		<craftskill level="2000">Essence Harvesting</craftskill>
		<craftskill level="2000">Essence Shaping</craftskill>
		<craftskill level="2000">Essence Structuring</craftskill>
		<craftskill level="2000">Fishing</craftskill>
		<craftskill level="2000">Fitting</craftskill>
		<craftskill level="2000">Fletching</craftskill>
		<craftskill level="2000">Foraging</craftskill>
		<craftskill level="2000">Gemworking</craftskill>
		<craftskill level="2000">Ingenuity</craftskill>
		<craftskill level="2000">Jewelcraft</craftskill>
		<craftskill level="2000">Lairshaping</craftskill>
		<craftskill level="2000">Leatherworking</craftskill>
		<craftskill level="2000">Logging</craftskill>
		<craftskill level="2000">Lumbering</craftskill>
		<craftskill level="2000">Masonry</craftskill>
		<craftskill level="2000">Metalworking</craftskill>
		<craftskill level="2000">Mining</craftskill>
		<craftskill level="2000">Prospecting</craftskill>
		<craftskill level="2000">Quarrying</craftskill>
		<craftskill level="2000">Salvaging</craftskill>
		<craftskill level="2000">Scalecraft</craftskill>
		<craftskill level="2000">Sculpting</craftskill>
		<craftskill level="2000">Smelting</craftskill>
		<craftskill level="2000">Spellcraft</craftskill>
		<craftskill level="2000">Spinning</craftskill>
		<craftskill level="2000">Stoneworking</craftskill>
		<craftskill level="2000">Tailoring</craftskill>
		<craftskill level="2000">Tanning</craftskill>
		<craftskill level="2000">Tinkering</craftskill>
		<craftskill level="2000">Transmutation</craftskill>
		<craftskill level="2000">Weaponcraft</craftskill>
		<craftskill level="2000">Weaving</craftskill>
		<craftskill level="2000">Woodworking</craftskill>
	</craftskills>
</profile>
