<?xml version="1.0" encoding="ISO-8859-1"?>
<techniqueset format="2.1">
	<techniqueset-name>Power Strike</techniqueset-name>
	<techniqueset-categories>
		<techniqueset-category>Ability</techniqueset-category>
	</techniqueset-categories>
	<tech>
		<tech-name>Power Strike</tech-name>
		<tech-icon>icon_technique_04_00_11.png</tech-icon>
		<tech-keywords>
			<tech-keywordset>
				<tech-keyword>weapon</tech-keyword>
			</tech-keywordset>
			<tech-keywordset>
				<tech-keyword>skill_use_onehandpierce</tech-keyword>
				<tech-keyword>skill_use_onehandcrush</tech-keyword>
				<tech-keyword>skill_use_onehandslash</tech-keyword>
				<tech-keyword>skill_use_twohandcrush</tech-keyword>
				<tech-keyword>skill_use_twohandslash</tech-keyword>
				<tech-keyword>unarmed</tech-keyword>
			</tech-keywordset>
		</tech-keywords>
		<tech-effectkeywords>
			<tech-effectkeywordset>
				<tech-effectkeyword>abilitymod_powerstrike_up</tech-effectkeyword>
			</tech-effectkeywordset>
		</tech-effectkeywords>
		<tier>
			<tier-name>Power Strike I</tier-name>
			<tier-origin>Ability: Power Strike I</tier-origin>
			<tier-lvl>1</tier-lvl>
			<tier-desc>This technique will allow the user to create weapons that enhance the Power Strike ability while the weapon is equipped.</tier-desc>
			<tier-skilladjust>10</tier-skilladjust>
			<tier-keywords>
				<tier-keywordset>
					<tier-keyword>techclass_1</tier-keyword>
				</tier-keywordset>
			</tier-keywords>
			<components>
				<component amount="4">Dim Essence Orb</component>
				<component amount="1">Cedar Treant Knot</component>
			</components>
		</tier>
		<tier>
			<tier-name>Power Strike II</tier-name>
			<tier-origin>Ability: Power Strike II</tier-origin>
			<tier-lvl>2</tier-lvl>
			<tier-desc>This technique will allow the user to create weapons that enhance the Power Strike ability while the weapon is equipped.</tier-desc>
			<tier-skilladjust>20</tier-skilladjust>
			<tier-keywords>
				<tier-keywordset>
					<tier-keyword>techclass_2</tier-keyword>
				</tier-keywordset>
			</tier-keywords>
			<components>
				<component amount="4">Pale Essence Orb</component>
				<component amount="1">Lesser Zombie Finger</component>
				<component amount="1">Brighter Tarantula Silk</component>
			</components>
		</tier>
		<tier>
			<tier-name>Power Strike III</tier-name>
			<tier-origin>Ability: Power Strike III</tier-origin>
			<tier-lvl>3</tier-lvl>
			<tier-desc>This technique will allow the user to create weapons that enhance the Power Strike ability while the weapon is equipped.</tier-desc>
			<tier-skilladjust>30</tier-skilladjust>
			<tier-keywords>
				<tier-keywordset>
					<tier-keyword>techclass_3</tier-keyword>
				</tier-keywordset>
			</tier-keywords>
			<components>
				<component amount="4">Glowing Essence Orb</component>
				<component amount="1">Snow Beetle Carapace</component>
				<component amount="1">Redbacked Spider Breeder Eye</component>
			</components>
		</tier>
		<tier>
			<tier-name>Power Strike IV</tier-name>
			<tier-origin>Ability: Power Strike IV</tier-origin>
			<tier-lvl>4</tier-lvl>
			<tier-desc>This technique will allow the user to create weapons that enhance the Power Strike ability while the weapon is equipped.</tier-desc>
			<tier-skilladjust>40</tier-skilladjust>
			<tier-keywords>
				<tier-keywordset>
					<tier-keyword>techclass_4</tier-keyword>
				</tier-keywordset>
			</tier-keywords>
			<components>
				<component amount="4">Bright Essence Orb</component>
				<component amount="2">Jade Golem Chip</component>
				<component amount="1">Flame Wolf Fang</component>
			</components>
		</tier>
		<tier>
			<tier-name>Power Strike V</tier-name>
			<tier-origin>Ability: Power Strike V</tier-origin>
			<tier-lvl>5</tier-lvl>
			<tier-desc>This technique will allow the user to create weapons that enhance the Power Strike ability while the weapon is equipped.</tier-desc>
			<tier-skilladjust>50</tier-skilladjust>
			<tier-keywords>
				<tier-keywordset>
					<tier-keyword>techclass_5</tier-keyword>
				</tier-keywordset>
			</tier-keywords>
			<components>
				<component amount="4">Shining Essence Orb</component>
				<component amount="2">Kwellen Energy Node</component>
				<component amount="2">Blue Vexator Fringe</component>
			</components>
		</tier>
	</tech>
</techniqueset>
