<?xml version="1.0" encoding="ISO-8859-1"?>
<formulaset format="2.1">
	<formulaset-name>Resources - Alchemy</formulaset-name>
	<formulaset-categories>
		<formulaset-category>Resources</formulaset-category>
	</formulaset-categories>
	<item>
		<item-name>Ground Gem</item-name>
		<item-icon>icon_formula_r_06_01_11.png</item-icon>
		<item-batchqty>2</item-batchqty>
		<item-attributes>
			<item-attribute type="equipSlot">All</item-attribute>
			<item-attribute type="bulk">1</item-attribute>
		</item-attributes>
		<tier>
			<tier-name>Ground Garnet</tier-name>
			<tier-lvl name="I Garnet">1</tier-lvl>
			<tier-desc>A fine powder of crushed garnet, used as a reaction agent in specialized trade skills.</tier-desc>
			<tier-allowedtechniques>0</tier-allowedtechniques>
			<tier-attributes>
      </tier-attributes>
			<tier-keywords>
				<tier-keyword>tier_1</tier-keyword>
			</tier-keywords>
			<resources>
				<resource>
					<resource-name>Dim Essence Orb</resource-name>
					<resource-skill>Alchemy</resource-skill>
					<resource-min amount="2">1</resource-min>
					<resource-opt amount="1">200</resource-opt>
				</resource>
				<resource>
					<resource-name>Uncut Garnet</resource-name>
					<resource-skill>Alchemy</resource-skill>
					<resource-min amount="5">1</resource-min>
					<resource-opt amount="2">200</resource-opt>
				</resource>
			</resources>
		</tier>
		<tier>
			<tier-name>Ground Malachite</tier-name>
			<tier-lvl name="I Malachite">1</tier-lvl>
			<tier-desc>A fine powder of crushed malachite, used as a reaction agent in specialized trade skills.</tier-desc>
			<tier-allowedtechniques>0</tier-allowedtechniques>
			<tier-attributes>
      </tier-attributes>
			<tier-keywords>
				<tier-keyword>tier_1</tier-keyword>
			</tier-keywords>
			<resources>
				<resource>
					<resource-name>Dim Essence Orb</resource-name>
					<resource-skill>Alchemy</resource-skill>
					<resource-min amount="2">1</resource-min>
					<resource-opt amount="1">200</resource-opt>
				</resource>
				<resource>
					<resource-name>Uncut Malachite</resource-name>
					<resource-skill>Alchemy</resource-skill>
					<resource-min amount="5">1</resource-min>
					<resource-opt amount="2">200</resource-opt>
				</resource>
			</resources>
		</tier>
		<tier>
			<tier-name>Ground Turquoise</tier-name>
			<tier-lvl name="I Turquoise">1</tier-lvl>
			<tier-desc>A fine powder of crushed turquoise, used as a reaction agent in specialized trade skills.</tier-desc>
			<tier-allowedtechniques>0</tier-allowedtechniques>
			<tier-attributes>
      </tier-attributes>
			<tier-keywords>
				<tier-keyword>tier_1</tier-keyword>
			</tier-keywords>
			<resources>
				<resource>
					<resource-name>Dim Essence Orb</resource-name>
					<resource-skill>Alchemy</resource-skill>
					<resource-min amount="2">1</resource-min>
					<resource-opt amount="1">200</resource-opt>
				</resource>
				<resource>
					<resource-name>Uncut Turquoise</resource-name>
					<resource-skill>Alchemy</resource-skill>
					<resource-min amount="5">1</resource-min>
					<resource-opt amount="2">200</resource-opt>
				</resource>
			</resources>
		</tier>
		<tier>
			<tier-name>Ground Amethyst</tier-name>
			<tier-lvl name="II Amethyst">2</tier-lvl>
			<tier-desc>A fine powder of crushed amethyst, used as a reaction agent in specialized trade skills.</tier-desc>
			<tier-allowedtechniques>0</tier-allowedtechniques>
			<tier-attributes>
      </tier-attributes>
			<tier-keywords>
				<tier-keyword>tier_2</tier-keyword>
			</tier-keywords>
			<resources>
				<resource>
					<resource-name>Pale Essence Orb</resource-name>
					<resource-skill>Alchemy</resource-skill>
					<resource-min amount="2">200</resource-min>
					<resource-opt amount="1">425</resource-opt>
				</resource>
				<resource>
					<resource-name>Uncut Amethyst</resource-name>
					<resource-skill>Alchemy</resource-skill>
					<resource-min amount="5">200</resource-min>
					<resource-opt amount="2">425</resource-opt>
				</resource>
			</resources>
		</tier>
		<tier>
			<tier-name>Ground Lapis Lazuli</tier-name>
			<tier-lvl name="II Lapis Lazuli">2</tier-lvl>
			<tier-desc>A fine powder of crushed lapis lazuli, used as a reaction agent in specialized trade skills.</tier-desc>
			<tier-allowedtechniques>0</tier-allowedtechniques>
			<tier-attributes>
      </tier-attributes>
			<tier-keywords>
				<tier-keyword>tier_2</tier-keyword>
			</tier-keywords>
			<resources>
				<resource>
					<resource-name>Pale Essence Orb</resource-name>
					<resource-skill>Alchemy</resource-skill>
					<resource-min amount="2">200</resource-min>
					<resource-opt amount="1">425</resource-opt>
				</resource>
				<resource>
					<resource-name>Uncut Lapis Lazuli</resource-name>
					<resource-skill>Alchemy</resource-skill>
					<resource-min amount="5">200</resource-min>
					<resource-opt amount="2">425</resource-opt>
				</resource>
			</resources>
		</tier>
		<tier>
			<tier-name>Ground Rose Quartz</tier-name>
			<tier-lvl name="II Rose Quartz">2</tier-lvl>
			<tier-desc>A fine powder of crushed rose quartz, used as a reaction agent in specialized trade skills.</tier-desc>
			<tier-allowedtechniques>0</tier-allowedtechniques>
			<tier-attributes>
      </tier-attributes>
			<tier-keywords>
				<tier-keyword>tier_2</tier-keyword>
			</tier-keywords>
			<resources>
				<resource>
					<resource-name>Pale Essence Orb</resource-name>
					<resource-skill>Alchemy</resource-skill>
					<resource-min amount="2">200</resource-min>
					<resource-opt amount="1">425</resource-opt>
				</resource>
				<resource>
					<resource-name>Uncut Rose Quartz</resource-name>
					<resource-skill>Alchemy</resource-skill>
					<resource-min amount="5">200</resource-min>
					<resource-opt amount="2">425</resource-opt>
				</resource>
			</resources>
		</tier>
		<tier>
			<tier-name>Ground Aquamarine</tier-name>
			<tier-lvl name="III Aquamarine">3</tier-lvl>
			<tier-allowedtechniques>0</tier-allowedtechniques>
			<tier-attributes>
      </tier-attributes>
			<tier-keywords>
				<tier-keyword>tier_3</tier-keyword>
				<tier-keyword>tier_2</tier-keyword>
			</tier-keywords>
			<resources>
				<resource>
					<resource-name>Glowing Essence Orb</resource-name>
					<resource-skill>Alchemy</resource-skill>
					<resource-min amount="2">400</resource-min>
					<resource-opt amount="1">650</resource-opt>
				</resource>
				<resource>
					<resource-name>Uncut Aquamarine</resource-name>
					<resource-skill>Alchemy</resource-skill>
					<resource-min amount="5">400</resource-min>
					<resource-opt amount="2">650</resource-opt>
				</resource>
			</resources>
		</tier>
		<tier>
			<tier-name>Ground Citrine</tier-name>
			<tier-lvl name="III Citrine">3</tier-lvl>
			<tier-allowedtechniques>0</tier-allowedtechniques>
			<tier-attributes>
      </tier-attributes>
			<tier-keywords>
				<tier-keyword>tier_3</tier-keyword>
				<tier-keyword>tier_2</tier-keyword>
			</tier-keywords>
			<resources>
				<resource>
					<resource-name>Glowing Essence Orb</resource-name>
					<resource-skill>Alchemy</resource-skill>
					<resource-min amount="2">400</resource-min>
					<resource-opt amount="1">650</resource-opt>
				</resource>
				<resource>
					<resource-name>Uncut Citrine</resource-name>
					<resource-skill>Alchemy</resource-skill>
					<resource-min amount="5">400</resource-min>
					<resource-opt amount="2">650</resource-opt>
				</resource>
			</resources>
		</tier>
		<tier>
			<tier-name>Ground Jasper</tier-name>
			<tier-lvl name="III Jasper">3</tier-lvl>
			<tier-allowedtechniques>0</tier-allowedtechniques>
			<tier-attributes>
      </tier-attributes>
			<tier-keywords>
				<tier-keyword>tier_3</tier-keyword>
				<tier-keyword>tier_2</tier-keyword>
			</tier-keywords>
			<resources>
				<resource>
					<resource-name>Glowing Essence Orb</resource-name>
					<resource-skill>Alchemy</resource-skill>
					<resource-min amount="2">400</resource-min>
					<resource-opt amount="1">650</resource-opt>
				</resource>
				<resource>
					<resource-name>Uncut Jasper</resource-name>
					<resource-skill>Alchemy</resource-skill>
					<resource-min amount="5">400</resource-min>
					<resource-opt amount="2">650</resource-opt>
				</resource>
			</resources>
		</tier>
		<tier>
			<tier-name>Ground Jade</tier-name>
			<tier-lvl name="IV Jade">4</tier-lvl>
			<tier-allowedtechniques>0</tier-allowedtechniques>
			<tier-attributes>
      </tier-attributes>
			<tier-keywords>
				<tier-keyword>tier_4</tier-keyword>
				<tier-keyword>tier_2</tier-keyword>
			</tier-keywords>
			<resources>
				<resource>
					<resource-name>Bright Essence Orb</resource-name>
					<resource-skill>Alchemy</resource-skill>
					<resource-min amount="2">600</resource-min>
					<resource-opt amount="1">875</resource-opt>
				</resource>
				<resource>
					<resource-name>Uncut Jade</resource-name>
					<resource-skill>Alchemy</resource-skill>
					<resource-min amount="5">600</resource-min>
					<resource-opt amount="2">875</resource-opt>
				</resource>
			</resources>
		</tier>
		<tier>
			<tier-name>Ground Opal</tier-name>
			<tier-lvl name="IV Opal">4</tier-lvl>
			<tier-allowedtechniques>0</tier-allowedtechniques>
			<tier-attributes>
      </tier-attributes>
			<tier-keywords>
				<tier-keyword>tier_4</tier-keyword>
				<tier-keyword>tier_2</tier-keyword>
			</tier-keywords>
			<resources>
				<resource>
					<resource-name>Bright Essence Orb</resource-name>
					<resource-skill>Alchemy</resource-skill>
					<resource-min amount="2">600</resource-min>
					<resource-opt amount="1">875</resource-opt>
				</resource>
				<resource>
					<resource-name>Uncut Opal</resource-name>
					<resource-skill>Alchemy</resource-skill>
					<resource-min amount="5">600</resource-min>
					<resource-opt amount="2">875</resource-opt>
				</resource>
			</resources>
		</tier>
		<tier>
			<tier-name>Ground Topaz</tier-name>
			<tier-lvl name="IV Topaz">4</tier-lvl>
			<tier-allowedtechniques>0</tier-allowedtechniques>
			<tier-attributes>
      </tier-attributes>
			<tier-keywords>
				<tier-keyword>tier_4</tier-keyword>
				<tier-keyword>tier_2</tier-keyword>
			</tier-keywords>
			<resources>
				<resource>
					<resource-name>Bright Essence Orb</resource-name>
					<resource-skill>Alchemy</resource-skill>
					<resource-min amount="2">600</resource-min>
					<resource-opt amount="1">875</resource-opt>
				</resource>
				<resource>
					<resource-name>Uncut Topaz</resource-name>
					<resource-skill>Alchemy</resource-skill>
					<resource-min amount="5">600</resource-min>
					<resource-opt amount="2">875</resource-opt>
				</resource>
			</resources>
		</tier>
		<tier>
			<tier-name>Ground Emerald</tier-name>
			<tier-lvl name="V Emerald">5</tier-lvl>
			<tier-allowedtechniques>0</tier-allowedtechniques>
			<tier-attributes>
      </tier-attributes>
			<tier-keywords>
				<tier-keyword>tier_5</tier-keyword>
				<tier-keyword>tier_2</tier-keyword>
			</tier-keywords>
			<resources>
				<resource>
					<resource-name>Shining Essence Orb</resource-name>
					<resource-skill>Alchemy</resource-skill>
					<resource-min amount="2">800</resource-min>
					<resource-opt amount="1">1075</resource-opt>
				</resource>
				<resource>
					<resource-name>Uncut Emerald</resource-name>
					<resource-skill>Alchemy</resource-skill>
					<resource-min amount="5">800</resource-min>
					<resource-opt amount="2">1075</resource-opt>
				</resource>
			</resources>
		</tier>
		<tier>
			<tier-name>Ground Fire Opal</tier-name>
			<tier-lvl name="V Fire Opal">5</tier-lvl>
			<tier-allowedtechniques>0</tier-allowedtechniques>
			<tier-attributes>
      </tier-attributes>
			<tier-keywords>
				<tier-keyword>tier_5</tier-keyword>
				<tier-keyword>tier_2</tier-keyword>
			</tier-keywords>
			<resources>
				<resource>
					<resource-name>Shining Essence Orb</resource-name>
					<resource-skill>Alchemy</resource-skill>
					<resource-min amount="2">800</resource-min>
					<resource-opt amount="1">1075</resource-opt>
				</resource>
				<resource>
					<resource-name>Uncut Fire Opal</resource-name>
					<resource-skill>Alchemy</resource-skill>
					<resource-min amount="5">800</resource-min>
					<resource-opt amount="2">1075</resource-opt>
				</resource>
			</resources>
		</tier>
		<tier>
			<tier-name>Ground Peridot</tier-name>
			<tier-lvl name="V Peridot">5</tier-lvl>
			<tier-allowedtechniques>0</tier-allowedtechniques>
			<tier-attributes>
      </tier-attributes>
			<tier-keywords>
				<tier-keyword>tier_5</tier-keyword>
				<tier-keyword>tier_2</tier-keyword>
			</tier-keywords>
			<resources>
				<resource>
					<resource-name>Shining Essence Orb</resource-name>
					<resource-skill>Alchemy</resource-skill>
					<resource-min amount="2">800</resource-min>
					<resource-opt amount="1">1075</resource-opt>
				</resource>
				<resource>
					<resource-name>Uncut Peridot</resource-name>
					<resource-skill>Alchemy</resource-skill>
					<resource-min amount="5">800</resource-min>
					<resource-opt amount="2">1075</resource-opt>
				</resource>
			</resources>
		</tier>
	</item>
	<item>
		<item-name>Metal Powder</item-name>
		<item-icon>icon_formula_r_01_04_11.png</item-icon>
		<item-batchqty>2</item-batchqty>
		<item-attributes>
			<item-attribute type="equipSlot">All</item-attribute>
			<item-attribute type="bulk">2</item-attribute>
		</item-attributes>
		<tier>
			<tier-name>Bronze Powder</tier-name>
			<tier-lvl name="I Bronze">1</tier-lvl>
			<tier-desc>This is a fine, granular powder of bronze metal.</tier-desc>
			<tier-allowedtechniques>0</tier-allowedtechniques>
			<tier-attributes>
      </tier-attributes>
			<tier-keywords>
				<tier-keyword>tier_1</tier-keyword>
			</tier-keywords>
			<resources>
				<resource>
					<resource-name>Dim Essence Orb</resource-name>
					<resource-skill>Alchemy</resource-skill>
					<resource-min amount="2">100</resource-min>
					<resource-opt amount="1">300</resource-opt>
				</resource>
				<resource>
					<resource-name>Bronze Bar</resource-name>
					<resource-skill>Alchemy</resource-skill>
					<resource-min amount="5">100</resource-min>
					<resource-opt amount="2">300</resource-opt>
				</resource>
			</resources>
		</tier>
		<tier>
			<tier-name>Iron Powder</tier-name>
			<tier-lvl name="II Iron">2</tier-lvl>
			<tier-desc>This is a fine, granular powder of iron metal.</tier-desc>
			<tier-allowedtechniques>0</tier-allowedtechniques>
			<tier-attributes>
      </tier-attributes>
			<tier-keywords>
				<tier-keyword>tier_2</tier-keyword>
			</tier-keywords>
			<resources>
				<resource>
					<resource-name>Pale Essence Orb</resource-name>
					<resource-skill>Alchemy</resource-skill>
					<resource-min amount="2">300</resource-min>
					<resource-opt amount="1">525</resource-opt>
				</resource>
				<resource>
					<resource-name>Iron Bar</resource-name>
					<resource-skill>Alchemy</resource-skill>
					<resource-min amount="5">300</resource-min>
					<resource-opt amount="2">525</resource-opt>
				</resource>
			</resources>
		</tier>
		<tier>
			<tier-name>Silver Powder</tier-name>
			<tier-lvl name="II Silver">2</tier-lvl>
			<tier-desc>This is a fine, granular powder of silver metal.</tier-desc>
			<tier-allowedtechniques>0</tier-allowedtechniques>
			<tier-attributes>
      </tier-attributes>
			<tier-keywords>
				<tier-keyword>tier_2</tier-keyword>
			</tier-keywords>
			<resources>
				<resource>
					<resource-name>Pale Essence Orb</resource-name>
					<resource-skill>Alchemy</resource-skill>
					<resource-min amount="2">300</resource-min>
					<resource-opt amount="1">525</resource-opt>
				</resource>
				<resource>
					<resource-name>Silver Bar</resource-name>
					<resource-skill>Alchemy</resource-skill>
					<resource-min amount="5">300</resource-min>
					<resource-opt amount="2">525</resource-opt>
				</resource>
			</resources>
		</tier>
		<tier>
			<tier-name>Gold Powder</tier-name>
			<tier-lvl name="III Gold">3</tier-lvl>
			<tier-desc>This is a fine, granular powder of gold metal.</tier-desc>
			<tier-allowedtechniques>0</tier-allowedtechniques>
			<tier-attributes>
      </tier-attributes>
			<tier-keywords>
				<tier-keyword>tier_3</tier-keyword>
			</tier-keywords>
			<resources>
				<resource>
					<resource-name>Glowing Essence Orb</resource-name>
					<resource-skill>Alchemy</resource-skill>
					<resource-min amount="2">500</resource-min>
					<resource-opt amount="1">750</resource-opt>
				</resource>
				<resource>
					<resource-name>Gold Bar</resource-name>
					<resource-skill>Alchemy</resource-skill>
					<resource-min amount="5">500</resource-min>
					<resource-opt amount="2">750</resource-opt>
				</resource>
			</resources>
		</tier>
		<tier>
			<tier-name>Steel Powder</tier-name>
			<tier-lvl name="III Steel">3</tier-lvl>
			<tier-desc>This is a fine, granular powder of steel metal.</tier-desc>
			<tier-allowedtechniques>0</tier-allowedtechniques>
			<tier-attributes>
      </tier-attributes>
			<tier-keywords>
				<tier-keyword>tier_3</tier-keyword>
			</tier-keywords>
			<resources>
				<resource>
					<resource-name>Glowing Essence Orb</resource-name>
					<resource-skill>Alchemy</resource-skill>
					<resource-min amount="2">500</resource-min>
					<resource-opt amount="1">750</resource-opt>
				</resource>
				<resource>
					<resource-name>Steel Bar</resource-name>
					<resource-skill>Alchemy</resource-skill>
					<resource-min amount="5">500</resource-min>
					<resource-opt amount="2">750</resource-opt>
				</resource>
			</resources>
		</tier>
		<tier>
			<tier-name>Cobalt Powder</tier-name>
			<tier-lvl name="IV Cobalt">4</tier-lvl>
			<tier-desc>This is a fine, granular powder of cobalt alloy metal.</tier-desc>
			<tier-allowedtechniques>0</tier-allowedtechniques>
			<tier-attributes>
      </tier-attributes>
			<tier-keywords>
				<tier-keyword>tier_4</tier-keyword>
			</tier-keywords>
			<resources>
				<resource>
					<resource-name>Bright Essence Orb</resource-name>
					<resource-skill>Alchemy</resource-skill>
					<resource-min amount="2">700</resource-min>
					<resource-opt amount="1">975</resource-opt>
				</resource>
				<resource>
					<resource-name>Cobalt Bar</resource-name>
					<resource-skill>Alchemy</resource-skill>
					<resource-min amount="5">700</resource-min>
					<resource-opt amount="2">975</resource-opt>
				</resource>
			</resources>
		</tier>
		<tier>
			<tier-name>Platinum Powder</tier-name>
			<tier-lvl name="IV Platinum">4</tier-lvl>
			<tier-desc>This is a fine, granular powder of platinum metal.</tier-desc>
			<tier-allowedtechniques>0</tier-allowedtechniques>
			<tier-attributes>
      </tier-attributes>
			<tier-keywords>
				<tier-keyword>tier_4</tier-keyword>
			</tier-keywords>
			<resources>
				<resource>
					<resource-name>Bright Essence Orb</resource-name>
					<resource-skill>Alchemy</resource-skill>
					<resource-min amount="2">700</resource-min>
					<resource-opt amount="1">975</resource-opt>
				</resource>
				<resource>
					<resource-name>Platinum Bar</resource-name>
					<resource-skill>Alchemy</resource-skill>
					<resource-min amount="5">700</resource-min>
					<resource-opt amount="2">975</resource-opt>
				</resource>
			</resources>
		</tier>
		<tier>
			<tier-name>Mithril Powder</tier-name>
			<tier-lvl name="V Mithril">5</tier-lvl>
			<tier-desc>This is a fine, granular powder of mithril metal.</tier-desc>
			<tier-allowedtechniques>0</tier-allowedtechniques>
			<tier-attributes>
      </tier-attributes>
			<tier-keywords>
				<tier-keyword>tier_5</tier-keyword>
			</tier-keywords>
			<resources>
				<resource>
					<resource-name>Shining Essence Orb</resource-name>
					<resource-skill>Alchemy</resource-skill>
					<resource-min amount="2">900</resource-min>
					<resource-opt amount="1">1175</resource-opt>
				</resource>
				<resource>
					<resource-name>Mithril Bar</resource-name>
					<resource-skill>Alchemy</resource-skill>
					<resource-min amount="5">900</resource-min>
					<resource-opt amount="2">1175</resource-opt>
				</resource>
			</resources>
		</tier>
	</item>
	<item>
		<item-name>Cognitive Suspension</item-name>
		<item-icon>icon_formula_r_04_14_11.png</item-icon>
		<item-batchqty>1</item-batchqty>
		<item-attributes>
			<item-attribute type="equipSlot">All</item-attribute>
			<item-attribute type="bulk">1</item-attribute>
		</item-attributes>
		<tier>
			<tier-name>Dim Cognitive Suspension</tier-name>
			<tier-lvl>1</tier-lvl>
			<tier-desc>An alchemical suspension made from dim essence, used as a base in potions that affect the mind.</tier-desc>
			<tier-allowedtechniques>0</tier-allowedtechniques>
			<tier-attributes>
      </tier-attributes>
			<tier-keywords>
				<tier-keyword>tier_1</tier-keyword>
			</tier-keywords>
			<resources>
				<resource>
					<resource-name>Water</resource-name>
					<resource-skill>Alchemy</resource-skill>
					<resource-min amount="4">450</resource-min>
					<resource-opt amount="4">925</resource-opt>
				</resource>
				<resource>
					<resource-name>Dim Essence Orb</resource-name>
					<resource-skill>Alchemy</resource-skill>
					<resource-min amount="4">50</resource-min>
					<resource-opt amount="1">250</resource-opt>
				</resource>
			</resources>
		</tier>
		<tier>
			<tier-name>Pale Cognitive Suspension</tier-name>
			<tier-lvl>2</tier-lvl>
			<tier-desc>An alchemical suspension made from pale essence, used as a base in potions that affect the mind.</tier-desc>
			<tier-allowedtechniques>0</tier-allowedtechniques>
			<tier-attributes>
      </tier-attributes>
			<tier-keywords>
				<tier-keyword>tier_2</tier-keyword>
			</tier-keywords>
			<resources>
				<resource>
					<resource-name>Water</resource-name>
					<resource-skill>Alchemy</resource-skill>
					<resource-min amount="4">450</resource-min>
					<resource-opt amount="4">925</resource-opt>
				</resource>
				<resource>
					<resource-name>Pale Essence Orb</resource-name>
					<resource-skill>Alchemy</resource-skill>
					<resource-min amount="4">250</resource-min>
					<resource-opt amount="1">475</resource-opt>
				</resource>
			</resources>
		</tier>
		<tier>
			<tier-name>Glowing Cognitive Suspension</tier-name>
			<tier-lvl>3</tier-lvl>
			<tier-desc>An alchemical suspension made from glowing essence, used as a base in potions that affect the mind.</tier-desc>
			<tier-allowedtechniques>0</tier-allowedtechniques>
			<tier-attributes>
      </tier-attributes>
			<tier-keywords>
				<tier-keyword>tier_3</tier-keyword>
			</tier-keywords>
			<resources>
				<resource>
					<resource-name>Water</resource-name>
					<resource-skill>Alchemy</resource-skill>
					<resource-min amount="4">450</resource-min>
					<resource-opt amount="4">925</resource-opt>
				</resource>
				<resource>
					<resource-name>Glowing Essence Orb</resource-name>
					<resource-skill>Alchemy</resource-skill>
					<resource-min amount="4">450</resource-min>
					<resource-opt amount="1">700</resource-opt>
				</resource>
			</resources>
		</tier>
		<tier>
			<tier-name>Bright Cognitive Suspension</tier-name>
			<tier-lvl>4</tier-lvl>
			<tier-desc>An alchemical suspension made from bright essence, used as a base in potions that affect the mind.</tier-desc>
			<tier-allowedtechniques>0</tier-allowedtechniques>
			<tier-attributes>
      </tier-attributes>
			<tier-keywords>
				<tier-keyword>tier_4</tier-keyword>
			</tier-keywords>
			<resources>
				<resource>
					<resource-name>Water</resource-name>
					<resource-skill>Alchemy</resource-skill>
					<resource-min amount="4">450</resource-min>
					<resource-opt amount="4">925</resource-opt>
				</resource>
				<resource>
					<resource-name>Bright Essence Orb</resource-name>
					<resource-skill>Alchemy</resource-skill>
					<resource-min amount="4">650</resource-min>
					<resource-opt amount="1">925</resource-opt>
				</resource>
			</resources>
		</tier>
		<tier>
			<tier-name>Shining Cognitive Suspension</tier-name>
			<tier-lvl>5</tier-lvl>
			<tier-desc>An alchemical suspension made from shining essence, used as a base in potions that affect the mind.</tier-desc>
			<tier-allowedtechniques>0</tier-allowedtechniques>
			<tier-attributes>
      </tier-attributes>
			<tier-keywords>
				<tier-keyword>tier_5</tier-keyword>
			</tier-keywords>
			<resources>
				<resource>
					<resource-name>Water</resource-name>
					<resource-skill>Alchemy</resource-skill>
					<resource-min amount="4">450</resource-min>
					<resource-opt amount="4">925</resource-opt>
				</resource>
				<resource>
					<resource-name>Shining Essence Orb</resource-name>
					<resource-skill>Alchemy</resource-skill>
					<resource-min amount="4">850</resource-min>
					<resource-opt amount="1">1125</resource-opt>
				</resource>
			</resources>
		</tier>
	</item>
	<item>
		<item-name>Kinetic Suspension</item-name>
		<item-icon>icon_formula_r_04_15_11.png</item-icon>
		<item-batchqty>1</item-batchqty>
		<item-attributes>
			<item-attribute type="equipSlot">All</item-attribute>
			<item-attribute type="bulk">1</item-attribute>
		</item-attributes>
		<tier>
			<tier-name>Dim Kinetic Suspension</tier-name>
			<tier-lvl>1</tier-lvl>
			<tier-desc>An alchemical suspension made from dim essence, used as a base in potions that affect a person's physical energy.</tier-desc>
			<tier-allowedtechniques>0</tier-allowedtechniques>
			<tier-attributes>
      </tier-attributes>
			<tier-keywords>
				<tier-keyword>tier_1</tier-keyword>
			</tier-keywords>
			<resources>
				<resource>
					<resource-name>Tainted Dim Essence Orb</resource-name>
					<resource-skill>Alchemy</resource-skill>
					<resource-min amount="4">1</resource-min>
					<resource-opt amount="1">200</resource-opt>
				</resource>
				<resource>
					<resource-name>Water</resource-name>
					<resource-skill>Alchemy</resource-skill>
					<resource-min amount="4">400</resource-min>
					<resource-opt amount="4">875</resource-opt>
				</resource>
			</resources>
		</tier>
		<tier>
			<tier-name>Pale Kinetic Suspension</tier-name>
			<tier-lvl>2</tier-lvl>
			<tier-desc>An alchemical suspension made from pale essence, used as a base in potions that affect a person's physical energy.</tier-desc>
			<tier-allowedtechniques>0</tier-allowedtechniques>
			<tier-attributes>
      </tier-attributes>
			<tier-keywords>
				<tier-keyword>tier_2</tier-keyword>
			</tier-keywords>
			<resources>
				<resource>
					<resource-name>Tainted Pale Essence Orb</resource-name>
					<resource-skill>Alchemy</resource-skill>
					<resource-min amount="4">200</resource-min>
					<resource-opt amount="1">425</resource-opt>
				</resource>
				<resource>
					<resource-name>Water</resource-name>
					<resource-skill>Alchemy</resource-skill>
					<resource-min amount="4">400</resource-min>
					<resource-opt amount="4">875</resource-opt>
				</resource>
			</resources>
		</tier>
		<tier>
			<tier-name>Glowing Kinetic Suspension</tier-name>
			<tier-lvl>3</tier-lvl>
			<tier-desc>An alchemical suspension made from glowing essence, used as a base in potions that affect a person's physical energy.</tier-desc>
			<tier-allowedtechniques>0</tier-allowedtechniques>
			<tier-attributes>
      </tier-attributes>
			<tier-keywords>
				<tier-keyword>tier_3</tier-keyword>
			</tier-keywords>
			<resources>
				<resource>
					<resource-name>Tainted Glowing Essence Orb</resource-name>
					<resource-skill>Alchemy</resource-skill>
					<resource-min amount="4">400</resource-min>
					<resource-opt amount="1">650</resource-opt>
				</resource>
				<resource>
					<resource-name>Water</resource-name>
					<resource-skill>Alchemy</resource-skill>
					<resource-min amount="4">400</resource-min>
					<resource-opt amount="4">875</resource-opt>
				</resource>
			</resources>
		</tier>
		<tier>
			<tier-name>Bright Kinetic Suspension</tier-name>
			<tier-lvl>4</tier-lvl>
			<tier-desc>An alchemical suspension made from bright essence, used as a base in potions that affect a person's physical energy.</tier-desc>
			<tier-allowedtechniques>0</tier-allowedtechniques>
			<tier-attributes>
      </tier-attributes>
			<tier-keywords>
				<tier-keyword>tier_4</tier-keyword>
			</tier-keywords>
			<resources>
				<resource>
					<resource-name>Tainted Bright Essence Orb</resource-name>
					<resource-skill>Alchemy</resource-skill>
					<resource-min amount="4">600</resource-min>
					<resource-opt amount="1">875</resource-opt>
				</resource>
				<resource>
					<resource-name>Water</resource-name>
					<resource-skill>Alchemy</resource-skill>
					<resource-min amount="4">400</resource-min>
					<resource-opt amount="4">875</resource-opt>
				</resource>
			</resources>
		</tier>
		<tier>
			<tier-name>Shining Kinetic Suspension</tier-name>
			<tier-lvl>5</tier-lvl>
			<tier-desc>An alchemical suspension made from shining essence, used as a base in potions that affect a person's physical energy.</tier-desc>
			<tier-allowedtechniques>0</tier-allowedtechniques>
			<tier-attributes>
      </tier-attributes>
			<tier-keywords>
				<tier-keyword>tier_5</tier-keyword>
			</tier-keywords>
			<resources>
				<resource>
					<resource-name>Tainted Shining Essence Orb</resource-name>
					<resource-skill>Alchemy</resource-skill>
					<resource-min amount="4">800</resource-min>
					<resource-opt amount="1">1075</resource-opt>
				</resource>
				<resource>
					<resource-name>Water</resource-name>
					<resource-skill>Alchemy</resource-skill>
					<resource-min amount="4">400</resource-min>
					<resource-opt amount="4">875</resource-opt>
				</resource>
			</resources>
		</tier>
	</item>
	<item>
		<item-name>Tensile Suspension</item-name>
		<item-icon>icon_formula_r_04_16_11.png</item-icon>
		<item-batchqty>2</item-batchqty>
		<item-attributes>
			<item-attribute type="equipSlot">All</item-attribute>
			<item-attribute type="bulk">1</item-attribute>
		</item-attributes>
		<tier>
			<tier-name>Dim Tensile Suspension</tier-name>
			<tier-lvl>1</tier-lvl>
			<tier-desc>An alchemical suspension made from dim essence, used as a base in potions that affect physical resiliency.</tier-desc>
			<tier-allowedtechniques>0</tier-allowedtechniques>
			<tier-attributes>
      </tier-attributes>
			<tier-keywords>
				<tier-keyword>tier_1</tier-keyword>
			</tier-keywords>
			<resources>
				<resource>
					<resource-name>Purified Dim Essence Orb</resource-name>
					<resource-skill>Alchemy</resource-skill>
					<resource-min amount="4">100</resource-min>
					<resource-opt amount="1">300</resource-opt>
				</resource>
				<resource>
					<resource-name>Water</resource-name>
					<resource-skill>Alchemy</resource-skill>
					<resource-min amount="4">500</resource-min>
					<resource-opt amount="4">975</resource-opt>
				</resource>
			</resources>
		</tier>
		<tier>
			<tier-name>Pale Tensile Suspension</tier-name>
			<tier-lvl>2</tier-lvl>
			<tier-desc>An alchemical suspension made from pale essence, used as a base in potions that affect physical resiliency.</tier-desc>
			<tier-allowedtechniques>0</tier-allowedtechniques>
			<tier-attributes>
      </tier-attributes>
			<tier-keywords>
				<tier-keyword>tier_2</tier-keyword>
			</tier-keywords>
			<resources>
				<resource>
					<resource-name>Purified Pale Essence Orb</resource-name>
					<resource-skill>Alchemy</resource-skill>
					<resource-min amount="4">300</resource-min>
					<resource-opt amount="1">525</resource-opt>
				</resource>
				<resource>
					<resource-name>Water</resource-name>
					<resource-skill>Alchemy</resource-skill>
					<resource-min amount="4">500</resource-min>
					<resource-opt amount="4">975</resource-opt>
				</resource>
			</resources>
		</tier>
		<tier>
			<tier-name>Glowing Tensile Suspension</tier-name>
			<tier-lvl>3</tier-lvl>
			<tier-desc>An alchemical suspension made from glowing essence, used as a base in potions that affect physical resiliency.</tier-desc>
			<tier-allowedtechniques>0</tier-allowedtechniques>
			<tier-attributes>
      </tier-attributes>
			<tier-keywords>
				<tier-keyword>tier_3</tier-keyword>
			</tier-keywords>
			<resources>
				<resource>
					<resource-name>Purified Glowing Essence Orb</resource-name>
					<resource-skill>Alchemy</resource-skill>
					<resource-min amount="4">500</resource-min>
					<resource-opt amount="1">750</resource-opt>
				</resource>
				<resource>
					<resource-name>Water</resource-name>
					<resource-skill>Alchemy</resource-skill>
					<resource-min amount="4">500</resource-min>
					<resource-opt amount="4">975</resource-opt>
				</resource>
			</resources>
		</tier>
		<tier>
			<tier-name>Bright Tensile Suspension</tier-name>
			<tier-lvl>4</tier-lvl>
			<tier-desc>An alchemical suspension made from bright essence, used as a base in potions that affect physical resiliency.</tier-desc>
			<tier-allowedtechniques>0</tier-allowedtechniques>
			<tier-attributes>
      </tier-attributes>
			<tier-keywords>
				<tier-keyword>tier_4</tier-keyword>
			</tier-keywords>
			<resources>
				<resource>
					<resource-name>Purified Bright Essence Orb</resource-name>
					<resource-skill>Alchemy</resource-skill>
					<resource-min amount="4">700</resource-min>
					<resource-opt amount="1">975</resource-opt>
				</resource>
				<resource>
					<resource-name>Water</resource-name>
					<resource-skill>Alchemy</resource-skill>
					<resource-min amount="4">500</resource-min>
					<resource-opt amount="4">975</resource-opt>
				</resource>
			</resources>
		</tier>
		<tier>
			<tier-name>Shining Tensile Suspension</tier-name>
			<tier-lvl>5</tier-lvl>
			<tier-desc>An alchemical suspension made from shining essence, used as a base in potions that affect physical resiliency.</tier-desc>
			<tier-allowedtechniques>0</tier-allowedtechniques>
			<tier-attributes>
      </tier-attributes>
			<tier-keywords>
				<tier-keyword>tier_5</tier-keyword>
			</tier-keywords>
			<resources>
				<resource>
					<resource-name>Purified Shining Essence Orb</resource-name>
					<resource-skill>Alchemy</resource-skill>
					<resource-min amount="4">900</resource-min>
					<resource-opt amount="1">1175</resource-opt>
				</resource>
				<resource>
					<resource-name>Water</resource-name>
					<resource-skill>Alchemy</resource-skill>
					<resource-min amount="4">500</resource-min>
					<resource-opt amount="4">975</resource-opt>
				</resource>
			</resources>
		</tier>
	</item>
</formulaset>
