<?xml version="1.0" encoding="ISO-8859-1"?>
<formulaset format="2.1">
	<formulaset-name>Resources - Woodworking</formulaset-name>
	<formulaset-categories>
		<formulaset-category>Resources</formulaset-category>
	</formulaset-categories>
	<item>
		<item-name>Banner Staff</item-name>
		<item-icon>icon_formula_w_staff_01_11.png</item-icon>
		<item-batchqty>1</item-batchqty>
		<item-attributes>
			<item-attribute type="equipSlot">All</item-attribute>
			<item-attribute type="bulk">72</item-attribute>
		</item-attributes>
		<item-keywords>
			<item-keyword>resource_wood</item-keyword>
		</item-keywords>
		<tier>
			<tier-name>Cedar Banner Staff</tier-name>
			<tier-lvl>1</tier-lvl>
			<tier-desc>This staff is not a weapon; it was designed to support a battle banner and wave it about.</tier-desc>
			<tier-allowedtechniques>0</tier-allowedtechniques>
			<tier-attributes>
      </tier-attributes>
			<tier-keywords>
				<tier-keyword>tier_1</tier-keyword>
			</tier-keywords>
			<resources>
				<resource>
					<resource-name>Cedar Board</resource-name>
					<resource-skill>Woodworking</resource-skill>
					<resource-min amount="20">50</resource-min>
					<resource-opt amount="10">150</resource-opt>
				</resource>
			</resources>
		</tier>
		<tier>
			<tier-name>Elm Banner Staff</tier-name>
			<tier-lvl>2</tier-lvl>
			<tier-desc>This staff is not a weapon; it was designed to support a battle banner and wave it about.</tier-desc>
			<tier-allowedtechniques>0</tier-allowedtechniques>
			<tier-attributes>
      </tier-attributes>
			<tier-keywords>
				<tier-keyword>tier_2</tier-keyword>
			</tier-keywords>
			<resources>
				<resource>
					<resource-name>Elm Board</resource-name>
					<resource-skill>Woodworking</resource-skill>
					<resource-min amount="20">250</resource-min>
					<resource-opt amount="10">375</resource-opt>
				</resource>
			</resources>
		</tier>
		<tier>
			<tier-name>Oak Banner Staff</tier-name>
			<tier-lvl>3</tier-lvl>
			<tier-desc>This staff is not a weapon; it was designed to support a battle banner and wave it about.</tier-desc>
			<tier-allowedtechniques>0</tier-allowedtechniques>
			<tier-attributes>
      </tier-attributes>
			<tier-keywords>
				<tier-keyword>tier_3</tier-keyword>
			</tier-keywords>
			<resources>
				<resource>
					<resource-name>Oak Board</resource-name>
					<resource-skill>Woodworking</resource-skill>
					<resource-min amount="20">450</resource-min>
					<resource-opt amount="10">600</resource-opt>
				</resource>
			</resources>
		</tier>
		<tier>
			<tier-name>Maple Banner Staff</tier-name>
			<tier-lvl>4</tier-lvl>
			<tier-desc>This staff is not a weapon; it was designed to support a battle banner and wave it about.</tier-desc>
			<tier-allowedtechniques>0</tier-allowedtechniques>
			<tier-attributes>
      </tier-attributes>
			<tier-keywords>
				<tier-keyword>tier_4</tier-keyword>
			</tier-keywords>
			<resources>
				<resource>
					<resource-name>Maple Board</resource-name>
					<resource-skill>Woodworking</resource-skill>
					<resource-min amount="20">650</resource-min>
					<resource-opt amount="10">825</resource-opt>
				</resource>
			</resources>
		</tier>
	</item>
</formulaset>
