<?xml version="1.0" encoding="ISO-8859-1"?>
<formulaset format="2.1">
	<formulaset-name>Resources - Clothworking</formulaset-name>
	<formulaset-categories>
		<formulaset-category>Resources</formulaset-category>
	</formulaset-categories>
	<item>
		<item-name>Fishing Line</item-name>
		<item-icon>icon_formula_r_09_02_11.png</item-icon>
		<item-batchqty>1</item-batchqty>
		<item-attributes>
			<item-attribute type="equipSlot">All</item-attribute>
			<item-attribute type="bulk">2</item-attribute>
		</item-attributes>
		<tier>
			<tier-name>Flax Fishing Line</tier-name>
			<tier-lvl>1</tier-lvl>
			<tier-desc>A fishing line designed from flax, used in making fishing poles and catching the big one!</tier-desc>
			<tier-allowedtechniques>0</tier-allowedtechniques>
			<tier-attributes>
      </tier-attributes>
			<tier-keywords>
				<tier-keyword>tier_1</tier-keyword>
			</tier-keywords>
			<resources>
				<resource>
					<resource-name>Cedar Sap</resource-name>
					<resource-skill>Clothworking</resource-skill>
					<resource-min amount="5">50</resource-min>
					<resource-opt amount="2">250</resource-opt>
				</resource>
				<resource>
					<resource-name>Flax Spool</resource-name>
					<resource-skill>Clothworking</resource-skill>
					<resource-min amount="4">50</resource-min>
					<resource-opt amount="1">250</resource-opt>
				</resource>
			</resources>
		</tier>
		<tier>
			<tier-name>Kenaf Fishing Line</tier-name>
			<tier-lvl>2</tier-lvl>
			<tier-desc>A fishing line designed from kenaf, used in making fishing poles and catching the big one!</tier-desc>
			<tier-allowedtechniques>0</tier-allowedtechniques>
			<tier-attributes>
      </tier-attributes>
			<tier-keywords>
				<tier-keyword>tier_2</tier-keyword>
			</tier-keywords>
			<resources>
				<resource>
					<resource-name>Elm Sap</resource-name>
					<resource-skill>Clothworking</resource-skill>
					<resource-min amount="5">250</resource-min>
					<resource-opt amount="2">475</resource-opt>
				</resource>
				<resource>
					<resource-name>Kenaf Spool</resource-name>
					<resource-skill>Clothworking</resource-skill>
					<resource-min amount="4">250</resource-min>
					<resource-opt amount="1">475</resource-opt>
				</resource>
			</resources>
		</tier>
		<tier>
			<tier-name>Cotton Fishing Line</tier-name>
			<tier-lvl>3</tier-lvl>
			<tier-desc>A fishing line designed from cotton, used in making fishing poles and catching the big one!</tier-desc>
			<tier-allowedtechniques>0</tier-allowedtechniques>
			<tier-attributes>
      </tier-attributes>
			<tier-keywords>
				<tier-keyword>tier_3</tier-keyword>
			</tier-keywords>
			<resources>
				<resource>
					<resource-name>Oak Sap</resource-name>
					<resource-skill>Clothworking</resource-skill>
					<resource-min amount="5">450</resource-min>
					<resource-opt amount="2">700</resource-opt>
				</resource>
				<resource>
					<resource-name>Cotton Spool</resource-name>
					<resource-skill>Clothworking</resource-skill>
					<resource-min amount="4">450</resource-min>
					<resource-opt amount="1">700</resource-opt>
				</resource>
			</resources>
		</tier>
		<tier>
			<tier-name>Silk Fishing Line</tier-name>
			<tier-lvl>4</tier-lvl>
			<tier-desc>A fishing line designed from silk, used in making fishing poles and catching the big one!</tier-desc>
			<tier-allowedtechniques>0</tier-allowedtechniques>
			<tier-attributes>
      </tier-attributes>
			<tier-keywords>
				<tier-keyword>tier_4</tier-keyword>
			</tier-keywords>
			<resources>
				<resource>
					<resource-name>Maple Sap</resource-name>
					<resource-skill>Clothworking</resource-skill>
					<resource-min amount="5">650</resource-min>
					<resource-opt amount="2">925</resource-opt>
				</resource>
				<resource>
					<resource-name>Silk Spool</resource-name>
					<resource-skill>Clothworking</resource-skill>
					<resource-min amount="4">650</resource-min>
					<resource-opt amount="1">925</resource-opt>
				</resource>
			</resources>
		</tier>
		<tier>
			<tier-name>Ironsilk Fishing Line</tier-name>
			<tier-lvl>5</tier-lvl>
			<tier-desc>A fishing line designed from ironsilk, used in making fishing poles and catching the big one!</tier-desc>
			<tier-allowedtechniques>0</tier-allowedtechniques>
			<tier-attributes>
      </tier-attributes>
			<tier-keywords>
				<tier-keyword>tier_5</tier-keyword>
			</tier-keywords>
			<resources>
				<resource>
					<resource-name>Yew Sap</resource-name>
					<resource-skill>Clothworking</resource-skill>
					<resource-min amount="5">850</resource-min>
					<resource-opt amount="2">1125</resource-opt>
				</resource>
				<resource>
					<resource-name>Ironsilk Spool</resource-name>
					<resource-skill>Clothworking</resource-skill>
					<resource-min amount="4">850</resource-min>
					<resource-opt amount="1">1125</resource-opt>
				</resource>
			</resources>
		</tier>
	</item>
	<item>
		<item-name>Banner Flag</item-name>
		<item-icon>icon_formula_r_09_05_11.png</item-icon>
		<item-batchqty>1</item-batchqty>
		<item-attributes>
			<item-attribute type="equipSlot">All</item-attribute>
			<item-attribute type="bulk">75</item-attribute>
		</item-attributes>
		<item-keywords>
			<item-keyword>tier_1</item-keyword>
			<item-keyword>resource_organic</item-keyword>
		</item-keywords>
		<tier>
			<tier-name>Flaxen Banner Flag</tier-name>
			<tier-lvl>1</tier-lvl>
			<tier-desc>A flag that can be hung from a pole and flown in battle.</tier-desc>
			<tier-allowedtechniques>0</tier-allowedtechniques>
			<tier-attributes>
      </tier-attributes>
			<resources>
				<resource>
					<resource-name>Flax Spool</resource-name>
					<resource-skill>Clothworking</resource-skill>
					<resource-min amount="27">100</resource-min>
					<resource-opt amount="13">300</resource-opt>
				</resource>
			</resources>
		</tier>
		<tier>
			<tier-name>Kenaf Banner Flag</tier-name>
			<tier-lvl>2</tier-lvl>
			<tier-desc>A flag that can be hung from a pole and flown in battle.</tier-desc>
			<tier-allowedtechniques>0</tier-allowedtechniques>
			<tier-attributes>
      </tier-attributes>
			<tier-keywords>
				<tier-keyword>tier_2</tier-keyword>
			</tier-keywords>
			<resources>
				<resource>
					<resource-name>Kenaf Spool</resource-name>
					<resource-skill>Clothworking</resource-skill>
					<resource-min amount="27">300</resource-min>
					<resource-opt amount="13">525</resource-opt>
				</resource>
			</resources>
		</tier>
		<tier>
			<tier-name>Cotton Banner Flag</tier-name>
			<tier-lvl>3</tier-lvl>
			<tier-desc>A flag that can be hung from a pole and flown in battle.</tier-desc>
			<tier-allowedtechniques>0</tier-allowedtechniques>
			<tier-attributes>
      </tier-attributes>
			<tier-keywords>
				<tier-keyword>tier_3</tier-keyword>
			</tier-keywords>
			<resources>
				<resource>
					<resource-name>Cotton Spool</resource-name>
					<resource-skill>Clothworking</resource-skill>
					<resource-min amount="27">590</resource-min>
					<resource-opt amount="13">740</resource-opt>
				</resource>
			</resources>
		</tier>
		<tier>
			<tier-name>Silken Banner Flag</tier-name>
			<tier-lvl>4</tier-lvl>
			<tier-desc>A flag that can be hung from a pole and flown in battle.</tier-desc>
			<tier-allowedtechniques>0</tier-allowedtechniques>
			<tier-attributes>
      </tier-attributes>
			<tier-keywords>
				<tier-keyword>tier_4</tier-keyword>
			</tier-keywords>
			<resources>
				<resource>
					<resource-name>Silk Spool</resource-name>
					<resource-skill>Clothworking</resource-skill>
					<resource-min amount="27">790</resource-min>
					<resource-opt amount="13">965</resource-opt>
				</resource>
			</resources>
		</tier>
	</item>
</formulaset>
