<?xml version="1.0" encoding="ISO-8859-1"?>
<techniqueset format="2.1">
	<techniqueset-name>Primal</techniqueset-name>
	<techniqueset-categories>
		<techniqueset-category>Adventure</techniqueset-category>
	</techniqueset-categories>
	<tech>
		<tech-name>Primal</tech-name>
		<tech-icon>icon_technique_04_00_11.png</tech-icon>
		<tech-keywords>
			<tech-keywordset>
				<tech-keyword>dragonscale</tech-keyword>
			</tech-keywordset>
			<tech-keywordset>
				<tech-keyword>dragon_bodyslot_wing</tech-keyword>
				<tech-keyword>dragon_bodyslot_foreleg</tech-keyword>
				<tech-keyword>dragon_bodyslot_hindleg</tech-keyword>
				<tech-keyword>dragon_bodyslot_chest</tech-keyword>
				<tech-keyword>dragon_bodyslot_back</tech-keyword>
				<tech-keyword>dragon_bodyslot_head</tech-keyword>
				<tech-keyword>dragon_bodyslot_tail</tech-keyword>
				<tech-keyword>dragon_bodyslot_claw</tech-keyword>
				<tech-keyword>dragon_weapon_claw</tech-keyword>
			</tech-keywordset>
		</tech-keywords>
		<tech-effectkeywords>
			<tech-effectkeywordset>
				<tech-effectkeyword>statmod_primal_up</tech-effectkeyword>
			</tech-effectkeywordset>
		</tech-effectkeywords>
		<tier>
			<tier-name>Primal I</tier-name>
			<tier-origin>Adventure: Primal I</tier-origin>
			<tier-lvl>1</tier-lvl>
			<tier-desc>This technique gives the user an additional +5 to the Primal skill.</tier-desc>
			<tier-skilladjust>10</tier-skilladjust>
			<tier-keywords>
				<tier-keywordset>
					<tier-keyword>techclass_1</tier-keyword>
				</tier-keywordset>
			</tier-keywords>
			<tier-attributes>
				<tier-attribute type="statBonus">+5 Primal</tier-attribute>
			</tier-attributes>
			<components>
				<component amount="4">Dim Essence Orb</component>
				<component amount="1">Garnet Golem Chip</component>
			</components>
		</tier>
		<tier>
			<tier-name>Primal II</tier-name>
			<tier-origin>Adventure: Primal II</tier-origin>
			<tier-lvl>2</tier-lvl>
			<tier-desc>This technique gives the user an additional +10 to the Primal skill.</tier-desc>
			<tier-skilladjust>20</tier-skilladjust>
			<tier-keywords>
				<tier-keywordset>
					<tier-keyword>techclass_2</tier-keyword>
				</tier-keywordset>
			</tier-keywords>
			<tier-attributes>
				<tier-attribute type="statBonus">+10 Primal</tier-attribute>
			</tier-attributes>
			<components>
				<component amount="4">Pale Essence Orb</component>
				<component amount="1">Ruxus Skin</component>
				<component amount="1">Rose Quartz Golem Chip</component>
			</components>
		</tier>
		<tier>
			<tier-name>Primal III</tier-name>
			<tier-origin>Adventure: Primal III</tier-origin>
			<tier-lvl>3</tier-lvl>
			<tier-desc>This technique gives the user an additional +15 to the Primal skill.</tier-desc>
			<tier-skilladjust>30</tier-skilladjust>
			<tier-keywords>
				<tier-keywordset>
					<tier-keyword>techclass_3</tier-keyword>
				</tier-keywordset>
			</tier-keywords>
			<tier-attributes>
				<tier-attribute type="statBonus">+15 Primal</tier-attribute>
			</tier-attributes>
			<components>
				<component amount="4">Glowing Essence Orb</component>
				<component amount="1">Desert Wolf Fang</component>
				<component amount="1">Redbacked Spider Eye</component>
			</components>
		</tier>
		<tier>
			<tier-name>Primal IV</tier-name>
			<tier-origin>Adventure: Primal IV</tier-origin>
			<tier-lvl>4</tier-lvl>
			<tier-desc>This technique gives the user an additional +20 to the Primal skill.</tier-desc>
			<tier-skilladjust>40</tier-skilladjust>
			<tier-keywords>
				<tier-keywordset>
					<tier-keyword>techclass_4</tier-keyword>
				</tier-keywordset>
			</tier-keywords>
			<tier-attributes>
				<tier-attribute type="statBonus">+20 Primal</tier-attribute>
			</tier-attributes>
			<components>
				<component amount="4">Bright Essence Orb</component>
				<component amount="2">Arbotus Gullet</component>
				<component amount="1">Topaz Golem Chip</component>
			</components>
		</tier>
		<tier>
			<tier-name>Primal V</tier-name>
			<tier-origin>Adventure: Primal V</tier-origin>
			<tier-lvl>5</tier-lvl>
			<tier-desc>This technique gives the user an additional +25 to the Primal skill.</tier-desc>
			<tier-skilladjust>50</tier-skilladjust>
			<tier-keywords>
				<tier-keywordset>
					<tier-keyword>techclass_5</tier-keyword>
				</tier-keywordset>
			</tier-keywords>
			<tier-attributes>
				<tier-attribute type="statBonus">+25 Primal</tier-attribute>
			</tier-attributes>
			<components>
				<component amount="4">Shining Essence Orb</component>
				<component amount="2">Veteran Zombie Finger</component>
				<component amount="2">Veteran Abomination Chest Skull</component>
			</components>
		</tier>
	</tech>
</techniqueset>
