<?xml version="1.0" encoding="ISO-8859-1"?>
<techniqueset format="2.1">
	<techniqueset-name>Ice</techniqueset-name>
	<techniqueset-categories>
		<techniqueset-category>Adventure</techniqueset-category>
	</techniqueset-categories>
	<tech>
		<tech-name>Ice</tech-name>
		<tech-icon>icon_technique_04_00_11.png</tech-icon>
		<tech-keywords>
			<tech-keywordset>
				<tech-keyword>armor</tech-keyword>
				<tech-keyword>weapon</tech-keyword>
				<tech-keyword>jewelry</tech-keyword>
				<tech-keyword>tool</tech-keyword>
			</tech-keywordset>
			<tech-keywordset>
				<tech-keyword>bodyslot_chest</tech-keyword>
				<tech-keyword>bodyslot_back</tech-keyword>
				<tech-keyword>bodyslot_head</tech-keyword>
				<tech-keyword>bodyslot_legs</tech-keyword>
				<tech-keyword>bodyslot_shoulder</tech-keyword>
				<tech-keyword>bodyslot_arms</tech-keyword>
				<tech-keyword>bodyslot_hands</tech-keyword>
				<tech-keyword>bodyslot_rightpalm</tech-keyword>
				<tech-keyword>bodyslot_leftpalm</tech-keyword>
				<tech-keyword>bodyslot_finger</tech-keyword>
			</tech-keywordset>
		</tech-keywords>
		<tech-effectkeywords>
			<tech-effectkeywordset>
				<tech-effectkeyword>statmod_icemagic_up</tech-effectkeyword>
			</tech-effectkeywordset>
		</tech-effectkeywords>
		<tier>
			<tier-name>Ice I</tier-name>
			<tier-origin>Adventure: Ice I</tier-origin>
			<tier-lvl>1</tier-lvl>
			<tier-desc>This technique gives the user an additional +5 to the Ice magic skill.</tier-desc>
			<tier-skilladjust>10</tier-skilladjust>
			<tier-keywords>
				<tier-keywordset>
					<tier-keyword>techclass_1</tier-keyword>
				</tier-keywordset>
			</tier-keywords>
			<tier-attributes>
				<tier-attribute type="statBonus">+5 Ice</tier-attribute>
			</tier-attributes>
			<components>
				<component amount="4">Dim Essence Orb</component>
				<component amount="1">Venomous Stalker Leg Hair</component>
			</components>
		</tier>
		<tier>
			<tier-name>Ice II</tier-name>
			<tier-origin>Adventure: Ice II</tier-origin>
			<tier-lvl>2</tier-lvl>
			<tier-desc>This technique gives the user an additional +10 to the Ice magic skill.</tier-desc>
			<tier-skilladjust>20</tier-skilladjust>
			<tier-keywords>
				<tier-keywordset>
					<tier-keyword>techclass_2</tier-keyword>
				</tier-keywordset>
			</tier-keywords>
			<tier-attributes>
				<tier-attribute type="statBonus">+10 Ice</tier-attribute>
			</tier-attributes>
			<components>
				<component amount="4">Pale Essence Orb</component>
				<component amount="1">Iron Golem Fragment</component>
				<component amount="1">Frost Beetle Carapace</component>
			</components>
		</tier>
		<tier>
			<tier-name>Ice III</tier-name>
			<tier-origin>Adventure: Ice III</tier-origin>
			<tier-lvl>3</tier-lvl>
			<tier-desc>This technique gives the user an additional +15 to the Ice magic skill.</tier-desc>
			<tier-skilladjust>30</tier-skilladjust>
			<tier-keywords>
				<tier-keywordset>
					<tier-keyword>techclass_3</tier-keyword>
				</tier-keywordset>
			</tier-keywords>
			<tier-attributes>
				<tier-attribute type="statBonus">+15 Ice</tier-attribute>
			</tier-attributes>
			<components>
				<component amount="4">Glowing Essence Orb</component>
				<component amount="1">Greater Ghost Vapor</component>
				<component amount="1">Ice Golem Shard</component>
			</components>
		</tier>
		<tier>
			<tier-name>Ice IV</tier-name>
			<tier-origin>Adventure: Ice IV</tier-origin>
			<tier-lvl>4</tier-lvl>
			<tier-desc>This technique gives the user an additional +20 to the Ice magic skill.</tier-desc>
			<tier-skilladjust>40</tier-skilladjust>
			<tier-keywords>
				<tier-keywordset>
					<tier-keyword>techclass_4</tier-keyword>
				</tier-keywordset>
			</tier-keywords>
			<tier-attributes>
				<tier-attribute type="statBonus">+20 Ice</tier-attribute>
			</tier-attributes>
			<components>
				<component amount="4">Bright Essence Orb</component>
				<component amount="2">Mighty Blight Bindings</component>
				<component amount="1">Winter Werewolf Fang</component>
			</components>
		</tier>
		<tier>
			<tier-name>Ice V</tier-name>
			<tier-origin>Adventure: Ice V</tier-origin>
			<tier-lvl>5</tier-lvl>
			<tier-desc>This technique gives the user an additional +25 to the Ice magic skill.</tier-desc>
			<tier-skilladjust>50</tier-skilladjust>
			<tier-keywords>
				<tier-keywordset>
					<tier-keyword>techclass_5</tier-keyword>
				</tier-keywordset>
			</tier-keywords>
			<tier-attributes>
				<tier-attribute type="statBonus">+25 Ice</tier-attribute>
			</tier-attributes>
			<components>
				<component amount="4">Shining Essence Orb</component>
				<component amount="2">Purple Spider Venom</component>
				<component amount="2">Yew Treant Knot</component>
			</components>
		</tier>
	</tech>
</techniqueset>
