<?xml version="1.0" encoding="ISO-8859-1"?>
<techniqueset format="2.1">
	<techniqueset-name>Spirit</techniqueset-name>
	<techniqueset-categories>
		<techniqueset-category>Adventure</techniqueset-category>
	</techniqueset-categories>
	<tech>
		<tech-name>Spirit</tech-name>
		<tech-icon>icon_technique_04_00_11.png</tech-icon>
		<tech-keywords>
			<tech-keywordset>
				<tech-keyword>armor</tech-keyword>
				<tech-keyword>weapon</tech-keyword>
				<tech-keyword>jewelry</tech-keyword>
				<tech-keyword>tool</tech-keyword>
			</tech-keywordset>
			<tech-keywordset>
				<tech-keyword>bodyslot_chest</tech-keyword>
				<tech-keyword>bodyslot_back</tech-keyword>
				<tech-keyword>bodyslot_head</tech-keyword>
				<tech-keyword>bodyslot_legs</tech-keyword>
				<tech-keyword>bodyslot_shoulder</tech-keyword>
				<tech-keyword>bodyslot_arms</tech-keyword>
				<tech-keyword>bodyslot_hands</tech-keyword>
				<tech-keyword>bodyslot_rightpalm</tech-keyword>
				<tech-keyword>bodyslot_leftpalm</tech-keyword>
				<tech-keyword>bodyslot_finger</tech-keyword>
			</tech-keywordset>
		</tech-keywords>
		<tech-effectkeywords>
			<tech-effectkeywordset>
				<tech-effectkeyword>statmod_spiritmagic_up</tech-effectkeyword>
			</tech-effectkeywordset>
		</tech-effectkeywords>
		<tier>
			<tier-name>Spirit I</tier-name>
			<tier-origin>Adventure: Spirit I</tier-origin>
			<tier-lvl>1</tier-lvl>
			<tier-desc>This technique gives the user an additional +5 to the Spirit magic skill.</tier-desc>
			<tier-skilladjust>10</tier-skilladjust>
			<tier-keywords>
				<tier-keywordset>
					<tier-keyword>techclass_1</tier-keyword>
				</tier-keywordset>
			</tier-keywords>
			<tier-attributes>
				<tier-attribute type="statBonus">+5 Spirit</tier-attribute>
			</tier-attributes>
			<components>
				<component amount="4">Dim Essence Orb</component>
				<component amount="1">Grulet Bristles</component>
			</components>
		</tier>
		<tier>
			<tier-name>Spirit II</tier-name>
			<tier-origin>Adventure: Spirit II</tier-origin>
			<tier-lvl>2</tier-lvl>
			<tier-desc>This technique gives the user an additional +10 to the Spirit magic skill.</tier-desc>
			<tier-skilladjust>20</tier-skilladjust>
			<tier-keywords>
				<tier-keywordset>
					<tier-keyword>techclass_2</tier-keyword>
				</tier-keywordset>
			</tier-keywords>
			<tier-attributes>
				<tier-attribute type="statBonus">+10 Spirit</tier-attribute>
			</tier-attributes>
			<components>
				<component amount="4">Pale Essence Orb</component>
				<component amount="1">Rose Quartz Golem Chip</component>
				<component amount="1">Elm Treant Knot</component>
			</components>
		</tier>
		<tier>
			<tier-name>Spirit III</tier-name>
			<tier-origin>Adventure: Spirit III</tier-origin>
			<tier-lvl>3</tier-lvl>
			<tier-desc>This technique gives the user an additional +15 to the Spirit magic skill.</tier-desc>
			<tier-skilladjust>30</tier-skilladjust>
			<tier-keywords>
				<tier-keywordset>
					<tier-keyword>techclass_3</tier-keyword>
				</tier-keywordset>
			</tier-keywords>
			<tier-attributes>
				<tier-attribute type="statBonus">+15 Spirit</tier-attribute>
			</tier-attributes>
			<components>
				<component amount="4">Glowing Essence Orb</component>
				<component amount="1">Gold Golem Fragment</component>
				<component amount="1">Ice Golem Shard</component>
			</components>
		</tier>
		<tier>
			<tier-name>Spirit IV</tier-name>
			<tier-origin>Adventure: Spirit IV</tier-origin>
			<tier-lvl>4</tier-lvl>
			<tier-desc>This technique gives the user an additional +20 to the Spirit magic skill.</tier-desc>
			<tier-skilladjust>40</tier-skilladjust>
			<tier-keywords>
				<tier-keywordset>
					<tier-keyword>techclass_4</tier-keyword>
				</tier-keywordset>
			</tier-keywords>
			<tier-attributes>
				<tier-attribute type="statBonus">+20 Spirit</tier-attribute>
			</tier-attributes>
			<components>
				<component amount="4">Bright Essence Orb</component>
				<component amount="1">Arbotus Gullet</component>
				<component amount="2">Red Necrofly Wing</component>
			</components>
		</tier>
		<tier>
			<tier-name>Spirit V</tier-name>
			<tier-origin>Adventure: Spirit V</tier-origin>
			<tier-lvl>5</tier-lvl>
			<tier-desc>This technique gives the user an additional +25 to the Spirit magic skill.</tier-desc>
			<tier-skilladjust>50</tier-skilladjust>
			<tier-keywords>
				<tier-keywordset>
					<tier-keyword>techclass_5</tier-keyword>
				</tier-keywordset>
			</tier-keywords>
			<tier-attributes>
				<tier-attribute type="statBonus">+25 Spirit</tier-attribute>
			</tier-attributes>
			<components>
				<component amount="4">Shining Essence Orb</component>
				<component amount="2">Grey Necrofly Wing</component>
				<component amount="2">Veteran Aegror Engorged Pus Packets</component>
			</components>
		</tier>
	</tech>
</techniqueset>
