<?xml version="1.0" encoding="ISO-8859-1"?>
<techniqueset format="2.1">
	<techniqueset-name>Armor Dye</techniqueset-name>
	<techniqueset-categories>
		<techniqueset-category>Armor Dye</techniqueset-category>
	</techniqueset-categories>
	<tech>
		<tech-name>Black</tech-name>
		<tech-icon>Internal_dye_black.png</tech-icon>
		<tech-keywords>
			<tech-keywordset>
				<tech-keyword>armor</tech-keyword>
			</tech-keywordset>
			<tech-keywordset>
				<tech-keyword>techclass_1</tech-keyword>
			</tech-keywordset>
			<tech-keywordset>
				<tech-keyword>bodyslot_chest</tech-keyword>
				<tech-keyword>bodyslot_back</tech-keyword>
				<tech-keyword>bodyslot_head</tech-keyword>
				<tech-keyword>bodyslot_face</tech-keyword>
				<tech-keyword>bodyslot_waist</tech-keyword>
				<tech-keyword>bodyslot_legs</tech-keyword>
				<tech-keyword>bodyslot_feet</tech-keyword>
				<tech-keyword>bodyslot_shoulder</tech-keyword>
				<tech-keyword>bodyslot_arms</tech-keyword>
				<tech-keyword>bodyslot_forearm</tech-keyword>
				<tech-keyword>bodyslot_wrist</tech-keyword>
				<tech-keyword>bodyslot_hands</tech-keyword>
				<tech-keyword>bodyslot_leftpalm</tech-keyword>
			</tech-keywordset>
		</tech-keywords>
		<tech-effectkeywords>
			<tech-effectkeywordset>
				<tech-effectkeyword>dye</tech-effectkeyword>
			</tech-effectkeywordset>
		</tech-effectkeywords>
		<tier>
			<tier-name>Black</tier-name>
			<tier-origin>Armor Dye: Black</tier-origin>
			<tier-lvl>1</tier-lvl>
			<tier-desc>Alters the color of the item it has been applied to.</tier-desc>
			<tier-skilladjust>10</tier-skilladjust>
			<tier-keywords>
      </tier-keywords>
			<tier-techsize>0</tier-techsize>
			<components>
				<component amount="1">Black Dye</component>
			</components>
		</tier>
	</tech>
	<tech>
		<tech-name>Blood</tech-name>
		<tech-icon>Internal_dye_blood.png</tech-icon>
		<tech-keywords>
			<tech-keywordset>
				<tech-keyword>armor</tech-keyword>
			</tech-keywordset>
			<tech-keywordset>
				<tech-keyword>techclass_1</tech-keyword>
			</tech-keywordset>
			<tech-keywordset>
				<tech-keyword>bodyslot_chest</tech-keyword>
				<tech-keyword>bodyslot_back</tech-keyword>
				<tech-keyword>bodyslot_head</tech-keyword>
				<tech-keyword>bodyslot_face</tech-keyword>
				<tech-keyword>bodyslot_waist</tech-keyword>
				<tech-keyword>bodyslot_legs</tech-keyword>
				<tech-keyword>bodyslot_feet</tech-keyword>
				<tech-keyword>bodyslot_shoulder</tech-keyword>
				<tech-keyword>bodyslot_arms</tech-keyword>
				<tech-keyword>bodyslot_forearm</tech-keyword>
				<tech-keyword>bodyslot_wrist</tech-keyword>
				<tech-keyword>bodyslot_hands</tech-keyword>
				<tech-keyword>bodyslot_leftpalm</tech-keyword>
			</tech-keywordset>
		</tech-keywords>
		<tech-effectkeywords>
			<tech-effectkeywordset>
				<tech-effectkeyword>dye</tech-effectkeyword>
			</tech-effectkeywordset>
		</tech-effectkeywords>
		<tier>
			<tier-name>Blood</tier-name>
			<tier-origin>Armor Dye: Blood</tier-origin>
			<tier-lvl>1</tier-lvl>
			<tier-desc>Alters the color of the item it has been applied to.</tier-desc>
			<tier-skilladjust>10</tier-skilladjust>
			<tier-keywords>
      </tier-keywords>
			<tier-techsize>0</tier-techsize>
			<components>
				<component amount="1">Blood Dye</component>
			</components>
		</tier>
	</tech>
	<tech>
		<tech-name>Blue</tech-name>
		<tech-icon>Internal_dye_blue.png</tech-icon>
		<tech-keywords>
			<tech-keywordset>
				<tech-keyword>armor</tech-keyword>
			</tech-keywordset>
			<tech-keywordset>
				<tech-keyword>techclass_1</tech-keyword>
			</tech-keywordset>
			<tech-keywordset>
				<tech-keyword>bodyslot_chest</tech-keyword>
				<tech-keyword>bodyslot_back</tech-keyword>
				<tech-keyword>bodyslot_head</tech-keyword>
				<tech-keyword>bodyslot_face</tech-keyword>
				<tech-keyword>bodyslot_waist</tech-keyword>
				<tech-keyword>bodyslot_legs</tech-keyword>
				<tech-keyword>bodyslot_feet</tech-keyword>
				<tech-keyword>bodyslot_shoulder</tech-keyword>
				<tech-keyword>bodyslot_arms</tech-keyword>
				<tech-keyword>bodyslot_forearm</tech-keyword>
				<tech-keyword>bodyslot_wrist</tech-keyword>
				<tech-keyword>bodyslot_hands</tech-keyword>
				<tech-keyword>bodyslot_leftpalm</tech-keyword>
			</tech-keywordset>
		</tech-keywords>
		<tech-effectkeywords>
			<tech-effectkeywordset>
				<tech-effectkeyword>dye</tech-effectkeyword>
			</tech-effectkeywordset>
		</tech-effectkeywords>
		<tier>
			<tier-name>Blue</tier-name>
			<tier-origin>Armor Dye: Blue</tier-origin>
			<tier-lvl>1</tier-lvl>
			<tier-desc>Alters the color of the item it has been applied to.</tier-desc>
			<tier-skilladjust>10</tier-skilladjust>
			<tier-keywords>
      </tier-keywords>
			<tier-techsize>0</tier-techsize>
			<components>
				<component amount="1">Blue Dye</component>
			</components>
		</tier>
	</tech>
	<tech>
		<tech-name>Brown</tech-name>
		<tech-icon>Internal_dye_brown.png</tech-icon>
		<tech-keywords>
			<tech-keywordset>
				<tech-keyword>armor</tech-keyword>
			</tech-keywordset>
			<tech-keywordset>
				<tech-keyword>techclass_1</tech-keyword>
			</tech-keywordset>
			<tech-keywordset>
				<tech-keyword>bodyslot_chest</tech-keyword>
				<tech-keyword>bodyslot_back</tech-keyword>
				<tech-keyword>bodyslot_head</tech-keyword>
				<tech-keyword>bodyslot_face</tech-keyword>
				<tech-keyword>bodyslot_waist</tech-keyword>
				<tech-keyword>bodyslot_legs</tech-keyword>
				<tech-keyword>bodyslot_feet</tech-keyword>
				<tech-keyword>bodyslot_shoulder</tech-keyword>
				<tech-keyword>bodyslot_arms</tech-keyword>
				<tech-keyword>bodyslot_forearm</tech-keyword>
				<tech-keyword>bodyslot_wrist</tech-keyword>
				<tech-keyword>bodyslot_hands</tech-keyword>
				<tech-keyword>bodyslot_leftpalm</tech-keyword>
			</tech-keywordset>
		</tech-keywords>
		<tech-effectkeywords>
			<tech-effectkeywordset>
				<tech-effectkeyword>dye</tech-effectkeyword>
			</tech-effectkeywordset>
		</tech-effectkeywords>
		<tier>
			<tier-name>Brown</tier-name>
			<tier-origin>Armor Dye: Brown</tier-origin>
			<tier-lvl>1</tier-lvl>
			<tier-desc>Alters the color of the item it has been applied to.</tier-desc>
			<tier-skilladjust>10</tier-skilladjust>
			<tier-keywords>
      </tier-keywords>
			<tier-techsize>0</tier-techsize>
			<components>
				<component amount="1">Brown Dye</component>
			</components>
		</tier>
	</tech>
	<tech>
		<tech-name>Dark Blue</tech-name>
		<tech-icon>Internal_dye_darkblue.png</tech-icon>
		<tech-keywords>
			<tech-keywordset>
				<tech-keyword>armor</tech-keyword>
			</tech-keywordset>
			<tech-keywordset>
				<tech-keyword>techclass_1</tech-keyword>
			</tech-keywordset>
			<tech-keywordset>
				<tech-keyword>bodyslot_chest</tech-keyword>
				<tech-keyword>bodyslot_back</tech-keyword>
				<tech-keyword>bodyslot_head</tech-keyword>
				<tech-keyword>bodyslot_face</tech-keyword>
				<tech-keyword>bodyslot_waist</tech-keyword>
				<tech-keyword>bodyslot_legs</tech-keyword>
				<tech-keyword>bodyslot_feet</tech-keyword>
				<tech-keyword>bodyslot_shoulder</tech-keyword>
				<tech-keyword>bodyslot_arms</tech-keyword>
				<tech-keyword>bodyslot_forearm</tech-keyword>
				<tech-keyword>bodyslot_wrist</tech-keyword>
				<tech-keyword>bodyslot_hands</tech-keyword>
				<tech-keyword>bodyslot_leftpalm</tech-keyword>
			</tech-keywordset>
		</tech-keywords>
		<tech-effectkeywords>
			<tech-effectkeywordset>
				<tech-effectkeyword>dye</tech-effectkeyword>
			</tech-effectkeywordset>
		</tech-effectkeywords>
		<tier>
			<tier-name>Dark Blue</tier-name>
			<tier-origin>Armor Dye: Dark Blue</tier-origin>
			<tier-lvl>1</tier-lvl>
			<tier-desc>Alters the color of the item it has been applied to.</tier-desc>
			<tier-skilladjust>10</tier-skilladjust>
			<tier-keywords>
      </tier-keywords>
			<tier-techsize>0</tier-techsize>
			<components>
				<component amount="1">Dark Blue Dye</component>
			</components>
		</tier>
	</tech>
	<tech>
		<tech-name>Dark Green</tech-name>
		<tech-icon>Internal_dye_darkgreen.png</tech-icon>
		<tech-keywords>
			<tech-keywordset>
				<tech-keyword>armor</tech-keyword>
			</tech-keywordset>
			<tech-keywordset>
				<tech-keyword>techclass_1</tech-keyword>
			</tech-keywordset>
			<tech-keywordset>
				<tech-keyword>bodyslot_chest</tech-keyword>
				<tech-keyword>bodyslot_back</tech-keyword>
				<tech-keyword>bodyslot_head</tech-keyword>
				<tech-keyword>bodyslot_face</tech-keyword>
				<tech-keyword>bodyslot_waist</tech-keyword>
				<tech-keyword>bodyslot_legs</tech-keyword>
				<tech-keyword>bodyslot_feet</tech-keyword>
				<tech-keyword>bodyslot_shoulder</tech-keyword>
				<tech-keyword>bodyslot_arms</tech-keyword>
				<tech-keyword>bodyslot_forearm</tech-keyword>
				<tech-keyword>bodyslot_wrist</tech-keyword>
				<tech-keyword>bodyslot_hands</tech-keyword>
				<tech-keyword>bodyslot_leftpalm</tech-keyword>
			</tech-keywordset>
		</tech-keywords>
		<tech-effectkeywords>
			<tech-effectkeywordset>
				<tech-effectkeyword>dye</tech-effectkeyword>
			</tech-effectkeywordset>
		</tech-effectkeywords>
		<tier>
			<tier-name>Dark Green</tier-name>
			<tier-origin>Armor Dye: Dark Green</tier-origin>
			<tier-lvl>1</tier-lvl>
			<tier-desc>Alters the color of the item it has been applied to.</tier-desc>
			<tier-skilladjust>10</tier-skilladjust>
			<tier-keywords>
      </tier-keywords>
			<tier-techsize>0</tier-techsize>
			<components>
				<component amount="1">Dark Green Dye</component>
			</components>
		</tier>
	</tech>
	<tech>
		<tech-name>Essence</tech-name>
		<tech-icon>Internal_dye_essence.png</tech-icon>
		<tech-keywords>
			<tech-keywordset>
				<tech-keyword>armor</tech-keyword>
			</tech-keywordset>
			<tech-keywordset>
				<tech-keyword>techclass_1</tech-keyword>
			</tech-keywordset>
			<tech-keywordset>
				<tech-keyword>bodyslot_chest</tech-keyword>
				<tech-keyword>bodyslot_back</tech-keyword>
				<tech-keyword>bodyslot_head</tech-keyword>
				<tech-keyword>bodyslot_face</tech-keyword>
				<tech-keyword>bodyslot_waist</tech-keyword>
				<tech-keyword>bodyslot_legs</tech-keyword>
				<tech-keyword>bodyslot_feet</tech-keyword>
				<tech-keyword>bodyslot_shoulder</tech-keyword>
				<tech-keyword>bodyslot_arms</tech-keyword>
				<tech-keyword>bodyslot_forearm</tech-keyword>
				<tech-keyword>bodyslot_wrist</tech-keyword>
				<tech-keyword>bodyslot_hands</tech-keyword>
				<tech-keyword>bodyslot_leftpalm</tech-keyword>
			</tech-keywordset>
		</tech-keywords>
		<tech-effectkeywords>
			<tech-effectkeywordset>
				<tech-effectkeyword>dye</tech-effectkeyword>
			</tech-effectkeywordset>
		</tech-effectkeywords>
		<tier>
			<tier-name>Essence</tier-name>
			<tier-origin>Armor Dye: Essence</tier-origin>
			<tier-lvl>1</tier-lvl>
			<tier-desc>Alters the color of the item it has been applied to.</tier-desc>
			<tier-skilladjust>10</tier-skilladjust>
			<tier-keywords>
      </tier-keywords>
			<tier-techsize>0</tier-techsize>
			<components>
				<component amount="1">Essence Dye</component>
			</components>
		</tier>
	</tech>
	<tech>
		<tech-name>Garnet</tech-name>
		<tech-icon>Internal_dye_garnet.png</tech-icon>
		<tech-keywords>
			<tech-keywordset>
				<tech-keyword>armor</tech-keyword>
			</tech-keywordset>
			<tech-keywordset>
				<tech-keyword>techclass_1</tech-keyword>
			</tech-keywordset>
			<tech-keywordset>
				<tech-keyword>bodyslot_chest</tech-keyword>
				<tech-keyword>bodyslot_back</tech-keyword>
				<tech-keyword>bodyslot_head</tech-keyword>
				<tech-keyword>bodyslot_face</tech-keyword>
				<tech-keyword>bodyslot_waist</tech-keyword>
				<tech-keyword>bodyslot_legs</tech-keyword>
				<tech-keyword>bodyslot_feet</tech-keyword>
				<tech-keyword>bodyslot_shoulder</tech-keyword>
				<tech-keyword>bodyslot_arms</tech-keyword>
				<tech-keyword>bodyslot_forearm</tech-keyword>
				<tech-keyword>bodyslot_wrist</tech-keyword>
				<tech-keyword>bodyslot_hands</tech-keyword>
				<tech-keyword>bodyslot_leftpalm</tech-keyword>
			</tech-keywordset>
		</tech-keywords>
		<tech-effectkeywords>
			<tech-effectkeywordset>
				<tech-effectkeyword>dye</tech-effectkeyword>
			</tech-effectkeywordset>
		</tech-effectkeywords>
		<tier>
			<tier-name>Garnet</tier-name>
			<tier-origin>Armor Dye: Garnet</tier-origin>
			<tier-lvl>1</tier-lvl>
			<tier-desc>Alters the color of the item it has been applied to.</tier-desc>
			<tier-skilladjust>10</tier-skilladjust>
			<tier-keywords>
      </tier-keywords>
			<tier-techsize>0</tier-techsize>
			<components>
				<component amount="1">Garnet Dye</component>
			</components>
		</tier>
	</tech>
	<tech>
		<tech-name>Gold</tech-name>
		<tech-icon>Internal_dye_gold.png</tech-icon>
		<tech-keywords>
			<tech-keywordset>
				<tech-keyword>armor</tech-keyword>
			</tech-keywordset>
			<tech-keywordset>
				<tech-keyword>techclass_1</tech-keyword>
			</tech-keywordset>
			<tech-keywordset>
				<tech-keyword>bodyslot_chest</tech-keyword>
				<tech-keyword>bodyslot_back</tech-keyword>
				<tech-keyword>bodyslot_head</tech-keyword>
				<tech-keyword>bodyslot_face</tech-keyword>
				<tech-keyword>bodyslot_waist</tech-keyword>
				<tech-keyword>bodyslot_legs</tech-keyword>
				<tech-keyword>bodyslot_feet</tech-keyword>
				<tech-keyword>bodyslot_shoulder</tech-keyword>
				<tech-keyword>bodyslot_arms</tech-keyword>
				<tech-keyword>bodyslot_forearm</tech-keyword>
				<tech-keyword>bodyslot_wrist</tech-keyword>
				<tech-keyword>bodyslot_hands</tech-keyword>
				<tech-keyword>bodyslot_leftpalm</tech-keyword>
			</tech-keywordset>
		</tech-keywords>
		<tech-effectkeywords>
			<tech-effectkeywordset>
				<tech-effectkeyword>dye</tech-effectkeyword>
			</tech-effectkeywordset>
		</tech-effectkeywords>
		<tier>
			<tier-name>Gold</tier-name>
			<tier-origin>Armor Dye: Gold</tier-origin>
			<tier-lvl>1</tier-lvl>
			<tier-desc>Alters the color of the item it has been applied to.</tier-desc>
			<tier-skilladjust>10</tier-skilladjust>
			<tier-keywords>
      </tier-keywords>
			<tier-techsize>0</tier-techsize>
			<components>
				<component amount="1">Gold Dye</component>
			</components>
		</tier>
	</tech>
	<tech>
		<tech-name>Green</tech-name>
		<tech-icon>Internal_dye_green.png</tech-icon>
		<tech-keywords>
			<tech-keywordset>
				<tech-keyword>armor</tech-keyword>
			</tech-keywordset>
			<tech-keywordset>
				<tech-keyword>techclass_1</tech-keyword>
			</tech-keywordset>
			<tech-keywordset>
				<tech-keyword>bodyslot_chest</tech-keyword>
				<tech-keyword>bodyslot_back</tech-keyword>
				<tech-keyword>bodyslot_head</tech-keyword>
				<tech-keyword>bodyslot_face</tech-keyword>
				<tech-keyword>bodyslot_waist</tech-keyword>
				<tech-keyword>bodyslot_legs</tech-keyword>
				<tech-keyword>bodyslot_feet</tech-keyword>
				<tech-keyword>bodyslot_shoulder</tech-keyword>
				<tech-keyword>bodyslot_arms</tech-keyword>
				<tech-keyword>bodyslot_forearm</tech-keyword>
				<tech-keyword>bodyslot_wrist</tech-keyword>
				<tech-keyword>bodyslot_hands</tech-keyword>
				<tech-keyword>bodyslot_leftpalm</tech-keyword>
			</tech-keywordset>
		</tech-keywords>
		<tech-effectkeywords>
			<tech-effectkeywordset>
				<tech-effectkeyword>dye</tech-effectkeyword>
			</tech-effectkeywordset>
		</tech-effectkeywords>
		<tier>
			<tier-name>Green</tier-name>
			<tier-origin>Armor Dye: Green</tier-origin>
			<tier-lvl>1</tier-lvl>
			<tier-desc>Alters the color of the item it has been applied to.</tier-desc>
			<tier-skilladjust>10</tier-skilladjust>
			<tier-keywords>
      </tier-keywords>
			<tier-techsize>0</tier-techsize>
			<components>
				<component amount="1">Green Dye</component>
			</components>
		</tier>
	</tech>
	<tech>
		<tech-name>Invisible</tech-name>
		<tech-icon>Internal_dye_invisible.png</tech-icon>
		<tech-keywords>
			<tech-keywordset>
				<tech-keyword>armor</tech-keyword>
			</tech-keywordset>
			<tech-keywordset>
				<tech-keyword>techclass_1</tech-keyword>
			</tech-keywordset>
			<tech-keywordset>
				<tech-keyword>bodyslot_chest</tech-keyword>
				<tech-keyword>bodyslot_head</tech-keyword>
				<tech-keyword>bodyslot_waist</tech-keyword>
				<tech-keyword>bodyslot_legs</tech-keyword>
				<tech-keyword>bodyslot_feet</tech-keyword>
				<tech-keyword>bodyslot_shoulder</tech-keyword>
				<tech-keyword>bodyslot_arms</tech-keyword>
				<tech-keyword>bodyslot_forearm</tech-keyword>
				<tech-keyword>bodyslot_wrist</tech-keyword>
				<tech-keyword>bodyslot_hands</tech-keyword>
			</tech-keywordset>
		</tech-keywords>
		<tech-effectkeywords>
			<tech-effectkeywordset>
				<tech-effectkeyword>dye</tech-effectkeyword>
			</tech-effectkeywordset>
		</tech-effectkeywords>
		<tier>
			<tier-name>Invisible</tier-name>
			<tier-origin>Armor Dye: Invisible</tier-origin>
			<tier-lvl>1</tier-lvl>
			<tier-desc>Alters the color of the item it has been applied to.</tier-desc>
			<tier-attributes>
				<tier-attribute type="reqRace">Saris, Sslik, Satyr, Dryad</tier-attribute>
			</tier-attributes>
			<tier-skilladjust>10</tier-skilladjust>
			<tier-keywords>
      </tier-keywords>
			<tier-techsize>0</tier-techsize>
			<components>
				<component amount="1">Invisible Dye</component>
			</components>
		</tier>
	</tech>
	<tech>
		<tech-name>Jasper</tech-name>
		<tech-icon>Internal_dye_jasper.png</tech-icon>
		<tech-keywords>
			<tech-keywordset>
				<tech-keyword>armor</tech-keyword>
			</tech-keywordset>
			<tech-keywordset>
				<tech-keyword>techclass_1</tech-keyword>
			</tech-keywordset>
			<tech-keywordset>
				<tech-keyword>bodyslot_chest</tech-keyword>
				<tech-keyword>bodyslot_back</tech-keyword>
				<tech-keyword>bodyslot_head</tech-keyword>
				<tech-keyword>bodyslot_face</tech-keyword>
				<tech-keyword>bodyslot_waist</tech-keyword>
				<tech-keyword>bodyslot_legs</tech-keyword>
				<tech-keyword>bodyslot_feet</tech-keyword>
				<tech-keyword>bodyslot_shoulder</tech-keyword>
				<tech-keyword>bodyslot_arms</tech-keyword>
				<tech-keyword>bodyslot_forearm</tech-keyword>
				<tech-keyword>bodyslot_wrist</tech-keyword>
				<tech-keyword>bodyslot_hands</tech-keyword>
				<tech-keyword>bodyslot_leftpalm</tech-keyword>
			</tech-keywordset>
		</tech-keywords>
		<tech-effectkeywords>
			<tech-effectkeywordset>
				<tech-effectkeyword>dye</tech-effectkeyword>
			</tech-effectkeywordset>
		</tech-effectkeywords>
		<tier>
			<tier-name>Jasper</tier-name>
			<tier-origin>Armor Dye: Jasper</tier-origin>
			<tier-lvl>1</tier-lvl>
			<tier-desc>Alters the color of the item it has been applied to.</tier-desc>
			<tier-skilladjust>10</tier-skilladjust>
			<tier-keywords>
      </tier-keywords>
			<tier-techsize>0</tier-techsize>
			<components>
				<component amount="1">Jasper Dye</component>
			</components>
		</tier>
	</tech>
	<tech>
		<tech-name>Light Blue</tech-name>
		<tech-icon>Internal_dye_lightblue.png</tech-icon>
		<tech-keywords>
			<tech-keywordset>
				<tech-keyword>armor</tech-keyword>
			</tech-keywordset>
			<tech-keywordset>
				<tech-keyword>techclass_1</tech-keyword>
			</tech-keywordset>
			<tech-keywordset>
				<tech-keyword>bodyslot_chest</tech-keyword>
				<tech-keyword>bodyslot_back</tech-keyword>
				<tech-keyword>bodyslot_head</tech-keyword>
				<tech-keyword>bodyslot_face</tech-keyword>
				<tech-keyword>bodyslot_waist</tech-keyword>
				<tech-keyword>bodyslot_legs</tech-keyword>
				<tech-keyword>bodyslot_feet</tech-keyword>
				<tech-keyword>bodyslot_shoulder</tech-keyword>
				<tech-keyword>bodyslot_arms</tech-keyword>
				<tech-keyword>bodyslot_forearm</tech-keyword>
				<tech-keyword>bodyslot_wrist</tech-keyword>
				<tech-keyword>bodyslot_hands</tech-keyword>
				<tech-keyword>bodyslot_leftpalm</tech-keyword>
			</tech-keywordset>
		</tech-keywords>
		<tech-effectkeywords>
			<tech-effectkeywordset>
				<tech-effectkeyword>dye</tech-effectkeyword>
			</tech-effectkeywordset>
		</tech-effectkeywords>
		<tier>
			<tier-name>Light Blue</tier-name>
			<tier-origin>Armor Dye: Light Blue</tier-origin>
			<tier-lvl>1</tier-lvl>
			<tier-desc>Alters the color of the item it has been applied to.</tier-desc>
			<tier-skilladjust>10</tier-skilladjust>
			<tier-keywords>
      </tier-keywords>
			<tier-techsize>0</tier-techsize>
			<components>
				<component amount="1">Light Blue Dye</component>
			</components>
		</tier>
	</tech>
	<tech>
		<tech-name>Light Green</tech-name>
		<tech-icon>Internal_dye_lightgreen.png</tech-icon>
		<tech-keywords>
			<tech-keywordset>
				<tech-keyword>armor</tech-keyword>
			</tech-keywordset>
			<tech-keywordset>
				<tech-keyword>techclass_1</tech-keyword>
			</tech-keywordset>
			<tech-keywordset>
				<tech-keyword>bodyslot_chest</tech-keyword>
				<tech-keyword>bodyslot_back</tech-keyword>
				<tech-keyword>bodyslot_head</tech-keyword>
				<tech-keyword>bodyslot_face</tech-keyword>
				<tech-keyword>bodyslot_waist</tech-keyword>
				<tech-keyword>bodyslot_legs</tech-keyword>
				<tech-keyword>bodyslot_feet</tech-keyword>
				<tech-keyword>bodyslot_shoulder</tech-keyword>
				<tech-keyword>bodyslot_arms</tech-keyword>
				<tech-keyword>bodyslot_forearm</tech-keyword>
				<tech-keyword>bodyslot_wrist</tech-keyword>
				<tech-keyword>bodyslot_hands</tech-keyword>
				<tech-keyword>bodyslot_leftpalm</tech-keyword>
			</tech-keywordset>
		</tech-keywords>
		<tech-effectkeywords>
			<tech-effectkeywordset>
				<tech-effectkeyword>dye</tech-effectkeyword>
			</tech-effectkeywordset>
		</tech-effectkeywords>
		<tier>
			<tier-name>Light Green</tier-name>
			<tier-origin>Armor Dye: Light Green</tier-origin>
			<tier-lvl>1</tier-lvl>
			<tier-desc>Alters the color of the item it has been applied to.</tier-desc>
			<tier-skilladjust>10</tier-skilladjust>
			<tier-keywords>
      </tier-keywords>
			<tier-techsize>0</tier-techsize>
			<components>
				<component amount="1">Light Green Dye</component>
			</components>
		</tier>
	</tech>
	<tech>
		<tech-name>Light Red</tech-name>
		<tech-icon>Internal_dye_lightred.png</tech-icon>
		<tech-keywords>
			<tech-keywordset>
				<tech-keyword>armor</tech-keyword>
			</tech-keywordset>
			<tech-keywordset>
				<tech-keyword>techclass_1</tech-keyword>
			</tech-keywordset>
			<tech-keywordset>
				<tech-keyword>bodyslot_chest</tech-keyword>
				<tech-keyword>bodyslot_back</tech-keyword>
				<tech-keyword>bodyslot_head</tech-keyword>
				<tech-keyword>bodyslot_face</tech-keyword>
				<tech-keyword>bodyslot_waist</tech-keyword>
				<tech-keyword>bodyslot_legs</tech-keyword>
				<tech-keyword>bodyslot_feet</tech-keyword>
				<tech-keyword>bodyslot_shoulder</tech-keyword>
				<tech-keyword>bodyslot_arms</tech-keyword>
				<tech-keyword>bodyslot_forearm</tech-keyword>
				<tech-keyword>bodyslot_wrist</tech-keyword>
				<tech-keyword>bodyslot_hands</tech-keyword>
				<tech-keyword>bodyslot_leftpalm</tech-keyword>
			</tech-keywordset>
		</tech-keywords>
		<tech-effectkeywords>
			<tech-effectkeywordset>
				<tech-effectkeyword>dye</tech-effectkeyword>
			</tech-effectkeywordset>
		</tech-effectkeywords>
		<tier>
			<tier-name>Light Red</tier-name>
			<tier-origin>Armor Dye: Light Red</tier-origin>
			<tier-lvl>1</tier-lvl>
			<tier-desc>Alters the color of the item it has been applied to.</tier-desc>
			<tier-skilladjust>10</tier-skilladjust>
			<tier-keywords>
      </tier-keywords>
			<tier-techsize>0</tier-techsize>
			<components>
				<component amount="1">Light Red Dye</component>
			</components>
		</tier>
	</tech>
	<tech>
		<tech-name>Moonlight</tech-name>
		<tech-icon>Internal_dye_moonlight.png</tech-icon>
		<tech-keywords>
			<tech-keywordset>
				<tech-keyword>armor</tech-keyword>
			</tech-keywordset>
			<tech-keywordset>
				<tech-keyword>techclass_1</tech-keyword>
			</tech-keywordset>
			<tech-keywordset>
				<tech-keyword>bodyslot_chest</tech-keyword>
				<tech-keyword>bodyslot_back</tech-keyword>
				<tech-keyword>bodyslot_head</tech-keyword>
				<tech-keyword>bodyslot_face</tech-keyword>
				<tech-keyword>bodyslot_waist</tech-keyword>
				<tech-keyword>bodyslot_legs</tech-keyword>
				<tech-keyword>bodyslot_feet</tech-keyword>
				<tech-keyword>bodyslot_shoulder</tech-keyword>
				<tech-keyword>bodyslot_arms</tech-keyword>
				<tech-keyword>bodyslot_forearm</tech-keyword>
				<tech-keyword>bodyslot_wrist</tech-keyword>
				<tech-keyword>bodyslot_hands</tech-keyword>
				<tech-keyword>bodyslot_leftpalm</tech-keyword>
			</tech-keywordset>
		</tech-keywords>
		<tech-effectkeywords>
			<tech-effectkeywordset>
				<tech-effectkeyword>dye</tech-effectkeyword>
			</tech-effectkeywordset>
		</tech-effectkeywords>
		<tier>
			<tier-name>Moonlight</tier-name>
			<tier-origin>Armor Dye: Moonlight</tier-origin>
			<tier-lvl>1</tier-lvl>
			<tier-desc>Alters the color of the item it has been applied to.</tier-desc>
			<tier-skilladjust>10</tier-skilladjust>
			<tier-keywords>
      </tier-keywords>
			<tier-techsize>0</tier-techsize>
			<components>
				<component amount="1">Moonlight Dye</component>
			</components>
		</tier>
	</tech>
	<tech>
		<tech-name>Obsidian</tech-name>
		<tech-icon>Internal_dye_obsidian.png</tech-icon>
		<tech-keywords>
			<tech-keywordset>
				<tech-keyword>armor</tech-keyword>
			</tech-keywordset>
			<tech-keywordset>
				<tech-keyword>techclass_1</tech-keyword>
			</tech-keywordset>
			<tech-keywordset>
				<tech-keyword>bodyslot_chest</tech-keyword>
				<tech-keyword>bodyslot_back</tech-keyword>
				<tech-keyword>bodyslot_head</tech-keyword>
				<tech-keyword>bodyslot_face</tech-keyword>
				<tech-keyword>bodyslot_waist</tech-keyword>
				<tech-keyword>bodyslot_legs</tech-keyword>
				<tech-keyword>bodyslot_feet</tech-keyword>
				<tech-keyword>bodyslot_shoulder</tech-keyword>
				<tech-keyword>bodyslot_arms</tech-keyword>
				<tech-keyword>bodyslot_forearm</tech-keyword>
				<tech-keyword>bodyslot_wrist</tech-keyword>
				<tech-keyword>bodyslot_hands</tech-keyword>
				<tech-keyword>bodyslot_leftpalm</tech-keyword>
			</tech-keywordset>
		</tech-keywords>
		<tech-effectkeywords>
			<tech-effectkeywordset>
				<tech-effectkeyword>dye</tech-effectkeyword>
			</tech-effectkeywordset>
		</tech-effectkeywords>
		<tier>
			<tier-name>Obsidian</tier-name>
			<tier-origin>Armor Dye: Obsidian</tier-origin>
			<tier-lvl>1</tier-lvl>
			<tier-desc>Alters the color of the item it has been applied to.</tier-desc>
			<tier-skilladjust>10</tier-skilladjust>
			<tier-keywords>
      </tier-keywords>
			<tier-techsize>0</tier-techsize>
			<components>
				<component amount="1">Obsidian Dye</component>
			</components>
		</tier>
	</tech>
	<tech>
		<tech-name>Platinum</tech-name>
		<tech-icon>Internal_dye_platinum.png</tech-icon>
		<tech-keywords>
			<tech-keywordset>
				<tech-keyword>armor</tech-keyword>
			</tech-keywordset>
			<tech-keywordset>
				<tech-keyword>techclass_1</tech-keyword>
			</tech-keywordset>
			<tech-keywordset>
				<tech-keyword>bodyslot_chest</tech-keyword>
				<tech-keyword>bodyslot_back</tech-keyword>
				<tech-keyword>bodyslot_head</tech-keyword>
				<tech-keyword>bodyslot_face</tech-keyword>
				<tech-keyword>bodyslot_waist</tech-keyword>
				<tech-keyword>bodyslot_legs</tech-keyword>
				<tech-keyword>bodyslot_feet</tech-keyword>
				<tech-keyword>bodyslot_shoulder</tech-keyword>
				<tech-keyword>bodyslot_arms</tech-keyword>
				<tech-keyword>bodyslot_forearm</tech-keyword>
				<tech-keyword>bodyslot_wrist</tech-keyword>
				<tech-keyword>bodyslot_hands</tech-keyword>
				<tech-keyword>bodyslot_leftpalm</tech-keyword>
			</tech-keywordset>
		</tech-keywords>
		<tech-effectkeywords>
			<tech-effectkeywordset>
				<tech-effectkeyword>dye</tech-effectkeyword>
			</tech-effectkeywordset>
		</tech-effectkeywords>
		<tier>
			<tier-name>Platinum</tier-name>
			<tier-origin>Armor Dye: Platinum</tier-origin>
			<tier-lvl>1</tier-lvl>
			<tier-desc>Alters the color of the item it has been applied to.</tier-desc>
			<tier-skilladjust>10</tier-skilladjust>
			<tier-keywords>
      </tier-keywords>
			<tier-techsize>0</tier-techsize>
			<components>
				<component amount="1">Platinum Dye</component>
			</components>
		</tier>
	</tech>
	<tech>
		<tech-name>Purple</tech-name>
		<tech-icon>Internal_dye_purple.png</tech-icon>
		<tech-keywords>
			<tech-keywordset>
				<tech-keyword>armor</tech-keyword>
			</tech-keywordset>
			<tech-keywordset>
				<tech-keyword>techclass_1</tech-keyword>
			</tech-keywordset>
			<tech-keywordset>
				<tech-keyword>bodyslot_chest</tech-keyword>
				<tech-keyword>bodyslot_back</tech-keyword>
				<tech-keyword>bodyslot_head</tech-keyword>
				<tech-keyword>bodyslot_face</tech-keyword>
				<tech-keyword>bodyslot_waist</tech-keyword>
				<tech-keyword>bodyslot_legs</tech-keyword>
				<tech-keyword>bodyslot_feet</tech-keyword>
				<tech-keyword>bodyslot_shoulder</tech-keyword>
				<tech-keyword>bodyslot_arms</tech-keyword>
				<tech-keyword>bodyslot_forearm</tech-keyword>
				<tech-keyword>bodyslot_wrist</tech-keyword>
				<tech-keyword>bodyslot_hands</tech-keyword>
				<tech-keyword>bodyslot_leftpalm</tech-keyword>
			</tech-keywordset>
		</tech-keywords>
		<tech-effectkeywords>
			<tech-effectkeywordset>
				<tech-effectkeyword>dye</tech-effectkeyword>
			</tech-effectkeywordset>
		</tech-effectkeywords>
		<tier>
			<tier-name>Purple</tier-name>
			<tier-origin>Armor Dye: Purple</tier-origin>
			<tier-lvl>1</tier-lvl>
			<tier-desc>Alters the color of the item it has been applied to.</tier-desc>
			<tier-skilladjust>10</tier-skilladjust>
			<tier-keywords>
      </tier-keywords>
			<tier-techsize>0</tier-techsize>
			<components>
				<component amount="1">Purple Dye</component>
			</components>
		</tier>
	</tech>
	<tech>
		<tech-name>Radiant</tech-name>
		<tech-icon>Internal_dye_radiant.png</tech-icon>
		<tech-keywords>
			<tech-keywordset>
				<tech-keyword>armor</tech-keyword>
			</tech-keywordset>
			<tech-keywordset>
				<tech-keyword>techclass_1</tech-keyword>
			</tech-keywordset>
			<tech-keywordset>
				<tech-keyword>bodyslot_chest</tech-keyword>
				<tech-keyword>bodyslot_back</tech-keyword>
				<tech-keyword>bodyslot_head</tech-keyword>
				<tech-keyword>bodyslot_face</tech-keyword>
				<tech-keyword>bodyslot_waist</tech-keyword>
				<tech-keyword>bodyslot_legs</tech-keyword>
				<tech-keyword>bodyslot_feet</tech-keyword>
				<tech-keyword>bodyslot_shoulder</tech-keyword>
				<tech-keyword>bodyslot_arms</tech-keyword>
				<tech-keyword>bodyslot_forearm</tech-keyword>
				<tech-keyword>bodyslot_wrist</tech-keyword>
				<tech-keyword>bodyslot_hands</tech-keyword>
				<tech-keyword>bodyslot_leftpalm</tech-keyword>
			</tech-keywordset>
		</tech-keywords>
		<tech-effectkeywords>
			<tech-effectkeywordset>
				<tech-effectkeyword>dye</tech-effectkeyword>
			</tech-effectkeywordset>
		</tech-effectkeywords>
		<tier>
			<tier-name>Radiant</tier-name>
			<tier-origin>Armor Dye: Radiant</tier-origin>
			<tier-lvl>1</tier-lvl>
			<tier-desc>Alters the color of the item it has been applied to.</tier-desc>
			<tier-skilladjust>10</tier-skilladjust>
			<tier-keywords>
      </tier-keywords>
			<tier-techsize>0</tier-techsize>
			<components>
				<component amount="1">Radiant Dye</component>
			</components>
		</tier>
	</tech>
	<tech>
		<tech-name>Red</tech-name>
		<tech-icon>Internal_dye_red.png</tech-icon>
		<tech-keywords>
			<tech-keywordset>
				<tech-keyword>armor</tech-keyword>
			</tech-keywordset>
			<tech-keywordset>
				<tech-keyword>techclass_1</tech-keyword>
			</tech-keywordset>
			<tech-keywordset>
				<tech-keyword>bodyslot_chest</tech-keyword>
				<tech-keyword>bodyslot_back</tech-keyword>
				<tech-keyword>bodyslot_head</tech-keyword>
				<tech-keyword>bodyslot_face</tech-keyword>
				<tech-keyword>bodyslot_waist</tech-keyword>
				<tech-keyword>bodyslot_legs</tech-keyword>
				<tech-keyword>bodyslot_feet</tech-keyword>
				<tech-keyword>bodyslot_shoulder</tech-keyword>
				<tech-keyword>bodyslot_arms</tech-keyword>
				<tech-keyword>bodyslot_forearm</tech-keyword>
				<tech-keyword>bodyslot_wrist</tech-keyword>
				<tech-keyword>bodyslot_hands</tech-keyword>
				<tech-keyword>bodyslot_leftpalm</tech-keyword>
			</tech-keywordset>
		</tech-keywords>
		<tech-effectkeywords>
			<tech-effectkeywordset>
				<tech-effectkeyword>dye</tech-effectkeyword>
			</tech-effectkeywordset>
		</tech-effectkeywords>
		<tier>
			<tier-name>Red</tier-name>
			<tier-origin>Armor Dye: Red</tier-origin>
			<tier-lvl>1</tier-lvl>
			<tier-desc>Alters the color of the item it has been applied to.</tier-desc>
			<tier-skilladjust>10</tier-skilladjust>
			<tier-keywords>
      </tier-keywords>
			<tier-techsize>0</tier-techsize>
			<components>
				<component amount="1">Red Dye</component>
			</components>
		</tier>
	</tech>
	<tech>
		<tech-name>Silver</tech-name>
		<tech-icon>Internal_dye_silver.png</tech-icon>
		<tech-keywords>
			<tech-keywordset>
				<tech-keyword>armor</tech-keyword>
			</tech-keywordset>
			<tech-keywordset>
				<tech-keyword>techclass_1</tech-keyword>
			</tech-keywordset>
			<tech-keywordset>
				<tech-keyword>bodyslot_chest</tech-keyword>
				<tech-keyword>bodyslot_back</tech-keyword>
				<tech-keyword>bodyslot_head</tech-keyword>
				<tech-keyword>bodyslot_face</tech-keyword>
				<tech-keyword>bodyslot_waist</tech-keyword>
				<tech-keyword>bodyslot_legs</tech-keyword>
				<tech-keyword>bodyslot_feet</tech-keyword>
				<tech-keyword>bodyslot_shoulder</tech-keyword>
				<tech-keyword>bodyslot_arms</tech-keyword>
				<tech-keyword>bodyslot_forearm</tech-keyword>
				<tech-keyword>bodyslot_wrist</tech-keyword>
				<tech-keyword>bodyslot_hands</tech-keyword>
				<tech-keyword>bodyslot_leftpalm</tech-keyword>
			</tech-keywordset>
		</tech-keywords>
		<tech-effectkeywords>
			<tech-effectkeywordset>
				<tech-effectkeyword>dye</tech-effectkeyword>
			</tech-effectkeywordset>
		</tech-effectkeywords>
		<tier>
			<tier-name>Silver</tier-name>
			<tier-origin>Armor Dye: Silver</tier-origin>
			<tier-lvl>1</tier-lvl>
			<tier-desc>Alters the color of the item it has been applied to.</tier-desc>
			<tier-skilladjust>10</tier-skilladjust>
			<tier-keywords>
      </tier-keywords>
			<tier-techsize>0</tier-techsize>
			<components>
				<component amount="1">Silver Dye</component>
			</components>
		</tier>
	</tech>
	<tech>
		<tech-name>Turquoise</tech-name>
		<tech-icon>Internal_dye_turquoise.png</tech-icon>
		<tech-keywords>
			<tech-keywordset>
				<tech-keyword>armor</tech-keyword>
			</tech-keywordset>
			<tech-keywordset>
				<tech-keyword>techclass_1</tech-keyword>
			</tech-keywordset>
			<tech-keywordset>
				<tech-keyword>bodyslot_chest</tech-keyword>
				<tech-keyword>bodyslot_back</tech-keyword>
				<tech-keyword>bodyslot_head</tech-keyword>
				<tech-keyword>bodyslot_face</tech-keyword>
				<tech-keyword>bodyslot_waist</tech-keyword>
				<tech-keyword>bodyslot_legs</tech-keyword>
				<tech-keyword>bodyslot_feet</tech-keyword>
				<tech-keyword>bodyslot_shoulder</tech-keyword>
				<tech-keyword>bodyslot_arms</tech-keyword>
				<tech-keyword>bodyslot_forearm</tech-keyword>
				<tech-keyword>bodyslot_wrist</tech-keyword>
				<tech-keyword>bodyslot_hands</tech-keyword>
				<tech-keyword>bodyslot_leftpalm</tech-keyword>
			</tech-keywordset>
		</tech-keywords>
		<tech-effectkeywords>
			<tech-effectkeywordset>
				<tech-effectkeyword>dye</tech-effectkeyword>
			</tech-effectkeywordset>
		</tech-effectkeywords>
		<tier>
			<tier-name>Turquoise</tier-name>
			<tier-origin>Armor Dye: Turquoise</tier-origin>
			<tier-lvl>1</tier-lvl>
			<tier-desc>Alters the color of the item it has been applied to.</tier-desc>
			<tier-skilladjust>10</tier-skilladjust>
			<tier-keywords>
      </tier-keywords>
			<tier-techsize>0</tier-techsize>
			<components>
				<component amount="1">Turquoise Dye</component>
			</components>
		</tier>
	</tech>
	<tech>
		<tech-name>White</tech-name>
		<tech-icon>Internal_dye_white.png</tech-icon>
		<tech-keywords>
			<tech-keywordset>
				<tech-keyword>armor</tech-keyword>
			</tech-keywordset>
			<tech-keywordset>
				<tech-keyword>techclass_1</tech-keyword>
			</tech-keywordset>
			<tech-keywordset>
				<tech-keyword>bodyslot_chest</tech-keyword>
				<tech-keyword>bodyslot_back</tech-keyword>
				<tech-keyword>bodyslot_head</tech-keyword>
				<tech-keyword>bodyslot_face</tech-keyword>
				<tech-keyword>bodyslot_waist</tech-keyword>
				<tech-keyword>bodyslot_legs</tech-keyword>
				<tech-keyword>bodyslot_feet</tech-keyword>
				<tech-keyword>bodyslot_shoulder</tech-keyword>
				<tech-keyword>bodyslot_arms</tech-keyword>
				<tech-keyword>bodyslot_forearm</tech-keyword>
				<tech-keyword>bodyslot_wrist</tech-keyword>
				<tech-keyword>bodyslot_hands</tech-keyword>
				<tech-keyword>bodyslot_leftpalm</tech-keyword>
			</tech-keywordset>
		</tech-keywords>
		<tech-effectkeywords>
			<tech-effectkeywordset>
				<tech-effectkeyword>dye</tech-effectkeyword>
			</tech-effectkeywordset>
		</tech-effectkeywords>
		<tier>
			<tier-name>White</tier-name>
			<tier-origin>Armor Dye: White</tier-origin>
			<tier-lvl>1</tier-lvl>
			<tier-desc>Alters the color of the item it has been applied to.</tier-desc>
			<tier-skilladjust>10</tier-skilladjust>
			<tier-keywords>
      </tier-keywords>
			<tier-techsize>0</tier-techsize>
			<components>
				<component amount="1">White Dye</component>
			</components>
		</tier>
	</tech>
</techniqueset>
