<?xml version="1.0" encoding="ISO-8859-1"?>
<techniqueset format="2.1">
	<techniqueset-name>Smash</techniqueset-name>
	<techniqueset-categories>
		<techniqueset-category>Ability</techniqueset-category>
	</techniqueset-categories>
	<tech>
		<tech-name>Smash</tech-name>
		<tech-icon>icon_technique_04_00_11.png</tech-icon>
		<tech-keywords>
			<tech-keywordset>
				<tech-keyword>weapon</tech-keyword>
			</tech-keywordset>
			<tech-keywordset>
				<tech-keyword>skill_use_onehandcrush</tech-keyword>
				<tech-keyword>skill_use_twohandcrush</tech-keyword>
			</tech-keywordset>
		</tech-keywords>
		<tech-effectkeywords>
			<tech-effectkeywordset>
				<tech-effectkeyword>abilitymod_smash_up</tech-effectkeyword>
			</tech-effectkeywordset>
		</tech-effectkeywords>
		<tier>
			<tier-name>Smash I</tier-name>
			<tier-origin>Ability: Smash I</tier-origin>
			<tier-lvl>1</tier-lvl>
			<tier-desc>This technique will allow the user to create Crush weapons that enhance the Smash ability while the weapon is equipped.</tier-desc>
			<tier-skilladjust>10</tier-skilladjust>
			<tier-keywords>
				<tier-keywordset>
					<tier-keyword>techclass_1</tier-keyword>
				</tier-keywordset>
			</tier-keywords>
			<components>
				<component amount="4">Dim Essence Orb</component>
				<component amount="1">Garnet Golem Chip</component>
			</components>
		</tier>
		<tier>
			<tier-name>Smash II</tier-name>
			<tier-origin>Ability: Smash II</tier-origin>
			<tier-lvl>2</tier-lvl>
			<tier-desc>This technique will allow the user to create Crush weapons that enhance the Smash ability while the weapon is equipped.</tier-desc>
			<tier-skilladjust>20</tier-skilladjust>
			<tier-keywords>
				<tier-keywordset>
					<tier-keyword>techclass_2</tier-keyword>
				</tier-keywordset>
			</tier-keywords>
			<components>
				<component amount="4">Pale Essence Orb</component>
				<component amount="1">Lesser Zombie Finger</component>
				<component amount="1">Frost Pygmy Shrunken Head</component>
			</components>
		</tier>
		<tier>
			<tier-name>Smash III</tier-name>
			<tier-origin>Ability: Smash III</tier-origin>
			<tier-lvl>3</tier-lvl>
			<tier-desc>This technique will allow the user to create Crush weapons that enhance the Smash ability while the weapon is equipped.</tier-desc>
			<tier-skilladjust>30</tier-skilladjust>
			<tier-keywords>
				<tier-keywordset>
					<tier-keyword>techclass_3</tier-keyword>
				</tier-keywordset>
			</tier-keywords>
			<components>
				<component amount="4">Glowing Essence Orb</component>
				<component amount="1">Imbued Armor Splinter</component>
				<component amount="1">Redbacked Spider Eye</component>
			</components>
		</tier>
		<tier>
			<tier-name>Smash IV</tier-name>
			<tier-origin>Ability: Smash IV</tier-origin>
			<tier-lvl>4</tier-lvl>
			<tier-desc>This technique will allow the user to create Crush weapons that enhance the Smash ability while the weapon is equipped.</tier-desc>
			<tier-skilladjust>40</tier-skilladjust>
			<tier-keywords>
				<tier-keywordset>
					<tier-keyword>techclass_4</tier-keyword>
				</tier-keywordset>
			</tier-keywords>
			<components>
				<component amount="4">Bright Essence Orb</component>
				<component amount="2">Fire Beetle Carapace</component>
				<component amount="1">Flame Wolf Fang</component>
			</components>
		</tier>
		<tier>
			<tier-name>Smash V</tier-name>
			<tier-origin>Ability: Smash V</tier-origin>
			<tier-lvl>5</tier-lvl>
			<tier-desc>This technique will allow the user to create Crush weapons that enhance the Smash ability while the weapon is equipped.</tier-desc>
			<tier-skilladjust>50</tier-skilladjust>
			<tier-keywords>
				<tier-keywordset>
					<tier-keyword>techclass_5</tier-keyword>
				</tier-keywordset>
			</tier-keywords>
			<components>
				<component amount="4">Shining Essence Orb</component>
				<component amount="2">Marble Golem Fragment</component>
				<component amount="2">Dire Wolf Fang</component>
			</components>
		</tier>
	</tech>
</techniqueset>
