<?xml version="1.0" encoding="ISO-8859-1"?>
<techniqueset format="2.1">
	<techniqueset-name>Power Shot</techniqueset-name>
	<techniqueset-categories>
		<techniqueset-category>Ability</techniqueset-category>
	</techniqueset-categories>
	<tech>
		<tech-name>Power Shot</tech-name>
		<tech-icon>icon_technique_04_00_11.png</tech-icon>
		<tech-keywords>
			<tech-keywordset>
				<tech-keyword>weapon</tech-keyword>
			</tech-keywordset>
			<tech-keywordset>
				<tech-keyword>skill_use_bow</tech-keyword>
				<tech-keyword>skill_use_crossbow</tech-keyword>
			</tech-keywordset>
		</tech-keywords>
		<tech-effectkeywords>
			<tech-effectkeywordset>
				<tech-effectkeyword>abilitymod_powershot_up</tech-effectkeyword>
			</tech-effectkeywordset>
		</tech-effectkeywords>
		<tier>
			<tier-name>Power Shot I</tier-name>
			<tier-origin>Ability: Power Shot I</tier-origin>
			<tier-lvl>1</tier-lvl>
			<tier-desc>This technique will allow the user to create bow and crossbows that enhance the Power Shot ability while the weapon is equipped.</tier-desc>
			<tier-skilladjust>10</tier-skilladjust>
			<tier-keywords>
				<tier-keywordset>
					<tier-keyword>techclass_1</tier-keyword>
				</tier-keywordset>
			</tier-keywords>
			<components>
				<component amount="4">Dim Essence Orb</component>
				<component amount="1">Bronze Golem Fragment</component>
			</components>
		</tier>
		<tier>
			<tier-name>Power Shot II</tier-name>
			<tier-origin>Ability: Power Shot II</tier-origin>
			<tier-lvl>2</tier-lvl>
			<tier-desc>This technique will allow the user to create bow and crossbows that enhance the Power Shot ability while the weapon is equipped.</tier-desc>
			<tier-skilladjust>20</tier-skilladjust>
			<tier-keywords>
				<tier-keywordset>
					<tier-keyword>techclass_2</tier-keyword>
				</tier-keywordset>
			</tier-keywords>
			<components>
				<component amount="4">Pale Essence Orb</component>
				<component amount="1">Lesser Blight Claw</component>
				<component amount="1">Brighter Tarantula Silk</component>
			</components>
		</tier>
		<tier>
			<tier-name>Power Shot III</tier-name>
			<tier-origin>Ability: Power Shot III</tier-origin>
			<tier-lvl>3</tier-lvl>
			<tier-desc>This technique will allow the user to create bow and crossbows that enhance the Power Shot ability while the weapon is equipped.</tier-desc>
			<tier-skilladjust>30</tier-skilladjust>
			<tier-keywords>
				<tier-keywordset>
					<tier-keyword>techclass_3</tier-keyword>
				</tier-keywordset>
			</tier-keywords>
			<components>
				<component amount="4">Glowing Essence Orb</component>
				<component amount="1">Winter Gruok Knuckles</component>
				<component amount="1">Oak Treant Knot</component>
			</components>
		</tier>
		<tier>
			<tier-name>Power Shot IV</tier-name>
			<tier-origin>Ability: Power Shot IV</tier-origin>
			<tier-lvl>4</tier-lvl>
			<tier-desc>This technique will allow the user to create bow and crossbows that enhance the Power Shot ability while the weapon is equipped.</tier-desc>
			<tier-skilladjust>40</tier-skilladjust>
			<tier-keywords>
				<tier-keywordset>
					<tier-keyword>techclass_4</tier-keyword>
				</tier-keywordset>
			</tier-keywords>
			<components>
				<component amount="4">Bright Essence Orb</component>
				<component amount="2">Arbotus Gullet</component>
				<component amount="1">Hardened Fyakki Chitin</component>
			</components>
		</tier>
		<tier>
			<tier-name>Power Shot V</tier-name>
			<tier-origin>Ability: Power Shot V</tier-origin>
			<tier-lvl>5</tier-lvl>
			<tier-desc>This technique will allow the user to create bow and crossbows that enhance the Power Shot ability while the weapon is equipped.</tier-desc>
			<tier-skilladjust>50</tier-skilladjust>
			<tier-keywords>
				<tier-keywordset>
					<tier-keyword>techclass_5</tier-keyword>
				</tier-keywordset>
			</tier-keywords>
			<components>
				<component amount="4">Shining Essence Orb</component>
				<component amount="2">Bloodsnout Gruok Snout</component>
				<component amount="2">Grey Necrofly Wing</component>
			</components>
		</tier>
	</tech>
</techniqueset>
