<?xml version="1.0" encoding="ISO-8859-1"?>
<formulaset>
	<formulaset-name>Plot - Trees &amp; Shrubbery</formulaset-name>
	<formulaset-categories>
		<formulaset-category>Construction</formulaset-category>
	</formulaset-categories>
	<item>
		<item-name>Hedges</item-name>
		<item-icon>Internal_plot_hedges.png</item-icon>
		<tier>
			<tier-name>Hedges, 9 meters</tier-name>
			<tier-lvl name="9 meters">1</tier-lvl>
			<tier-desc>A 9-meter planter containing four bushy trees planted closely together.</tier-desc>
			<tier-attributes>
			</tier-attributes>
			<resources>
				<resource>
					<resource-name>Cedar Construction Timber</resource-name>
					<resource-skill>Carpentry</resource-skill>
					<resource-units>14</resource-units>
					<resource-min amount="3">1</resource-min>
					<resource-opt amount="2">201</resource-opt>
				</resource>
				<resource>
					<resource-name>Dim Essence Construction Sphere</resource-name>
					<resource-skill>Essence Structuring</resource-skill>
					<resource-units>30</resource-units>
					<resource-min amount="3">1</resource-min>
					<resource-opt amount="2">201</resource-opt>
				</resource>
				<resource>
					<resource-name>Pale Essence Construction Sphere</resource-name>
					<resource-skill>Essence Structuring</resource-skill>
					<resource-units>30</resource-units>
					<resource-min amount="3">200</resource-min>
					<resource-opt amount="2">400</resource-opt>
				</resource>
			</resources>
		</tier>
	</item>
	<item>
		<item-name>Palm Tree</item-name>
		<item-icon>Internal_tree_palm.png</item-icon>
		<tier>
			<tier-name>Palm Tree, green typical</tier-name>
			<tier-lvl name="Green Typical">1</tier-lvl>
			<tier-desc/>
			<tier-attributes>
			</tier-attributes>
			<resources>
				<resource>
					<resource-name>Cedar Construction Timber</resource-name>
					<resource-skill>Carpentry</resource-skill>
					<resource-units>4</resource-units>
					<resource-min amount="3">1</resource-min>
					<resource-opt amount="2">201</resource-opt>
				</resource>
				<resource>
					<resource-name>Dim Essence Construction Sphere</resource-name>
					<resource-skill>Essence Structuring</resource-skill>
					<resource-units>25</resource-units>
					<resource-min amount="3">1</resource-min>
					<resource-opt amount="2">201</resource-opt>
				</resource>
				<resource>
					<resource-name>Flax Construction Bolt</resource-name>
					<resource-skill>Weaving</resource-skill>
					<resource-units>10</resource-units>
					<resource-min amount="3">1</resource-min>
					<resource-opt amount="2">201</resource-opt>
				</resource>
			</resources>
		</tier>
		<tier>
			<tier-name>Palm Tree, ground large</tier-name>
			<tier-lvl name="Ground Large">1</tier-lvl>
			<tier-desc/>
			<tier-attributes>
			</tier-attributes>
			<resources>
				<resource>
					<resource-name>Cedar Construction Timber</resource-name>
					<resource-skill>Carpentry</resource-skill>
					<resource-units>4</resource-units>
					<resource-min amount="3">1</resource-min>
					<resource-opt amount="2">201</resource-opt>
				</resource>
				<resource>
					<resource-name>Dim Essence Construction Sphere</resource-name>
					<resource-skill>Essence Structuring</resource-skill>
					<resource-units>25</resource-units>
					<resource-min amount="3">1</resource-min>
					<resource-opt amount="2">201</resource-opt>
				</resource>
				<resource>
					<resource-name>Flax Construction Bolt</resource-name>
					<resource-skill>Weaving</resource-skill>
					<resource-units>10</resource-units>
					<resource-min amount="3">1</resource-min>
					<resource-opt amount="2">201</resource-opt>
				</resource>
			</resources>
		</tier>
		<tier>
			<tier-name>Palm Tree, ground small varient one</tier-name>
			<tier-lvl name="Ground Small 1">1</tier-lvl>
			<tier-desc/>
			<tier-attributes>
			</tier-attributes>
			<resources>
				<resource>
					<resource-name>Cedar Construction Timber</resource-name>
					<resource-skill>Carpentry</resource-skill>
					<resource-units>4</resource-units>
					<resource-min amount="3">1</resource-min>
					<resource-opt amount="2">201</resource-opt>
				</resource>
				<resource>
					<resource-name>Dim Essence Construction Sphere</resource-name>
					<resource-skill>Essence Structuring</resource-skill>
					<resource-units>25</resource-units>
					<resource-min amount="3">1</resource-min>
					<resource-opt amount="2">201</resource-opt>
				</resource>
				<resource>
					<resource-name>Flax Construction Bolt</resource-name>
					<resource-skill>Weaving</resource-skill>
					<resource-units>10</resource-units>
					<resource-min amount="3">1</resource-min>
					<resource-opt amount="2">201</resource-opt>
				</resource>
			</resources>
		</tier>
		<tier>
			<tier-name>Palm Tree, ground small varient two</tier-name>
			<tier-lvl name="Ground Small 2">1</tier-lvl>
			<tier-desc/>
			<tier-attributes>
			</tier-attributes>
			<resources>
				<resource>
					<resource-name>Cedar Construction Timber</resource-name>
					<resource-skill>Carpentry</resource-skill>
					<resource-units>4</resource-units>
					<resource-min amount="3">1</resource-min>
					<resource-opt amount="2">201</resource-opt>
				</resource>
				<resource>
					<resource-name>Dim Essence Construction Sphere</resource-name>
					<resource-skill>Essence Structuring</resource-skill>
					<resource-units>25</resource-units>
					<resource-min amount="3">1</resource-min>
					<resource-opt amount="2">201</resource-opt>
				</resource>
				<resource>
					<resource-name>Flax Construction Bolt</resource-name>
					<resource-skill>Weaving</resource-skill>
					<resource-units>10</resource-units>
					<resource-min amount="3">1</resource-min>
					<resource-opt amount="2">201</resource-opt>
				</resource>
			</resources>
		</tier>
		<tier>
			<tier-name>Palm Tree, long stems</tier-name>
			<tier-lvl name="Long Stems">1</tier-lvl>
			<tier-desc/>
			<tier-attributes>
			</tier-attributes>
			<resources>
				<resource>
					<resource-name>Cedar Construction Timber</resource-name>
					<resource-skill>Carpentry</resource-skill>
					<resource-units>4</resource-units>
					<resource-min amount="3">1</resource-min>
					<resource-opt amount="2">201</resource-opt>
				</resource>
				<resource>
					<resource-name>Dim Essence Construction Sphere</resource-name>
					<resource-skill>Essence Structuring</resource-skill>
					<resource-units>25</resource-units>
					<resource-min amount="3">1</resource-min>
					<resource-opt amount="2">201</resource-opt>
				</resource>
				<resource>
					<resource-name>Flax Construction Bolt</resource-name>
					<resource-skill>Weaving</resource-skill>
					<resource-units>10</resource-units>
					<resource-min amount="3">1</resource-min>
					<resource-opt amount="2">201</resource-opt>
				</resource>
			</resources>
		</tier>
		<tier>
			<tier-name>Palm Tree, medium light</tier-name>
			<tier-lvl name="Medium Light">1</tier-lvl>
			<tier-desc/>
			<tier-attributes>
			</tier-attributes>
			<resources>
				<resource>
					<resource-name>Cedar Construction Timber</resource-name>
					<resource-skill>Carpentry</resource-skill>
					<resource-units>4</resource-units>
					<resource-min amount="3">1</resource-min>
					<resource-opt amount="2">201</resource-opt>
				</resource>
				<resource>
					<resource-name>Dim Essence Construction Sphere</resource-name>
					<resource-skill>Essence Structuring</resource-skill>
					<resource-units>25</resource-units>
					<resource-min amount="3">1</resource-min>
					<resource-opt amount="2">201</resource-opt>
				</resource>
				<resource>
					<resource-name>Flax Construction Bolt</resource-name>
					<resource-skill>Weaving</resource-skill>
					<resource-units>10</resource-units>
					<resource-min amount="3">1</resource-min>
					<resource-opt amount="2">201</resource-opt>
				</resource>
			</resources>
		</tier>
		<tier>
			<tier-name>Palm Tree, medium smooth</tier-name>
			<tier-lvl name="Medium Smooth">1</tier-lvl>
			<tier-desc/>
			<tier-attributes>
			</tier-attributes>
			<resources>
				<resource>
					<resource-name>Cedar Construction Timber</resource-name>
					<resource-skill>Carpentry</resource-skill>
					<resource-units>4</resource-units>
					<resource-min amount="3">1</resource-min>
					<resource-opt amount="2">201</resource-opt>
				</resource>
				<resource>
					<resource-name>Dim Essence Construction Sphere</resource-name>
					<resource-skill>Essence Structuring</resource-skill>
					<resource-units>25</resource-units>
					<resource-min amount="3">1</resource-min>
					<resource-opt amount="2">201</resource-opt>
				</resource>
				<resource>
					<resource-name>Flax Construction Bolt</resource-name>
					<resource-skill>Weaving</resource-skill>
					<resource-units>10</resource-units>
					<resource-min amount="3">1</resource-min>
					<resource-opt amount="2">201</resource-opt>
				</resource>
			</resources>
		</tier>
		<tier>
			<tier-name>Palm Tree, prickly smooth</tier-name>
			<tier-lvl name="Prickly Smooth">1</tier-lvl>
			<tier-desc/>
			<tier-attributes>
			</tier-attributes>
			<resources>
				<resource>
					<resource-name>Cedar Construction Timber</resource-name>
					<resource-skill>Carpentry</resource-skill>
					<resource-units>4</resource-units>
					<resource-min amount="3">1</resource-min>
					<resource-opt amount="2">201</resource-opt>
				</resource>
				<resource>
					<resource-name>Dim Essence Construction Sphere</resource-name>
					<resource-skill>Essence Structuring</resource-skill>
					<resource-units>25</resource-units>
					<resource-min amount="3">1</resource-min>
					<resource-opt amount="2">201</resource-opt>
				</resource>
				<resource>
					<resource-name>Flax Construction Bolt</resource-name>
					<resource-skill>Weaving</resource-skill>
					<resource-units>10</resource-units>
					<resource-min amount="3">1</resource-min>
					<resource-opt amount="2">201</resource-opt>
				</resource>
			</resources>
		</tier>
		<tier>
			<tier-name>Palm Tree, shaggy short</tier-name>
			<tier-lvl name="Shaggy Short">1</tier-lvl>
			<tier-desc/>
			<tier-attributes>
			</tier-attributes>
			<resources>
				<resource>
					<resource-name>Cedar Construction Timber</resource-name>
					<resource-skill>Carpentry</resource-skill>
					<resource-units>4</resource-units>
					<resource-min amount="3">1</resource-min>
					<resource-opt amount="2">201</resource-opt>
				</resource>
				<resource>
					<resource-name>Dim Essence Construction Sphere</resource-name>
					<resource-skill>Essence Structuring</resource-skill>
					<resource-units>25</resource-units>
					<resource-min amount="3">1</resource-min>
					<resource-opt amount="2">201</resource-opt>
				</resource>
				<resource>
					<resource-name>Flax Construction Bolt</resource-name>
					<resource-skill>Weaving</resource-skill>
					<resource-units>10</resource-units>
					<resource-min amount="3">1</resource-min>
					<resource-opt amount="2">201</resource-opt>
				</resource>
			</resources>
		</tier>
		<tier>
			<tier-name>Palm Tree, shaggy tall</tier-name>
			<tier-lvl name="Shaggy Tall">1</tier-lvl>
			<tier-desc/>
			<tier-attributes>
			</tier-attributes>
			<resources>
				<resource>
					<resource-name>Cedar Construction Timber</resource-name>
					<resource-skill>Carpentry</resource-skill>
					<resource-units>4</resource-units>
					<resource-min amount="3">1</resource-min>
					<resource-opt amount="2">201</resource-opt>
				</resource>
				<resource>
					<resource-name>Dim Essence Construction Sphere</resource-name>
					<resource-skill>Essence Structuring</resource-skill>
					<resource-units>25</resource-units>
					<resource-min amount="3">1</resource-min>
					<resource-opt amount="2">201</resource-opt>
				</resource>
				<resource>
					<resource-name>Flax Construction Bolt</resource-name>
					<resource-skill>Weaving</resource-skill>
					<resource-units>10</resource-units>
					<resource-min amount="3">1</resource-min>
					<resource-opt amount="2">201</resource-opt>
				</resource>
			</resources>
		</tier>
		<tier>
			<tier-name>Palm Tree, short spikey</tier-name>
			<tier-lvl name="Short Spikey">1</tier-lvl>
			<tier-desc/>
			<tier-attributes>
			</tier-attributes>
			<resources>
				<resource>
					<resource-name>Cedar Construction Timber</resource-name>
					<resource-skill>Carpentry</resource-skill>
					<resource-units>4</resource-units>
					<resource-min amount="3">1</resource-min>
					<resource-opt amount="2">201</resource-opt>
				</resource>
				<resource>
					<resource-name>Dim Essence Construction Sphere</resource-name>
					<resource-skill>Essence Structuring</resource-skill>
					<resource-units>25</resource-units>
					<resource-min amount="3">1</resource-min>
					<resource-opt amount="2">201</resource-opt>
				</resource>
				<resource>
					<resource-name>Flax Construction Bolt</resource-name>
					<resource-skill>Weaving</resource-skill>
					<resource-units>10</resource-units>
					<resource-min amount="3">1</resource-min>
					<resource-opt amount="2">201</resource-opt>
				</resource>
			</resources>
		</tier>
		<tier>
			<tier-name>Palm Tree, stout prickly</tier-name>
			<tier-lvl name="Stout Prickly">1</tier-lvl>
			<tier-desc/>
			<tier-attributes>
			</tier-attributes>
			<resources>
				<resource>
					<resource-name>Cedar Construction Timber</resource-name>
					<resource-skill>Carpentry</resource-skill>
					<resource-units>4</resource-units>
					<resource-min amount="3">1</resource-min>
					<resource-opt amount="2">201</resource-opt>
				</resource>
				<resource>
					<resource-name>Dim Essence Construction Sphere</resource-name>
					<resource-skill>Essence Structuring</resource-skill>
					<resource-units>25</resource-units>
					<resource-min amount="3">1</resource-min>
					<resource-opt amount="2">201</resource-opt>
				</resource>
				<resource>
					<resource-name>Flax Construction Bolt</resource-name>
					<resource-skill>Weaving</resource-skill>
					<resource-units>10</resource-units>
					<resource-min amount="3">1</resource-min>
					<resource-opt amount="2">201</resource-opt>
				</resource>
			</resources>
		</tier>
		<tier>
			<tier-name>Palm Tree, tall light</tier-name>
			<tier-lvl name="Tall Light">1</tier-lvl>
			<tier-desc/>
			<tier-attributes>
			</tier-attributes>
			<resources>
				<resource>
					<resource-name>Cedar Construction Timber</resource-name>
					<resource-skill>Carpentry</resource-skill>
					<resource-units>4</resource-units>
					<resource-min amount="3">1</resource-min>
					<resource-opt amount="2">201</resource-opt>
				</resource>
				<resource>
					<resource-name>Dim Essence Construction Sphere</resource-name>
					<resource-skill>Essence Structuring</resource-skill>
					<resource-units>25</resource-units>
					<resource-min amount="3">1</resource-min>
					<resource-opt amount="2">201</resource-opt>
				</resource>
				<resource>
					<resource-name>Flax Construction Bolt</resource-name>
					<resource-skill>Weaving</resource-skill>
					<resource-units>10</resource-units>
					<resource-min amount="3">1</resource-min>
					<resource-opt amount="2">201</resource-opt>
				</resource>
			</resources>
		</tier>
		<tier>
			<tier-name>Palm Tree, tall smooth</tier-name>
			<tier-lvl name="Tall Smooth">1</tier-lvl>
			<tier-desc/>
			<tier-attributes>
			</tier-attributes>
			<resources>
				<resource>
					<resource-name>Cedar Construction Timber</resource-name>
					<resource-skill>Carpentry</resource-skill>
					<resource-units>4</resource-units>
					<resource-min amount="3">1</resource-min>
					<resource-opt amount="2">201</resource-opt>
				</resource>
				<resource>
					<resource-name>Dim Essence Construction Sphere</resource-name>
					<resource-skill>Essence Structuring</resource-skill>
					<resource-units>25</resource-units>
					<resource-min amount="3">1</resource-min>
					<resource-opt amount="2">201</resource-opt>
				</resource>
				<resource>
					<resource-name>Flax Construction Bolt</resource-name>
					<resource-skill>Weaving</resource-skill>
					<resource-units>10</resource-units>
					<resource-min amount="3">1</resource-min>
					<resource-opt amount="2">201</resource-opt>
				</resource>
			</resources>
		</tier>
	</item>
	<item>
		<item-name>Tree - Branchy</item-name>
		<item-icon>Internal_tree_branchy.png</item-icon>
		<tier>
			<tier-name>Tree, branchy</tier-name>
			<tier-lvl name="Normal">1</tier-lvl>
			<tier-desc/>
			<tier-attributes>
			</tier-attributes>
			<resources>
				<resource>
					<resource-name>Cedar Construction Timber</resource-name>
					<resource-skill>Carpentry</resource-skill>
					<resource-units>4</resource-units>
					<resource-min amount="3">1</resource-min>
					<resource-opt amount="2">201</resource-opt>
				</resource>
				<resource>
					<resource-name>Dim Essence Construction Sphere</resource-name>
					<resource-skill>Essence Structuring</resource-skill>
					<resource-units>25</resource-units>
					<resource-min amount="3">1</resource-min>
					<resource-opt amount="2">201</resource-opt>
				</resource>
				<resource>
					<resource-name>Flax Construction Bolt</resource-name>
					<resource-skill>Weaving</resource-skill>
					<resource-units>10</resource-units>
					<resource-min amount="3">1</resource-min>
					<resource-opt amount="2">201</resource-opt>
				</resource>
			</resources>
		</tier>
		<tier>
			<tier-name>Tree, branchy with planter</tier-name>
			<tier-lvl name="Planter">1</tier-lvl>
			<tier-desc/>
			<tier-attributes>
			</tier-attributes>
			<resources>
				<resource>
					<resource-name>Cedar Construction Timber</resource-name>
					<resource-skill>Carpentry</resource-skill>
					<resource-units>4</resource-units>
					<resource-min amount="3">1</resource-min>
					<resource-opt amount="2">201</resource-opt>
				</resource>
				<resource>
					<resource-name>Dim Essence Construction Sphere</resource-name>
					<resource-skill>Essence Structuring</resource-skill>
					<resource-units>25</resource-units>
					<resource-min amount="3">1</resource-min>
					<resource-opt amount="2">201</resource-opt>
				</resource>
				<resource>
					<resource-name>Flax Construction Bolt</resource-name>
					<resource-skill>Weaving</resource-skill>
					<resource-units>10</resource-units>
					<resource-min amount="3">1</resource-min>
					<resource-opt amount="2">201</resource-opt>
				</resource>
			</resources>
		</tier>
	</item>
	<item>
		<item-name>Tree - Leafy</item-name>
		<item-icon>Internal_tree_leafy.png</item-icon>
		<tier>
			<tier-name>Tree, leafy</tier-name>
			<tier-lvl name="Normal">1</tier-lvl>
			<tier-desc/>
			<tier-attributes>
			</tier-attributes>
			<resources>
				<resource>
					<resource-name>Cedar Construction Timber</resource-name>
					<resource-skill>Carpentry</resource-skill>
					<resource-units>4</resource-units>
					<resource-min amount="3">1</resource-min>
					<resource-opt amount="2">201</resource-opt>
				</resource>
				<resource>
					<resource-name>Dim Essence Construction Sphere</resource-name>
					<resource-skill>Essence Structuring</resource-skill>
					<resource-units>30</resource-units>
					<resource-min amount="3">1</resource-min>
					<resource-opt amount="2">201</resource-opt>
				</resource>
				<resource>
					<resource-name>Flax Construction Bolt</resource-name>
					<resource-skill>Weaving</resource-skill>
					<resource-units>15</resource-units>
					<resource-min amount="3">1</resource-min>
					<resource-opt amount="2">201</resource-opt>
				</resource>
			</resources>
		</tier>
		<tier>
			<tier-name>Tree, leafy with planter</tier-name>
			<tier-lvl name="Planter">1</tier-lvl>
			<tier-desc>A leafy tree in a planter.</tier-desc>
			<tier-attributes>
			</tier-attributes>
			<resources>
				<resource>
					<resource-name>Cedar Construction Timber</resource-name>
					<resource-skill>Carpentry</resource-skill>
					<resource-units>4</resource-units>
					<resource-min amount="3">1</resource-min>
					<resource-opt amount="2">201</resource-opt>
				</resource>
				<resource>
					<resource-name>Dim Essence Construction Sphere</resource-name>
					<resource-skill>Essence Structuring</resource-skill>
					<resource-units>30</resource-units>
					<resource-min amount="3">1</resource-min>
					<resource-opt amount="2">201</resource-opt>
				</resource>
				<resource>
					<resource-name>Flax Construction Bolt</resource-name>
					<resource-skill>Weaving</resource-skill>
					<resource-units>15</resource-units>
					<resource-min amount="3">1</resource-min>
					<resource-opt amount="2">201</resource-opt>
				</resource>
			</resources>
		</tier>
		<tier>
			<tier-name>Tree, leafy large</tier-name>
			<tier-lvl name="Large">1</tier-lvl>
			<tier-desc/>
			<tier-attributes>
			</tier-attributes>
			<resources>
				<resource>
					<resource-name>Cedar Construction Timber</resource-name>
					<resource-skill>Carpentry</resource-skill>
					<resource-units>4</resource-units>
					<resource-min amount="3">1</resource-min>
					<resource-opt amount="2">201</resource-opt>
				</resource>
				<resource>
					<resource-name>Dim Essence Construction Sphere</resource-name>
					<resource-skill>Essence Structuring</resource-skill>
					<resource-units>30</resource-units>
					<resource-min amount="3">1</resource-min>
					<resource-opt amount="2">201</resource-opt>
				</resource>
				<resource>
					<resource-name>Flax Construction Bolt</resource-name>
					<resource-skill>Weaving</resource-skill>
					<resource-units>15</resource-units>
					<resource-min amount="3">1</resource-min>
					<resource-opt amount="2">201</resource-opt>
				</resource>
			</resources>
		</tier>
	</item>
	<item>
		<item-name>Tree - Swampy</item-name>
		<item-icon>Internal_tree_swampy.png</item-icon>
		<tier>
			<tier-name>Tree, swampy</tier-name>
			<tier-lvl name="Normal">1</tier-lvl>
			<tier-desc/>
			<tier-attributes>
			</tier-attributes>
			<resources>
				<resource>
					<resource-name>Cedar Construction Timber</resource-name>
					<resource-skill>Carpentry</resource-skill>
					<resource-units>4</resource-units>
					<resource-min amount="3">1</resource-min>
					<resource-opt amount="2">201</resource-opt>
				</resource>
				<resource>
					<resource-name>Dim Essence Construction Sphere</resource-name>
					<resource-skill>Essence Structuring</resource-skill>
					<resource-units>40</resource-units>
					<resource-min amount="3">1</resource-min>
					<resource-opt amount="2">201</resource-opt>
				</resource>
				<resource>
					<resource-name>Flax Construction Bolt</resource-name>
					<resource-skill>Weaving</resource-skill>
					<resource-units>15</resource-units>
					<resource-min amount="3">1</resource-min>
					<resource-opt amount="2">201</resource-opt>
				</resource>
			</resources>
		</tier>
		<tier>
			<tier-name>Tree, swampy with planter</tier-name>
			<tier-lvl name="Planter">1</tier-lvl>
			<tier-desc>A tangle of thick vines with foliage on them, in a planter.</tier-desc>
			<tier-attributes>
			</tier-attributes>
			<resources>
				<resource>
					<resource-name>Cedar Construction Timber</resource-name>
					<resource-skill>Carpentry</resource-skill>
					<resource-units>4</resource-units>
					<resource-min amount="3">1</resource-min>
					<resource-opt amount="2">201</resource-opt>
				</resource>
				<resource>
					<resource-name>Dim Essence Construction Sphere</resource-name>
					<resource-skill>Essence Structuring</resource-skill>
					<resource-units>40</resource-units>
					<resource-min amount="3">1</resource-min>
					<resource-opt amount="2">201</resource-opt>
				</resource>
				<resource>
					<resource-name>Flax Construction Bolt</resource-name>
					<resource-skill>Weaving</resource-skill>
					<resource-units>15</resource-units>
					<resource-min amount="3">1</resource-min>
					<resource-opt amount="2">201</resource-opt>
				</resource>
			</resources>
		</tier>
	</item>
	<item>
		<item-name>Snowy Pine Tree</item-name>
		<item-icon>Internal_tree_pine.png</item-icon>
		<tier>
			<tier-name>Small Snowy Pine Tree</tier-name>
			<tier-lvl name="Small">1</tier-lvl>
			<tier-desc/>
			<tier-attributes>
			</tier-attributes>
			<resources>
				<resource>
					<resource-name>Cedar Construction Timber</resource-name>
					<resource-skill>Carpentry</resource-skill>
					<resource-units>4</resource-units>
					<resource-min amount="3">1</resource-min>
					<resource-opt amount="2">201</resource-opt>
				</resource>
				<resource>
					<resource-name>Dim Essence Construction Sphere</resource-name>
					<resource-skill>Essence Structuring</resource-skill>
					<resource-units>25</resource-units>
					<resource-min amount="3">1</resource-min>
					<resource-opt amount="2">201</resource-opt>
				</resource>
				<resource>
					<resource-name>Flax Construction Bolt</resource-name>
					<resource-skill>Weaving</resource-skill>
					<resource-units>10</resource-units>
					<resource-min amount="3">1</resource-min>
					<resource-opt amount="2">201</resource-opt>
				</resource>
			</resources>
		</tier>
		<tier>
			<tier-name>Snowy Pine Tree</tier-name>
			<tier-lvl name="Normal">1</tier-lvl>
			<tier-desc/>
			<tier-attributes>
			</tier-attributes>
			<resources>
				<resource>
					<resource-name>Cedar Construction Timber</resource-name>
					<resource-skill>Carpentry</resource-skill>
					<resource-units>4</resource-units>
					<resource-min amount="3">1</resource-min>
					<resource-opt amount="2">201</resource-opt>
				</resource>
				<resource>
					<resource-name>Dim Essence Construction Sphere</resource-name>
					<resource-skill>Essence Structuring</resource-skill>
					<resource-units>25</resource-units>
					<resource-min amount="3">1</resource-min>
					<resource-opt amount="2">201</resource-opt>
				</resource>
				<resource>
					<resource-name>Flax Construction Bolt</resource-name>
					<resource-skill>Weaving</resource-skill>
					<resource-units>10</resource-units>
					<resource-min amount="3">1</resource-min>
					<resource-opt amount="2">201</resource-opt>
				</resource>
			</resources>
		</tier>
		<tier>
			<tier-name>Large Snowy Pine Tree</tier-name>
			<tier-lvl name="Large">1</tier-lvl>
			<tier-desc/>
			<tier-attributes>
			</tier-attributes>
			<resources>
				<resource>
					<resource-name>Cedar Construction Timber</resource-name>
					<resource-skill>Carpentry</resource-skill>
					<resource-units>4</resource-units>
					<resource-min amount="3">1</resource-min>
					<resource-opt amount="2">201</resource-opt>
				</resource>
				<resource>
					<resource-name>Dim Essence Construction Sphere</resource-name>
					<resource-skill>Essence Structuring</resource-skill>
					<resource-units>25</resource-units>
					<resource-min amount="3">1</resource-min>
					<resource-opt amount="2">201</resource-opt>
				</resource>
				<resource>
					<resource-name>Flax Construction Bolt</resource-name>
					<resource-skill>Weaving</resource-skill>
					<resource-units>10</resource-units>
					<resource-min amount="3">1</resource-min>
					<resource-opt amount="2">201</resource-opt>
				</resource>
			</resources>
		</tier>
	</item>
</formulaset>
