<?xml version="1.0" encoding="ISO-8859-1"?>
<formulaset>
	<formulaset-name>Plot - Dwarven Structures</formulaset-name>
	<formulaset-categories>
		<formulaset-category>Construction</formulaset-category>
	</formulaset-categories>
	<item>
		<item-name>Dwarven House</item-name>
		<item-icon>Internal_house_dwarthen.png</item-icon>
		<tier>
			<tier-name>Dwarven Small House</tier-name>
			<tier-lvl name="Small">1</tier-lvl>
			<tier-desc>A small stone house with a furnace in the corner</tier-desc>
			<tier-attributes>
				<tier-attribute type="structurebulk">3600</tier-attribute>
				<tier-attribute type="structurestacks">30</tier-attribute>
			</tier-attributes>
			<resources>
				<resource>
					<resource-name>Bronze Construction Sheeting</resource-name>
					<resource-skill>Fitting</resource-skill>
					<resource-units>100</resource-units>
					<resource-min amount="3">1</resource-min>
					<resource-opt amount="2">201</resource-opt>
				</resource>
				<resource>
					<resource-name>Cedar Construction Timber</resource-name>
					<resource-skill>Carpentry</resource-skill>
					<resource-units>75</resource-units>
					<resource-min amount="3">1</resource-min>
					<resource-opt amount="2">201</resource-opt>
				</resource>
				<resource>
					<resource-name>Iron Construction Sheeting</resource-name>
					<resource-skill>Fitting</resource-skill>
					<resource-units>100</resource-units>
					<resource-min amount="3">200</resource-min>
					<resource-opt amount="2">400</resource-opt>
				</resource>
				<resource>
					<resource-name>Sandstone Construction Block</resource-name>
					<resource-skill>Masonry</resource-skill>
					<resource-units>250</resource-units>
					<resource-min amount="3">1</resource-min>
					<resource-opt amount="2">201</resource-opt>
				</resource>
				<resource>
					<resource-name>Sandstone Construction Keystones</resource-name>
					<resource-skill>Masonry</resource-skill>
					<resource-units>200</resource-units>
					<resource-min amount="3">100</resource-min>
					<resource-opt amount="2">300</resource-opt>
				</resource>
				<resource>
					<resource-name>Slate Construction Block</resource-name>
					<resource-skill>Masonry</resource-skill>
					<resource-units>75</resource-units>
					<resource-min amount="3">200</resource-min>
					<resource-opt amount="2">400</resource-opt>
				</resource>
			</resources>
		</tier>
		<tier>
			<tier-name>Dwarven Large House</tier-name>
			<tier-lvl name="Large">2</tier-lvl>
			<tier-desc>A fairly sizeable two story dwarven house with a furnace.</tier-desc>
			<tier-attributes>
				<tier-attribute type="structurebulk">6600</tier-attribute>
				<tier-attribute type="structurestacks">55</tier-attribute>
			</tier-attributes>
			<resources>
				<resource>
					<resource-name>Bronze Construction Sheeting</resource-name>
					<resource-skill>Fitting</resource-skill>
					<resource-units>75</resource-units>
					<resource-min amount="3">1</resource-min>
					<resource-opt amount="2">201</resource-opt>
				</resource>
				<resource>
					<resource-name>Elm Construction Timber</resource-name>
					<resource-skill>Carpentry</resource-skill>
					<resource-units>75</resource-units>
					<resource-min amount="3">200</resource-min>
					<resource-opt amount="2">400</resource-opt>
				</resource>
				<resource>
					<resource-name>Granite Construction Block</resource-name>
					<resource-skill>Masonry</resource-skill>
					<resource-units>100</resource-units>
					<resource-min amount="3">400</resource-min>
					<resource-opt amount="2">600</resource-opt>
				</resource>
				<resource>
					<resource-name>Iron Construction Sheeting</resource-name>
					<resource-skill>Fitting</resource-skill>
					<resource-units>125</resource-units>
					<resource-min amount="3">200</resource-min>
					<resource-opt amount="2">400</resource-opt>
				</resource>
				<resource>
					<resource-name>Sandstone Construction Block</resource-name>
					<resource-skill>Masonry</resource-skill>
					<resource-units>350</resource-units>
					<resource-min amount="3">1</resource-min>
					<resource-opt amount="2">201</resource-opt>
				</resource>
				<resource>
					<resource-name>Sandstone Construction Keystones</resource-name>
					<resource-skill>Masonry</resource-skill>
					<resource-units>300</resource-units>
					<resource-min amount="3">100</resource-min>
					<resource-opt amount="2">300</resource-opt>
				</resource>
				<resource>
					<resource-name>Slate Construction Block</resource-name>
					<resource-skill>Masonry</resource-skill>
					<resource-units>300</resource-units>
					<resource-min amount="3">200</resource-min>
					<resource-opt amount="2">400</resource-opt>
				</resource>
			</resources>
		</tier>
	</item>
	<item>
		<item-name>Dwarven Shop</item-name>
		<item-icon>Internal_shop_dwarven.png</item-icon>
		<tier>
			<tier-name>Dwarven Medium Shop</tier-name>
			<tier-lvl name="Medium">1</tier-lvl>
			<tier-desc>A reasonably sized dwarven structure containing a pawn broker and a consignment vendor</tier-desc>
			<tier-attributes>
				<tier-attribute type="structurenpc">Player Structure: Consignment</tier-attribute>
				<tier-attribute type="structurenpc">Player Structure: Pawn Broker</tier-attribute>
			</tier-attributes>
			<resources>
				<resource>
					<resource-name>Bronze Construction Sheeting</resource-name>
					<resource-skill>Fitting</resource-skill>
					<resource-units>100</resource-units>
					<resource-min amount="3">1</resource-min>
					<resource-opt amount="2">201</resource-opt>
				</resource>
				<resource>
					<resource-name>Cedar Construction Timber</resource-name>
					<resource-skill>Carpentry</resource-skill>
					<resource-units>100</resource-units>
					<resource-min amount="3">1</resource-min>
					<resource-opt amount="2">201</resource-opt>
				</resource>
				<resource>
					<resource-name>Iron Construction Sheeting</resource-name>
					<resource-skill>Fitting</resource-skill>
					<resource-units>225</resource-units>
					<resource-min amount="3">200</resource-min>
					<resource-opt amount="2">400</resource-opt>
				</resource>
				<resource>
					<resource-name>Kenaf Construction Bolt</resource-name>
					<resource-skill>Weaving</resource-skill>
					<resource-units>75</resource-units>
					<resource-min amount="3">200</resource-min>
					<resource-opt amount="2">400</resource-opt>
				</resource>
				<resource>
					<resource-name>Sandstone Construction Block</resource-name>
					<resource-skill>Masonry</resource-skill>
					<resource-units>300</resource-units>
					<resource-min amount="3">1</resource-min>
					<resource-opt amount="2">201</resource-opt>
				</resource>
				<resource>
					<resource-name>Sandstone Construction Keystones</resource-name>
					<resource-skill>Masonry</resource-skill>
					<resource-units>225</resource-units>
					<resource-min amount="3">100</resource-min>
					<resource-opt amount="2">300</resource-opt>
				</resource>
				<resource>
					<resource-name>Slate Construction Block</resource-name>
					<resource-skill>Masonry</resource-skill>
					<resource-units>50</resource-units>
					<resource-min amount="3">200</resource-min>
					<resource-opt amount="2">400</resource-opt>
				</resource>
			</resources>
		</tier>
	</item>
	<item>
		<item-name>Dwarven Blacksmith Shop</item-name>
		<item-icon>Internal_shop_dwarvenblacksmith.png</item-icon>
		<tier>
			<tier-name>Dwarven Small Blacksmith Shop</tier-name>
			<tier-lvl name="Small">1</tier-lvl>
			<tier-desc>A small stone structure suited for metalworking, this structure includes a smelter and anvil.</tier-desc>
			<tier-attributes>
				<tier-attribute type="structurenpc">Player Craft Trainer: Blacksmith</tier-attribute>
				<tier-attribute type="structuremachine">Smelter</tier-attribute>
				<tier-attribute type="structuremachine">Anvil</tier-attribute>
			</tier-attributes>
			<resources>
				<resource>
					<resource-name>Bronze Construction Sheeting</resource-name>
					<resource-skill>Fitting</resource-skill>
					<resource-units>75</resource-units>
					<resource-min amount="3">1</resource-min>
					<resource-opt amount="2">201</resource-opt>
				</resource>
				<resource>
					<resource-name>Elm Construction Timber</resource-name>
					<resource-skill>Carpentry</resource-skill>
					<resource-units>75</resource-units>
					<resource-min amount="3">200</resource-min>
					<resource-opt amount="2">400</resource-opt>
				</resource>
				<resource>
					<resource-name>Granite Construction Block</resource-name>
					<resource-skill>Masonry</resource-skill>
					<resource-units>185</resource-units>
					<resource-min amount="3">400</resource-min>
					<resource-opt amount="2">600</resource-opt>
				</resource>
				<resource>
					<resource-name>Iron Construction Sheeting</resource-name>
					<resource-skill>Fitting</resource-skill>
					<resource-units>75</resource-units>
					<resource-min amount="3">200</resource-min>
					<resource-opt amount="2">400</resource-opt>
				</resource>
				<resource>
					<resource-name>Sandstone Construction Block</resource-name>
					<resource-skill>Masonry</resource-skill>
					<resource-units>250</resource-units>
					<resource-min amount="3">1</resource-min>
					<resource-opt amount="2">201</resource-opt>
				</resource>
				<resource>
					<resource-name>Sandstone Construction Keystones</resource-name>
					<resource-skill>Masonry</resource-skill>
					<resource-units>250</resource-units>
					<resource-min amount="3">100</resource-min>
					<resource-opt amount="2">300</resource-opt>
				</resource>
				<resource>
					<resource-name>Slate Construction Block</resource-name>
					<resource-skill>Masonry</resource-skill>
					<resource-units>100</resource-units>
					<resource-min amount="3">200</resource-min>
					<resource-opt amount="2">400</resource-opt>
				</resource>
				<resource>
					<resource-name>Steel Construction Sheeting</resource-name>
					<resource-skill>Fitting</resource-skill>
					<resource-units>165</resource-units>
					<resource-min amount="3">400</resource-min>
					<resource-opt amount="2">600</resource-opt>
				</resource>
			</resources>
		</tier>
	</item>
</formulaset>
