<?xml version="1.0" encoding="ISO-8859-1"?>
<formulaset>
	<formulaset-name>Plot - Misc Structures</formulaset-name>
	<formulaset-categories>
		<formulaset-category>Construction</formulaset-category>
	</formulaset-categories>
	<item>
		<item-name>Boulders</item-name>
		<item-icon>Internal_plot_boulders.png</item-icon>
		<tier>
			<tier-name>Boulders, 4 meter</tier-name>
			<tier-lvl name="4 meter">1</tier-lvl>
			<tier-desc/>
			<tier-attributes>
			</tier-attributes>
			<resources>
				<resource>
					<resource-name>Dim Essence Construction Sphere</resource-name>
					<resource-skill>Essence Structuring</resource-skill>
					<resource-units>20</resource-units>
					<resource-min amount="3">1</resource-min>
					<resource-opt amount="2">201</resource-opt>
				</resource>
				<resource>
					<resource-name>Flax Construction Bolt</resource-name>
					<resource-skill>Weaving</resource-skill>
					<resource-units>6</resource-units>
					<resource-min amount="3">1</resource-min>
					<resource-opt amount="2">201</resource-opt>
				</resource>
			</resources>
		</tier>
		<tier>
			<tier-name>Boulders, 6 meter</tier-name>
			<tier-lvl name="6 meter">1</tier-lvl>
			<tier-desc/>
			<tier-attributes>
			</tier-attributes>
			<resources>
				<resource>
					<resource-name>Dim Essence Construction Sphere</resource-name>
					<resource-skill>Essence Structuring</resource-skill>
					<resource-units>30</resource-units>
					<resource-min amount="3">1</resource-min>
					<resource-opt amount="2">201</resource-opt>
				</resource>
				<resource>
					<resource-name>Flax Construction Bolt</resource-name>
					<resource-skill>Weaving</resource-skill>
					<resource-units>10</resource-units>
					<resource-min amount="3">1</resource-min>
					<resource-opt amount="2">201</resource-opt>
				</resource>
			</resources>
		</tier>
		<tier>
			<tier-name>Boulders, 10 meter</tier-name>
			<tier-lvl name="10 meter">1</tier-lvl>
			<tier-desc/>
			<tier-attributes>
			</tier-attributes>
			<resources>
				<resource>
					<resource-name>Dim Essence Construction Sphere</resource-name>
					<resource-skill>Essence Structuring</resource-skill>
					<resource-units>45</resource-units>
					<resource-min amount="3">1</resource-min>
					<resource-opt amount="2">201</resource-opt>
				</resource>
				<resource>
					<resource-name>Flax Construction Bolt</resource-name>
					<resource-skill>Weaving</resource-skill>
					<resource-units>15</resource-units>
					<resource-min amount="3">1</resource-min>
					<resource-opt amount="2">201</resource-opt>
				</resource>
			</resources>
		</tier>
	</item>
	<item>
		<item-name>Cloth Tent</item-name>
		<item-icon>Internal_plot_tent.png</item-icon>
		<tier>
			<tier-name>Cloth Tent, blue</tier-name>
			<tier-lvl name="blue">1</tier-lvl>
			<tier-desc>A single tent made of blue cloth.  A flap hangs over the door, providing a measure of privacy.</tier-desc>
			<tier-attributes>
				<tier-attribute type="structurebulk">1200</tier-attribute>
				<tier-attribute type="structurestacks">10</tier-attribute>
			</tier-attributes>
			<resources>
				<resource>
					<resource-name>Cedar Construction Timber</resource-name>
					<resource-skill>Carpentry</resource-skill>
					<resource-units>5</resource-units>
					<resource-min amount="3">1</resource-min>
					<resource-opt amount="2">201</resource-opt>
				</resource>
				<resource>
					<resource-name>Flax Construction Bolt</resource-name>
					<resource-skill>Weaving</resource-skill>
					<resource-units>25</resource-units>
					<resource-min amount="3">1</resource-min>
					<resource-opt amount="2">201</resource-opt>
				</resource>
			</resources>
		</tier>
		<tier>
			<tier-name>Cloth Tent, brown</tier-name>
			<tier-lvl name="brown">1</tier-lvl>
			<tier-desc>A brown tarp tent.  A flap hangs over the door, providing a measure of privacy.</tier-desc>
			<tier-attributes>
				<tier-attribute type="structurebulk">1200</tier-attribute>
				<tier-attribute type="structurestacks">10</tier-attribute>
			</tier-attributes>
			<resources>
				<resource>
					<resource-name>Cedar Construction Timber</resource-name>
					<resource-skill>Carpentry</resource-skill>
					<resource-units>5</resource-units>
					<resource-min amount="3">1</resource-min>
					<resource-opt amount="2">201</resource-opt>
				</resource>
				<resource>
					<resource-name>Flax Construction Bolt</resource-name>
					<resource-skill>Weaving</resource-skill>
					<resource-units>25</resource-units>
					<resource-min amount="3">1</resource-min>
					<resource-opt amount="2">201</resource-opt>
				</resource>
			</resources>
		</tier>
	</item>
	<item>
		<item-name>Fountain</item-name>
		<item-icon>Internal_plot_fountain.png</item-icon>
		<tier>
			<tier-name>Fountain, small</tier-name>
			<tier-lvl name="Small">1</tier-lvl>
			<tier-desc>A small round fountain made of stone</tier-desc>
			<tier-attributes>
			</tier-attributes>
			<resources>
				<resource>
					<resource-name>Cedar Construction Timber</resource-name>
					<resource-skill>Carpentry</resource-skill>
					<resource-units>100</resource-units>
					<resource-min amount="3">1</resource-min>
					<resource-opt amount="2">201</resource-opt>
				</resource>
				<resource>
					<resource-name>Dim Essence Construction Sphere</resource-name>
					<resource-skill>Essence Structuring</resource-skill>
					<resource-units>50</resource-units>
					<resource-min amount="3">1</resource-min>
					<resource-opt amount="2">201</resource-opt>
				</resource>
				<resource>
					<resource-name>Flax Construction Bolt</resource-name>
					<resource-skill>Weaving</resource-skill>
					<resource-units>35</resource-units>
					<resource-min amount="3">1</resource-min>
					<resource-opt amount="2">201</resource-opt>
				</resource>
				<resource>
					<resource-name>Pale Essence Construction Sphere</resource-name>
					<resource-skill>Essence Structuring</resource-skill>
					<resource-units>50</resource-units>
					<resource-min amount="3">200</resource-min>
					<resource-opt amount="2">400</resource-opt>
				</resource>
				<resource>
					<resource-name>Sandstone Construction Block</resource-name>
					<resource-skill>Masonry</resource-skill>
					<resource-units>200</resource-units>
					<resource-min amount="3">1</resource-min>
					<resource-opt amount="2">201</resource-opt>
				</resource>
				<resource>
					<resource-name>Sandstone Construction Keystones</resource-name>
					<resource-skill>Masonry</resource-skill>
					<resource-units>100</resource-units>
					<resource-min amount="3">100</resource-min>
					<resource-opt amount="2">300</resource-opt>
				</resource>
			</resources>
		</tier>
		<tier>
			<tier-name>Fountain, large</tier-name>
			<tier-lvl name="Large">1</tier-lvl>
			<tier-desc/>
			<tier-attributes>
			</tier-attributes>
			<resources>
				<resource>
					<resource-name>Cedar Construction Timber</resource-name>
					<resource-skill>Carpentry</resource-skill>
					<resource-units>150</resource-units>
					<resource-min amount="3">1</resource-min>
					<resource-opt amount="2">201</resource-opt>
				</resource>
				<resource>
					<resource-name>Dim Essence Construction Sphere</resource-name>
					<resource-skill>Essence Structuring</resource-skill>
					<resource-units>75</resource-units>
					<resource-min amount="3">1</resource-min>
					<resource-opt amount="2">201</resource-opt>
				</resource>
				<resource>
					<resource-name>Flax Construction Bolt</resource-name>
					<resource-skill>Weaving</resource-skill>
					<resource-units>75</resource-units>
					<resource-min amount="3">1</resource-min>
					<resource-opt amount="2">201</resource-opt>
				</resource>
				<resource>
					<resource-name>Pale Essence Construction Sphere</resource-name>
					<resource-skill>Essence Structuring</resource-skill>
					<resource-units>75</resource-units>
					<resource-min amount="3">200</resource-min>
					<resource-opt amount="2">400</resource-opt>
				</resource>
				<resource>
					<resource-name>Sandstone Construction Block</resource-name>
					<resource-skill>Masonry</resource-skill>
					<resource-units>300</resource-units>
					<resource-min amount="3">1</resource-min>
					<resource-opt amount="2">201</resource-opt>
				</resource>
				<resource>
					<resource-name>Sandstone Construction Keystones</resource-name>
					<resource-skill>Masonry</resource-skill>
					<resource-units>200</resource-units>
					<resource-min amount="3">100</resource-min>
					<resource-opt amount="2">300</resource-opt>
				</resource>
			</resources>
		</tier>
	</item>
	<item>
		<item-name>Gazebo</item-name>
		<item-icon>Internal_plot_gazebo.png</item-icon>
		<tier>
			<tier-name>Gazebo, small</tier-name>
			<tier-lvl name="Small">1</tier-lvl>
			<tier-desc>A small square gazebo suitable for hosting small gatherings</tier-desc>
			<tier-attributes>
			</tier-attributes>
			<resources>
				<resource>
					<resource-name>Cedar Construction Timber</resource-name>
					<resource-skill>Carpentry</resource-skill>
					<resource-units>100</resource-units>
					<resource-min amount="3">1</resource-min>
					<resource-opt amount="2">201</resource-opt>
				</resource>
				<resource>
					<resource-name>Dim Essence Construction Sphere</resource-name>
					<resource-skill>Essence Structuring</resource-skill>
					<resource-units>50</resource-units>
					<resource-min amount="3">1</resource-min>
					<resource-opt amount="2">201</resource-opt>
				</resource>
				<resource>
					<resource-name>Flax Construction Bolt</resource-name>
					<resource-skill>Weaving</resource-skill>
					<resource-units>35</resource-units>
					<resource-min amount="3">1</resource-min>
					<resource-opt amount="2">201</resource-opt>
				</resource>
				<resource>
					<resource-name>Pale Essence Construction Sphere</resource-name>
					<resource-skill>Essence Structuring</resource-skill>
					<resource-units>50</resource-units>
					<resource-min amount="3">200</resource-min>
					<resource-opt amount="2">400</resource-opt>
				</resource>
				<resource>
					<resource-name>Sandstone Construction Block</resource-name>
					<resource-skill>Masonry</resource-skill>
					<resource-units>200</resource-units>
					<resource-min amount="3">1</resource-min>
					<resource-opt amount="2">201</resource-opt>
				</resource>
				<resource>
					<resource-name>Sandstone Construction Keystones</resource-name>
					<resource-skill>Masonry</resource-skill>
					<resource-units>125</resource-units>
					<resource-min amount="3">100</resource-min>
					<resource-opt amount="2">300</resource-opt>
				</resource>
			</resources>
		</tier>
		<tier>
			<tier-name>Gazebo, large</tier-name>
			<tier-lvl name="Large">1</tier-lvl>
			<tier-desc>A large octagonal gazebo, suitable for small meetings and such</tier-desc>
			<tier-attributes>
			</tier-attributes>
			<resources>
				<resource>
					<resource-name>Cedar Construction Timber</resource-name>
					<resource-skill>Carpentry</resource-skill>
					<resource-units>50</resource-units>
					<resource-min amount="3">1</resource-min>
					<resource-opt amount="2">201</resource-opt>
				</resource>
				<resource>
					<resource-name>Elm Construction Timber</resource-name>
					<resource-skill>Carpentry</resource-skill>
					<resource-units>50</resource-units>
					<resource-min amount="3">200</resource-min>
					<resource-opt amount="2">400</resource-opt>
				</resource>
				<resource>
					<resource-name>Kenaf Construction Bolt</resource-name>
					<resource-skill>Weaving</resource-skill>
					<resource-units>65</resource-units>
					<resource-min amount="3">200</resource-min>
					<resource-opt amount="2">400</resource-opt>
				</resource>
				<resource>
					<resource-name>Pale Essence Construction Sphere</resource-name>
					<resource-skill>Essence Structuring</resource-skill>
					<resource-units>125</resource-units>
					<resource-min amount="3">200</resource-min>
					<resource-opt amount="2">400</resource-opt>
				</resource>
				<resource>
					<resource-name>Sandstone Construction Keystones</resource-name>
					<resource-skill>Masonry</resource-skill>
					<resource-units>250</resource-units>
					<resource-min amount="3">100</resource-min>
					<resource-opt amount="2">300</resource-opt>
				</resource>
				<resource>
					<resource-name>Slate Construction Block</resource-name>
					<resource-skill>Masonry</resource-skill>
					<resource-units>200</resource-units>
					<resource-min amount="3">200</resource-min>
					<resource-opt amount="2">400</resource-opt>
				</resource>
			</resources>
		</tier>
	</item>
	<item>
		<item-name>Split Log Fence</item-name>
		<item-icon>Internal_plot_fence.png</item-icon>
		<tier>
			<tier-name>Split Log Fence, 3 meter</tier-name>
			<tier-lvl name="3 meter">1</tier-lvl>
			<tier-desc/>
			<tier-attributes>
			</tier-attributes>
			<resources>
				<resource>
					<resource-name>Cedar Construction Timber</resource-name>
					<resource-skill>Carpentry</resource-skill>
					<resource-units>3</resource-units>
					<resource-min amount="3">1</resource-min>
					<resource-opt amount="2">201</resource-opt>
				</resource>
			</resources>
		</tier>
		<tier>
			<tier-name>Split Log Fence, 6 meter</tier-name>
			<tier-lvl name="6 meter">1</tier-lvl>
			<tier-desc/>
			<tier-attributes>
			</tier-attributes>
			<resources>
				<resource>
					<resource-name>Cedar Construction Timber</resource-name>
					<resource-skill>Carpentry</resource-skill>
					<resource-units>6</resource-units>
					<resource-min amount="3">1</resource-min>
					<resource-opt amount="2">201</resource-opt>
				</resource>
			</resources>
		</tier>
	</item>
	<item>
		<item-name>Storage Silo</item-name>
		<item-icon>Internal_plot_silo.png</item-icon>
		<tier>
			<tier-name>Storage Silo</tier-name>
			<tier-lvl name="Standard">1</tier-lvl>
			<tier-desc>A storage silo, suitable for the keeping of resources</tier-desc>
			<tier-attributes>
				<tier-attribute type="structurebulk">20000</tier-attribute>
				<tier-attribute type="structurestacks">1</tier-attribute>
			</tier-attributes>
			<resources>
				<resource>
					<resource-name>Bronze Construction Sheeting</resource-name>
					<resource-skill>Fitting</resource-skill>
					<resource-units>200</resource-units>
					<resource-min amount="3">1</resource-min>
					<resource-opt amount="2">201</resource-opt>
				</resource>
				<resource>
					<resource-name>Cedar Construction Timber</resource-name>
					<resource-skill>Carpentry</resource-skill>
					<resource-units>200</resource-units>
					<resource-min amount="3">1</resource-min>
					<resource-opt amount="2">201</resource-opt>
				</resource>
				<resource>
					<resource-name>Sandstone Construction Block</resource-name>
					<resource-skill>Masonry</resource-skill>
					<resource-units>75</resource-units>
					<resource-min amount="3">1</resource-min>
					<resource-opt amount="2">201</resource-opt>
				</resource>
				<resource>
					<resource-name>Sandstone Construction Keystones</resource-name>
					<resource-skill>Masonry</resource-skill>
					<resource-units>75</resource-units>
					<resource-min amount="3">100</resource-min>
					<resource-opt amount="2">300</resource-opt>
				</resource>
			</resources>
		</tier>
	</item>
	<item>
		<item-name>Wooden Archway with Ivy</item-name>
		<item-icon>Internal_plot_archway.png</item-icon>
		<tier>
			<tier-name>Wooden Archway with Ivy</tier-name>
			<tier-lvl name="Normal">1</tier-lvl>
			<tier-desc>A wooden trellis with ivy hanging from it</tier-desc>
			<tier-attributes>
			</tier-attributes>
			<resources>
				<resource>
					<resource-name>Cedar Construction Timber</resource-name>
					<resource-skill>Carpentry</resource-skill>
					<resource-units>25</resource-units>
					<resource-min amount="3">1</resource-min>
					<resource-opt amount="2">201</resource-opt>
				</resource>
				<resource>
					<resource-name>Elm Construction Timber</resource-name>
					<resource-skill>Carpentry</resource-skill>
					<resource-units>25</resource-units>
					<resource-min amount="3">200</resource-min>
					<resource-opt amount="2">400</resource-opt>
				</resource>
				<resource>
					<resource-name>Oak Construction Timber</resource-name>
					<resource-skill>Carpentry</resource-skill>
					<resource-units>25</resource-units>
					<resource-min amount="3">400</resource-min>
					<resource-opt amount="2">600</resource-opt>
				</resource>
				<resource>
					<resource-name>Pale Essence Construction Sphere</resource-name>
					<resource-skill>Essence Structuring</resource-skill>
					<resource-units>50</resource-units>
					<resource-min amount="3">200</resource-min>
					<resource-opt amount="2">400</resource-opt>
				</resource>
			</resources>
		</tier>
		<tier>
			<tier-name>Wooden Large Archway with Ivy</tier-name>
			<tier-lvl name="Large">1</tier-lvl>
			<tier-desc/>
			<tier-attributes>
			</tier-attributes>
			<resources>
				<resource>
					<resource-name>Cedar Construction Timber</resource-name>
					<resource-skill>Carpentry</resource-skill>
					<resource-units>50</resource-units>
					<resource-min amount="3">1</resource-min>
					<resource-opt amount="2">201</resource-opt>
				</resource>
				<resource>
					<resource-name>Elm Construction Timber</resource-name>
					<resource-skill>Carpentry</resource-skill>
					<resource-units>50</resource-units>
					<resource-min amount="3">200</resource-min>
					<resource-opt amount="2">400</resource-opt>
				</resource>
				<resource>
					<resource-name>Oak Construction Timber</resource-name>
					<resource-skill>Carpentry</resource-skill>
					<resource-units>50</resource-units>
					<resource-min amount="3">400</resource-min>
					<resource-opt amount="2">600</resource-opt>
				</resource>
				<resource>
					<resource-name>Pale Essence Construction Sphere</resource-name>
					<resource-skill>Essence Structuring</resource-skill>
					<resource-units>75</resource-units>
					<resource-min amount="3">200</resource-min>
					<resource-opt amount="2">400</resource-opt>
				</resource>
			</resources>
		</tier>
	</item>
	<item>
		<item-name>Banner</item-name>
		<item-category>Construction</item-category>
		<item-formulaset>Banner</item-formulaset>
		<item-icon>Internal_plot_banner.tif</item-icon>
		<tier>
			<tier-name>Banner</tier-name>
			<tier-lvl name="Standard">1</tier-lvl>
			<tier-desc>Black and White Trimmed, Blue and Black With Crown, Blue and Yellow Diagonal, Blue with Stars, Gold and Blue, Gold and Red, Gold and White, Purple with Crest, Red and Green with Knot</tier-desc>
			<tier-attributes>
			</tier-attributes>
			<resources>
				<resource>
					<resource-name>Slate Brick</resource-name>
					<resource-skill>Ingenuity</resource-skill>
					<resource-units>8</resource-units>
					<resource-min amount="1">0</resource-min>
					<resource-opt amount="1">0</resource-opt>
				</resource>
				<resource>
					<resource-name>Elm Banner Staff</resource-name>
					<resource-skill>Ingenuity</resource-skill>
					<resource-units>2</resource-units>
					<resource-min amount="1">0</resource-min>
					<resource-opt amount="1">0</resource-opt>
				</resource>
				<resource>
					<resource-name>Kenaf Banner Flag</resource-name>
					<resource-skill>Ingenuity</resource-skill>
					<resource-units>1</resource-units>
					<resource-min amount="1">0</resource-min>
					<resource-opt amount="1">0</resource-opt>
				</resource>
			</resources>
		</tier>
	</item>
</formulaset>
