<?xml version="1.0" encoding="ISO-8859-1"?>
<formulaset>
	<formulaset-name>Plot - Fall Harvest Decorations</formulaset-name>
	<formulaset-categories>
		<formulaset-category>Construction</formulaset-category>
	</formulaset-categories>
	<item>
		<item-name>Scarecrow</item-name>
		<item-icon>Internal_fall_scarecrow.png</item-icon>
		<tier>
			<tier-name>Fall Harvest Decoration: Scarecrow</tier-name>
			<tier-lvl name="Standard">1</tier-lvl>
			<tier-desc/>
			<tier-attributes>
			</tier-attributes>
			<resources>
				<resource>
					<resource-name>Flax Spool</resource-name>
					<resource-skill>Ingenuity</resource-skill>
					<resource-units>25</resource-units>
					<resource-min amount="1">1</resource-min>
					<resource-opt amount="1">1</resource-opt>
				</resource>
				<resource>
					<resource-name>Wheat</resource-name>
					<resource-skill>Ingenuity</resource-skill>
					<resource-units>25</resource-units>
					<resource-min amount="1">1</resource-min>
					<resource-opt amount="1">1</resource-opt>
				</resource>
			</resources>
		</tier>
	</item>
	<item>
		<item-name>Hay Stack</item-name>
		<item-icon>Internal_fall_haystack.tif</item-icon>
		<tier>
			<tier-name>Fall Harvest Decoration: Hay Stack</tier-name>
			<tier-lvl name="Standard">1</tier-lvl>
			<tier-desc/>
			<tier-attributes>
			</tier-attributes>
			<resources>
				<resource>
					<resource-name>Unspun Flax</resource-name>
					<resource-skill>Ingenuity</resource-skill>
					<resource-units>1</resource-units>
					<resource-min amount="1">0</resource-min>
					<resource-opt amount="1">0</resource-opt>
				</resource>
			</resources>
		</tier>
	</item>
	<item>
		<item-name>Leaf Pile</item-name>
		<item-icon>Internal_lair_leafpile.tif</item-icon>
		<tier>
			<tier-name>Fall Harvest Decoration: Leaf Pile</tier-name>
			<tier-lvl name="Standard">1</tier-lvl>
			<tier-desc/>
			<tier-attributes>
			</tier-attributes>
			<resources>
				<resource>
					<resource-name>Leafy Oastic Sac</resource-name>
					<resource-skill>Ingenuity</resource-skill>
					<resource-units>1</resource-units>
					<resource-min amount="1">0</resource-min>
					<resource-opt amount="1">0</resource-opt>
				</resource>
			</resources>
		</tier>
	</item>
	<item>
		<item-name>Skeleton</item-name>
		<item-icon>Internal_fall_skeleton.png</item-icon>
		<tier>
			<tier-name>Fall Harvest Decoration: Skeleton</tier-name>
			<tier-lvl name="Standard">1</tier-lvl>
			<tier-desc/>
			<tier-attributes>
			</tier-attributes>
			<resources>
				<resource>
					<resource-name>Sand Ogre Jawbone</resource-name>
					<resource-skill>Ingenuity</resource-skill>
					<resource-units>1</resource-units>
					<resource-min amount="1">1</resource-min>
					<resource-opt amount="1">1</resource-opt>
				</resource>
			</resources>
		</tier>
	</item>
	<item>
		<item-name>Skull</item-name>
		<item-icon>Internal_fall_skull.png</item-icon>
		<tier>
			<tier-name>Fall Harvest Decoration: Skull</tier-name>
			<tier-lvl name="Standard">1</tier-lvl>
			<tier-desc/>
			<tier-attributes>
			</tier-attributes>
			<resources>
				<resource>
					<resource-name>Weaker Skeleton Skull</resource-name>
					<resource-skill>Ingenuity</resource-skill>
					<resource-units>1</resource-units>
					<resource-min amount="1">1</resource-min>
					<resource-opt amount="1">1</resource-opt>
				</resource>
			</resources>
		</tier>
	</item>
	<item>
		<item-name>Jack-o-Lantern</item-name>
		<item-icon>Internal_fall_lantern.png</item-icon>
		<tier>
			<tier-name>Fall Harvest Decoration: Tiny Jack-o-Lantern</tier-name>
			<tier-lvl name="Tiny">1</tier-lvl>
			<tier-desc/>
			<tier-attributes>
			</tier-attributes>
			<resources>
				<resource>
					<resource-name>Pumpkin</resource-name>
					<resource-skill>Ingenuity</resource-skill>
					<resource-units>25</resource-units>
					<resource-min amount="1">1</resource-min>
					<resource-opt amount="1">1</resource-opt>
				</resource>
			</resources>
		</tier>
		<tier>
			<tier-name>Fall Harvest Decoration: Small Jack-o-Lantern</tier-name>
			<tier-lvl name="Small">2</tier-lvl>
			<tier-desc/>
			<tier-attributes>
			</tier-attributes>
			<resources>
				<resource>
					<resource-name>Pumpkin</resource-name>
					<resource-skill>Ingenuity</resource-skill>
					<resource-units>50</resource-units>
					<resource-min amount="1">1</resource-min>
					<resource-opt amount="1">1</resource-opt>
				</resource>
			</resources>
		</tier>
		<tier>
			<tier-name>Fall Harvest Decoration: Medium Jack-o-Lantern</tier-name>
			<tier-lvl name="Medium">3</tier-lvl>
			<tier-desc/>
			<tier-attributes>
			</tier-attributes>
			<resources>
				<resource>
					<resource-name>Pumpkin</resource-name>
					<resource-skill>Ingenuity</resource-skill>
					<resource-units>75</resource-units>
					<resource-min amount="1">1</resource-min>
					<resource-opt amount="1">1</resource-opt>
				</resource>
			</resources>
		</tier>
		<tier>
			<tier-name>Fall Harvest Decoration: Large Jack-o-Lantern</tier-name>
			<tier-lvl name="Large">41</tier-lvl>
			<tier-desc/>
			<tier-attributes>
			</tier-attributes>
			<resources>
				<resource>
					<resource-name>Pumpkin</resource-name>
					<resource-skill>Ingenuity</resource-skill>
					<resource-units>100</resource-units>
					<resource-min amount="1">1</resource-min>
					<resource-opt amount="1">1</resource-opt>
				</resource>
			</resources>
		</tier>
	</item>
	<item>
		<item-name>Coffin</item-name>
		<item-icon>Internal_fall_coffin.png</item-icon>
		<tier>
			<tier-name>Fall Harvest Decoration: Small Coffin</tier-name>
			<tier-lvl name="Small">1</tier-lvl>
			<tier-desc/>
			<tier-attributes>
			</tier-attributes>
			<resources>
				<resource>
					<resource-name>Cedar Board</resource-name>
					<resource-skill>Woodworking</resource-skill>
					<resource-units>50</resource-units>
					<resource-min amount="3">1</resource-min>
					<resource-opt amount="2">201</resource-opt>
				</resource>
			</resources>
		</tier>
		<tier>
			<tier-name>Fall Harvest Decoration: Medium Coffin</tier-name>
			<tier-lvl name="Medium">2</tier-lvl>
			<tier-desc/>
			<tier-attributes>
			</tier-attributes>
			<resources>
				<resource>
					<resource-name>Elm Board</resource-name>
					<resource-skill>Woodworking</resource-skill>
					<resource-units>75</resource-units>
					<resource-min amount="3">200</resource-min>
					<resource-opt amount="2">625</resource-opt>
				</resource>
			</resources>
		</tier>
		<tier>
			<tier-name>Fall Harvest Decoration: Large Coffin</tier-name>
			<tier-lvl name="Large">3</tier-lvl>
			<tier-desc/>
			<tier-attributes>
			</tier-attributes>
			<resources>
				<resource>
					<resource-name>Oak Board</resource-name>
					<resource-skill>Woodworking</resource-skill>
					<resource-units>100</resource-units>
					<resource-min amount="3">400</resource-min>
					<resource-opt amount="2">1050</resource-opt>
				</resource>
			</resources>
		</tier>
	</item>
	<item>
		<item-name>Gravestone</item-name>
		<item-icon>Internal_fall_grave.png</item-icon>
		<tier>
			<tier-name>Fall Harvest Decoration: Small Gravestone</tier-name>
			<tier-lvl name="Small">1</tier-lvl>
			<tier-desc/>
			<tier-attributes>
			</tier-attributes>
			<resources>
				<resource>
					<resource-name>Sandstone Brick</resource-name>
					<resource-skill>Stoneworking</resource-skill>
					<resource-units>25</resource-units>
					<resource-min amount="3">1</resource-min>
					<resource-opt amount="2">201</resource-opt>
				</resource>
			</resources>
		</tier>
		<tier>
			<tier-name>Fall Harvest Decoration: Medium Gravestone</tier-name>
			<tier-lvl name="Medium">2</tier-lvl>
			<tier-desc/>
			<tier-attributes>
			</tier-attributes>
			<resources>
				<resource>
					<resource-name>Slate Brick</resource-name>
					<resource-skill>Stoneworking</resource-skill>
					<resource-units>50</resource-units>
					<resource-min amount="3">200</resource-min>
					<resource-opt amount="2">625</resource-opt>
				</resource>
			</resources>
		</tier>
		<tier>
			<tier-name>Fall Harvest Decoration: Tall Gravestone</tier-name>
			<tier-lvl name="Tall">3</tier-lvl>
			<tier-desc/>
			<tier-attributes>
			</tier-attributes>
			<resources>
				<resource>
					<resource-name>Granite Brick</resource-name>
					<resource-skill>Stoneworking</resource-skill>
					<resource-units>75</resource-units>
					<resource-min amount="3">400</resource-min>
					<resource-opt amount="2">1050</resource-opt>
				</resource>
			</resources>
		</tier>
		<tier>
			<tier-name>Fall Harvest Decoration: Large Gravestone</tier-name>
			<tier-lvl name="Large">4</tier-lvl>
			<tier-desc/>
			<tier-attributes>
			</tier-attributes>
			<resources>
				<resource>
					<resource-name>Obsidian Brick</resource-name>
					<resource-skill>Stoneworking</resource-skill>
					<resource-units>100</resource-units>
					<resource-min amount="3">600</resource-min>
					<resource-opt amount="2">1475</resource-opt>
				</resource>
			</resources>
		</tier>
	</item>
	<item>
		<item-name>Overworked Developer</item-name>
		<item-icon>Internal_fall_grave.png</item-icon>
		<tier>
			<tier-name>Here lies Amon Gwareth</tier-name>
			<tier-lvl name="Amon">3</tier-lvl>
			<tier-desc/>
			<tier-attributes>
			</tier-attributes>
			<resources>
				<resource>
					<resource-name>Granite Brick</resource-name>
					<resource-skill>Stoneworking</resource-skill>
					<resource-units>75</resource-units>
					<resource-min amount="3">400</resource-min>
					<resource-opt amount="2">1050</resource-opt>
				</resource>
			</resources>
		</tier>
		<tier>
			<tier-name>Here lies Filthy</tier-name>
			<tier-lvl name="Filthy">3</tier-lvl>
			<tier-desc/>
			<tier-attributes>
			</tier-attributes>
			<resources>
				<resource>
					<resource-name>Granite Brick</resource-name>
					<resource-skill>Stoneworking</resource-skill>
					<resource-units>75</resource-units>
					<resource-min amount="3">400</resource-min>
					<resource-opt amount="2">1050</resource-opt>
				</resource>
			</resources>
		</tier>
	</item>
</formulaset>
