<?xml version="1.0" encoding="ISO-8859-1"?>
<techniqueset format="2.1">
	<techniqueset-name>Primal Flash</techniqueset-name>
	<techniqueset-categories>
		<techniqueset-category>Spell</techniqueset-category>
	</techniqueset-categories>
	<tech>
		<tech-name>Primal Flash</tech-name>
		<tech-icon>icon_technique_02_12_11.png</tech-icon>
		<tech-keywords>
			<tech-keywordset>
				<tech-keyword>spell</tech-keyword>
				<tech-keyword>primal</tech-keyword>
			</tech-keywordset>
			<tech-keywordset>
				<tech-keyword>flashdamage</tech-keyword>
			</tech-keywordset>
			<tech-keywordset>
				<tech-keyword>skill_use_magic_primal</tech-keyword>
			</tech-keywordset>
		</tech-keywords>
		<tech-effectkeywords>
			<tech-effectkeywordset>
				<tech-effectkeyword>spell_mod_damage</tech-effectkeyword>
			</tech-effectkeywordset>
		</tech-effectkeywords>
		<tier>
			<tier-name>Primal Flash</tier-name>
			<tier-origin>Spell: Primal Flash</tier-origin>
			<tier-lvl>1</tier-lvl>
		<tier-desc>Gives a spell a 10% chance of reducing the target's range for melee and spell attacks by 20 for 10 seconds.</tier-desc>
			<tier-skilladjust>30</tier-skilladjust>
			<tier-keywords>
      </tier-keywords>
			<tier-attributes>
				<tier-attribute type="description">-20 range all ranged attacks for 10 seconds (10% chance)</tier-attribute>
			</tier-attributes>
			<components>
				<component amount="3">Pale Essence Orb</component>
				<component amount="1">Splinter of Flame-Bone</component>
			</components>
		</tier>
	</tech>
</techniqueset>
