<?xml version="1.0" encoding="ISO-8859-1"?>
<techniqueset format="2.1">
	<techniqueset-name>Nature Resistance</techniqueset-name>
	<techniqueset-categories>
		<techniqueset-category>Defense</techniqueset-category>
	</techniqueset-categories>
	<tech>
		<tech-name>Nature Resistance</tech-name>
		<tech-icon>icon_technique_06_10_11.png</tech-icon>
		<tech-keywords>
			<tech-keywordset>
				<tech-keyword>armor</tech-keyword>
				<tech-keyword>shield</tech-keyword>
				<tech-keyword>jewelry</tech-keyword>
				<tech-keyword>dragonscale</tech-keyword>
				<tech-keyword>container</tech-keyword>
			</tech-keywordset>
			<tech-keywordset>
				<tech-keyword>bodyslot_chest</tech-keyword>
				<tech-keyword>bodyslot_back</tech-keyword>
				<tech-keyword>bodyslot_face</tech-keyword>
				<tech-keyword>bodyslot_ear</tech-keyword>
				<tech-keyword>bodyslot_legs</tech-keyword>
				<tech-keyword>bodyslot_wrist</tech-keyword>
				<tech-keyword>bodyslot_leftpalm</tech-keyword>
				<tech-keyword>bodyslot_finger</tech-keyword>
				<tech-keyword>dragon_bodyslot_wing</tech-keyword>
				<tech-keyword>dragon_bodyslot_foreleg</tech-keyword>
				<tech-keyword>dragon_bodyslot_hindleg</tech-keyword>
				<tech-keyword>dragon_bodyslot_chest</tech-keyword>
				<tech-keyword>dragon_bodyslot_back</tech-keyword>
				<tech-keyword>dragon_bodyslot_head</tech-keyword>
				<tech-keyword>dragon_bodyslot_tail</tech-keyword>
			</tech-keywordset>
		</tech-keywords>
		<tech-effectkeywords>
			<tech-effectkeywordset>
				<tech-effectkeyword>statmod_natureresist_up</tech-effectkeyword>
			</tech-effectkeywordset>
		</tech-effectkeywords>
		<tier>
			<tier-name>Nature Resistance I</tier-name>
			<tier-origin>Defense: Nature Resistance I</tier-origin>
			<tier-lvl>1</tier-lvl>
			<tier-desc>This technique gives the user the ability to create certain objects with an addtional +8 Nature Resistance defense.</tier-desc>
			<tier-skilladjust>10</tier-skilladjust>
			<tier-keywords>
				<tier-keywordset>
					<tier-keyword>techclass_1</tier-keyword>
				</tier-keywordset>
			</tier-keywords>
			<tier-attributes>
				<tier-attribute type="statBonus">+8 Nature Resistance</tier-attribute>
			</tier-attributes>
			<components> 
				<component amount="4">Dim Essence Orb</component>
				<component amount="1">Sandstone Golem Fragment</component>
			</components>
		</tier>
		<tier>
			<tier-name>Nature Resistance II</tier-name>
			<tier-origin>Defense: Nature Resistance II</tier-origin>
			<tier-lvl>2</tier-lvl>
			<tier-desc>This technique gives the user the ability to create certain objects with an addtional +16 Nature Resistance defense.</tier-desc>
			<tier-skilladjust>20</tier-skilladjust>
			<tier-keywords>
				<tier-keywordset>
					<tier-keyword>techclass_2</tier-keyword>
				</tier-keywordset>
			</tier-keywords>
			<tier-attributes>
				<tier-attribute type="statBonus">+16 Nature Resistance</tier-attribute>
			</tier-attributes>
			<components>
				<component amount="4">Pale Essence Orb</component>
				<component amount="1">Brighter Spider Silk</component>
				<component amount="1">Leafy Oastic Sac</component>
			</components>
		</tier>
		<tier>
			<tier-name>Nature Resistance III</tier-name>
			<tier-origin>Defense: Nature Resistance III</tier-origin>
			<tier-lvl>3</tier-lvl>
			<tier-desc>This technique gives the user the ability to create certain objects with an addtional +24 Nature Resistance defense.</tier-desc>
			<tier-skilladjust>30</tier-skilladjust>
			<tier-keywords>
				<tier-keywordset>
					<tier-keyword>techclass_3</tier-keyword>
				</tier-keywordset>
			</tier-keywords>
			<tier-attributes>
				<tier-attribute type="statBonus">+24 Nature Resistance</tier-attribute>
			</tier-attributes>
			<components>
				<component amount="4">Glowing Essence Orb</component>
				<component amount="1">Desert Wolf Fang</component>
				<component amount="1">Redbacked Tarantula Eye</component>
			</components>
		</tier>
		<tier>
			<tier-name>Nature Resistance IV</tier-name>
			<tier-origin>Defense: Nature Resistance IV</tier-origin>
			<tier-lvl>4</tier-lvl>
			<tier-desc>This technique gives the user the ability to create certain objects with an addtional +32 Nature Resistance defense.</tier-desc>
			<tier-skilladjust>40</tier-skilladjust>
			<tier-keywords>
				<tier-keywordset>
					<tier-keyword>techclass_4</tier-keyword>
				</tier-keywordset>
			</tier-keywords>
			<tier-attributes>
				<tier-attribute type="statBonus">+32 Nature Resistance</tier-attribute>
			</tier-attributes>
			<components>
				<component amount="4">Bright Essence Orb</component>
				<component amount="1">Arbotus Gullet</component>
				<component amount="2">Mighty Aegror Pus Packet</component>
			</components>
		</tier>
		<tier>
			<tier-name>Nature Resistance V</tier-name>
			<tier-origin>Defense: Nature Resistance V</tier-origin>
			<tier-lvl>5</tier-lvl>
			<tier-desc>This technique gives the user the ability to create certain objects with an addtional +40 Nature Resistance defense.</tier-desc>
			<tier-skilladjust>50</tier-skilladjust>
			<tier-keywords>
				<tier-keywordset>
					<tier-keyword>techclass_5</tier-keyword>
				</tier-keywordset>
			</tier-keywords>
			<tier-attributes>
				<tier-attribute type="statBonus">+40 Nature Resistance</tier-attribute>
			</tier-attributes>
			<components>
				<component amount="4">Shining Essence Orb</component>
				<component amount="2">Bloodsnout Gruok Snout</component>
				<component amount="2">Enduring Fyakki Chitin</component>
			</components>
		</tier>
	</tech>
</techniqueset>
