<?xml version="1.0" encoding="ISO-8859-1"?>
<formulaset format="2.1">
	<formulaset-name>Armor</formulaset-name>
	<formulaset-categories>
		<formulaset-category>Epic / Rare</formulaset-category>
	</formulaset-categories>
	<item>
		<item-name>Reklar's Sash of Fury</item-name>
		<item-icon>icon_formula_j_04_04_11.png</item-icon>
		<item-batchqty>1</item-batchqty>
		<item-attributes>
			<item-attribute type="bulk">8</item-attribute>
			<item-attribute type="equipSlot">Waist</item-attribute>
			<item-attribute type="hoardValue">150000</item-attribute>
			<item-attribute type="statBonus">+100 Armor</item-attribute>
			<item-attribute type="statBonus">+35 Unarmed</item-attribute>
			<item-attribute type="statBonus">+30 Strength</item-attribute>
			<item-attribute type="statBonus">+100 Evasion</item-attribute>
			<item-attribute type="reqAdvSkill">Armor Use (1000)</item-attribute>
			<item-attribute type="reqCurrentAdvLevel">Current Adventure Level (100)</item-attribute>
			<item-attribute type="reqAdvSchool">GRDN, CHSW, ELAR, CRSB, SPRD, KNOC, ICED, STMD, BRSK, FLMD, SPRM, RVR, RNGR, CLRC, DRU, SHMN, BTLM, MONK, PLDN, SCT, HLR, WAR</item-attribute>
			<item-attribute type="effectstatBonus">+150 Evasion</item-attribute>
			<item-attribute type="effectstatBonus">+150 Unarmed</item-attribute>
			<item-attribute type="effectduration">0:25</item-attribute>
			<item-attribute type="effect">Reklar's Winds of Fury</item-attribute>
			<item-attribute type="effectchance">5%</item-attribute>
		</item-attributes>
		<item-keywords>
			<item-keyword>armor_belt</item-keyword>
			<item-keyword>tier_6</item-keyword>
			<item-keyword>bodyslot_waist</item-keyword>
			<item-keyword>armortype_leather</item-keyword>
			<item-keyword>armor</item-keyword>
		</item-keywords>
		<tier>
			<tier-name>Reklar's Sash of Fury</tier-name>
			<tier-lvl>6</tier-lvl>
			<tier-desc/>
			<tier-allowedtechniques>-1</tier-allowedtechniques>
			<tier-attributes>
			</tier-attributes>
			<tier-keywords>
			</tier-keywords>
			<resources>
				<resource>
					<resource-name>Reklar's Sash of Fury (Piece 1 of 4)</resource-name>
					<resource-skill>Tailoring</resource-skill>
					<resource-min amount="1">1200</resource-min>
					<resource-opt amount="1">1200</resource-opt>
				</resource>
				<resource>
					<resource-name>Reklar's Sash of Fury (Piece 2 of 4)</resource-name>
					<resource-skill>Tailoring</resource-skill>
					<resource-min amount="1">1200</resource-min>
					<resource-opt amount="1">1200</resource-opt>
				</resource>
				<resource>
					<resource-name>Reklar's Sash of Fury (Piece 3 of 4)</resource-name>
					<resource-skill>Tailoring</resource-skill>
					<resource-min amount="1">1200</resource-min>
					<resource-opt amount="1">1200</resource-opt>
				</resource>
				<resource>
					<resource-name>Reklar's Sash of Fury (Piece 4 of 4)</resource-name>
					<resource-skill>Tailoring</resource-skill>
					<resource-min amount="1">1200</resource-min>
					<resource-opt amount="1">1200</resource-opt>
				</resource>
			</resources>
		</tier>
	</item>
</formulaset>
