<?xml version="1.0" encoding="ISO-8859-1"?>
<formulaset format="2.1">
	<formulaset-name>Jewelry</formulaset-name>
	<formulaset-categories>
		<formulaset-category>Epic / Rare</formulaset-category>
	</formulaset-categories>
	<item>
		<item-name>Scarab Bracelet</item-name>
		<item-icon>icon_formula_j_03_03_11.png</item-icon>
		<item-batchqty>1</item-batchqty>
		<item-attributes>
			<item-attribute type="equipSlot">Wrist</item-attribute>
			<item-attribute type="bulk">1</item-attribute>
			<item-attribute type="hoardValue">210</item-attribute>
			<item-attribute type="reqCurrentSchoolLevel">Current School Level (53)</item-attribute>
			<item-attribute type="reqRace">Human, Dwarf, Fiend, Saris, Elf, Sslik, Half-Giant, Gnome, Satyr, Dryad</item-attribute>
			<item-attribute type="statBonus">+5 Magic Evasion</item-attribute>
			<item-attribute type="statBonus">+5 Armor</item-attribute>
		</item-attributes>
		<item-keywords>
			<item-keyword>techclass_3</item-keyword>
			<item-keyword>techclass_2</item-keyword>
			<item-keyword>techclass_1</item-keyword>
			<item-keyword>statmod_magicdefense_up</item-keyword>
			<item-keyword>jewelry_bracelet</item-keyword>
			<item-keyword>tier_3</item-keyword>
			<item-keyword>statmod_armor_up</item-keyword>
			<item-keyword>bodyslot_wrist</item-keyword>
			<item-keyword>jewelry</item-keyword>
		</item-keywords>
		<tier>
			<tier-name>Scarab Bracelet</tier-name>
			<tier-lvl>3</tier-lvl>
			<tier-allowedtechniques>2</tier-allowedtechniques>
			<tier-attributes>
      </tier-attributes>
			<resources>
				<resource>
					<resource-name>Scarab Leg</resource-name>
					<resource-skill>Jewelcraft</resource-skill>
					<resource-min amount="1">550</resource-min>
					<resource-opt amount="1">700</resource-opt>
				</resource>
				<resource>
					<resource-name>Dabihian Silver Bar</resource-name>
					<resource-skill>Jewelcraft</resource-skill>
					<resource-min amount="10">550</resource-min>
					<resource-opt amount="5">700</resource-opt>
				</resource>
			</resources>
		</tier>
	</item>
	<item>
		<item-name>Scarab Earring</item-name>
		<item-icon>icon_formula_j_03_03_11.png</item-icon>
		<item-batchqty>1</item-batchqty>
		<item-attributes>
			<item-attribute type="equipSlot">Ear</item-attribute>
			<item-attribute type="bulk">1</item-attribute>
			<item-attribute type="hoardValue">168</item-attribute>
			<item-attribute type="reqCurrentSchoolLevel">Current School Level (52)</item-attribute>
			<item-attribute type="reqRace">Human, Dwarf, Fiend, Saris, Elf, Sslik, Half-Giant, Gnome, Satyr, Dryad</item-attribute>
			<item-attribute type="statBonus">+5 Magic Evasion</item-attribute>
			<item-attribute type="statBonus">+5 Armor</item-attribute>
		</item-attributes>
		<item-keywords>
			<item-keyword>techclass_3</item-keyword>
			<item-keyword>techclass_2</item-keyword>
			<item-keyword>techclass_1</item-keyword>
			<item-keyword>statmod_magicdefense_up</item-keyword>
			<item-keyword>jewelry_earring</item-keyword>
			<item-keyword>tier_3</item-keyword>
			<item-keyword>statmod_armor_up</item-keyword>
			<item-keyword>bodyslot_ear</item-keyword>
			<item-keyword>jewelry</item-keyword>
		</item-keywords>
		<tier>
			<tier-name>Scarab Earring</tier-name>
			<tier-lvl>3</tier-lvl>
			<tier-allowedtechniques>2</tier-allowedtechniques>
			<tier-attributes>
      </tier-attributes>
			<resources>
				<resource>
					<resource-name>Scarab Eye</resource-name>
					<resource-skill>Jewelcraft</resource-skill>
					<resource-min amount="1">550</resource-min>
					<resource-opt amount="1">700</resource-opt>
				</resource>
				<resource>
					<resource-name>Dabihian Silver Bar</resource-name>
					<resource-skill>Jewelcraft</resource-skill>
					<resource-min amount="10">550</resource-min>
					<resource-opt amount="5">700</resource-opt>
				</resource>
			</resources>
		</tier>
	</item>
	<item>
		<item-name>Scarab Necklace</item-name>
		<item-icon>icon_formula_j_03_03_11.png</item-icon>
		<item-batchqty>1</item-batchqty>
		<item-attributes>
			<item-attribute type="equipSlot">Neck</item-attribute>
			<item-attribute type="bulk">1</item-attribute>
			<item-attribute type="hoardValue">252</item-attribute>
			<item-attribute type="reqCurrentSchoolLevel">Current School Level (54)</item-attribute>
			<item-attribute type="reqRace">Human, Dwarf, Fiend, Saris, Elf, Sslik, Half-Giant, Gnome, Satyr, Dryad</item-attribute>
			<item-attribute type="statBonus">+8 Magic Evasion</item-attribute>
			<item-attribute type="statBonus">+8 Armor</item-attribute>
		</item-attributes>
		<item-keywords>
			<item-keyword>techclass_3</item-keyword>
			<item-keyword>techclass_2</item-keyword>
			<item-keyword>techclass_1</item-keyword>
			<item-keyword>statmod_magicdefense_up</item-keyword>
			<item-keyword>jewelry_necklace</item-keyword>
			<item-keyword>tier_3</item-keyword>
			<item-keyword>statmod_armor_up</item-keyword>
			<item-keyword>bodyslot_neck</item-keyword>
			<item-keyword>jewelry</item-keyword>
		</item-keywords>
		<tier>
			<tier-name>Scarab Necklace</tier-name>
			<tier-lvl>3</tier-lvl>
			<tier-allowedtechniques>2</tier-allowedtechniques>
			<tier-attributes>
      </tier-attributes>
			<resources>
				<resource>
					<resource-name>Scarab Mandibles</resource-name>
					<resource-skill>Jewelcraft</resource-skill>
					<resource-min amount="1">550</resource-min>
					<resource-opt amount="1">700</resource-opt>
				</resource>
				<resource>
					<resource-name>Dabihian Silver Bar</resource-name>
					<resource-skill>Jewelcraft</resource-skill>
					<resource-min amount="10">550</resource-min>
					<resource-opt amount="5">700</resource-opt>
				</resource>
			</resources>
		</tier>
	</item>
	<item>
		<item-name>Scarab Ring</item-name>
		<item-icon>icon_formula_j_03_03_11.png</item-icon>
		<item-batchqty>1</item-batchqty>
		<item-attributes>
			<item-attribute type="equipSlot">Finger</item-attribute>
			<item-attribute type="bulk">1</item-attribute>
			<item-attribute type="hoardValue">168</item-attribute>
			<item-attribute type="reqCurrentSchoolLevel">Current School Level (51)</item-attribute>
			<item-attribute type="reqRace">Human, Dwarf, Fiend, Saris, Elf, Sslik, Half-Giant, Gnome, Satyr, Dryad</item-attribute>
			<item-attribute type="statBonus">+5 Magic Evasion</item-attribute>
			<item-attribute type="statBonus">+5 Armor</item-attribute>
		</item-attributes>
		<item-keywords>
			<item-keyword>techclass_3</item-keyword>
			<item-keyword>techclass_2</item-keyword>
			<item-keyword>techclass_1</item-keyword>
			<item-keyword>statmod_magicdefense_up</item-keyword>
			<item-keyword>jewelry_ring</item-keyword>
			<item-keyword>tier_3</item-keyword>
			<item-keyword>statmod_armor_up</item-keyword>
			<item-keyword>bodyslot_finger</item-keyword>
			<item-keyword>jewelry</item-keyword>
		</item-keywords>
		<tier>
			<tier-name>Scarab Ring</tier-name>
			<tier-lvl>3</tier-lvl>
			<tier-allowedtechniques>2</tier-allowedtechniques>
			<tier-attributes>
      </tier-attributes>
			<resources>
				<resource>
					<resource-name>Scarab Wing</resource-name>
					<resource-skill>Jewelcraft</resource-skill>
					<resource-min amount="1">550</resource-min>
					<resource-opt amount="1">700</resource-opt>
				</resource>
				<resource>
					<resource-name>Dabihian Silver Bar</resource-name>
					<resource-skill>Jewelcraft</resource-skill>
					<resource-min amount="10">550</resource-min>
					<resource-opt amount="5">700</resource-opt>
				</resource>
			</resources>
		</tier>
	</item>
	<item>
		<item-name>Worn Ashthorn Medallion</item-name>
		<item-icon>icon_formula_j_04_02_11.png</item-icon>
		<item-batchqty>1</item-batchqty>
		<item-attributes>
			<item-attribute type="bulk">1</item-attribute>
			<item-attribute type="equipSlot">Neck</item-attribute>
			<item-attribute type="reqAdvSchool">SPRD, ICED, STMD, FLMD, MONK</item-attribute>
		</item-attributes>
		<item-keywords>
			<item-keyword>quest_reward</item-keyword>
		</item-keywords>
		<tier>
			<tier-name>Worn Ashthorn Medallion</tier-name>
			<tier-lvl>2</tier-lvl>
			<tier-desc/>
			<tier-allowedtechniques>0</tier-allowedtechniques>
			<tier-attributes>
				<tier-attribute type="hoardValue">5000</tier-attribute>
				<tier-attribute type="statBonus">+24 Dexterity</tier-attribute>
				<tier-attribute type="statBonus">+24 Strength</tier-attribute>
				<tier-attribute type="reqAdvSkill">Unarmed (300)</tier-attribute>
				<tier-attribute type="reqCurrentAdvLevel">Current Adventure Level (30)</tier-attribute>
			</tier-attributes>
			<tier-keywords>
			</tier-keywords>
			<resources>
				<resource>
					<resource-name>Rusted Regal Amulet Pieces</resource-name>
					<resource-skill>Jewelcraft</resource-skill>
					<resource-min amount="1">280</resource-min>
					<resource-opt amount="1">280</resource-opt>
				</resource>
				<resource>
					<resource-name>Rusted Regal Amulet Bits</resource-name>
					<resource-skill>Jewelcraft</resource-skill>
					<resource-min amount="1">280</resource-min>
					<resource-opt amount="1">280</resource-opt>
				</resource>
				<resource>
					<resource-name>Lesser Ghost Vapor</resource-name>
					<resource-skill>Jewelcraft</resource-skill>
					<resource-min amount="2">280</resource-min>
					<resource-opt amount="2">280</resource-opt>
				</resource>
				<resource>
					<resource-name>Pale Essence Orb</resource-name>
					<resource-skill>Jewelcraft</resource-skill>
					<resource-min amount="10">380</resource-min>
					<resource-opt amount="3">700</resource-opt>
				</resource>
				<resource>
					<resource-name>Silver Bar</resource-name>
					<resource-skill>Jewelcraft</resource-skill>
					<resource-min amount="5">380</resource-min>
					<resource-opt amount="2">600</resource-opt>
				</resource>
			</resources>
		</tier>
	</item>
	<item>
		<item-name>Priceless Ashthorn Medallion</item-name>
		<item-icon>icon_formula_j_04_02_11.png</item-icon>
		<item-batchqty>1</item-batchqty>
		<item-attributes>
			<item-attribute type="bulk">1</item-attribute>
			<item-attribute type="equipSlot">Neck</item-attribute>
			<item-attribute type="reqAdvSchool">SPRD, ICED, STMD, FLMD, MONK</item-attribute>
		</item-attributes>
		<item-keywords>
			<item-keyword>quest_reward</item-keyword>
		</item-keywords>
		<tier>
			<tier-name>Priceless Ashthorn Medallion</tier-name>
			<tier-lvl>3</tier-lvl>
			<tier-desc/>
			<tier-allowedtechniques>0</tier-allowedtechniques>
			<tier-attributes>
				<tier-attribute type="hoardValue">10000</tier-attribute>
				<tier-attribute type="statBonus">+40 Dexterity</tier-attribute>
				<tier-attribute type="statBonus">+40 Strength</tier-attribute>
				<tier-attribute type="reqAdvSkill">Unarmed (500)</tier-attribute>
				<tier-attribute type="reqCurrentAdvLevel">Current Adventure Level (50)</tier-attribute>
			</tier-attributes>
			<tier-keywords>
			</tier-keywords>
			<resources>
				<resource>
					<resource-name>Mighty Ghost Vapor</resource-name>
					<resource-skill>Jewelcraft</resource-skill>
					<resource-min amount="4">480</resource-min>
					<resource-opt amount="4">480</resource-opt>
				</resource>
				<resource>
					<resource-name>Shattered Regal Amulet Pieces</resource-name>
					<resource-skill>Jewelcraft</resource-skill>
					<resource-min amount="1">480</resource-min>
					<resource-opt amount="1">480</resource-opt>
				</resource>
				<resource>
					<resource-name>Shattered Regal Amulet Bits</resource-name>
					<resource-skill>Jewelcraft</resource-skill>
					<resource-min amount="1">480</resource-min>
					<resource-opt amount="1">480</resource-opt>
				</resource>
				<resource>
					<resource-name>Glowing Essence Orb</resource-name>
					<resource-skill>Jewelcraft</resource-skill>
					<resource-min amount="10">480</resource-min>
					<resource-opt amount="3">800</resource-opt>
				</resource>
				<resource>
					<resource-name>Gold Bar</resource-name>
					<resource-skill>Jewelcraft</resource-skill>
					<resource-min amount="5">480</resource-min>
					<resource-opt amount="2">700</resource-opt>
				</resource>
			</resources>
		</tier>
	</item>
	<item>
		<item-name>Deteriorated Ashthorn Medallion</item-name>
		<item-icon>icon_formula_j_04_02_11.png</item-icon>
		<item-batchqty>1</item-batchqty>
		<item-attributes>
			<item-attribute type="bulk">1</item-attribute>
			<item-attribute type="equipSlot">Neck</item-attribute>
			<item-attribute type="reqAdvSchool">SPRD, ICED, STMD, FLMD, MONK</item-attribute>
		</item-attributes>
		<item-keywords>
			<item-keyword>quest_reward</item-keyword>
		</item-keywords>
		<tier>
			<tier-name>Deteriorated Ashthorn Medallion</tier-name>
			<tier-lvl>1</tier-lvl>
			<tier-desc/>
			<tier-allowedtechniques>0</tier-allowedtechniques>
			<tier-attributes>
				<tier-attribute type="hoardValue">2500</tier-attribute>
				<tier-attribute type="statBonus">+16 Dexterity</tier-attribute>
				<tier-attribute type="statBonus">+16 Strength</tier-attribute>
				<tier-attribute type="reqAdvSkill">Unarmed (200)</tier-attribute>
				<tier-attribute type="reqCurrentAdvLevel">Current Adventure Level (20)</tier-attribute>
			</tier-attributes>
			<tier-keywords>
			</tier-keywords>
			<resources>
				<resource>
					<resource-name>Cracked Regal Amulet Pieces</resource-name>
					<resource-skill>Jewelcraft</resource-skill>
					<resource-min amount="1">180</resource-min>
					<resource-opt amount="1">180</resource-opt>
				</resource>
				<resource>
					<resource-name>Cracked Regal Amulet Bits</resource-name>
					<resource-skill>Jewelcraft</resource-skill>
					<resource-min amount="1">180</resource-min>
					<resource-opt amount="1">180</resource-opt>
				</resource>
				<resource>
					<resource-name>Weaker Ghost Vapor</resource-name>
					<resource-skill>Jewelcraft</resource-skill>
					<resource-min amount="1">180</resource-min>
					<resource-opt amount="1">180</resource-opt>
				</resource>
				<resource>
					<resource-name>Dim Essence Orb</resource-name>
					<resource-skill>Jewelcraft</resource-skill>
					<resource-min amount="10">180</resource-min>
					<resource-opt amount="3">500</resource-opt>
				</resource>
				<resource>
					<resource-name>Bronze Bar</resource-name>
					<resource-skill>Jewelcraft</resource-skill>
					<resource-min amount="5">180</resource-min>
					<resource-opt amount="2">400</resource-opt>
				</resource>
			</resources>
		</tier>
	</item>
	<item>
		<item-name>Exceptional Ashthorn Medallion</item-name>
		<item-icon>icon_formula_j_04_02_11.png</item-icon>
		<item-batchqty>1</item-batchqty>
		<item-attributes>
			<item-attribute type="bulk">1</item-attribute>
			<item-attribute type="equipSlot">Neck</item-attribute>
			<item-attribute type="reqAdvSchool">SPRD, ICED, STMD, FLMD, MONK</item-attribute>
		</item-attributes>
		<item-keywords>
			<item-keyword>quest_reward</item-keyword>
		</item-keywords>
		<tier>
			<tier-name>Exceptional Ashthorn Medallion</tier-name>
			<tier-lvl>2</tier-lvl>
			<tier-desc/>
			<tier-allowedtechniques>0</tier-allowedtechniques>
			<tier-attributes>
				<tier-attribute type="hoardValue">7500</tier-attribute>
				<tier-attribute type="statBonus">+32 Dexterity</tier-attribute>
				<tier-attribute type="statBonus">+32 Strength</tier-attribute>
				<tier-attribute type="reqAdvSkill">Unarmed (400)</tier-attribute>
				<tier-attribute type="reqCurrentAdvLevel">Current Adventure Level (40)</tier-attribute>
			</tier-attributes>
			<tier-keywords>
			</tier-keywords>
			<resources>
				<resource>
					<resource-name>Ruined Regal Amulet Pieces</resource-name>
					<resource-skill>Jewelcraft</resource-skill>
					<resource-min amount="1">380</resource-min>
					<resource-opt amount="1">380</resource-opt>
				</resource>
				<resource>
					<resource-name>Ruined Regal Amulet Bits</resource-name>
					<resource-skill>Jewelcraft</resource-skill>
					<resource-min amount="1">380</resource-min>
					<resource-opt amount="1">380</resource-opt>
				</resource>
				<resource>
					<resource-name>Greater Ghost Vapor</resource-name>
					<resource-skill>Jewelcraft</resource-skill>
					<resource-min amount="3">380</resource-min>
					<resource-opt amount="3">380</resource-opt>
				</resource>
				<resource>
					<resource-name>Pale Essence Orb</resource-name>
					<resource-skill>Jewelcraft</resource-skill>
					<resource-min amount="10">380</resource-min>
					<resource-opt amount="3">700</resource-opt>
				</resource>
				<resource>
					<resource-name>Silver Bar</resource-name>
					<resource-skill>Jewelcraft</resource-skill>
					<resource-min amount="5">380</resource-min>
					<resource-opt amount="2">600</resource-opt>
				</resource>
			</resources>
		</tier>
	</item>
</formulaset>
