<?xml version="1.0" encoding="ISO-8859-1"?>
<formulaset format="2.1">
	<formulaset-name>Regal Weaponry (wood)</formulaset-name>
	<formulaset-categories>
		<formulaset-category>Epic / Rare</formulaset-category>
	</formulaset-categories>
	<item>
		<item-name>Priceless Arthridgel Forest Cudgel</item-name>
		<item-icon>icon_formula_w_bow_02_11.png</item-icon>
		<item-batchqty>1</item-batchqty>
		<item-attributes>
		</item-attributes>
		<item-keywords>
			<item-keyword>weapon</item-keyword>
		</item-keywords>
		<tier>
			<tier-name>Priceless Arthridgel Forest Cudgel</tier-name>
			<tier-lvl>3</tier-lvl>
			<tier-desc>A pristinely kept cudgel that truly must be made from the ancient wood of one of the trees deep within the largest and oldest forests of Istaria that only exists still in legends; the Arthridgel Forest.</tier-desc>
			<tier-allowedtechniques>-1</tier-allowedtechniques>
			<tier-attributes>
				<tier-attribute type="bulk">32</tier-attribute>
				<tier-attribute type="equipSlot">Right Palm</tier-attribute>
				<tier-attribute type="hoardValue">10000</tier-attribute>
				<tier-attribute type="damage">33-39</tier-attribute>
				<tier-attribute type="skill">One Hand Crush</tier-attribute>
				<tier-attribute type="statBonus">+50 Health</tier-attribute>
				<tier-attribute type="statBonus">+20 Power</tier-attribute>
				<tier-attribute type="reqAdvSkill">One Hand Crush (450)</tier-attribute>
				<tier-attribute type="reqCurrentAdvLevel">Current Adventure Level (45)</tier-attribute>
				<tier-attribute type="reqAdvSchool">GRDN, ELAR, CRSB, RNGR, CONJ, CLRC, DRU, SHMN, MONK, SCT, HLR, WAR</tier-attribute>
				<tier-attribute type="effectduration">1:00</tier-attribute>
				<tier-attribute type="effectdelayMod">Modifies delay by -10%</tier-attribute>
				<tier-attribute type="effect">Tranquility of the Grove</tier-attribute>
			</tier-attributes>
			<tier-keywords>
				<tier-keyword>weaponstyle_club</tier-keyword>
				<tier-keyword>weapon_cudgel</tier-keyword>
				<tier-keyword>bodyslot_rightpalm</tier-keyword>
				<tier-keyword>skill_use_onehandcrush</tier-keyword>
			</tier-keywords>
			<resources>
				<resource>
					<resource-name>Shattered Regal Cudgel Pieces</resource-name>
					<resource-skill>Fletching</resource-skill>
					<resource-min amount="1">480</resource-min>
					<resource-opt amount="1">480</resource-opt>
				</resource>
				<resource>
					<resource-name>Shattered Regal Cudgel Bits</resource-name>
					<resource-skill>Fletching</resource-skill>
					<resource-min amount="1">480</resource-min>
					<resource-opt amount="1">480</resource-opt>
				</resource>
				<resource>
					<resource-name>Arbotus Gullet</resource-name>
					<resource-skill>Fletching</resource-skill>
					<resource-min amount="4">480</resource-min>
					<resource-opt amount="4">480</resource-opt>
				</resource>
				<resource>
					<resource-name>Glowing Essence Orb</resource-name>
					<resource-skill>Fletching</resource-skill>
					<resource-min amount="10">380</resource-min>
					<resource-opt amount="3">700</resource-opt>
				</resource>
				<resource>
					<resource-name>Oak Board</resource-name>
					<resource-skill>Fletching</resource-skill>
					<resource-min amount="5">380</resource-min>
					<resource-opt amount="2">600</resource-opt>
				</resource>
			</resources>
		</tier>
	</item>
	<item>
		<item-name>Worn Arthridgel Forest Cudgel</item-name>
		<item-icon>icon_formula_w_bow_02_11.png</item-icon>
		<item-batchqty>1</item-batchqty>
		<item-attributes>
		</item-attributes>
		<item-keywords>
			<item-keyword>weapon</item-keyword>
		</item-keywords>
		<tier>
			<tier-name>Worn Arthridgel Forest Cudgel</tier-name>
			<tier-lvl>2</tier-lvl>
			<tier-desc>An old worn cudgel rumored to be made from the ancient wood of one of the trees deep within the largest and oldest forests of Istaria that only exists still in legends; the Arthridgel Forest.</tier-desc>
			<tier-allowedtechniques>-1</tier-allowedtechniques>
			<tier-attributes>
				<tier-attribute type="bulk">32</tier-attribute>
				<tier-attribute type="equipSlot">Right Palm</tier-attribute>
				<tier-attribute type="hoardValue">5000</tier-attribute>
				<tier-attribute type="damage">20-24</tier-attribute>
				<tier-attribute type="skill">One Hand Crush</tier-attribute>
				<tier-attribute type="statBonus">+30 Health</tier-attribute>
				<tier-attribute type="statBonus">+12 Power</tier-attribute>
				<tier-attribute type="reqAdvSkill">One Hand Crush (250)</tier-attribute>
				<tier-attribute type="reqCurrentAdvLevel">Current Adventure Level (25)</tier-attribute>
				<tier-attribute type="reqAdvSchool">GRDN, ELAR, CRSB, RNGR, CONJ, CLRC, DRU, SHMN, MONK, SCT, HLR, WAR</tier-attribute>
			</tier-attributes>
			<tier-keywords>
				<tier-keyword>weaponstyle_club</tier-keyword>
				<tier-keyword>weapon_cudgel</tier-keyword>
				<tier-keyword>bodyslot_rightpalm</tier-keyword>
				<tier-keyword>skill_use_onehandcrush</tier-keyword>
			</tier-keywords>
			<resources>
				<resource>
					<resource-name>Rotted Regal Cudgel Pieces</resource-name>
					<resource-skill>Fletching</resource-skill>
					<resource-min amount="1">280</resource-min>
					<resource-opt amount="1">280</resource-opt>
				</resource>
				<resource>
					<resource-name>Rotted Regal Cudgel Bits</resource-name>
					<resource-skill>Fletching</resource-skill>
					<resource-min amount="1">280</resource-min>
					<resource-opt amount="1">280</resource-opt>
				</resource>
				<resource>
					<resource-name>Sand Beetle Carapace</resource-name>
					<resource-skill>Fletching</resource-skill>
					<resource-min amount="6">280</resource-min>
					<resource-opt amount="6">280</resource-opt>
				</resource>
				<resource>
					<resource-name>Pale Essence Orb</resource-name>
					<resource-skill>Fletching</resource-skill>
					<resource-min amount="10">280</resource-min>
					<resource-opt amount="3">600</resource-opt>
				</resource>
				<resource>
					<resource-name>Elm Board</resource-name>
					<resource-skill>Fletching</resource-skill>
					<resource-min amount="5">280</resource-min>
					<resource-opt amount="2">500</resource-opt>
				</resource>
			</resources>
		</tier>
	</item>
	<item>
		<item-name>Exceptional Arthridgel Forest Cudgel</item-name>
		<item-icon>icon_formula_w_bow_02_11.png</item-icon>
		<item-batchqty>1</item-batchqty>
		<item-attributes>
		</item-attributes>
		<item-keywords>
			<item-keyword>weapon</item-keyword>
		</item-keywords>
		<tier>
			<tier-name>Exceptional Arthridgel Forest Cudgel</tier-name>
			<tier-lvl>2</tier-lvl>
			<tier-desc>An exceptionally kept cudgel rumored to be made from the ancient wood of one of the trees deep within the largest and oldest forests of Istaria that only exists still in legends; the Arthridgel Forest.</tier-desc>
			<tier-allowedtechniques>-1</tier-allowedtechniques>
			<tier-attributes>
				<tier-attribute type="bulk">32</tier-attribute>
				<tier-attribute type="equipSlot">Right Palm</tier-attribute>
				<tier-attribute type="hoardValue">7500</tier-attribute>
				<tier-attribute type="damage">27-31</tier-attribute>
				<tier-attribute type="skill">One Hand Crush</tier-attribute>
				<tier-attribute type="statBonus">+40 Health</tier-attribute>
				<tier-attribute type="statBonus">+16 Power</tier-attribute>
				<tier-attribute type="reqAdvSkill">One Hand Crush (350)</tier-attribute>
				<tier-attribute type="reqCurrentAdvLevel">Current Adventure Level (35)</tier-attribute>
				<tier-attribute type="reqAdvSchool">GRDN, ELAR, CRSB, RNGR, CONJ, CLRC, DRU, SHMN, MONK, SCT, HLR, WAR</tier-attribute>
			</tier-attributes>
			<tier-keywords>
				<tier-keyword>weaponstyle_club</tier-keyword>
				<tier-keyword>weapon_cudgel</tier-keyword>
				<tier-keyword>bodyslot_rightpalm</tier-keyword>
				<tier-keyword>skill_use_onehandcrush</tier-keyword>
			</tier-keywords>
			<resources>
				<resource>
					<resource-name>Ruined Regal Cudgel Pieces</resource-name>
					<resource-skill>Fletching</resource-skill>
					<resource-min amount="1">380</resource-min>
					<resource-opt amount="1">380</resource-opt>
				</resource>
				<resource>
					<resource-name>Ruined Regal Cudgel Bits</resource-name>
					<resource-skill>Fletching</resource-skill>
					<resource-min amount="1">380</resource-min>
					<resource-opt amount="1">380</resource-opt>
				</resource>
				<resource>
					<resource-name>Arbotus Gullet</resource-name>
					<resource-skill>Fletching</resource-skill>
					<resource-min amount="3">380</resource-min>
					<resource-opt amount="3">380</resource-opt>
				</resource>
				<resource>
					<resource-name>Pale Essence Orb</resource-name>
					<resource-skill>Fletching</resource-skill>
					<resource-min amount="10">280</resource-min>
					<resource-opt amount="3">600</resource-opt>
				</resource>
				<resource>
					<resource-name>Elm Board</resource-name>
					<resource-skill>Fletching</resource-skill>
					<resource-min amount="5">280</resource-min>
					<resource-opt amount="2">500</resource-opt>
				</resource>
			</resources>
		</tier>
	</item>
	<item>
		<item-name>Deteriorated Staff of Ribeth</item-name>
		<item-icon>icon_formula_w_bow_02_11.png</item-icon>
		<item-batchqty>1</item-batchqty>
		<item-attributes>
		</item-attributes>
		<item-keywords>
			<item-keyword>weapon</item-keyword>
		</item-keywords>
		<tier>
			<tier-name>Deteriorated Staff of Ribeth</tier-name>
			<tier-lvl>1</tier-lvl>
			<tier-desc/>
			<tier-allowedtechniques>-1</tier-allowedtechniques>
			<tier-attributes>
				<tier-attribute type="bulk">64</tier-attribute>
				<tier-attribute type="equipSlot">Right Palm</tier-attribute>
				<tier-attribute type="hoardValue">2500</tier-attribute>
				<tier-attribute type="damage">24-28</tier-attribute>
				<tier-attribute type="skill">Two Hand Crush</tier-attribute>
				<tier-attribute type="statBonus">+15 Focus</tier-attribute>
				<tier-attribute type="reqAdvSkill">Two Hand Crush (150)</tier-attribute>
				<tier-attribute type="reqCurrentAdvLevel">Current Adventure Level (15)</tier-attribute>
				<tier-attribute type="reqAdvSchool">GRDN, CHSW, BLDM, SPRD, ICED, STMD, FLMD, CONJ, SORC, CLRC, WIZ, DRU, SHMN, BTLM, MONK, SPRT, MAGE, WAR</tier-attribute>
			</tier-attributes>
			<tier-keywords>
				<tier-keyword>weaponstyle_staff</tier-keyword>
				<tier-keyword>weapon_staff</tier-keyword>
				<tier-keyword>bodyslot_rightpalm</tier-keyword>
				<tier-keyword>skill_use_twohandcrush</tier-keyword>
			</tier-keywords>
			<resources>
				<resource>
					<resource-name>Cracked Regal Staff Bits</resource-name>
					<resource-skill>Fletching</resource-skill>
					<resource-min amount="1">180</resource-min>
					<resource-opt amount="1">180</resource-opt>
				</resource>
				<resource>
					<resource-name>Cracked Regal Staff Pieces</resource-name>
					<resource-skill>Fletching</resource-skill>
					<resource-min amount="1">180</resource-min>
					<resource-opt amount="1">180</resource-opt>
				</resource>
				<resource>
					<resource-name>Ice Beetle Carapace</resource-name>
					<resource-skill>Fletching</resource-skill>
					<resource-min amount="3">180</resource-min>
					<resource-opt amount="3">180</resource-opt>
				</resource>
				<resource>
					<resource-name>Dim Essence Orb</resource-name>
					<resource-skill>Fletching</resource-skill>
					<resource-min amount="10">180</resource-min>
					<resource-opt amount="3">500</resource-opt>
				</resource>
				<resource>
					<resource-name>Cedar Board</resource-name>
					<resource-skill>Fletching</resource-skill>
					<resource-min amount="5">180</resource-min>
					<resource-opt amount="2">400</resource-opt>
				</resource>
			</resources>
		</tier>
	</item>
	<item>
		<item-name>Priceless Baramorian Longbow</item-name>
		<item-icon>icon_formula_w_bow_02_11.png</item-icon>
		<item-batchqty>1</item-batchqty>
		<item-attributes>
		</item-attributes>
		<item-keywords>
			<item-keyword>weapon</item-keyword>
		</item-keywords>
		<tier>
			<tier-name>Priceless Baramorian Longbow</tier-name>
			<tier-lvl>3</tier-lvl>
			<tier-desc>An pristinely kept Longbow that must truly must have been crafted by the Baramorians. Special techniques known only to their tribe have made their bows extremely desired, and sought after. Sadly, none live today to recreate these masterpieces from scratch.</tier-desc>
			<tier-allowedtechniques>-1</tier-allowedtechniques>
			<tier-attributes>
				<tier-attribute type="bulk">64</tier-attribute>
				<tier-attribute type="equipSlot">Left Palm</tier-attribute>
				<tier-attribute type="hoardValue">10000</tier-attribute>
				<tier-attribute type="damage">28-51</tier-attribute>
				<tier-attribute type="skill">Bow</tier-attribute>
				<tier-attribute type="statBonus">+30 Dexterity</tier-attribute>
				<tier-attribute type="reqAdvSkill">Bow (500)</tier-attribute>
				<tier-attribute type="reqCurrentAdvLevel">Current Adventure Level (50)</tier-attribute>
				<tier-attribute type="reqAdvSchool">ELAR, RNGR, SCT</tier-attribute>
			</tier-attributes>
			<tier-keywords>
				<tier-keyword>skill_use_bow</tier-keyword>
				<tier-keyword>longbow</tier-keyword>
				<tier-keyword>weapon_longbow</tier-keyword>
				<tier-keyword>bodyslot_leftpalm</tier-keyword>
				<tier-keyword>weaponstyle_bow</tier-keyword>
			</tier-keywords>
			<resources>
				<resource>
					<resource-name>Shattered Regal Longbow Pieces</resource-name>
					<resource-skill>Fletching</resource-skill>
					<resource-min amount="1">480</resource-min>
					<resource-opt amount="1">480</resource-opt>
				</resource>
				<resource>
					<resource-name>Shattered Regal Longbow Bits</resource-name>
					<resource-skill>Fletching</resource-skill>
					<resource-min amount="1">480</resource-min>
					<resource-opt amount="1">480</resource-opt>
				</resource>
				<resource>
					<resource-name>Greater Ghost Vapor</resource-name>
					<resource-skill>Fletching</resource-skill>
					<resource-min amount="4">480</resource-min>
					<resource-opt amount="4">480</resource-opt>
				</resource>
				<resource>
					<resource-name>Glowing Essence Orb</resource-name>
					<resource-skill>Fletching</resource-skill>
					<resource-min amount="10">380</resource-min>
					<resource-opt amount="3">700</resource-opt>
				</resource>
				<resource>
					<resource-name>Oak Board</resource-name>
					<resource-skill>Fletching</resource-skill>
					<resource-min amount="5">380</resource-min>
					<resource-opt amount="2">600</resource-opt>
				</resource>
			</resources>
		</tier>
	</item>
	<item>
		<item-name>Worn Baramorian Crossbow</item-name>
		<item-icon>icon_formula_w_bow_02_11.png</item-icon>
		<item-batchqty>1</item-batchqty>
		<item-attributes>
		</item-attributes>
		<item-keywords>
			<item-keyword>weapon</item-keyword>
		</item-keywords>
		<tier>
			<tier-name>Worn Baramorian Crossbow</tier-name>
			<tier-lvl>3</tier-lvl>
			<tier-desc>An old worn Crossbow rumored to have been crafted by a tribe of nomads called the Baramorians. Special techniques known only to their tribe have made their bows extremely desired, and sought after. Sadly, none live today to recreate these masterpieces from scratch.</tier-desc>
			<tier-allowedtechniques>-1</tier-allowedtechniques>
			<tier-attributes>
				<tier-attribute type="bulk">32</tier-attribute>
				<tier-attribute type="equipSlot">Right Palm</tier-attribute>
				<tier-attribute type="hoardValue">5000</tier-attribute>
				<tier-attribute type="damage">33-36</tier-attribute>
				<tier-attribute type="skill">Crossbow</tier-attribute>
				<tier-attribute type="statBonus">+12 Crossbow</tier-attribute>
				<tier-attribute type="reqAdvSkill">Crossbow (300)</tier-attribute>
				<tier-attribute type="reqCurrentAdvLevel">Current Adventure Level (30)</tier-attribute>
				<tier-attribute type="reqAdvSchool">ELAR, CRSB, RNGR, SCT, HLR, WAR</tier-attribute>
			</tier-attributes>
			<tier-keywords>
				<tier-keyword>skill_use_crossbow</tier-keyword>
				<tier-keyword>weaponstyle_crossbow</tier-keyword>
				<tier-keyword>bodyslot_leftpalm</tier-keyword>
				<tier-keyword>weapon_crossbow</tier-keyword>
			</tier-keywords>
			<resources>
				<resource>
					<resource-name>Rotted Regal Crossbow Pieces</resource-name>
					<resource-skill>Fletching</resource-skill>
					<resource-min amount="1">280</resource-min>
					<resource-opt amount="1">280</resource-opt>
				</resource>
				<resource>
					<resource-name>Rotted Regal Crossbow Bits</resource-name>
					<resource-skill>Fletching</resource-skill>
					<resource-min amount="1">280</resource-min>
					<resource-opt amount="1">280</resource-opt>
				</resource>
				<resource>
					<resource-name>Weaker Blight Bindings</resource-name>
					<resource-skill>Fletching</resource-skill>
					<resource-min amount="4">480</resource-min>
					<resource-opt amount="4">480</resource-opt>
				</resource>
				<resource>
					<resource-name>Pale Essence Orb</resource-name>
					<resource-skill>Fletching</resource-skill>
					<resource-min amount="10">280</resource-min>
					<resource-opt amount="3">600</resource-opt>
				</resource>
				<resource>
					<resource-name>Elm Board</resource-name>
					<resource-skill>Fletching</resource-skill>
					<resource-min amount="5">280</resource-min>
					<resource-opt amount="2">500</resource-opt>
				</resource>
			</resources>
		</tier>
	</item>
	<item>
		<item-name>Exceptional Baramorian Longbow</item-name>
		<item-icon>icon_formula_w_bow_02_11.png</item-icon>
		<item-batchqty>1</item-batchqty>
		<item-attributes>
		</item-attributes>
		<item-keywords>
			<item-keyword>weapon</item-keyword>
		</item-keywords>
		<tier>
			<tier-name>Exceptional Baramorian Longbow</tier-name>
			<tier-lvl>2</tier-lvl>
			<tier-desc>An exceptionally kept Longbow rumored to have been crafted by a tribe of nomads called the Baramorians. Special techniques known only to their tribe have made their bows extremely desired, and sought after. Sadly, none live today to recreate these masterpieces from scratch.</tier-desc>
			<tier-allowedtechniques>-1</tier-allowedtechniques>
			<tier-attributes>
				<tier-attribute type="bulk">64</tier-attribute>
				<tier-attribute type="equipSlot">Left Palm</tier-attribute>
				<tier-attribute type="hoardValue">7500</tier-attribute>
				<tier-attribute type="damage">24-44</tier-attribute>
				<tier-attribute type="skill">Bow</tier-attribute>
				<tier-attribute type="statBonus">+25 Dexterity</tier-attribute>
				<tier-attribute type="reqAdvSkill">Bow (400)</tier-attribute>
				<tier-attribute type="reqCurrentAdvLevel">Current Adventure Level (40)</tier-attribute>
				<tier-attribute type="reqAdvSchool">ELAR, RNGR, SCT</tier-attribute>
			</tier-attributes>
			<tier-keywords>
				<tier-keyword>skill_use_bow</tier-keyword>
				<tier-keyword>longbow</tier-keyword>
				<tier-keyword>weapon_longbow</tier-keyword>
				<tier-keyword>bodyslot_leftpalm</tier-keyword>
				<tier-keyword>weaponstyle_bow</tier-keyword>
			</tier-keywords>
			<resources>
				<resource>
					<resource-name>Ruined Regal Longbow Pieces</resource-name>
					<resource-skill>Fletching</resource-skill>
					<resource-min amount="1">380</resource-min>
					<resource-opt amount="1">380</resource-opt>
				</resource>
				<resource>
					<resource-name>Ruined Regal Longbow Bits</resource-name>
					<resource-skill>Fletching</resource-skill>
					<resource-min amount="1">380</resource-min>
					<resource-opt amount="1">380</resource-opt>
				</resource>
				<resource>
					<resource-name>Greater Ghost Vapor</resource-name>
					<resource-skill>Fletching</resource-skill>
					<resource-min amount="3">380</resource-min>
					<resource-opt amount="3">380</resource-opt>
				</resource>
				<resource>
					<resource-name>Pale Essence Orb</resource-name>
					<resource-skill>Fletching</resource-skill>
					<resource-min amount="10">280</resource-min>
					<resource-opt amount="3">600</resource-opt>
				</resource>
				<resource>
					<resource-name>Elm Board</resource-name>
					<resource-skill>Fletching</resource-skill>
					<resource-min amount="5">280</resource-min>
					<resource-opt amount="2">500</resource-opt>
				</resource>
			</resources>
		</tier>
	</item>
	<item>
		<item-name>Deteriorated Baramorian Longbow</item-name>
		<item-icon>icon_formula_w_bow_02_11.png</item-icon>
		<item-batchqty>1</item-batchqty>
		<item-attributes>
		</item-attributes>
		<item-keywords>
			<item-keyword>weapon</item-keyword>
		</item-keywords>
		<tier>
			<tier-name>Deteriorated Baramorian Longbow</tier-name>
			<tier-lvl>2</tier-lvl>
			<tier-desc>An old deteriorated Longbow rumored to have been crafted by a tribe of nomads called the Baramorians. Special techniques known only to their tribe have made their bows extremely desired, and sought after. Sadly, none live today to recreate these masterpieces from scratch.</tier-desc>
			<tier-allowedtechniques>-1</tier-allowedtechniques>
			<tier-attributes>
				<tier-attribute type="bulk">64</tier-attribute>
				<tier-attribute type="equipSlot">Left Palm</tier-attribute>
				<tier-attribute type="hoardValue">2500</tier-attribute>
				<tier-attribute type="damage">15-27</tier-attribute>
				<tier-attribute type="skill">Bow</tier-attribute>
				<tier-attribute type="statBonus">+15 Dexterity</tier-attribute>
				<tier-attribute type="reqAdvSkill">Bow (200)</tier-attribute>
				<tier-attribute type="reqCurrentAdvLevel">Current Adventure Level (20)</tier-attribute>
				<tier-attribute type="reqAdvSchool">ELAR, RNGR, SCT</tier-attribute>
			</tier-attributes>
			<tier-keywords>
				<tier-keyword>skill_use_bow</tier-keyword>
				<tier-keyword>longbow</tier-keyword>
				<tier-keyword>weapon_longbow</tier-keyword>
				<tier-keyword>bodyslot_leftpalm</tier-keyword>
				<tier-keyword>weaponstyle_bow</tier-keyword>
			</tier-keywords>
			<resources>
				<resource>
					<resource-name>Cracked Regal Longbow Bits</resource-name>
					<resource-skill>Fletching</resource-skill>
					<resource-min amount="1">180</resource-min>
					<resource-opt amount="1">180</resource-opt>
				</resource>
				<resource>
					<resource-name>Cracked Regal Longbow Pieces</resource-name>
					<resource-skill>Fletching</resource-skill>
					<resource-min amount="1">180</resource-min>
					<resource-opt amount="1">180</resource-opt>
				</resource>
				<resource>
					<resource-name>Greater Ghost Vapor</resource-name>
					<resource-skill>Fletching</resource-skill>
					<resource-min amount="3">380</resource-min>
					<resource-opt amount="3">380</resource-opt>
				</resource>
				<resource>
					<resource-name>Dim Essence Orb</resource-name>
					<resource-skill>Fletching</resource-skill>
					<resource-min amount="10">180</resource-min>
					<resource-opt amount="3">500</resource-opt>
				</resource>
				<resource>
					<resource-name>Cedar Board</resource-name>
					<resource-skill>Fletching</resource-skill>
					<resource-min amount="5">180</resource-min>
					<resource-opt amount="2">400</resource-opt>
				</resource>
			</resources>
		</tier>
	</item>
	<item>
		<item-name>Worn Baramorian Longbow</item-name>
		<item-icon>icon_formula_w_bow_02_11.png</item-icon>
		<item-batchqty>1</item-batchqty>
		<item-attributes>
		</item-attributes>
		<item-keywords>
			<item-keyword>weapon</item-keyword>
		</item-keywords>
		<tier>
			<tier-name>Worn Baramorian Longbow</tier-name>
			<tier-lvl>3</tier-lvl>
			<tier-desc>An old worn Longbow rumored to have been crafted by a tribe of nomads called the Baramorians. Special techniques known only to their tribe have made their bows extremely desired, and sought after. Sadly, none live today to recreate these masterpieces from scratch.</tier-desc>
			<tier-allowedtechniques>-1</tier-allowedtechniques>
			<tier-attributes>
				<tier-attribute type="bulk">64</tier-attribute>
				<tier-attribute type="equipSlot">Left Palm</tier-attribute>
				<tier-attribute type="hoardValue">5000</tier-attribute>
				<tier-attribute type="damage">19-35</tier-attribute>
				<tier-attribute type="skill">Bow</tier-attribute>
				<tier-attribute type="statBonus">+20 Dexterity</tier-attribute>
				<tier-attribute type="reqAdvSkill">Bow (300)</tier-attribute>
				<tier-attribute type="reqCurrentAdvLevel">Current Adventure Level (30)</tier-attribute>
				<tier-attribute type="reqAdvSchool">ELAR, RNGR, SCT</tier-attribute>
			</tier-attributes>
			<tier-keywords>
				<tier-keyword>skill_use_bow</tier-keyword>
				<tier-keyword>longbow</tier-keyword>
				<tier-keyword>weapon_longbow</tier-keyword>
				<tier-keyword>bodyslot_leftpalm</tier-keyword>
				<tier-keyword>weaponstyle_bow</tier-keyword>
			</tier-keywords>
			<resources>
				<resource>
					<resource-name>Rotted Regal Longbow Pieces</resource-name>
					<resource-skill>Fletching</resource-skill>
					<resource-min amount="1">280</resource-min>
					<resource-opt amount="1">280</resource-opt>
				</resource>
				<resource>
					<resource-name>Rotted Regal Longbow Bits</resource-name>
					<resource-skill>Fletching</resource-skill>
					<resource-min amount="1">280</resource-min>
					<resource-opt amount="1">280</resource-opt>
				</resource>
				<resource>
					<resource-name>Greater Ghost Vapor</resource-name>
					<resource-skill>Fletching</resource-skill>
					<resource-min amount="4">480</resource-min>
					<resource-opt amount="4">480</resource-opt>
				</resource>
				<resource>
					<resource-name>Pale Essence Orb</resource-name>
					<resource-skill>Fletching</resource-skill>
					<resource-min amount="10">280</resource-min>
					<resource-opt amount="3">600</resource-opt>
				</resource>
				<resource>
					<resource-name>Elm Board</resource-name>
					<resource-skill>Fletching</resource-skill>
					<resource-min amount="5">280</resource-min>
					<resource-opt amount="2">500</resource-opt>
				</resource>
			</resources>
		</tier>
	</item>
	<item>
		<item-name>Priceless Baramorian Crossbow</item-name>
		<item-icon>icon_formula_w_bow_02_11.png</item-icon>
		<item-batchqty>1</item-batchqty>
		<item-attributes>
		</item-attributes>
		<item-keywords>
			<item-keyword>weapon</item-keyword>
		</item-keywords>
		<tier>
			<tier-name>Priceless Baramorian Crossbow</tier-name>
			<tier-lvl>3</tier-lvl>
			<tier-desc>An pristinely kept Crossbow that must truly be crafted by the Baramorians. Special techniques known only to their tribe have made their bows extremely desired, and sought after. Sadly, none live today to recreate these masterpieces from scratch.</tier-desc>
			<tier-allowedtechniques>-1</tier-allowedtechniques>
			<tier-attributes>
				<tier-attribute type="bulk">32</tier-attribute>
				<tier-attribute type="equipSlot">Right Palm</tier-attribute>
				<tier-attribute type="hoardValue">10000</tier-attribute>
				<tier-attribute type="damage">50-56</tier-attribute>
				<tier-attribute type="skill">Crossbow</tier-attribute>
				<tier-attribute type="statBonus">+20 Crossbow</tier-attribute>
				<tier-attribute type="reqAdvSkill">Crossbow (500)</tier-attribute>
				<tier-attribute type="reqCurrentAdvLevel">Current Adventure Level (50)</tier-attribute>
				<tier-attribute type="reqAdvSchool">ELAR, CRSB, RNGR, SCT, HLR, WAR</tier-attribute>
			</tier-attributes>
			<tier-keywords>
				<tier-keyword>skill_use_crossbow</tier-keyword>
				<tier-keyword>weaponstyle_crossbow</tier-keyword>
				<tier-keyword>bodyslot_leftpalm</tier-keyword>
				<tier-keyword>weapon_crossbow</tier-keyword>
			</tier-keywords>
			<resources>
				<resource>
					<resource-name>Shattered Regal Crossbow Pieces</resource-name>
					<resource-skill>Fletching</resource-skill>
					<resource-min amount="1">480</resource-min>
					<resource-opt amount="1">480</resource-opt>
				</resource>
				<resource>
					<resource-name>Shattered Regal Crossbow Bits</resource-name>
					<resource-skill>Fletching</resource-skill>
					<resource-min amount="1">480</resource-min>
					<resource-opt amount="1">480</resource-opt>
				</resource>
				<resource>
					<resource-name>Weaker Blight Bindings</resource-name>
					<resource-skill>Fletching</resource-skill>
					<resource-min amount="4">480</resource-min>
					<resource-opt amount="4">480</resource-opt>
				</resource>
				<resource>
					<resource-name>Glowing Essence Orb</resource-name>
					<resource-skill>Fletching</resource-skill>
					<resource-min amount="10">380</resource-min>
					<resource-opt amount="3">700</resource-opt>
				</resource>
				<resource>
					<resource-name>Oak Board</resource-name>
					<resource-skill>Fletching</resource-skill>
					<resource-min amount="5">380</resource-min>
					<resource-opt amount="2">600</resource-opt>
				</resource>
			</resources>
		</tier>
	</item>
	<item>
		<item-name>Deteriorated Baramorian Crossbow</item-name>
		<item-icon>icon_formula_w_bow_02_11.png</item-icon>
		<item-batchqty>1</item-batchqty>
		<item-attributes>
		</item-attributes>
		<item-keywords>
			<item-keyword>weapon</item-keyword>
		</item-keywords>
		<tier>
			<tier-name>Deteriorated Baramorian Crossbow</tier-name>
			<tier-lvl>2</tier-lvl>
			<tier-desc>An old deteriorated Crossbow rumored to have been crafted by a tribe of nomads called the Baramorians. Special techniques known only to their tribe have made their bows extremely desired, and sought after. Sadly, none live today to recreate these masterpieces from scratch.</tier-desc>
			<tier-allowedtechniques>-1</tier-allowedtechniques>
			<tier-attributes>
				<tier-attribute type="bulk">32</tier-attribute>
				<tier-attribute type="equipSlot">Right Palm</tier-attribute>
				<tier-attribute type="hoardValue">2500</tier-attribute>
				<tier-attribute type="damage">24-27</tier-attribute>
				<tier-attribute type="skill">Crossbow</tier-attribute>
				<tier-attribute type="statBonus">+8 Crossbow</tier-attribute>
				<tier-attribute type="reqAdvSkill">Crossbow (200)</tier-attribute>
				<tier-attribute type="reqCurrentAdvLevel">Current Adventure Level (20)</tier-attribute>
				<tier-attribute type="reqAdvSchool">ELAR, CRSB, RNGR, SCT, HLR, WAR</tier-attribute>
			</tier-attributes>
			<tier-keywords>
				<tier-keyword>skill_use_crossbow</tier-keyword>
				<tier-keyword>weaponstyle_crossbow</tier-keyword>
				<tier-keyword>bodyslot_leftpalm</tier-keyword>
				<tier-keyword>weapon_crossbow</tier-keyword>
			</tier-keywords>
			<resources>
				<resource>
					<resource-name>Cracked Regal Crossbow Bits</resource-name>
					<resource-skill>Fletching</resource-skill>
					<resource-min amount="1">180</resource-min>
					<resource-opt amount="1">180</resource-opt>
				</resource>
				<resource>
					<resource-name>Cracked Regal Crossbow Pieces</resource-name>
					<resource-skill>Fletching</resource-skill>
					<resource-min amount="1">180</resource-min>
					<resource-opt amount="1">180</resource-opt>
				</resource>
				<resource>
					<resource-name>Weaker Blight Bindings</resource-name>
					<resource-skill>Fletching</resource-skill>
					<resource-min amount="6">380</resource-min>
					<resource-opt amount="6">380</resource-opt>
				</resource>
				<resource>
					<resource-name>Dim Essence Orb</resource-name>
					<resource-skill>Fletching</resource-skill>
					<resource-min amount="10">180</resource-min>
					<resource-opt amount="3">500</resource-opt>
				</resource>
				<resource>
					<resource-name>Cedar Board</resource-name>
					<resource-skill>Fletching</resource-skill>
					<resource-min amount="5">180</resource-min>
					<resource-opt amount="2">400</resource-opt>
				</resource>
			</resources>
		</tier>
	</item>
	<item>
		<item-name>Exceptional Baramorian Crossbow</item-name>
		<item-icon>icon_formula_w_bow_02_11.png</item-icon>
		<item-batchqty>1</item-batchqty>
		<item-attributes>
		</item-attributes>
		<item-keywords>
			<item-keyword>weapon</item-keyword>
		</item-keywords>
		<tier>
			<tier-name>Exceptional Baramorian Crossbow</tier-name>
			<tier-lvl>2</tier-lvl>
			<tier-desc>An exceptionally kept Crossbow rumored to have been crafted by a tribe of nomads called the Baramorians. Special techniques known only to their tribe have made their bows extremely desired, and sought after. Sadly, none live today to recreate these masterpieces from scratch.</tier-desc>
			<tier-allowedtechniques>-1</tier-allowedtechniques>
			<tier-attributes>
				<tier-attribute type="bulk">32</tier-attribute>
				<tier-attribute type="equipSlot">Right Palm</tier-attribute>
				<tier-attribute type="hoardValue">7500</tier-attribute>
				<tier-attribute type="damage">42-47</tier-attribute>
				<tier-attribute type="skill">Crossbow</tier-attribute>
				<tier-attribute type="statBonus">+16 Crossbow</tier-attribute>
				<tier-attribute type="reqAdvSkill">Crossbow (400)</tier-attribute>
				<tier-attribute type="reqCurrentAdvLevel">Current Adventure Level (40)</tier-attribute>
				<tier-attribute type="reqAdvSchool">ELAR, CRSB, RNGR, SCT, HLR, WAR</tier-attribute>
			</tier-attributes>
			<tier-keywords>
				<tier-keyword>skill_use_crossbow</tier-keyword>
				<tier-keyword>weaponstyle_crossbow</tier-keyword>
				<tier-keyword>bodyslot_leftpalm</tier-keyword>
				<tier-keyword>weapon_crossbow</tier-keyword>
			</tier-keywords>
			<resources>
				<resource>
					<resource-name>Ruined Regal Crossbow Pieces</resource-name>
					<resource-skill>Fletching</resource-skill>
					<resource-min amount="1">380</resource-min>
					<resource-opt amount="1">380</resource-opt>
				</resource>
				<resource>
					<resource-name>Ruined Regal Crossbow Bits</resource-name>
					<resource-skill>Fletching</resource-skill>
					<resource-min amount="1">380</resource-min>
					<resource-opt amount="1">380</resource-opt>
				</resource>
				<resource>
					<resource-name>Weaker Blight Bindings</resource-name>
					<resource-skill>Fletching</resource-skill>
					<resource-min amount="6">380</resource-min>
					<resource-opt amount="6">380</resource-opt>
				</resource>
				<resource>
					<resource-name>Pale Essence Orb</resource-name>
					<resource-skill>Fletching</resource-skill>
					<resource-min amount="10">280</resource-min>
					<resource-opt amount="3">600</resource-opt>
				</resource>
				<resource>
					<resource-name>Elm Board</resource-name>
					<resource-skill>Fletching</resource-skill>
					<resource-min amount="5">280</resource-min>
					<resource-opt amount="2">500</resource-opt>
				</resource>
			</resources>
		</tier>
	</item>
	<item>
		<item-name>Deteriorated Arthridgel Forest Cudgel</item-name>
		<item-icon>icon_formula_w_bow_02_11.png</item-icon>
		<item-batchqty>1</item-batchqty>
		<item-attributes>
		</item-attributes>
		<item-keywords>
			<item-keyword>weapon</item-keyword>
		</item-keywords>
		<tier>
			<tier-name>Deteriorated Arthridgel Forest Cudgel</tier-name>
			<tier-lvl>1</tier-lvl>
			<tier-desc>An old deteriorated cudgel rumored to be made from the ancient wood of one of the trees deep within the largest and oldest forests of Istaria that only exists still in legends; the Arthridgel Forest.</tier-desc>
			<tier-allowedtechniques>-1</tier-allowedtechniques>
			<tier-attributes>
				<tier-attribute type="bulk">32</tier-attribute>
				<tier-attribute type="equipSlot">Right Palm</tier-attribute>
				<tier-attribute type="hoardValue">2500</tier-attribute>
				<tier-attribute type="damage">14-16</tier-attribute>
				<tier-attribute type="skill">One Hand Crush</tier-attribute>
				<tier-attribute type="statBonus">+20 Health</tier-attribute>
				<tier-attribute type="statBonus">+8 Power</tier-attribute>
				<tier-attribute type="reqAdvSkill">One Hand Crush (150)</tier-attribute>
				<tier-attribute type="reqCurrentAdvLevel">Current Adventure Level (15)</tier-attribute>
				<tier-attribute type="reqAdvSchool">GRDN, ELAR, CRSB, RNGR, CONJ, CLRC, DRU, SHMN, MONK, SCT, HLR, WAR</tier-attribute>
			</tier-attributes>
			<tier-keywords>
				<tier-keyword>weaponstyle_club</tier-keyword>
				<tier-keyword>weapon_cudgel</tier-keyword>
				<tier-keyword>bodyslot_rightpalm</tier-keyword>
				<tier-keyword>skill_use_onehandcrush</tier-keyword>
			</tier-keywords>
			<resources>
				<resource>
					<resource-name>Cracked Regal Cudgel Pieces</resource-name>
					<resource-skill>Fletching</resource-skill>
					<resource-min amount="1">180</resource-min>
					<resource-opt amount="1">180</resource-opt>
				</resource>
				<resource>
					<resource-name>Cracked Regal Cudgel Bits</resource-name>
					<resource-skill>Fletching</resource-skill>
					<resource-min amount="1">180</resource-min>
					<resource-opt amount="1">180</resource-opt>
				</resource>
				<resource>
					<resource-name>Sand Beetle Carapace</resource-name>
					<resource-skill>Fletching</resource-skill>
					<resource-min amount="3">180</resource-min>
					<resource-opt amount="3">180</resource-opt>
				</resource>
				<resource>
					<resource-name>Dim Essence Orb</resource-name>
					<resource-skill>Fletching</resource-skill>
					<resource-min amount="10">180</resource-min>
					<resource-opt amount="3">500</resource-opt>
				</resource>
				<resource>
					<resource-name>Cedar Board</resource-name>
					<resource-skill>Fletching</resource-skill>
					<resource-min amount="5">180</resource-min>
					<resource-opt amount="2">400</resource-opt>
				</resource>
			</resources>
		</tier>
	</item>
	<item>
		<item-name>Priceless Staff of Ribeth</item-name>
		<item-icon>icon_formula_w_bow_02_11.png</item-icon>
		<item-batchqty>1</item-batchqty>
		<item-attributes>
		</item-attributes>
		<item-keywords>
			<item-keyword>weapon</item-keyword>
		</item-keywords>
		<tier>
			<tier-name>Priceless Staff of Ribeth</tier-name>
			<tier-lvl>3</tier-lvl>
			<tier-desc/>
			<tier-allowedtechniques>-1</tier-allowedtechniques>
			<tier-attributes>
				<tier-attribute type="bulk">64</tier-attribute>
				<tier-attribute type="equipSlot">Right Palm</tier-attribute>
				<tier-attribute type="hoardValue">10000</tier-attribute>
				<tier-attribute type="damage">58-70</tier-attribute>
				<tier-attribute type="skill">Two Hand Crush</tier-attribute>
				<tier-attribute type="statBonus">+30 Focus</tier-attribute>
				<tier-attribute type="reqAdvSkill">Two Hand Crush (450)</tier-attribute>
				<tier-attribute type="reqCurrentAdvLevel">Current Adventure Level (45)</tier-attribute>
				<tier-attribute type="reqAdvSchool">GRDN, CHSW, BLDM, SPRD, ICED, STMD, FLMD, CONJ, SORC, CLRC, WIZ, DRU, SHMN, BTLM, MONK, SPRT, MAGE, WAR</tier-attribute>
				<tier-attribute type="effectremovedAfter">Removed after 100 damage taken</tier-attribute>
				<tier-attribute type="effect">Ablative Shielding</tier-attribute>
			</tier-attributes>
			<tier-keywords>
				<tier-keyword>weaponstyle_staff</tier-keyword>
				<tier-keyword>weapon_staff</tier-keyword>
				<tier-keyword>bodyslot_rightpalm</tier-keyword>
				<tier-keyword>skill_use_twohandcrush</tier-keyword>
			</tier-keywords>
			<resources>
				<resource>
					<resource-name>Shattered Regal Staff Pieces</resource-name>
					<resource-skill>Fletching</resource-skill>
					<resource-min amount="1">480</resource-min>
					<resource-opt amount="1">480</resource-opt>
				</resource>
				<resource>
					<resource-name>Shattered Regal Staff Bits</resource-name>
					<resource-skill>Fletching</resource-skill>
					<resource-min amount="1">480</resource-min>
					<resource-opt amount="1">480</resource-opt>
				</resource>
				<resource>
					<resource-name>Ruxus Skin</resource-name>
					<resource-skill>Fletching</resource-skill>
					<resource-min amount="4">480</resource-min>
					<resource-opt amount="4">480</resource-opt>
				</resource>
				<resource>
					<resource-name>Glowing Essence Orb</resource-name>
					<resource-skill>Fletching</resource-skill>
					<resource-min amount="10">380</resource-min>
					<resource-opt amount="3">700</resource-opt>
				</resource>
				<resource>
					<resource-name>Oak Board</resource-name>
					<resource-skill>Fletching</resource-skill>
					<resource-min amount="5">380</resource-min>
					<resource-opt amount="2">600</resource-opt>
				</resource>
			</resources>
		</tier>
	</item>
	<item>
		<item-name>Exceptional Staff of Ribeth</item-name>
		<item-icon>icon_formula_w_bow_02_11.png</item-icon>
		<item-batchqty>1</item-batchqty>
		<item-attributes>
		</item-attributes>
		<item-keywords>
			<item-keyword>weapon</item-keyword>
		</item-keywords>
		<tier>
			<tier-name>Exceptional Staff of Ribeth</tier-name>
			<tier-lvl>2</tier-lvl>
			<tier-desc/>
			<tier-allowedtechniques>-1</tier-allowedtechniques>
			<tier-attributes>
				<tier-attribute type="bulk">64</tier-attribute>
				<tier-attribute type="equipSlot">Right Palm</tier-attribute>
				<tier-attribute type="hoardValue">7500</tier-attribute>
				<tier-attribute type="damage">47-55</tier-attribute>
				<tier-attribute type="skill">Two Hand Crush</tier-attribute>
				<tier-attribute type="statBonus">+25 Focus</tier-attribute>
				<tier-attribute type="reqAdvSkill">Two Hand Crush (350)</tier-attribute>
				<tier-attribute type="reqCurrentAdvLevel">Current Adventure Level (35)</tier-attribute>
				<tier-attribute type="reqAdvSchool">GRDN, CHSW, BLDM, SPRD, ICED, STMD, FLMD, CONJ, SORC, CLRC, WIZ, DRU, SHMN, BTLM, MONK, SPRT, MAGE, WAR</tier-attribute>
			</tier-attributes>
			<tier-keywords>
				<tier-keyword>weaponstyle_staff</tier-keyword>
				<tier-keyword>weapon_staff</tier-keyword>
				<tier-keyword>bodyslot_rightpalm</tier-keyword>
				<tier-keyword>skill_use_twohandcrush</tier-keyword>
			</tier-keywords>
			<resources>
				<resource>
					<resource-name>Ruined Regal Staff Pieces</resource-name>
					<resource-skill>Fletching</resource-skill>
					<resource-min amount="1">380</resource-min>
					<resource-opt amount="1">380</resource-opt>
				</resource>
				<resource>
					<resource-name>Ruined Regal Staff Bits</resource-name>
					<resource-skill>Fletching</resource-skill>
					<resource-min amount="1">380</resource-min>
					<resource-opt amount="1">380</resource-opt>
				</resource>
				<resource>
					<resource-name>Ruxus Skin</resource-name>
					<resource-skill>Fletching</resource-skill>
					<resource-min amount="3">380</resource-min>
					<resource-opt amount="3">380</resource-opt>
				</resource>
				<resource>
					<resource-name>Pale Essence Orb</resource-name>
					<resource-skill>Fletching</resource-skill>
					<resource-min amount="10">280</resource-min>
					<resource-opt amount="3">600</resource-opt>
				</resource>
				<resource>
					<resource-name>Elm Board</resource-name>
					<resource-skill>Fletching</resource-skill>
					<resource-min amount="5">280</resource-min>
					<resource-opt amount="2">500</resource-opt>
				</resource>
			</resources>
		</tier>
	</item>
	<item>
		<item-name>Worn Staff of Ribeth</item-name>
		<item-icon>icon_formula_w_bow_02_11.png</item-icon>
		<item-batchqty>1</item-batchqty>
		<item-attributes>
		</item-attributes>
		<item-keywords>
			<item-keyword>weapon</item-keyword>
		</item-keywords>
		<tier>
			<tier-name>Worn Staff of Ribeth</tier-name>
			<tier-lvl>2</tier-lvl>
			<tier-desc/>
			<tier-allowedtechniques>-1</tier-allowedtechniques>
			<tier-attributes>
				<tier-attribute type="bulk">64</tier-attribute>
				<tier-attribute type="equipSlot">Right Palm</tier-attribute>
				<tier-attribute type="hoardValue">5000</tier-attribute>
				<tier-attribute type="damage">35-43</tier-attribute>
				<tier-attribute type="skill">Two Hand Crush</tier-attribute>
				<tier-attribute type="statBonus">+20 Focus</tier-attribute>
				<tier-attribute type="reqAdvSkill">Two Hand Crush (250)</tier-attribute>
				<tier-attribute type="reqCurrentAdvLevel">Current Adventure Level (25)</tier-attribute>
				<tier-attribute type="reqAdvSchool">GRDN, CHSW, BLDM, SPRD, ICED, STMD, FLMD, CONJ, SORC, CLRC, WIZ, DRU, SHMN, BTLM, MONK, SPRT, MAGE, WAR</tier-attribute>
			</tier-attributes>
			<tier-keywords>
				<tier-keyword>weaponstyle_staff</tier-keyword>
				<tier-keyword>weapon_staff</tier-keyword>
				<tier-keyword>bodyslot_rightpalm</tier-keyword>
				<tier-keyword>skill_use_twohandcrush</tier-keyword>
			</tier-keywords>
			<resources>
				<resource>
					<resource-name>Rotted Regal Staff Pieces</resource-name>
					<resource-skill>Fletching</resource-skill>
					<resource-min amount="1">280</resource-min>
					<resource-opt amount="1">280</resource-opt>
				</resource>
				<resource>
					<resource-name>Rotted Regal Staff Bits</resource-name>
					<resource-skill>Fletching</resource-skill>
					<resource-min amount="1">280</resource-min>
					<resource-opt amount="1">280</resource-opt>
				</resource>
				<resource>
					<resource-name>Ice Beetle Carapace</resource-name>
					<resource-skill>Fletching</resource-skill>
					<resource-min amount="6">280</resource-min>
					<resource-opt amount="6">280</resource-opt>
				</resource>
				<resource>
					<resource-name>Pale Essence Orb</resource-name>
					<resource-skill>Fletching</resource-skill>
					<resource-min amount="10">280</resource-min>
					<resource-opt amount="3">600</resource-opt>
				</resource>
				<resource>
					<resource-name>Elm Board</resource-name>
					<resource-skill>Fletching</resource-skill>
					<resource-min amount="5">280</resource-min>
					<resource-opt amount="2">500</resource-opt>
				</resource>
			</resources>
		</tier>
	</item>
</formulaset>
