<?xml version="1.0" encoding="ISO-8859-1"?>
<categories>
	<category>
		<category-name>Armor</category-name>
		<category-desc/>
		<category-icon/>
		<subcategories>
			<subcategory>
				<subcategory-name>Armor - Cargo Gear</subcategory-name>
				<subcategory-desc/>
				<subcategory-icon>Internal_armor_cargo.png</subcategory-icon>
			</subcategory>
			<subcategory>
				<subcategory-name>Armor - Chainmail</subcategory-name>
				<subcategory-desc/>
				<subcategory-icon>Internal_armor_chainmail.png</subcategory-icon>
			</subcategory>
			<subcategory>
				<subcategory-name>Armor - Cloth</subcategory-name>
				<subcategory-desc/>
				<subcategory-icon>Internal_armor_cloth.png</subcategory-icon>
			</subcategory>
			<subcategory>
				<subcategory-name>Armor - Hide</subcategory-name>
				<subcategory-desc/>
				<subcategory-icon>Internal_armor_hide.png</subcategory-icon>
			</subcategory>
			<subcategory>
				<subcategory-name>Armor - Leather</subcategory-name>
				<subcategory-desc/>
				<subcategory-icon>Internal_armor_leather.png</subcategory-icon>
			</subcategory>
			<subcategory>
				<subcategory-name>Armor - Padded</subcategory-name>
				<subcategory-desc/>
				<subcategory-icon>Internal_armor_padded.png</subcategory-icon>
			</subcategory>
			<subcategory>
				<subcategory-name>Armor - Platemail</subcategory-name>
				<subcategory-desc/>
				<subcategory-icon>Internal_armor_platemail.png</subcategory-icon>
			</subcategory>
			<subcategory>
				<subcategory-name>Armor - Ringmail</subcategory-name>
				<subcategory-desc/>
				<subcategory-icon>Internal_armor_ringmail.png</subcategory-icon>
			</subcategory>
			<subcategory>
				<subcategory-name>Armor - Scalemail</subcategory-name>
				<subcategory-desc/>
				<subcategory-icon>Internal_armor_scalemail.png</subcategory-icon>
			</subcategory>
			<subcategory>
				<subcategory-name>Armor - Shields</subcategory-name>
				<subcategory-desc/>
				<subcategory-icon>Internal_armor_shield.png</subcategory-icon>
			</subcategory>
			<subcategory>
				<subcategory-name>Fashion Wear</subcategory-name>
				<subcategory-desc/>
				<subcategory-icon>Internal_fashion.png</subcategory-icon>
			</subcategory>
		</subcategories>
	</category>
	<category>
		<category-name>Construction</category-name>
		<category-desc/>
		<category-icon>Internal_construction_misc.png</category-icon>
		<subcategories>
			<subcategory>
				<subcategory-name>Construction - Tiered Workshops</subcategory-name>
				<subcategory-desc/>
				<subcategory-icon>Internal_construction_tieredworkshop.png</subcategory-icon>
			</subcategory>
			<subcategory>
				<subcategory-name>Construction - Simple Workshops</subcategory-name>
				<subcategory-desc/>
				<subcategory-icon>Internal_construction_simpleworkshop.png</subcategory-icon>
			</subcategory>
			<subcategory>
				<subcategory-name>Construction - Winter Festival Decorations</subcategory-name>
				<subcategory-desc/>
				<subcategory-icon>Internal_construction_winter.png</subcategory-icon>
			</subcategory>
			<subcategory>
				<subcategory-name>Construction - Fall Harvest Decorations</subcategory-name>
				<subcategory-desc/>
				<subcategory-icon>Internal_construction_fall.png</subcategory-icon>
			</subcategory>
			<subcategory>
				<subcategory-name>Construction - Dwarven Structures</subcategory-name>
				<subcategory-desc/>
				<subcategory-icon>Internal_construction_dwarven.png</subcategory-icon>
			</subcategory>
			<subcategory>
				<subcategory-name>Construction - Fiendish Structures</subcategory-name>
				<subcategory-desc/>
				<subcategory-icon>Internal_construction_fiendish.png</subcategory-icon>
			</subcategory>
			<subcategory>
				<subcategory-name>Construction - Helian Structures</subcategory-name>
				<subcategory-desc/>
				<subcategory-icon>Internal_lair_grandhall.tif</subcategory-icon>
			</subcategory>
			<subcategory>
				<subcategory-name>Construction - Human Structures</subcategory-name>
				<subcategory-desc/>
				<subcategory-icon>Internal_construction_human.png</subcategory-icon>
			</subcategory>
			<subcategory>
				<subcategory-name>Construction - Lunus Structures</subcategory-name>
				<subcategory-desc/>
				<subcategory-icon>Internal_lair_grandhall.tif</subcategory-icon>
			</subcategory>
			<subcategory>
				<subcategory-name>Construction - Saris Structures</subcategory-name>
				<subcategory-desc/>
				<subcategory-icon>Internal_construction_saris.png</subcategory-icon>
			</subcategory>
			<subcategory>
				<subcategory-name>Construction - Sslik Structures</subcategory-name>
				<subcategory-desc/>
				<subcategory-icon>Internal_construction_sslik.png</subcategory-icon>
			</subcategory>
			<subcategory>
				<subcategory-name>Construction - Pathways &amp; Walls</subcategory-name>
				<subcategory-desc/>
				<subcategory-icon>Internal_construction_paths.png</subcategory-icon>
			</subcategory>
			<subcategory>
				<subcategory-name>Construction - Trees &amp; Shrubbery</subcategory-name>
				<subcategory-desc/>
				<subcategory-icon>Internal_construction_tree.png</subcategory-icon>
			</subcategory>
			<subcategory>
				<subcategory-name>Construction - Misc Structures</subcategory-name>
				<subcategory-desc/>
				<subcategory-icon>Internal_construction_misc.png</subcategory-icon>
			</subcategory>
			<subcategory>
				<subcategory-name>Construction - Winter Festival Decorations</subcategory-name>
				<subcategory-desc/>
				<subcategory-icon>Internal_construction_.png</subcategory-icon>
			</subcategory>
		</subcategories>
	</category>
	<category>
		<category-name>Containers</category-name>
		<category-desc/>
		<category-icon>Internal_containers.png</category-icon>
		<subcategories>
			<subcategory>
				<subcategory-name>Containers</subcategory-name>
				<subcategory-desc/>
				<subcategory-icon>Internal_containers.png</subcategory-icon>
			</subcategory>
		</subcategories>
	</category>
	<category>
		<category-name>Dyes</category-name>
		<category-desc/>
		<category-icon/>
		<subcategories>
			<subcategory>
				<subcategory-name>Armor and Scale Dye</subcategory-name>
				<subcategory-desc/>
				<subcategory-icon>Internal_dyes.png</subcategory-icon>
			</subcategory>
			<subcategory>
				<subcategory-name>Weapon and Tool Dye</subcategory-name>
				<subcategory-desc/>
				<subcategory-icon>Internal_weapon_dye.png</subcategory-icon>
			</subcategory>
		</subcategories>
	</category>
	<category>
		<category-name>Food</category-name>
		<category-desc/>
		<category-icon>Internal_confectionry.png</category-icon>
		<subcategories>
			<subcategory>
				<subcategory-name>Stale Food</subcategory-name>
				<subcategory-desc/>
				<subcategory-icon>Internal_confectionry.png</subcategory-icon>
			</subcategory>
			<subcategory>
				<subcategory-name>Rare Food - Appetizers</subcategory-name>
				<subcategory-desc/>
				<subcategory-icon>Internal_confectionry.png</subcategory-icon>
			</subcategory>
			<subcategory>
				<subcategory-name>Rare Food - Desserts</subcategory-name>
				<subcategory-desc/>
				<subcategory-icon>Internal_confectionry.png</subcategory-icon>
			</subcategory>
			<subcategory>
				<subcategory-name>Rare Food - Main Dishes</subcategory-name>
				<subcategory-desc/>
				<subcategory-icon>Internal_confectionry.png</subcategory-icon>
			</subcategory>
			<subcategory>
				<subcategory-name>Rare Food - Sides</subcategory-name>
				<subcategory-desc/>
				<subcategory-icon>Internal_confectionry.png</subcategory-icon>
			</subcategory>
			<subcategory>
				<subcategory-name>Food - Appetizers</subcategory-name>
				<subcategory-desc/>
				<subcategory-icon>Internal_confectionry.png</subcategory-icon>
			</subcategory>
			<subcategory>
				<subcategory-name>Food - Desserts</subcategory-name>
				<subcategory-desc/>
				<subcategory-icon>Internal_confectionry.png</subcategory-icon>
			</subcategory>
			<subcategory>
				<subcategory-name>Food - Main Dishes</subcategory-name>
				<subcategory-desc/>
				<subcategory-icon>Internal_confectionry.png</subcategory-icon>
			</subcategory>
			<subcategory>
				<subcategory-name>Food - Sides</subcategory-name>
				<subcategory-desc/>
				<subcategory-icon>Internal_confectionry.png</subcategory-icon>
			</subcategory>
		</subcategories>
	</category>
	<category>
		<category-name>Gadgets</category-name>
		<category-desc/>
		<category-icon>Internal_gadget.png</category-icon>
		<subcategories>
			<subcategory>
				<subcategory-name>Gadgets</subcategory-name>
				<subcategory-desc/>
				<subcategory-icon>Internal_gadget.png</subcategory-icon>
			</subcategory>
		</subcategories>
	</category>
	<category>
		<category-name>Jewelry</category-name>
		<category-desc/>
		<category-icon/>
		<subcategories>
			<subcategory>
				<subcategory-name>Jewelry - Armor</subcategory-name>
				<subcategory-desc/>
				<subcategory-icon>Internal_jewelry_armor.png</subcategory-icon>
			</subcategory>
			<subcategory>
				<subcategory-name>Jewelry - Dexterity</subcategory-name>
				<subcategory-desc/>
				<subcategory-icon>Internal_jewelry_dexterity.png</subcategory-icon>
			</subcategory>
			<subcategory>
				<subcategory-name>Jewelry - Focus</subcategory-name>
				<subcategory-desc/>
				<subcategory-icon>Internal_jewelry_focus.png</subcategory-icon>
			</subcategory>
			<subcategory>
				<subcategory-name>Jewelry - Health</subcategory-name>
				<subcategory-desc/>
				<subcategory-icon>Internal_jewelry_health.png</subcategory-icon>
			</subcategory>
			<subcategory>
				<subcategory-name>Jewelry - Power</subcategory-name>
				<subcategory-desc/>
				<subcategory-icon>Internal_jewelry_power.png</subcategory-icon>
			</subcategory>
			<subcategory>
				<subcategory-name>Jewelry - Strength</subcategory-name>
				<subcategory-desc/>
				<subcategory-icon>Internal_jewelry_strength.png</subcategory-icon>
			</subcategory>
		</subcategories>
	</category>
	<category>
		<category-name>Epic / Rare</category-name>
		<category-desc/>
		<category-icon/>
		<subcategories>
			<subcategory>
				<subcategory-name>Armor</subcategory-name>
				<subcategory-desc/>
				<subcategory-icon>Internal_armor_leather.png</subcategory-icon>
			</subcategory>
			<subcategory>
				<subcategory-name>Crystals</subcategory-name>
				<subcategory-desc/>
				<subcategory-icon>Internal_crystal.png</subcategory-icon>
			</subcategory>
			<subcategory>
				<subcategory-name>Food</subcategory-name>
				<subcategory-desc/>
				<subcategory-icon>Internal_confectionry.png</subcategory-icon>
			</subcategory>
			<subcategory>
				<subcategory-name>Gadgets</subcategory-name>
				<subcategory-desc/>
				<subcategory-icon>Internal_gadget.png</subcategory-icon>
			</subcategory>
			<subcategory>
				<subcategory-name>Jewelry</subcategory-name>
				<subcategory-desc/>
				<subcategory-icon>Internal_jewelry.png</subcategory-icon>
			</subcategory>
			<subcategory>
				<subcategory-name>Potions</subcategory-name>
				<subcategory-desc/>
				<subcategory-icon>Internal_potion.png</subcategory-icon>
			</subcategory>
			<subcategory>
				<subcategory-name>Regal Weaponry (metal)</subcategory-name>
				<subcategory-desc/>
				<subcategory-icon>Internal_weapon_1hs.png</subcategory-icon>
			</subcategory>
			<subcategory>
				<subcategory-name>Regal Weaponry (wood)</subcategory-name>
				<subcategory-desc/>
				<subcategory-icon>Internal_weapon_bow.png</subcategory-icon>
			</subcategory>
			<subcategory>
				<subcategory-name>Scales</subcategory-name>
				<subcategory-desc/>
				<subcategory-icon>Internal_dragonscale.png</subcategory-icon>
			</subcategory>
			<subcategory>
				<subcategory-name>Shields</subcategory-name>
				<subcategory-desc/>
				<subcategory-icon>Internal_armor_shield.png</subcategory-icon>
			</subcategory>
			<subcategory>
				<subcategory-name>Weapons</subcategory-name>
				<subcategory-desc/>
				<subcategory-icon>Internal_weapon_2hs.png</subcategory-icon>
			</subcategory>
			<subcategory>
				<subcategory-name>Techniques</subcategory-name>
				<subcategory-desc/>
				<subcategory-icon>Internal_technique.tif</subcategory-icon>
			</subcategory>
		</subcategories>
	</category>
	<category>
		<category-name>Potions</category-name>
		<category-desc/>
		<category-icon>Internal_potion.png</category-icon>
		<subcategories>
			<subcategory>
				<subcategory-name>Potions</subcategory-name>
				<subcategory-desc/>
				<subcategory-icon>Internal_potion.png</subcategory-icon>
			</subcategory>
		</subcategories>
	</category>
	<category>
		<category-name>Recharges</category-name>
		<category-desc/>
		<category-icon>Internal_recharge.png</category-icon>
		<subcategories>
			<subcategory>
				<subcategory-name>Recharges</subcategory-name>
				<subcategory-desc/>
				<subcategory-icon>Internal_recharge.png</subcategory-icon>
			</subcategory>
		</subcategories>
	</category>
	<category>
		<category-name>Resources</category-name>
		<category-desc/>
		<category-icon>Internal_resource.png</category-icon>
		<subcategories>
			<subcategory>
				<subcategory-name>Resources</subcategory-name>
				<subcategory-desc/>
				<subcategory-icon>Internal_resource.png</subcategory-icon>
			</subcategory>
			<subcategory>
				<subcategory-name>Resources - Alchemy</subcategory-name>
				<subcategory-desc/>
				<subcategory-icon>Internal_alchemy.png</subcategory-icon>
			</subcategory>
			<subcategory>
				<subcategory-name>Resources - Clothworking</subcategory-name>
				<subcategory-desc/>
				<subcategory-icon>Internal_clothworking.png</subcategory-icon>
			</subcategory>
			<subcategory>
				<subcategory-name>Resources - Confectioner</subcategory-name>
				<subcategory-desc/>
				<subcategory-icon>Internal_food.png</subcategory-icon>
			</subcategory>
			<subcategory>
				<subcategory-name>Resources - Confectioner Rare Garnishes</subcategory-name>
				<subcategory-desc/>
				<subcategory-icon>Internal_food.png</subcategory-icon>
			</subcategory>
			<subcategory>
				<subcategory-name>Resources - Construction</subcategory-name>
				<subcategory-desc/>
				<subcategory-icon>Internal_construction.png</subcategory-icon>
			</subcategory>
			<subcategory>
				<subcategory-name>Resources - Earthencraft</subcategory-name>
				<subcategory-desc/>
				<subcategory-icon>Internal_earthencraft.png</subcategory-icon>
			</subcategory>
			<subcategory>
				<subcategory-name>Resources - Enchanting</subcategory-name>
				<subcategory-desc/>
				<subcategory-icon>Internal_enchanting.png</subcategory-icon>
			</subcategory>
			<subcategory>
				<subcategory-name>Resources - Food</subcategory-name>
				<subcategory-desc/>
				<subcategory-icon>Internal_food.png</subcategory-icon>
			</subcategory>
			<subcategory>
				<subcategory-name>Resources - Lairshaping</subcategory-name>
				<subcategory-desc/>
				<subcategory-icon>Internal_construction.png</subcategory-icon>
			</subcategory>
			<subcategory>
				<subcategory-name>Resources - Spellcraft</subcategory-name>
				<subcategory-desc/>
				<subcategory-icon>Internal_spellcraft.png</subcategory-icon>
			</subcategory>
			<subcategory>
				<subcategory-name>Resources - Tinkering</subcategory-name>
				<subcategory-desc/>
				<subcategory-icon>Internal_tinkering.png</subcategory-icon>
			</subcategory>
			<subcategory>
				<subcategory-name>Resources - Woodworking</subcategory-name>
				<subcategory-desc/>
				<subcategory-icon>Internal_woodworking.png</subcategory-icon>
			</subcategory>
		</subcategories>
	</category>
	<category>
		<category-name>Scales</category-name>
		<category-desc/>
		<category-icon>Internal_dragonscale.png</category-icon>
		<subcategories>
			<subcategory>
				<subcategory-name>Scales - Armor</subcategory-name>
				<subcategory-desc/>
				<subcategory-icon>Internal_scale_armor.png</subcategory-icon>
			</subcategory>
			<subcategory>
				<subcategory-name>Scales - Dexterity</subcategory-name>
				<subcategory-desc/>
				<subcategory-icon>Internal_scale_dexerity.png</subcategory-icon>
			</subcategory>
			<subcategory>
				<subcategory-name>Scales - Focus</subcategory-name>
				<subcategory-desc/>
				<subcategory-icon>Internal_scale_focus.png</subcategory-icon>
			</subcategory>
			<subcategory>
				<subcategory-name>Scales - Health</subcategory-name>
				<subcategory-desc/>
				<subcategory-icon>Internal_scale_health.png</subcategory-icon>
			</subcategory>
			<subcategory>
				<subcategory-name>Scales - Power</subcategory-name>
				<subcategory-desc/>
				<subcategory-icon>Internal_scale_power.png</subcategory-icon>
			</subcategory>
			<subcategory>
				<subcategory-name>Scales - Strength</subcategory-name>
				<subcategory-desc/>
				<subcategory-icon>Internal_scale_strength.png</subcategory-icon>
			</subcategory>
		</subcategories>
	</category>
	<category>
		<category-name>Spells</category-name>
		<category-desc/>
		<category-icon/>
		<subcategories>
			<subcategory>
				<subcategory-name>Spells - Augmentation</subcategory-name>
				<subcategory-desc/>
				<subcategory-icon>Internal_spell_augmentation.png</subcategory-icon>
			</subcategory>
			<subcategory>
				<subcategory-name>Spells - Blight</subcategory-name>
				<subcategory-desc/>
				<subcategory-icon>Internal_spell_blight.png</subcategory-icon>
			</subcategory>
			<subcategory>
				<subcategory-name>Spells - Energy</subcategory-name>
				<subcategory-desc/>
				<subcategory-icon>Internal_spell_energy.png</subcategory-icon>
			</subcategory>
			<subcategory>
				<subcategory-name>Spells - Flame</subcategory-name>
				<subcategory-desc/>
				<subcategory-icon>Internal_spell_flame.png</subcategory-icon>
			</subcategory>
			<subcategory>
				<subcategory-name>Spells - Ice</subcategory-name>
				<subcategory-desc/>
				<subcategory-icon>Internal_spell_ice.png</subcategory-icon>
			</subcategory>
			<subcategory>
				<subcategory-name>Spells - Life</subcategory-name>
				<subcategory-desc/>
				<subcategory-icon>Internal_spell_life.png</subcategory-icon>
			</subcategory>
			<subcategory>
				<subcategory-name>Spells - Mind</subcategory-name>
				<subcategory-desc/>
				<subcategory-icon>Internal_spell_mind.png</subcategory-icon>
			</subcategory>
			<subcategory>
				<subcategory-name>Spells - Nature</subcategory-name>
				<subcategory-desc/>
				<subcategory-icon>Internal_spell_nature.png</subcategory-icon>
			</subcategory>
			<subcategory>
				<subcategory-name>Spells - Primal</subcategory-name>
				<subcategory-desc/>
				<subcategory-icon>Internal_spell_primal.png</subcategory-icon>
			</subcategory>
			<subcategory>
				<subcategory-name>Spells - Spirit</subcategory-name>
				<subcategory-desc/>
				<subcategory-icon>Internal_spell_spirit.png</subcategory-icon>
			</subcategory>
			<subcategory>
				<subcategory-name>Spells - Summoning</subcategory-name>
				<subcategory-desc/>
				<subcategory-icon>Internal_spell_summoning.png</subcategory-icon>
			</subcategory>
		</subcategories>
	</category>
	<category>
		<category-name>Tools</category-name>
		<category-desc/>
		<category-icon>Internal_tool_metal.png</category-icon>
		<subcategories>
			<subcategory>
				<subcategory-name>Dragon Tool Claws</subcategory-name>
				<subcategory-desc/>
				<subcategory-icon>Internal_claws.png</subcategory-icon>
			</subcategory>
			<subcategory>
				<subcategory-name>Tools - Metal</subcategory-name>
				<subcategory-desc/>
				<subcategory-icon>Internal_tool_metal.png</subcategory-icon>
			</subcategory>
			<subcategory>
				<subcategory-name>Tools - Stone</subcategory-name>
				<subcategory-desc/>
				<subcategory-icon>Internal_tool_stone.png</subcategory-icon>
			</subcategory>
			<subcategory>
				<subcategory-name>Tools - Wood</subcategory-name>
				<subcategory-desc/>
				<subcategory-icon>Internal_tool_wood.png</subcategory-icon>
			</subcategory>
		</subcategories>
	</category>
	<category>
		<category-name>Weapons</category-name>
		<category-desc/>
		<category-icon>Internal_weapon_1hs.png</category-icon>
		<subcategories>
			<subcategory>
				<subcategory-name>Dragon Claws</subcategory-name>
				<subcategory-desc/>
				<subcategory-icon>Internal_claws.png</subcategory-icon>
			</subcategory>
			<subcategory>
				<subcategory-name>Hand Wraps</subcategory-name>
				<subcategory-desc/>
				<subcategory-icon>Internal_handwraps.png</subcategory-icon>
			</subcategory>
			<subcategory>
				<subcategory-name>Weapons - Bow</subcategory-name>
				<subcategory-desc/>
				<subcategory-icon>Internal_weapon_bow.png</subcategory-icon>
			</subcategory>
			<subcategory>
				<subcategory-name>Weapons - Crossbow</subcategory-name>
				<subcategory-desc/>
				<subcategory-icon>Internal_weapon_crossbow.png</subcategory-icon>
			</subcategory>
			<subcategory>
				<subcategory-name>Weapons - One Hand Crush</subcategory-name>
				<subcategory-desc/>
				<subcategory-icon>Internal_weapon_1hc.png</subcategory-icon>
			</subcategory>
			<subcategory>
				<subcategory-name>Weapons - One Hand Pierce</subcategory-name>
				<subcategory-desc/>
				<subcategory-icon>Internal_weapon_1hp.png</subcategory-icon>
			</subcategory>
			<subcategory>
				<subcategory-name>Weapons - One Hand Slash</subcategory-name>
				<subcategory-desc/>
				<subcategory-icon>Internal_weapon_1hs.png</subcategory-icon>
			</subcategory>
			<subcategory>
				<subcategory-name>Weapons - Two Hand Crush</subcategory-name>
				<subcategory-desc/>
				<subcategory-icon>Internal_weapon_2hc.png</subcategory-icon>
			</subcategory>
			<subcategory>
				<subcategory-name>Weapons - Two Hand Slash</subcategory-name>
				<subcategory-desc/>
				<subcategory-icon>Internal_weapon_2hs.png</subcategory-icon>
			</subcategory>
		</subcategories>
	</category>
	<category>
		<category-name>Ability</category-name>
		<category-desc/>
		<category-icon>Internal_adventure.png</category-icon>
		<subcategories>
			<subcategory>
				<subcategory-name>Ability</subcategory-name>
				<subcategory-desc/>
				<subcategory-icon>Internal_adventure.png</subcategory-icon>
			</subcategory>
		</subcategories>
	</category>
	<category>
		<category-name>Adventure</category-name>
		<category-desc/>
		<category-icon>Internal_adventure.png</category-icon>
		<subcategories>
			<subcategory>
				<subcategory-name>Adventure</subcategory-name>
				<subcategory-desc/>
				<subcategory-icon>Internal_adventure.png</subcategory-icon>
			</subcategory>
		</subcategories>
	</category>
	<category>
		<category-name>Armor Dye</category-name>
		<category-desc/>
		<category-icon>Internal_dyes.png</category-icon>
		<subcategories>
			<subcategory>
				<subcategory-name>Armor Dye</subcategory-name>
				<subcategory-desc/>
				<subcategory-icon>Internal_dyes.png</subcategory-icon>
			</subcategory>
		</subcategories>
	</category>
	<category>
		<category-name>Banner</category-name>
		<category-desc/>
		<category-icon>Internal_banners.png</category-icon>
		<subcategories>
			<subcategory>
				<subcategory-name>Banner</subcategory-name>
				<subcategory-desc/>
				<subcategory-icon>Internal_banners.png</subcategory-icon>
			</subcategory>
		</subcategories>
	</category>
	<category>
		<category-name>Craft</category-name>
		<category-desc/>
		<category-icon>Internal_crafts.png</category-icon>
		<subcategories>
			<subcategory>
				<subcategory-name>Craft</subcategory-name>
				<subcategory-desc/>
				<subcategory-icon>Internal_crafts.png</subcategory-icon>
			</subcategory>
		</subcategories>
	</category>
	<category>
		<category-name>Craft - Boons</category-name>
		<category-desc/>
		<category-icon>Internal_crafts.png</category-icon>
		<subcategories>
			<subcategory>
				<subcategory-name>Craft - Boons</subcategory-name>
				<subcategory-desc/>
				<subcategory-icon>Internal_crafts.png</subcategory-icon>
			</subcategory>
		</subcategories>
	</category>
	<category>
		<category-name>Defense</category-name>
		<category-desc/>
		<category-icon>Internal_defense.png</category-icon>
		<subcategories>
			<subcategory>
				<subcategory-name>Defense</subcategory-name>
				<subcategory-desc/>
				<subcategory-icon>Internal_defense.png</subcategory-icon>
			</subcategory>
		</subcategories>
	</category>
	<category>
		<category-name>Socketing</category-name>
		<category-desc/>
		<category-icon>Internal_sockets.png</category-icon>
		<subcategories>
			<subcategory>
				<subcategory-name>Socketing</subcategory-name>
				<subcategory-desc/>
				<subcategory-icon>Internal_sockets.png</subcategory-icon>
			</subcategory>
		</subcategories>
	</category>
	<category>
		<category-name>Spell</category-name>
		<category-desc/>
		<category-icon>Internal_spells.png</category-icon>
		<subcategories>
			<subcategory>
				<subcategory-name>Spell</subcategory-name>
				<subcategory-desc/>
				<subcategory-icon>Internal_spells.png</subcategory-icon>
			</subcategory>
		</subcategories>
	</category>
	<category>
		<category-name>Statistic</category-name>
		<category-desc/>
		<category-icon>Internal_statistics.png</category-icon>
		<subcategories>
			<subcategory>
				<subcategory-name>Statistic</subcategory-name>
				<subcategory-desc/>
				<subcategory-icon>Internal_statistics.png</subcategory-icon>
			</subcategory>
		</subcategories>
	</category>
</categories>
