<?xml version="1.0" encoding="ISO-8859-1"?>
<techniqueset format="2.1">
	<techniqueset-name>Miner's Boon</techniqueset-name>
	<techniqueset-categories>
		<techniqueset-category>Craft - Boons</techniqueset-category>
	</techniqueset-categories>
	<tech>
		<tech-name>Miner's Boon</tech-name>
		<tech-icon>icon_technique_03_44_11.png</tech-icon>
		<tech-keywords>
			<tech-keywordset>
				<tech-keyword>armor</tech-keyword>
				<tech-keyword>jewelry</tech-keyword>
				<tech-keyword>dragonscale</tech-keyword>
				<tech-keyword>container</tech-keyword>
			</tech-keywordset>
			<tech-keywordset>
				<tech-keyword>bodyslot_chest</tech-keyword>
				<tech-keyword>bodyslot_back</tech-keyword>
				<tech-keyword>bodyslot_neck</tech-keyword>
				<tech-keyword>bodyslot_head</tech-keyword>
				<tech-keyword>bodyslot_ear</tech-keyword>
				<tech-keyword>bodyslot_wrist</tech-keyword>
				<tech-keyword>bodyslot_hands</tech-keyword>
				<tech-keyword>bodyslot_leftpalm</tech-keyword>
				<tech-keyword>dragon_bodyslot_wing</tech-keyword>
				<tech-keyword>dragon_bodyslot_foreleg</tech-keyword>
				<tech-keyword>dragon_bodyslot_hindleg</tech-keyword>
				<tech-keyword>dragon_bodyslot_chest</tech-keyword>
				<tech-keyword>dragon_bodyslot_back</tech-keyword>
				<tech-keyword>dragon_bodyslot_head</tech-keyword>
				<tech-keyword>dragon_bodyslot_tail</tech-keyword>
			</tech-keywordset>
		</tech-keywords>
		<tier>
			<tier-name>Miner's Boon</tier-name>
			<tier-origin>Craft: Miner's Boon</tier-origin>
			<tier-lvl name="Boon (I)">1</tier-lvl>
			<tier-desc>This technique gives the user the ability to create certain objects with +2 in the Mining, Quarrying, and Prospecting craft skills.</tier-desc>
			<tier-skilladjust>20</tier-skilladjust>
			<tier-keywords>
				<tier-keywordset>
					<tier-keyword>techclass_1</tier-keyword>
				</tier-keywordset>
			</tier-keywords>
			<tier-effectkeywords>
				<tier-effectkeywordset>
					<tier-effectkeyword>statmod_mining_up</tier-effectkeyword>
					<tier-effectkeyword>statmod_quarrying_up</tier-effectkeyword>
					<tier-effectkeyword>618</tier-effectkeyword>
				</tier-effectkeywordset>
			</tier-effectkeywords>
			<tier-attributes>
				<tier-attribute type="statBonus">+2 Mining</tier-attribute>
				<tier-attribute type="statBonus">+2 Quarrying</tier-attribute>
				<tier-attribute type="statBonus">+2 Prospecting</tier-attribute>
			</tier-attributes>
			<components>
				<component amount="33">Bronze Bar</component>
				<component amount="4">Dim Essence Orb</component>
			</components>
		</tier>
		<tier>
			<tier-name>Miner's Bounty</tier-name>
			<tier-origin>Craft: Miner's Bounty</tier-origin>
			<tier-lvl name="Bounty (II)">2</tier-lvl>
			<tier-desc>This technique gives the user the ability to create certain objects with +4 in the Mining, Quarrying, and Prospecting craft skills.</tier-desc>
			<tier-skilladjust>30</tier-skilladjust>
			<tier-keywords>
				<tier-keywordset>
					<tier-keyword>techclass_2</tier-keyword>
				</tier-keywordset>
			</tier-keywords>
			<tier-effectkeywords>
				<tier-effectkeywordset>
					<tier-effectkeyword>statmod_armorcraft_up</tier-effectkeyword>
					<tier-effectkeyword>statmod_salvaging_up</tier-effectkeyword>
					<tier-effectkeyword>statmod_smelting_up</tier-effectkeyword>
				</tier-effectkeywordset>
			</tier-effectkeywords>
			<components>
				<component amount="33">Iron Bar</component>
				<component amount="4">Pale Essence Orb</component>
			</components>
		</tier>
		<tier>
			<tier-name>Miner's Blessing</tier-name>
			<tier-origin>Craft: Miner's Blessing</tier-origin>
			<tier-lvl name="Blessing (III)">3</tier-lvl>
			<tier-desc>This technique gives the user the ability to create certain objects with +6 in the Mining, Quarrying, and Prospecting craft skills.</tier-desc>
			<tier-skilladjust>10</tier-skilladjust>
			<tier-keywords>
				<tier-keywordset>
					<tier-keyword>techclass_3</tier-keyword>
				</tier-keywordset>
			</tier-keywords>
			<tier-effectkeywords>
				<tier-effectkeywordset>
					<tier-effectkeyword>statmod_mining_up</tier-effectkeyword>
					<tier-effectkeyword>statmod_quarrying_up</tier-effectkeyword>
					<tier-effectkeyword>618</tier-effectkeyword>
				</tier-effectkeywordset>
			</tier-effectkeywords>
			<tier-attributes>
				<tier-attribute type="statBonus">+6 Mining</tier-attribute>
				<tier-attribute type="statBonus">+6 Quarrying</tier-attribute>
				<tier-attribute type="statBonus">+6 Prospecting</tier-attribute>
			</tier-attributes>
			<components>
				<component amount="11">Steel Bar</component>
				<component amount="4">Glowing Essence Orb</component>
			</components>
		</tier>
	</tech>
</techniqueset>
