<?xml version="1.0" encoding="ISO-8859-1"?>
<techniqueset format="2.1">
	<techniqueset-name>Weaver's Boon</techniqueset-name>
	<techniqueset-categories>
		<techniqueset-category>Craft - Boons</techniqueset-category>
	</techniqueset-categories>
	<tech>
		<tech-name>Weaver's Boon</tech-name>
		<tech-icon>icon_technique_03_49_11.png</tech-icon>
		<tech-keywords>
			<tech-keywordset>
				<tech-keyword>armor</tech-keyword>
				<tech-keyword>jewelry</tech-keyword>
				<tech-keyword>container</tech-keyword>
			</tech-keywordset>
			<tech-keywordset>
				<tech-keyword>bodyslot_chest</tech-keyword>
				<tech-keyword>bodyslot_back</tech-keyword>
				<tech-keyword>bodyslot_neck</tech-keyword>
				<tech-keyword>bodyslot_head</tech-keyword>
				<tech-keyword>bodyslot_ear</tech-keyword>
				<tech-keyword>bodyslot_wrist</tech-keyword>
				<tech-keyword>bodyslot_hands</tech-keyword>
				<tech-keyword>bodyslot_leftpalm</tech-keyword>
			</tech-keywordset>
		</tech-keywords>
		<tech-effectkeywords>
			<tech-effectkeywordset>
				<tech-effectkeyword>statmod_weaving_up</tech-effectkeyword>
				<tech-effectkeyword>statmod_spinning_up</tech-effectkeyword>
				<tech-effectkeyword>statmod_tanning_up</tech-effectkeyword>
			</tech-effectkeywordset>
		</tech-effectkeywords>
		<tier>
			<tier-name>Weaver's Boon</tier-name>
			<tier-origin>Craft: Weaver's Boon</tier-origin>
			<tier-lvl name="Boon (I)">1</tier-lvl>
			<tier-desc>This technique gives the user the ability to create certain objects with +2 in the Weaving, Spinning, and Tanning craft skills.</tier-desc>
			<tier-skilladjust>20</tier-skilladjust>
			<tier-keywords>
				<tier-keywordset>
					<tier-keyword>techclass_1</tier-keyword>
				</tier-keywordset>
			</tier-keywords>
			<tier-attributes>
				<tier-attribute type="statBonus">+2 Weaving</tier-attribute>
				<tier-attribute type="statBonus">+2 Spinning</tier-attribute>
				<tier-attribute type="statBonus">+2 Tanning</tier-attribute>
			</tier-attributes>
			<components>
				<component amount="33">Flax Spool</component>
				<component amount="4">Dim Essence Orb</component>
			</components>
		</tier>
		<tier>
			<tier-name>Weaver's Bounty</tier-name>
			<tier-origin>Craft: Weaver's Bounty</tier-origin>
			<tier-lvl name="Bounty (II)">2</tier-lvl>
			<tier-desc>This technique gives the user the ability to create certain objects with +4 in the Weaving, Spinning, and Tanning craft skills.</tier-desc>
			<tier-skilladjust>30</tier-skilladjust>
			<tier-keywords>
				<tier-keywordset>
					<tier-keyword>techclass_2</tier-keyword>
				</tier-keywordset>
			</tier-keywords>
			<components>
				<component amount="33">Kenaf Spool</component>
				<component amount="4">Pale Essence Orb</component>
			</components>
		</tier>
		<tier>
			<tier-name>Weaver's Blessing</tier-name>
			<tier-origin>Craft: Weaver's Blessing</tier-origin>
			<tier-lvl name="Blessing (III)">3</tier-lvl>
			<tier-desc>This technique gives the user the ability to create certain objects with +6 in the Weaving, Spinning, and Tanning craft skills.</tier-desc>
			<tier-skilladjust>10</tier-skilladjust>
			<tier-keywords>
				<tier-keywordset>
					<tier-keyword>techclass_3</tier-keyword>
				</tier-keywordset>
			</tier-keywords>
			<tier-attributes>
				<tier-attribute type="statBonus">+6 Weaving</tier-attribute>
				<tier-attribute type="statBonus">+6 Spinning</tier-attribute>
				<tier-attribute type="statBonus">+6 Tanning</tier-attribute>
			</tier-attributes>
			<components>
				<component amount="33">Cotton Spool</component>
				<component amount="4">Glowing Essence Orb</component>
			</components>
		</tier>
	</tech>
</techniqueset>
