<?xml version="1.0" encoding="ISO-8859-1"?>
<techniqueset format="2.1">
	<techniqueset-name>Spellcrafter's Boon</techniqueset-name>
	<techniqueset-categories>
		<techniqueset-category>Craft - Boons</techniqueset-category>
	</techniqueset-categories>
	<tech>
		<tech-name>Spellcrafter's Boon</tech-name>
		<tech-icon>icon_technique_03_45_11.png</tech-icon>
		<tech-keywords>
			<tech-keywordset>
				<tech-keyword>armor</tech-keyword>
				<tech-keyword>jewelry</tech-keyword>
				<tech-keyword>dragonscale</tech-keyword>
				<tech-keyword>container</tech-keyword>
			</tech-keywordset>
			<tech-keywordset>
				<tech-keyword>bodyslot_chest</tech-keyword>
				<tech-keyword>bodyslot_back</tech-keyword>
				<tech-keyword>bodyslot_neck</tech-keyword>
				<tech-keyword>bodyslot_head</tech-keyword>
				<tech-keyword>bodyslot_ear</tech-keyword>
				<tech-keyword>bodyslot_wrist</tech-keyword>
				<tech-keyword>bodyslot_hands</tech-keyword>
				<tech-keyword>bodyslot_leftpalm</tech-keyword>
				<tech-keyword>dragon_bodyslot_wing</tech-keyword>
				<tech-keyword>dragon_bodyslot_foreleg</tech-keyword>
				<tech-keyword>dragon_bodyslot_hindleg</tech-keyword>
				<tech-keyword>dragon_bodyslot_chest</tech-keyword>
				<tech-keyword>dragon_bodyslot_back</tech-keyword>
				<tech-keyword>dragon_bodyslot_head</tech-keyword>
				<tech-keyword>dragon_bodyslot_tail</tech-keyword>
			</tech-keywordset>
		</tech-keywords>
		<tech-effectkeywords>
			<tech-effectkeywordset>
				<tech-effectkeyword>statmod_essenceshaping_up</tech-effectkeyword>
				<tech-effectkeyword>statmod_spellcraft_up</tech-effectkeyword>
				<tech-effectkeyword>statmod_stoneworking_up</tech-effectkeyword>
			</tech-effectkeywordset>
		</tech-effectkeywords>
		<tier>
			<tier-name>Spellcrafter's Boon</tier-name>
			<tier-origin>Craft: Spellcrafter's Boon</tier-origin>
			<tier-lvl name="Boon (I)">1</tier-lvl>
			<tier-desc>This technique gives the user the ability to create certain objects with +2 in the Spellcraft, Stoneworking, and Essence Shaping craft skills.</tier-desc>
			<tier-skilladjust>20</tier-skilladjust>
			<tier-keywords>
				<tier-keywordset>
					<tier-keyword>techclass_1</tier-keyword>
				</tier-keywordset>
			</tier-keywords>
			<tier-attributes>
				<tier-attribute type="statBonus">+2 Spellcraft</tier-attribute>
				<tier-attribute type="statBonus">+2 Stoneworking</tier-attribute>
				<tier-attribute type="statBonus">+2 Essence Shaping</tier-attribute>
			</tier-attributes>
			<components>
				<component amount="33">Sandstone Brick</component>
				<component amount="4">Dim Essence Orb</component>
			</components>
		</tier>
		<tier>
			<tier-name>Spellcrafter's Bounty</tier-name>
			<tier-origin>Craft: Spellcrafter's Bounty</tier-origin>
			<tier-lvl name="Bounty (II)">2</tier-lvl>
			<tier-desc>This technique gives the user the ability to create certain objects with +4 in the Spellcraft, Stoneworking, and Essence Shaping craft skills.</tier-desc>
			<tier-skilladjust>30</tier-skilladjust>
			<tier-keywords>
				<tier-keywordset>
					<tier-keyword>techclass_2</tier-keyword>
				</tier-keywordset>
			</tier-keywords>
			<tier-attributes>
				<tier-attribute type="statBonus">+4 Spellcraft</tier-attribute>
				<tier-attribute type="statBonus">+4 Stoneworking</tier-attribute>
				<tier-attribute type="statBonus">+4 Essence Shaping</tier-attribute>
			</tier-attributes>
			<components>
				<component amount="33">Slate Brick</component>
				<component amount="4">Pale Essence Orb</component>
			</components>
		</tier>
		<tier>
			<tier-name>Spellcrafter's Blessing</tier-name>
			<tier-origin>Craft: Spellcrafter's Blessing</tier-origin>
			<tier-lvl name="Blessing (III)">3</tier-lvl>
			<tier-desc>This technique gives the user the ability to create certain objects with +6 in the Spellcraft, Stoneworking, and Essence Shaping craft skills.</tier-desc>
			<tier-skilladjust>10</tier-skilladjust>
			<tier-keywords>
				<tier-keywordset>
					<tier-keyword>techclass_3</tier-keyword>
				</tier-keywordset>
			</tier-keywords>
			<tier-attributes>
				<tier-attribute type="statBonus">+6 Spellcraft</tier-attribute>
				<tier-attribute type="statBonus">+6 Stoneworking</tier-attribute>
				<tier-attribute type="statBonus">+6 Essence Shaping</tier-attribute>
			</tier-attributes>
			<components>
				<component amount="33">Granite Brick</component>
				<component amount="4">Glowing Essence Orb</component>
			</components>
		</tier>
	</tech>
</techniqueset>
