<?xml version="1.0" encoding="ISO-8859-1"?>
<techniqueset format="2.1">
	<techniqueset-name>Essence Structuring</techniqueset-name>
	<techniqueset-categories>
		<techniqueset-category>Craft</techniqueset-category>
	</techniqueset-categories>
	<tech>
		<tech-name>Essence Structuring</tech-name>
		<tech-icon>icon_technique_03_00_11.png</tech-icon>
		<tech-keywords>
			<tech-keywordset>
				<tech-keyword>armor</tech-keyword>
				<tech-keyword>jewelry</tech-keyword>
				<tech-keyword>tool</tech-keyword>
			</tech-keywordset>
			<tech-keywordset>
				<tech-keyword>bodyslot_chest</tech-keyword>
				<tech-keyword>bodyslot_neck</tech-keyword>
				<tech-keyword>bodyslot_head</tech-keyword>
				<tech-keyword>bodyslot_ear</tech-keyword>
				<tech-keyword>bodyslot_waist</tech-keyword>
				<tech-keyword>bodyslot_wrist</tech-keyword>
				<tech-keyword>bodyslot_hands</tech-keyword>
				<tech-keyword>bodyslot_rightpalm</tech-keyword>
			</tech-keywordset>
		</tech-keywords>
		<tech-effectkeywords>
			<tech-effectkeywordset>
				<tech-effectkeyword>statmod_essencestruct_up</tech-effectkeyword>
			</tech-effectkeywordset>
		</tech-effectkeywords>
		<tier>
			<tier-name>Essence Structuring I</tier-name>
			<tier-origin>Craft: Essence Structuring I</tier-origin>
			<tier-lvl>1</tier-lvl>
			<tier-desc>This technique gives the user the ability to create certain objects with an addtional +4 in the Essence Structuring trade skill.</tier-desc>
			<tier-skilladjust>10</tier-skilladjust>
			<tier-keywords>
				<tier-keywordset>
					<tier-keyword>techclass_1</tier-keyword>
				</tier-keywordset>
			</tier-keywords>
			<tier-attributes>
				<tier-attribute type="statBonus">+4 Essence Structuring</tier-attribute>
			</tier-attributes>
			<components>
				<component amount="4">Dim Essence Orb</component>
				<component amount="1">Bronze Golem Fragment</component>
			</components>
		</tier>
		<tier>
			<tier-name>Essence Structuring II</tier-name>
			<tier-origin>Craft: Essence Structuring II</tier-origin>
			<tier-lvl>2</tier-lvl>
			<tier-desc>This technique gives the user the ability to create certain objects with an addtional +8 in the Essence Structuring trade skill.</tier-desc>
			<tier-skilladjust>20</tier-skilladjust>
			<tier-keywords>
				<tier-keywordset>
					<tier-keyword>techclass_2</tier-keyword>
				</tier-keywordset>
			</tier-keywords>
			<tier-attributes>
				<tier-attribute type="statBonus">+8 Essence Structuring</tier-attribute>
			</tier-attributes>
			<components>
				<component amount="4">Pale Essence Orb</component>
				<component amount="1">Lesser Mummy Embalming Dust</component>
				<component amount="1">Brighter Tarantula Silk</component>
			</components>
		</tier>
		<tier>
			<tier-name>Essence Structuring III</tier-name>
			<tier-origin>Craft: Essence Structuring III</tier-origin>
			<tier-lvl>3</tier-lvl>
			<tier-desc>This technique gives the user the ability to create certain objects with an addtional +12 in the Essence Structuring trade skill.</tier-desc>
			<tier-skilladjust>30</tier-skilladjust>
			<tier-keywords>
				<tier-keywordset>
					<tier-keyword>techclass_3</tier-keyword>
				</tier-keywordset>
			</tier-keywords>
			<tier-attributes>
				<tier-attribute type="statBonus">+12 Essence Structuring</tier-attribute>
			</tier-attributes>
			<components>
				<component amount="4">Glowing Essence Orb</component>
				<component amount="1">Greater Mummy Scarab</component>
				<component amount="1">Redbacked Tarantula Eye</component>
			</components>
		</tier>
		<tier>
			<tier-name>Essence Structuring IV</tier-name>
			<tier-origin>Craft: Essence Structuring IV</tier-origin>
			<tier-lvl>4</tier-lvl>
			<tier-desc>This technique gives the user the ability to create certain objects with an addtional +16 in the Essence Structuring trade skill.</tier-desc>
			<tier-skilladjust>40</tier-skilladjust>
			<tier-keywords>
				<tier-keywordset>
					<tier-keyword>techclass_4</tier-keyword>
				</tier-keywordset>
			</tier-keywords>
			<tier-attributes>
				<tier-attribute type="statBonus">+16 Essence Structuring</tier-attribute>
			</tier-attributes>
			<components>
				<component amount="4">Bright Essence Orb</component>
				<component amount="2">Mighty Blight Bindings</component>
				<component amount="1">Sand Scarab Carapace</component>
			</components>
		</tier>
		<tier>
			<tier-name>Essence Structuring V</tier-name>
			<tier-origin>Craft: Essence Structuring V</tier-origin>
			<tier-lvl>5</tier-lvl>
			<tier-desc>This technique gives the user the ability to create certain objects with an addtional +20 in the Essence Structuring trade skill.</tier-desc>
			<tier-skilladjust>50</tier-skilladjust>
			<tier-keywords>
				<tier-keywordset>
					<tier-keyword>techclass_5</tier-keyword>
				</tier-keywordset>
			</tier-keywords>
			<tier-attributes>
				<tier-attribute type="statBonus">+20 Essence Structuring</tier-attribute>
			</tier-attributes>
			<components>
				<component amount="4">Shining Essence Orb</component>
				<component amount="2">Purple Tarantula Venom</component>
				<component amount="2">Veteran Blight Bindings</component>
			</components>
		</tier>
	</tech>
</techniqueset>
