<?xml version="1.0" encoding="ISO-8859-1"?>
<techniqueset format="2.1">
	<techniqueset-name>Smelting</techniqueset-name>
	<techniqueset-categories>
		<techniqueset-category>Craft</techniqueset-category>
	</techniqueset-categories>
	<tech>
		<tech-name>Smelting</tech-name>
		<tech-icon>icon_technique_03_00_11.png</tech-icon>
		<tech-keywords>
			<tech-keywordset>
				<tech-keyword>armor</tech-keyword>
				<tech-keyword>jewelry</tech-keyword>
				<tech-keyword>tool</tech-keyword>
				<tech-keyword>dragonscale</tech-keyword>
			</tech-keywordset>
			<tech-keywordset>
				<tech-keyword>bodyslot_neck</tech-keyword>
				<tech-keyword>bodyslot_waist</tech-keyword>
				<tech-keyword>bodyslot_legs</tech-keyword>
				<tech-keyword>bodyslot_shoulder</tech-keyword>
				<tech-keyword>bodyslot_arms</tech-keyword>
				<tech-keyword>bodyslot_hands</tech-keyword>
				<tech-keyword>bodyslot_rightpalm</tech-keyword>
				<tech-keyword>bodyslot_finger</tech-keyword>
				<tech-keyword>dragon_bodyslot_wing</tech-keyword>
				<tech-keyword>dragon_bodyslot_foreleg</tech-keyword>
				<tech-keyword>dragon_bodyslot_hindleg</tech-keyword>
				<tech-keyword>dragon_bodyslot_chest</tech-keyword>
				<tech-keyword>dragon_bodyslot_back</tech-keyword>
				<tech-keyword>dragon_bodyslot_head</tech-keyword>
				<tech-keyword>dragon_bodyslot_tail</tech-keyword>
				<tech-keyword>dragon_weapon_claw</tech-keyword>
				<tech-keyword>dragon_tool_claw</tech-keyword>
			</tech-keywordset>
		</tech-keywords>
		<tech-effectkeywords>
			<tech-effectkeywordset>
				<tech-effectkeyword>statmod_smelting_up</tech-effectkeyword>
			</tech-effectkeywordset>
		</tech-effectkeywords>
		<tier>
			<tier-name>Smelting I</tier-name>
			<tier-origin>Craft: Smelting I</tier-origin>
			<tier-lvl>1</tier-lvl>
			<tier-desc>This technique gives the user the ability to create certain objects with an addtional +4 to the Smelting trade skill.</tier-desc>
			<tier-skilladjust>10</tier-skilladjust>
			<tier-keywords>
				<tier-keywordset>
					<tier-keyword>techclass_1</tier-keyword>
				</tier-keywordset>
			</tier-keywords>
			<tier-attributes>
				<tier-attribute type="statBonus">+4 Smelting</tier-attribute>
			</tier-attributes>
			<components>
				<component amount="4">Dim Essence Orb</component>
				<component amount="1">Venomous Stalker Leg Hair</component>
			</components>
		</tier>
		<tier>
			<tier-name>Smelting II</tier-name>
			<tier-origin>Craft: Smelting II</tier-origin>
			<tier-lvl>2</tier-lvl>
			<tier-desc>This technique gives the user the ability to create certain objects with an addtional +8 to the Smelting trade skill.</tier-desc>
			<tier-skilladjust>20</tier-skilladjust>
			<tier-keywords>
				<tier-keywordset>
					<tier-keyword>techclass_2</tier-keyword>
				</tier-keywordset>
			</tier-keywords>
			<tier-attributes>
				<tier-attribute type="statBonus">+8 Smelting</tier-attribute>
			</tier-attributes>
			<components>
				<component amount="4">Pale Essence Orb</component>
				<component amount="1">Iron Golem Fragment</component>
				<component amount="1">Lapis Lazuli Golem Chip</component>
			</components>
		</tier>
		<tier>
			<tier-name>Smelting III</tier-name>
			<tier-origin>Craft: Smelting III</tier-origin>
			<tier-lvl>3</tier-lvl>
			<tier-desc>This technique gives the user the ability to create certain objects with an addtional +12 to the Smelting trade skill.</tier-desc>
			<tier-skilladjust>30</tier-skilladjust>
			<tier-keywords>
				<tier-keywordset>
					<tier-keyword>techclass_3</tier-keyword>
				</tier-keywordset>
			</tier-keywords>
			<tier-attributes>
				<tier-attribute type="statBonus">+12 Smelting</tier-attribute>
			</tier-attributes>
			<components>
				<component amount="4">Glowing Essence Orb</component>
				<component amount="1">Gold Golem Fragment</component>
				<component amount="1">Oak Treant Knot</component>
			</components>
		</tier>
		<tier>
			<tier-name>Smelting IV</tier-name>
			<tier-origin>Craft: Smelting IV</tier-origin>
			<tier-lvl>4</tier-lvl>
			<tier-desc>This technique gives the user the ability to create certain objects with an addtional +16 to the Smelting trade skill.</tier-desc>
			<tier-skilladjust>40</tier-skilladjust>
			<tier-keywords>
				<tier-keywordset>
					<tier-keyword>techclass_4</tier-keyword>
				</tier-keywordset>
			</tier-keywords>
			<tier-attributes>
				<tier-attribute type="statBonus">+16 Smelting</tier-attribute>
			</tier-attributes>
			<components>
				<component amount="4">Bright Essence Orb</component>
				<component amount="1">Platinum Golem Fragment</component>
				<component amount="2">Fire Pygmy Ear</component>
			</components>
		</tier>
		<tier>
			<tier-name>Smelting V</tier-name>
			<tier-origin>Craft: Smelting V</tier-origin>
			<tier-lvl>5</tier-lvl>
			<tier-desc>This technique gives the user the ability to create certain objects with an addtional +20 to the Smelting trade skill.</tier-desc>
			<tier-skilladjust>50</tier-skilladjust>
			<tier-keywords>
				<tier-keywordset>
					<tier-keyword>techclass_5</tier-keyword>
				</tier-keywordset>
			</tier-keywords>
			<tier-attributes>
				<tier-attribute type="statBonus">+20 Smelting</tier-attribute>
			</tier-attributes>
			<components>
				<component amount="4">Shining Essence Orb</component>
				<component amount="2">Mithril Golem Fragment</component>
				<component amount="2">Nahguk Ogre Jawbone</component>
			</components>
		</tier>
	</tech>
</techniqueset>
