<?xml version="1.0" encoding="ISO-8859-1"?>
<formulaset format="2.1">
	<formulaset-name>Containers</formulaset-name>
	<formulaset-categories>
		<formulaset-category>Containers</formulaset-category>
	</formulaset-categories>
	<item>
		<item-name>Dragon Scale Pack</item-name>
		<item-icon>icon_formula_c_scalepack_01_11.png</item-icon>
		<item-batchqty>1</item-batchqty>
		<item-attributes>
			<item-attribute type="equipSlot">Backpack</item-attribute>
			<item-attribute type="bulk">5</item-attribute>
			<item-attribute type="reqRace">Adult Dragon, Hatchling Dragon, Ancient Dragon, Khutit</item-attribute>
		</item-attributes>
		<item-keywords>
			<item-keyword>bodyslot_backpack</item-keyword>
		</item-keywords>
		<tier>
			<tier-name>Sandstone Dragon Scale Pack</tier-name>
			<tier-lvl>1</tier-lvl>
			<tier-allowedtechniques>0</tier-allowedtechniques>
			<tier-attributes>
				<tier-attribute type="bulkCapacity">1400</tier-attribute>
				<tier-attribute type="hoardValue">136</tier-attribute>
				<tier-attribute type="reqAnySchoolLevel">Any School Level (1)</tier-attribute>
			</tier-attributes>
			<resources>
				<resource>
					<resource-name>Sandstone Brick</resource-name>
					<resource-skill>Scalecraft</resource-skill>
					<resource-min amount="16">150</resource-min>
					<resource-opt amount="8">250</resource-opt>
				</resource>
				<resource>
					<resource-name>Turquoise</resource-name>
					<resource-skill>Scalecraft</resource-skill>
					<resource-min amount="8">150</resource-min>
					<resource-opt amount="4">250</resource-opt>
				</resource>
				<resource>
					<resource-name>Malachite</resource-name>
					<resource-skill>Scalecraft</resource-skill>
					<resource-min amount="8">150</resource-min>
					<resource-opt amount="4">250</resource-opt>
				</resource>
				<resource>
					<resource-name>Garnet</resource-name>
					<resource-skill>Scalecraft</resource-skill>
					<resource-min amount="8">150</resource-min>
					<resource-opt amount="4">250</resource-opt>
				</resource>
				<resource>
					<resource-name>Bronze Bar</resource-name>
					<resource-skill>Scalecraft</resource-skill>
					<resource-min amount="16">150</resource-min>
					<resource-opt amount="8">250</resource-opt>
				</resource>
			</resources>
		</tier>
		<tier>
			<tier-name>Slate Dragon Scale Pack</tier-name>
			<tier-lvl>2</tier-lvl>
			<tier-allowedtechniques>0</tier-allowedtechniques>
			<tier-attributes>
				<tier-attribute type="bulkCapacity">1800</tier-attribute>
				<tier-attribute type="hoardValue">264</tier-attribute>
				<tier-attribute type="reqAnySchoolLevel">Any School Level (20)</tier-attribute>
			</tier-attributes>
			<resources>
				<resource>
					<resource-name>Slate Brick</resource-name>
					<resource-skill>Scalecraft</resource-skill>
					<resource-min amount="16">350</resource-min>
					<resource-opt amount="8">475</resource-opt>
				</resource>
				<resource>
					<resource-name>Rose Quartz</resource-name>
					<resource-skill>Scalecraft</resource-skill>
					<resource-min amount="8">350</resource-min>
					<resource-opt amount="4">475</resource-opt>
				</resource>
				<resource>
					<resource-name>Lapis Lazuli</resource-name>
					<resource-skill>Scalecraft</resource-skill>
					<resource-min amount="8">350</resource-min>
					<resource-opt amount="4">475</resource-opt>
				</resource>
				<resource>
					<resource-name>Amethyst</resource-name>
					<resource-skill>Scalecraft</resource-skill>
					<resource-min amount="8">350</resource-min>
					<resource-opt amount="4">475</resource-opt>
				</resource>
				<resource>
					<resource-name>Silver Bar</resource-name>
					<resource-skill>Scalecraft</resource-skill>
					<resource-min amount="16">350</resource-min>
					<resource-opt amount="8">475</resource-opt>
				</resource>
			</resources>
		</tier>
		<tier>
			<tier-name>Granite Dragon Scale Pack</tier-name>
			<tier-lvl>3</tier-lvl>
			<tier-allowedtechniques>0</tier-allowedtechniques>
			<tier-attributes>
				<tier-attribute type="bulkCapacity">2200</tier-attribute>
				<tier-attribute type="hoardValue">528</tier-attribute>
				<tier-attribute type="reqAnySchoolLevel">Any School Level (40)</tier-attribute>
			</tier-attributes>
			<resources>
				<resource>
					<resource-name>Granite Brick</resource-name>
					<resource-skill>Scalecraft</resource-skill>
					<resource-min amount="16">550</resource-min>
					<resource-opt amount="8">700</resource-opt>
				</resource>
				<resource>
					<resource-name>Jasper</resource-name>
					<resource-skill>Scalecraft</resource-skill>
					<resource-min amount="8">550</resource-min>
					<resource-opt amount="4">700</resource-opt>
				</resource>
				<resource>
					<resource-name>Citrine</resource-name>
					<resource-skill>Scalecraft</resource-skill>
					<resource-min amount="8">550</resource-min>
					<resource-opt amount="4">700</resource-opt>
				</resource>
				<resource>
					<resource-name>Aquamarine</resource-name>
					<resource-skill>Scalecraft</resource-skill>
					<resource-min amount="8">550</resource-min>
					<resource-opt amount="4">700</resource-opt>
				</resource>
				<resource>
					<resource-name>Gold Bar</resource-name>
					<resource-skill>Scalecraft</resource-skill>
					<resource-min amount="16">550</resource-min>
					<resource-opt amount="8">700</resource-opt>
				</resource>
			</resources>
		</tier>
		<tier>
			<tier-name>Obsidian Dragon Scale Pack</tier-name>
			<tier-lvl>4</tier-lvl>
			<tier-allowedtechniques>0</tier-allowedtechniques>
			<tier-attributes>
				<tier-attribute type="bulkCapacity">2600</tier-attribute>
				<tier-attribute type="hoardValue">1056</tier-attribute>
				<tier-attribute type="reqAnySchoolLevel">Any School Level (60)</tier-attribute>
			</tier-attributes>
			<resources>
				<resource>
					<resource-name>Obsidian Brick</resource-name>
					<resource-skill>Scalecraft</resource-skill>
					<resource-min amount="16">750</resource-min>
					<resource-opt amount="8">925</resource-opt>
				</resource>
				<resource>
					<resource-name>Topaz</resource-name>
					<resource-skill>Scalecraft</resource-skill>
					<resource-min amount="8">750</resource-min>
					<resource-opt amount="4">925</resource-opt>
				</resource>
				<resource>
					<resource-name>Opal</resource-name>
					<resource-skill>Scalecraft</resource-skill>
					<resource-min amount="8">750</resource-min>
					<resource-opt amount="4">925</resource-opt>
				</resource>
				<resource>
					<resource-name>Jade</resource-name>
					<resource-skill>Scalecraft</resource-skill>
					<resource-min amount="8">750</resource-min>
					<resource-opt amount="4">925</resource-opt>
				</resource>
				<resource>
					<resource-name>Platinum Bar</resource-name>
					<resource-skill>Scalecraft</resource-skill>
					<resource-min amount="16">750</resource-min>
					<resource-opt amount="8">925</resource-opt>
				</resource>
			</resources>
		</tier>
		<tier>
			<tier-name>Marble Dragon Scale Pack</tier-name>
			<tier-lvl>5</tier-lvl>
			<tier-allowedtechniques>0</tier-allowedtechniques>
			<tier-attributes>
				<tier-attribute type="bulkCapacity">3000</tier-attribute>
				<tier-attribute type="hoardValue">2112</tier-attribute>
				<tier-attribute type="reqAnySchoolLevel">Any School Level (80)</tier-attribute>
			</tier-attributes>
			<resources>
				<resource>
					<resource-name>Marble Brick</resource-name>
					<resource-skill>Scalecraft</resource-skill>
					<resource-min amount="16">950</resource-min>
					<resource-opt amount="8">1125</resource-opt>
				</resource>
				<resource>
					<resource-name>Peridot</resource-name>
					<resource-skill>Scalecraft</resource-skill>
					<resource-min amount="8">950</resource-min>
					<resource-opt amount="4">1125</resource-opt>
				</resource>
				<resource>
					<resource-name>Fire Opal</resource-name>
					<resource-skill>Scalecraft</resource-skill>
					<resource-min amount="8">950</resource-min>
					<resource-opt amount="4">1125</resource-opt>
				</resource>
				<resource>
					<resource-name>Emerald</resource-name>
					<resource-skill>Scalecraft</resource-skill>
					<resource-min amount="8">950</resource-min>
					<resource-opt amount="4">1125</resource-opt>
				</resource>
				<resource>
					<resource-name>Mithril Bar</resource-name>
					<resource-skill>Scalecraft</resource-skill>
					<resource-min amount="16">950</resource-min>
					<resource-opt amount="8">1125</resource-opt>
				</resource>
			</resources>
		</tier>
	</item>
	<item>
		<item-name>Fabric Backpack Pouch</item-name>
		<item-icon>icon_formula_c_pouch_01_11.png</item-icon>
		<item-batchqty>1</item-batchqty>
		<item-attributes>
			<item-attribute type="equipSlot">All</item-attribute>
		</item-attributes>
		<item-keywords>
			<item-keyword>backpack</item-keyword>
		</item-keywords>
		<tier>
			<tier-name>Flaxen Backpack Pouch</tier-name>
			<tier-lvl>1</tier-lvl>
			<tier-allowedtechniques>0</tier-allowedtechniques>
			<tier-attributes>
				<tier-attribute type="bulk">20</tier-attribute>
				<tier-attribute type="bulkCapacity">400</tier-attribute>
				<tier-attribute type="hoardValue">14</tier-attribute>
			</tier-attributes>
			<tier-keywords>
				<tier-keyword>tier_1</tier-keyword>
			</tier-keywords>
			<resources>
				<resource>
					<resource-name>Flax Spool</resource-name>
					<resource-skill>Clothworking</resource-skill>
					<resource-min amount="14">1</resource-min>
					<resource-opt amount="7">100</resource-opt>
				</resource>
			</resources>
		</tier>
		<tier>
			<tier-name>Kenaf Backpack Pouch</tier-name>
			<tier-lvl>2</tier-lvl>
			<tier-allowedtechniques>0</tier-allowedtechniques>
			<tier-attributes>
				<tier-attribute type="bulk">17</tier-attribute>
				<tier-attribute type="bulkCapacity">800</tier-attribute>
				<tier-attribute type="hoardValue">35</tier-attribute>
			</tier-attributes>
			<tier-keywords>
				<tier-keyword>tier_2</tier-keyword>
			</tier-keywords>
			<resources>
				<resource>
					<resource-name>Kenaf Spool</resource-name>
					<resource-skill>Clothworking</resource-skill>
					<resource-min amount="14">200</resource-min>
					<resource-opt amount="7">325</resource-opt>
				</resource>
			</resources>
		</tier>
		<tier>
			<tier-name>Cotton Backpack Pouch</tier-name>
			<tier-lvl>3</tier-lvl>
			<tier-allowedtechniques>0</tier-allowedtechniques>
			<tier-attributes>
				<tier-attribute type="bulk">14</tier-attribute>
				<tier-attribute type="bulkCapacity">1200</tier-attribute>
				<tier-attribute type="hoardValue">63</tier-attribute>
			</tier-attributes>
			<tier-keywords>
				<tier-keyword>tier_3</tier-keyword>
			</tier-keywords>
			<resources>
				<resource>
					<resource-name>Cotton Spool</resource-name>
					<resource-skill>Clothworking</resource-skill>
					<resource-min amount="14">400</resource-min>
					<resource-opt amount="7">550</resource-opt>
				</resource>
			</resources>
		</tier>
		<tier>
			<tier-name>Silk Backpack Pouch</tier-name>
			<tier-lvl>4</tier-lvl>
			<tier-allowedtechniques>0</tier-allowedtechniques>
			<tier-attributes>
				<tier-attribute type="bulk">11</tier-attribute>
				<tier-attribute type="bulkCapacity">1600</tier-attribute>
				<tier-attribute type="hoardValue">126</tier-attribute>
			</tier-attributes>
			<tier-keywords>
				<tier-keyword>tier_4</tier-keyword>
			</tier-keywords>
			<resources>
				<resource>
					<resource-name>Silk Spool</resource-name>
					<resource-skill>Clothworking</resource-skill>
					<resource-min amount="14">600</resource-min>
					<resource-opt amount="7">775</resource-opt>
				</resource>
			</resources>
		</tier>
		<tier>
			<tier-name>Ironsilk Backpack Pouch</tier-name>
			<tier-lvl>5</tier-lvl>
			<tier-allowedtechniques>0</tier-allowedtechniques>
			<tier-attributes>
				<tier-attribute type="bulk">8</tier-attribute>
				<tier-attribute type="bulkCapacity">2000</tier-attribute>
				<tier-attribute type="hoardValue">252</tier-attribute>
			</tier-attributes>
			<tier-keywords>
				<tier-keyword>tier_5</tier-keyword>
			</tier-keywords>
			<resources>
				<resource>
					<resource-name>Ironsilk Spool</resource-name>
					<resource-skill>Clothworking</resource-skill>
					<resource-min amount="14">800</resource-min>
					<resource-opt amount="7">975</resource-opt>
				</resource>
			</resources>
		</tier>
	</item>
	<item>
		<item-name>Fabric Sack</item-name>
		<item-icon>icon_formula_c_sack_01_11.png</item-icon>
		<item-batchqty>1</item-batchqty>
		<item-attributes>
			<item-attribute type="equipSlot">Left Palm</item-attribute>
			<item-attribute type="reqRace">Human, Dwarf, Fiend, Saris, Elf, Sslik, Half-Giant, Gnome, Satyr, Dryad</item-attribute>
		</item-attributes>
		<item-keywords>
			<item-keyword>container_sack</item-keyword>
			<item-keyword>techclass_1</item-keyword>
			<item-keyword>container</item-keyword>
			<item-keyword>bodyslot_leftpalm</item-keyword>
		</item-keywords>
		<tier>
			<tier-name>Flaxen Sack</tier-name>
			<tier-lvl>1</tier-lvl>
			<tier-allowedtechniques>1</tier-allowedtechniques>
			<tier-attributes>
				<tier-attribute type="bulk">25</tier-attribute>
				<tier-attribute type="bulkCapacity">150</tier-attribute>
				<tier-attribute type="hoardValue">22</tier-attribute>
				<tier-attribute type="reqAnySchoolLevel">Any School Level (5)</tier-attribute>
			</tier-attributes>
			<tier-keywords>
				<tier-keyword>tier_1</tier-keyword>
			</tier-keywords>
			<resources>
				<resource>
					<resource-name>Cedar Hide Tannin</resource-name>
					<resource-skill>Clothworking</resource-skill>
					<resource-min amount="6">75</resource-min>
					<resource-opt amount="3">175</resource-opt>
				</resource>
				<resource>
					<resource-name>Flax Spool</resource-name>
					<resource-skill>Clothworking</resource-skill>
					<resource-min amount="16">75</resource-min>
					<resource-opt amount="8">175</resource-opt>
				</resource>
			</resources>
		</tier>
		<tier>
			<tier-name>Kenaf Sack</tier-name>
			<tier-lvl>2</tier-lvl>
			<tier-allowedtechniques>1</tier-allowedtechniques>
			<tier-attributes>
				<tier-attribute type="bulk">22</tier-attribute>
				<tier-attribute type="bulkCapacity">250</tier-attribute>
				<tier-attribute type="hoardValue">55</tier-attribute>
				<tier-attribute type="reqAnySchoolLevel">Any School Level (25)</tier-attribute>
			</tier-attributes>
			<tier-keywords>
				<tier-keyword>techclass_2</tier-keyword>
				<tier-keyword>tier_2</tier-keyword>
			</tier-keywords>
			<resources>
				<resource>
					<resource-name>Elm Hide Tannin</resource-name>
					<resource-skill>Clothworking</resource-skill>
					<resource-min amount="6">275</resource-min>
					<resource-opt amount="3">400</resource-opt>
				</resource>
				<resource>
					<resource-name>Kenaf Spool</resource-name>
					<resource-skill>Clothworking</resource-skill>
					<resource-min amount="16">275</resource-min>
					<resource-opt amount="8">400</resource-opt>
				</resource>
			</resources>
		</tier>
		<tier>
			<tier-name>Cotton Sack</tier-name>
			<tier-lvl>3</tier-lvl>
			<tier-allowedtechniques>2</tier-allowedtechniques>
			<tier-attributes>
				<tier-attribute type="bulk">19</tier-attribute>
				<tier-attribute type="bulkCapacity">350</tier-attribute>
				<tier-attribute type="hoardValue">99</tier-attribute>
				<tier-attribute type="reqAnySchoolLevel">Any School Level (45)</tier-attribute>
			</tier-attributes>
			<tier-keywords>
				<tier-keyword>techclass_3</tier-keyword>
				<tier-keyword>techclass_2</tier-keyword>
				<tier-keyword>tier_3</tier-keyword>
			</tier-keywords>
			<resources>
				<resource>
					<resource-name>Oak Hide Tannin</resource-name>
					<resource-skill>Clothworking</resource-skill>
					<resource-min amount="6">475</resource-min>
					<resource-opt amount="3">625</resource-opt>
				</resource>
				<resource>
					<resource-name>Cotton Spool</resource-name>
					<resource-skill>Clothworking</resource-skill>
					<resource-min amount="16">475</resource-min>
					<resource-opt amount="8">625</resource-opt>
				</resource>
			</resources>
		</tier>
		<tier>
			<tier-name>Silk Sack</tier-name>
			<tier-lvl>4</tier-lvl>
			<tier-allowedtechniques>2</tier-allowedtechniques>
			<tier-attributes>
				<tier-attribute type="bulk">16</tier-attribute>
				<tier-attribute type="bulkCapacity">450</tier-attribute>
				<tier-attribute type="hoardValue">198</tier-attribute>
				<tier-attribute type="reqAnySchoolLevel">Any School Level (65)</tier-attribute>
			</tier-attributes>
			<tier-keywords>
				<tier-keyword>techclass_4</tier-keyword>
				<tier-keyword>techclass_3</tier-keyword>
				<tier-keyword>techclass_2</tier-keyword>
				<tier-keyword>tier_4</tier-keyword>
			</tier-keywords>
			<resources>
				<resource>
					<resource-name>Maple Hide Tannin</resource-name>
					<resource-skill>Clothworking</resource-skill>
					<resource-min amount="6">675</resource-min>
					<resource-opt amount="3">850</resource-opt>
				</resource>
				<resource>
					<resource-name>Silk Spool</resource-name>
					<resource-skill>Clothworking</resource-skill>
					<resource-min amount="16">675</resource-min>
					<resource-opt amount="8">850</resource-opt>
				</resource>
			</resources>
		</tier>
		<tier>
			<tier-name>Ironsilk Sack</tier-name>
			<tier-lvl>5</tier-lvl>
			<tier-allowedtechniques>3</tier-allowedtechniques>
			<tier-attributes>
				<tier-attribute type="bulk">13</tier-attribute>
				<tier-attribute type="bulkCapacity">550</tier-attribute>
				<tier-attribute type="hoardValue">396</tier-attribute>
				<tier-attribute type="reqAnySchoolLevel">Any School Level (85)</tier-attribute>
			</tier-attributes>
			<tier-keywords>
				<tier-keyword>techclass_5</tier-keyword>
				<tier-keyword>techclass_4</tier-keyword>
				<tier-keyword>techclass_3</tier-keyword>
				<tier-keyword>techclass_2</tier-keyword>
				<tier-keyword>tier_5</tier-keyword>
			</tier-keywords>
			<resources>
				<resource>
					<resource-name>Yew Hide Tannin</resource-name>
					<resource-skill>Clothworking</resource-skill>
					<resource-min amount="6">875</resource-min>
					<resource-opt amount="3">1000</resource-opt>
				</resource>
				<resource>
					<resource-name>Ironsilk Spool</resource-name>
					<resource-skill>Clothworking</resource-skill>
					<resource-min amount="16">875</resource-min>
					<resource-opt amount="8">1000</resource-opt>
				</resource>
			</resources>
		</tier>
	</item>
	<item>
		<item-name>Hide Satchel</item-name>
		<item-icon>icon_formula_c_satchel_01_11.png</item-icon>
		<item-batchqty>1</item-batchqty>
		<item-attributes>
			<item-attribute type="equipSlot">Left Palm</item-attribute>
			<item-attribute type="reqRace">Human, Dwarf, Fiend, Saris, Elf, Sslik, Half-Giant, Gnome, Satyr, Dryad</item-attribute>
		</item-attributes>
		<item-keywords>
			<item-keyword>container_satchel</item-keyword>
			<item-keyword>techclass_1</item-keyword>
			<item-keyword>container</item-keyword>
			<item-keyword>bodyslot_leftpalm</item-keyword>
		</item-keywords>
		<tier>
			<tier-name>Rough Hide Satchel</tier-name>
			<tier-lvl>1</tier-lvl>
			<tier-allowedtechniques>1</tier-allowedtechniques>
			<tier-attributes>
				<tier-attribute type="bulk">30</tier-attribute>
				<tier-attribute type="bulkCapacity">200</tier-attribute>
				<tier-attribute type="hoardValue">34</tier-attribute>
				<tier-attribute type="reqAnyCraftLevel">Any Craft Level (10)</tier-attribute>
			</tier-attributes>
			<tier-keywords>
				<tier-keyword>tier_1</tier-keyword>
			</tier-keywords>
			<resources>
				<resource>
					<resource-name>Cedar Sap</resource-name>
					<resource-skill>Leatherworking</resource-skill>
					<resource-min amount="10">150</resource-min>
					<resource-opt amount="5">250</resource-opt>
				</resource>
				<resource>
					<resource-name>Cedar Hide Tannin</resource-name>
					<resource-skill>Leatherworking</resource-skill>
					<resource-min amount="10">150</resource-min>
					<resource-opt amount="5">250</resource-opt>
				</resource>
				<resource>
					<resource-name>Hide Strip</resource-name>
					<resource-skill>Leatherworking</resource-skill>
					<resource-min amount="24">150</resource-min>
					<resource-opt amount="12">250</resource-opt>
				</resource>
			</resources>
		</tier>
		<tier>
			<tier-name>Tanned Hide Satchel</tier-name>
			<tier-lvl>2</tier-lvl>
			<tier-allowedtechniques>1</tier-allowedtechniques>
			<tier-attributes>
				<tier-attribute type="bulk">26</tier-attribute>
				<tier-attribute type="bulkCapacity">300</tier-attribute>
				<tier-attribute type="hoardValue">49</tier-attribute>
				<tier-attribute type="reqAnyCraftLevel">Any Craft Level (30)</tier-attribute>
			</tier-attributes>
			<tier-keywords>
				<tier-keyword>techclass_2</tier-keyword>
				<tier-keyword>tier_2</tier-keyword>
			</tier-keywords>
			<resources>
				<resource>
					<resource-name>Elm Sap</resource-name>
					<resource-skill>Leatherworking</resource-skill>
					<resource-min amount="10">350</resource-min>
					<resource-opt amount="5">475</resource-opt>
				</resource>
				<resource>
					<resource-name>Elm Hide Tannin</resource-name>
					<resource-skill>Leatherworking</resource-skill>
					<resource-min amount="10">350</resource-min>
					<resource-opt amount="5">475</resource-opt>
				</resource>
				<resource>
					<resource-name>Hide Strip</resource-name>
					<resource-skill>Leatherworking</resource-skill>
					<resource-min amount="24">350</resource-min>
					<resource-opt amount="12">475</resource-opt>
				</resource>
			</resources>
		</tier>
		<tier>
			<tier-name>Hardened Hide Satchel</tier-name>
			<tier-lvl>3</tier-lvl>
			<tier-allowedtechniques>2</tier-allowedtechniques>
			<tier-attributes>
				<tier-attribute type="bulk">22</tier-attribute>
				<tier-attribute type="bulkCapacity">400</tier-attribute>
				<tier-attribute type="hoardValue">69</tier-attribute>
				<tier-attribute type="reqAnyCraftLevel">Any Craft Level (50)</tier-attribute>
			</tier-attributes>
			<tier-keywords>
				<tier-keyword>techclass_3</tier-keyword>
				<tier-keyword>techclass_2</tier-keyword>
				<tier-keyword>tier_3</tier-keyword>
			</tier-keywords>
			<resources>
				<resource>
					<resource-name>Oak Sap</resource-name>
					<resource-skill>Leatherworking</resource-skill>
					<resource-min amount="10">550</resource-min>
					<resource-opt amount="5">700</resource-opt>
				</resource>
				<resource>
					<resource-name>Oak Hide Tannin</resource-name>
					<resource-skill>Leatherworking</resource-skill>
					<resource-min amount="10">550</resource-min>
					<resource-opt amount="5">700</resource-opt>
				</resource>
				<resource>
					<resource-name>Hide Strip</resource-name>
					<resource-skill>Leatherworking</resource-skill>
					<resource-min amount="24">550</resource-min>
					<resource-opt amount="12">700</resource-opt>
				</resource>
			</resources>
		</tier>
		<tier>
			<tier-name>Reinforced Hide Satchel</tier-name>
			<tier-lvl>4</tier-lvl>
			<tier-allowedtechniques>2</tier-allowedtechniques>
			<tier-attributes>
				<tier-attribute type="bulk">18</tier-attribute>
				<tier-attribute type="bulkCapacity">500</tier-attribute>
				<tier-attribute type="hoardValue">114</tier-attribute>
				<tier-attribute type="reqAnyCraftLevel">Any Craft Level (70)</tier-attribute>
			</tier-attributes>
			<tier-keywords>
				<tier-keyword>techclass_4</tier-keyword>
				<tier-keyword>techclass_3</tier-keyword>
				<tier-keyword>techclass_2</tier-keyword>
				<tier-keyword>tier_4</tier-keyword>
			</tier-keywords>
			<resources>
				<resource>
					<resource-name>Maple Hide Tannin</resource-name>
					<resource-skill>Leatherworking</resource-skill>
					<resource-min amount="10">750</resource-min>
					<resource-opt amount="5">925</resource-opt>
				</resource>
				<resource>
					<resource-name>Maple Sap</resource-name>
					<resource-skill>Leatherworking</resource-skill>
					<resource-min amount="10">750</resource-min>
					<resource-opt amount="5">925</resource-opt>
				</resource>
			</resources>
		</tier>
		<tier>
			<tier-name>Essence Hide Satchel</tier-name>
			<tier-lvl>5</tier-lvl>
			<tier-allowedtechniques>3</tier-allowedtechniques>
			<tier-attributes>
				<tier-attribute type="bulk">14</tier-attribute>
				<tier-attribute type="bulkCapacity">600</tier-attribute>
				<tier-attribute type="hoardValue">204</tier-attribute>
				<tier-attribute type="reqAnyCraftLevel">Any Craft Level (90)</tier-attribute>
			</tier-attributes>
			<tier-keywords>
				<tier-keyword>techclass_5</tier-keyword>
				<tier-keyword>techclass_4</tier-keyword>
				<tier-keyword>techclass_3</tier-keyword>
				<tier-keyword>techclass_2</tier-keyword>
				<tier-keyword>tier_5</tier-keyword>
			</tier-keywords>
			<resources>
				<resource>
					<resource-name>Yew Sap</resource-name>
					<resource-skill>Leatherworking</resource-skill>
					<resource-min amount="10">950</resource-min>
					<resource-opt amount="5">1150</resource-opt>
				</resource>
				<resource>
					<resource-name>Yew Hide Tannin</resource-name>
					<resource-skill>Leatherworking</resource-skill>
					<resource-min amount="10">950</resource-min>
					<resource-opt amount="5">1150</resource-opt>
				</resource>
				<resource>
					<resource-name>Hide Strip</resource-name>
					<resource-skill>Leatherworking</resource-skill>
					<resource-min amount="24">950</resource-min>
					<resource-opt amount="12">1075</resource-opt>
				</resource>
			</resources>
		</tier>
	</item>
	<item>
		<item-name>Leather Backpack</item-name>
		<item-icon>icon_formula_c_backpack_01_11.png</item-icon>
		<item-batchqty>1</item-batchqty>
		<item-attributes>
			<item-attribute type="equipSlot">Backpack</item-attribute>
			<item-attribute type="reqRace">Human, Dwarf, Fiend, Saris, Elf, Sslik, Half-Giant, Gnome, Satyr, Dryad</item-attribute>
		</item-attributes>
		<item-keywords>
			<item-keyword>backpack</item-keyword>
			<item-keyword>bodyslot_backpack</item-keyword>
		</item-keywords>
		<tier>
			<tier-name>Rough Leather Backpack</tier-name>
			<tier-lvl>1</tier-lvl>
			<tier-allowedtechniques>0</tier-allowedtechniques>
			<tier-attributes>
				<tier-attribute type="bulk">55</tier-attribute>
				<tier-attribute type="bulkCapacity">1400</tier-attribute>
				<tier-attribute type="hoardValue">56</tier-attribute>
				<tier-attribute type="reqAnySchoolLevel">Any School Level (1)</tier-attribute>
			</tier-attributes>
			<tier-keywords>
				<tier-keyword>tier_1</tier-keyword>
			</tier-keywords>
			<resources>
				<resource>
					<resource-name>Cedar Leather Tannin</resource-name>
					<resource-skill>Leatherworking</resource-skill>
					<resource-min amount="16">150</resource-min>
					<resource-opt amount="8">250</resource-opt>
				</resource>
				<resource>
					<resource-name>Hide Strip</resource-name>
					<resource-skill>Leatherworking</resource-skill>
					<resource-min amount="40">150</resource-min>
					<resource-opt amount="20">250</resource-opt>
				</resource>
			</resources>
		</tier>
		<tier>
			<tier-name>Tanned Leather Backpack</tier-name>
			<tier-lvl>2</tier-lvl>
			<tier-allowedtechniques>0</tier-allowedtechniques>
			<tier-attributes>
				<tier-attribute type="bulk">50</tier-attribute>
				<tier-attribute type="bulkCapacity">1800</tier-attribute>
				<tier-attribute type="hoardValue">80</tier-attribute>
				<tier-attribute type="reqAnySchoolLevel">Any School Level (20)</tier-attribute>
			</tier-attributes>
			<tier-keywords>
				<tier-keyword>tier_2</tier-keyword>
			</tier-keywords>
			<resources>
				<resource>
					<resource-name>Elm Leather Tannin</resource-name>
					<resource-skill>Leatherworking</resource-skill>
					<resource-min amount="16">350</resource-min>
					<resource-opt amount="8">475</resource-opt>
				</resource>
				<resource>
					<resource-name>Hide Strip</resource-name>
					<resource-skill>Leatherworking</resource-skill>
					<resource-min amount="40">350</resource-min>
					<resource-opt amount="20">475</resource-opt>
				</resource>
			</resources>
		</tier>
		<tier>
			<tier-name>Hardened Leather Backpack</tier-name>
			<tier-lvl>3</tier-lvl>
			<tier-allowedtechniques>0</tier-allowedtechniques>
			<tier-attributes>
				<tier-attribute type="bulk">40</tier-attribute>
				<tier-attribute type="bulkCapacity">2200</tier-attribute>
				<tier-attribute type="hoardValue">128</tier-attribute>
				<tier-attribute type="reqAnySchoolLevel">Any School Level (40)</tier-attribute>
			</tier-attributes>
			<tier-keywords>
				<tier-keyword>tier_3</tier-keyword>
			</tier-keywords>
			<resources>
				<resource>
					<resource-name>Oak Leather Tannin</resource-name>
					<resource-skill>Leatherworking</resource-skill>
					<resource-min amount="16">550</resource-min>
					<resource-opt amount="8">700</resource-opt>
				</resource>
				<resource>
					<resource-name>Hide Strip</resource-name>
					<resource-skill>Leatherworking</resource-skill>
					<resource-min amount="40">550</resource-min>
					<resource-opt amount="20">700</resource-opt>
				</resource>
			</resources>
		</tier>
		<tier>
			<tier-name>Reinforced Leather Backpack</tier-name>
			<tier-lvl>4</tier-lvl>
			<tier-allowedtechniques>0</tier-allowedtechniques>
			<tier-attributes>
				<tier-attribute type="bulk">30</tier-attribute>
				<tier-attribute type="bulkCapacity">2600</tier-attribute>
				<tier-attribute type="hoardValue">224</tier-attribute>
				<tier-attribute type="reqAnySchoolLevel">Any School Level (60)</tier-attribute>
			</tier-attributes>
			<tier-keywords>
				<tier-keyword>tier_4</tier-keyword>
			</tier-keywords>
			<resources>
				<resource>
					<resource-name>Maple Leather Tannin</resource-name>
					<resource-skill>Leatherworking</resource-skill>
					<resource-min amount="16">750</resource-min>
					<resource-opt amount="8">925</resource-opt>
				</resource>
				<resource>
					<resource-name>Hide Strip</resource-name>
					<resource-skill>Leatherworking</resource-skill>
					<resource-min amount="40">750</resource-min>
					<resource-opt amount="20">925</resource-opt>
				</resource>
			</resources>
		</tier>
		<tier>
			<tier-name>Essence Leather Backpack</tier-name>
			<tier-lvl>5</tier-lvl>
			<tier-allowedtechniques>0</tier-allowedtechniques>
			<tier-attributes>
				<tier-attribute type="bulk">25</tier-attribute>
				<tier-attribute type="bulkCapacity">3000</tier-attribute>
				<tier-attribute type="hoardValue">416</tier-attribute>
				<tier-attribute type="reqAnySchoolLevel">Any School Level (80)</tier-attribute>
			</tier-attributes>
			<tier-keywords>
				<tier-keyword>tier_5</tier-keyword>
			</tier-keywords>
			<resources>
				<resource>
					<resource-name>Yew Leather Tannin</resource-name>
					<resource-skill>Leatherworking</resource-skill>
					<resource-min amount="16">950</resource-min>
					<resource-opt amount="8">1150</resource-opt>
				</resource>
				<resource>
					<resource-name>Hide Strip</resource-name>
					<resource-skill>Leatherworking</resource-skill>
					<resource-min amount="40">950</resource-min>
					<resource-opt amount="20">1150</resource-opt>
				</resource>
			</resources>
		</tier>
	</item>
</formulaset>
