<?xml version="1.0" encoding="ISO-8859-1"?>
<techniqueset format="2.1">
	<techniqueset-name>Tempest</techniqueset-name>
	<techniqueset-categories>
		<techniqueset-category>Banner</techniqueset-category>
	</techniqueset-categories>
	<tech>
		<tech-name>Tempest</tech-name>
		<tech-icon>icon_technique_02_03_11.png</tech-icon>
		<tech-keywords>
			<tech-keywordset>
				<tech-keyword>gadget</tech-keyword>
			</tech-keywordset>
			<tech-keywordset>
				<tech-keyword>banner</tech-keyword>
			</tech-keywordset>
		</tech-keywords>
		<tier>
			<tier-name>Tempest I</tier-name>
			<tier-origin>Banner: Tempest I</tier-origin>
			<tier-lvl>1</tier-lvl>
			<tier-desc/>
			<tier-skilladjust>10</tier-skilladjust>
			<tier-keywords>
				<tier-keywordset>
					<tier-keyword>tier_1</tier-keyword>
				</tier-keywordset>
			</tier-keywords>
			<tier-attributes>
				<tier-attribute type="consumes">1 Nature-Imbued Dim Essence Orbs</tier-attribute>
				<tier-attribute type="range">Self Only</tier-attribute>
				<tier-attribute type="delay">5</tier-attribute>
				<tier-attribute type="recycle">Repeating</tier-attribute>
			</tier-attributes>
			<components>
				<component amount="20">Turquoise</component>
				<component amount="3">Dim Essence Orb</component>
				<component amount="7">Ground Malachite</component>
			</components>
		</tier>
		<tier>
			<tier-name>Tempest II</tier-name>
			<tier-origin>Banner: Tempest II</tier-origin>
			<tier-lvl>2</tier-lvl>
			<tier-desc/>
			<tier-skilladjust>10</tier-skilladjust>
			<tier-keywords>
				<tier-keywordset>
					<tier-keyword>tier_2</tier-keyword>
				</tier-keywordset>
			</tier-keywords>
			<tier-attributes>
				<tier-attribute type="consumes">1 Nature-Imbued Pale Essence Orbs</tier-attribute>
				<tier-attribute type="range">Self Only</tier-attribute>
				<tier-attribute type="delay">5</tier-attribute>
				<tier-attribute type="recycle">Repeating</tier-attribute>
			</tier-attributes>
			<components>
				<component amount="20">Lapis Lazuli</component>
				<component amount="3">Pale Essence Orb</component>
				<component amount="7">Ground Amethyst</component>
			</components>
		</tier>
		<tier>
			<tier-name>Tempest III</tier-name>
			<tier-origin>Banner: Tempest III</tier-origin>
			<tier-lvl>3</tier-lvl>
			<tier-desc/>
			<tier-skilladjust>10</tier-skilladjust>
			<tier-keywords>
				<tier-keywordset>
					<tier-keyword>tier_3</tier-keyword>
				</tier-keywordset>
			</tier-keywords>
			<tier-attributes>
				<tier-attribute type="consumes">1 Nature-Imbued Glowing Essence Orbs</tier-attribute>
				<tier-attribute type="range">Self Only</tier-attribute>
				<tier-attribute type="delay">5</tier-attribute>
				<tier-attribute type="recycle">Repeating</tier-attribute>
			</tier-attributes>
			<components>
				<component amount="20">Aquamarine</component>
				<component amount="3">Glowing Essence Orb</component>
				<component amount="7">Ground Citrine</component>
			</components>
		</tier>
		<tier>
			<tier-name>Tempest IV</tier-name>
			<tier-origin>Banner: Tempest IV</tier-origin>
			<tier-lvl>4</tier-lvl>
			<tier-desc/>
			<tier-skilladjust>10</tier-skilladjust>
			<tier-keywords>
				<tier-keywordset>
					<tier-keyword>tier_4</tier-keyword>
				</tier-keywordset>
			</tier-keywords>
			<tier-attributes>
				<tier-attribute type="consumes">1 Nature-Imbued Bright Essence Orbs</tier-attribute>
				<tier-attribute type="range">Self Only</tier-attribute>
				<tier-attribute type="delay">5</tier-attribute>
				<tier-attribute type="recycle">Repeating</tier-attribute>
			</tier-attributes>
			<components>
				<component amount="20">Opal</component>
				<component amount="3">Bright Essence Orb</component>
				<component amount="7">Ground Jade</component>
			</components>
		</tier>
	</tech>
</techniqueset>
