<?xml version="1.0" encoding="ISO-8859-1"?>
<formulaset format="2.1">
	<formulaset-name>Weapons - Two Hand Crush</formulaset-name>
	<formulaset-categories>
		<formulaset-category>Weapons</formulaset-category>
	</formulaset-categories>
	<item>
		<item-name>Fine Maul</item-name>
		<item-icon>icon_formula_w_2hs_05_11.png</item-icon>
		<item-batchqty>1</item-batchqty>
		<item-attributes>
			<item-attribute type="equipSlot">Right Palm</item-attribute>
			<item-attribute type="bulk">64</item-attribute>
			<item-attribute type="reqClass">GRDN, CHSW, CLRC, SHMN, WAR</item-attribute>
			<item-attribute type="range">Melee</item-attribute>
			<item-attribute type="damageType">crush</item-attribute>
			<item-attribute type="skill">Two Hand Crush</item-attribute>
		</item-attributes>
		<item-keywords>
			<item-keyword>techclass_1</item-keyword>
			<item-keyword>weaponstyle_mace</item-keyword>
			<item-keyword>weapon_maul</item-keyword>
			<item-keyword>bodyslot_rightpalm</item-keyword>
			<item-keyword>skill_use_twohandcrush</item-keyword>
			<item-keyword>weapon</item-keyword>
			<item-keyword>fine</item-keyword>
		</item-keywords>
		<tier>
			<tier-name>Fine Bronze Maul</tier-name>
			<tier-lvl>1</tier-lvl>
			<tier-desc>An exceptional two-handed sledgehammer with an enormous head made of solid bronze, designed for demolishing swings.</tier-desc>
			<tier-allowedtechniques>1</tier-allowedtechniques>
			<tier-attributes>
				<tier-attribute type="hoardValue">95</tier-attribute>
				<tier-attribute type="reqAdvSkill">Two Hand Crush (150)</tier-attribute>
				<tier-attribute type="reqCurrentAdvLevel">Current Adventure Level (15)</tier-attribute>
				<tier-attribute type="delay">55</tier-attribute>
				<tier-attribute type="damage">26-29</tier-attribute>
			</tier-attributes>
			<tier-keywords>
				<tier-keyword>tier_1</tier-keyword>
			</tier-keywords>
			<resources>
				<resource>
					<resource-name>Bronze Bar</resource-name>
					<resource-skill>Weaponcraft</resource-skill>
					<resource-min amount="38">150</resource-min>
					<resource-opt amount="19">250</resource-opt>
				</resource>
			</resources>
		</tier>
		<tier>
			<tier-name>Fine Iron Maul</tier-name>
			<tier-lvl>2</tier-lvl>
			<tier-desc>An exceptional two-handed sledgehammer with an enormous head made of solid iron, designed for demolishing swings.</tier-desc>
			<tier-allowedtechniques>1</tier-allowedtechniques>
			<tier-attributes>
				<tier-attribute type="hoardValue">171</tier-attribute>
				<tier-attribute type="reqAdvSkill">Two Hand Crush (350)</tier-attribute>
				<tier-attribute type="reqCurrentAdvLevel">Current Adventure Level (35)</tier-attribute>
				<tier-attribute type="delay">54</tier-attribute>
				<tier-attribute type="damage">50-58</tier-attribute>
			</tier-attributes>
			<tier-keywords>
				<tier-keyword>techclass_2</tier-keyword>
				<tier-keyword>tier_2</tier-keyword>
			</tier-keywords>
			<resources>
				<resource>
					<resource-name>Iron Bar</resource-name>
					<resource-skill>Weaponcraft</resource-skill>
					<resource-min amount="38">350</resource-min>
					<resource-opt amount="19">475</resource-opt>
				</resource>
			</resources>
		</tier>
		<tier>
			<tier-name>Fine Steel Maul</tier-name>
			<tier-lvl>3</tier-lvl>
			<tier-desc>An exceptional two-handed sledgehammer with an enormous head made of solid steel, designed for demolishing swings.</tier-desc>
			<tier-allowedtechniques>2</tier-allowedtechniques>
			<tier-attributes>
				<tier-attribute type="hoardValue">342</tier-attribute>
				<tier-attribute type="reqAdvSkill">Two Hand Crush (550)</tier-attribute>
				<tier-attribute type="reqCurrentAdvLevel">Current Adventure Level (55)</tier-attribute>
				<tier-attribute type="delay">53</tier-attribute>
				<tier-attribute type="damage">74-85</tier-attribute>
			</tier-attributes>
			<tier-keywords>
				<tier-keyword>techclass_3</tier-keyword>
				<tier-keyword>techclass_2</tier-keyword>
				<tier-keyword>tier_3</tier-keyword>
			</tier-keywords>
			<resources>
				<resource>
					<resource-name>Steel Bar</resource-name>
					<resource-skill>Weaponcraft</resource-skill>
					<resource-min amount="38">550</resource-min>
					<resource-opt amount="19">700</resource-opt>
				</resource>
			</resources>
		</tier>
		<tier>
			<tier-name>Fine Cobalt Maul</tier-name>
			<tier-lvl>4</tier-lvl>
			<tier-desc>An exceptional two-handed sledgehammer with an enormous head made of solid cobalt, designed for demolishing swings.</tier-desc>
			<tier-allowedtechniques>2</tier-allowedtechniques>
			<tier-attributes>
				<tier-attribute type="hoardValue">684</tier-attribute>
				<tier-attribute type="reqAdvSkill">Two Hand Crush (750)</tier-attribute>
				<tier-attribute type="reqCurrentAdvLevel">Current Adventure Level (75)</tier-attribute>
				<tier-attribute type="delay">52</tier-attribute>
				<tier-attribute type="damage">96-112</tier-attribute>
			</tier-attributes>
			<tier-keywords>
				<tier-keyword>techclass_4</tier-keyword>
				<tier-keyword>techclass_3</tier-keyword>
				<tier-keyword>techclass_2</tier-keyword>
				<tier-keyword>tier_4</tier-keyword>
			</tier-keywords>
			<resources>
				<resource>
					<resource-name>Cobalt Bar</resource-name>
					<resource-skill>Weaponcraft</resource-skill>
					<resource-min amount="38">750</resource-min>
					<resource-opt amount="19">925</resource-opt>
				</resource>
			</resources>
		</tier>
		<tier>
			<tier-name>Fine Mithril Maul</tier-name>
			<tier-lvl>5</tier-lvl>
			<tier-desc>An exceptional two-handed sledgehammer with an enormous head made of solid mithril, designed for demolishing swings.</tier-desc>
			<tier-allowedtechniques>3</tier-allowedtechniques>
			<tier-attributes>
				<tier-attribute type="hoardValue">1368</tier-attribute>
				<tier-attribute type="reqAdvSkill">Two Hand Crush (950)</tier-attribute>
				<tier-attribute type="reqCurrentAdvLevel">Current Adventure Level (95)</tier-attribute>
				<tier-attribute type="delay">51</tier-attribute>
				<tier-attribute type="damage">118-137</tier-attribute>
			</tier-attributes>
			<tier-keywords>
				<tier-keyword>techclass_5</tier-keyword>
				<tier-keyword>techclass_4</tier-keyword>
				<tier-keyword>techclass_3</tier-keyword>
				<tier-keyword>techclass_2</tier-keyword>
				<tier-keyword>tier_5</tier-keyword>
			</tier-keywords>
			<resources>
				<resource>
					<resource-name>Mithril Bar</resource-name>
					<resource-skill>Weaponcraft</resource-skill>
					<resource-min amount="38">950</resource-min>
					<resource-opt amount="19">1150</resource-opt>
				</resource>
			</resources>
		</tier>
	</item>
	<item>
		<item-name>Fine Quarterstaff</item-name>
		<item-icon>icon_formula_w_staff_02_11.png</item-icon>
		<item-batchqty>1</item-batchqty>
		<item-attributes>
			<item-attribute type="equipSlot">Right Palm</item-attribute>
			<item-attribute type="bulk">64</item-attribute>
			<item-attribute type="reqClass">GRDN, CHSW, BLDM, SPRD, ICED, STMD, FLMD, CONJ, SORC, CLRC, WIZ, DRU, SHMN, BTLM, MONK, SPRT, MAGE, WAR</item-attribute>
			<item-attribute type="range">Melee</item-attribute>
			<item-attribute type="damageType">crush</item-attribute>
			<item-attribute type="skill">Two Hand Crush</item-attribute>
		</item-attributes>
		<item-keywords>
			<item-keyword>techclass_1</item-keyword>
			<item-keyword>weaponstyle_staff</item-keyword>
			<item-keyword>weapon_quarterstaff</item-keyword>
			<item-keyword>bodyslot_rightpalm</item-keyword>
			<item-keyword>skill_use_twohandcrush</item-keyword>
			<item-keyword>weapon</item-keyword>
			<item-keyword>fine</item-keyword>
		</item-keywords>
		<tier>
			<tier-name>Fine Yew Quarterstaff</tier-name>
			<tier-lvl>5</tier-lvl>
			<tier-desc>A long sturdy staff, exceptionally shaped from yew, wielded with two hands to make long sweeping blows, and jabs.</tier-desc>
			<tier-allowedtechniques>3</tier-allowedtechniques>
			<tier-attributes>
				<tier-attribute type="hoardValue">504</tier-attribute>
				<tier-attribute type="reqAdvSkill">Two Hand Crush (950)</tier-attribute>
				<tier-attribute type="reqCurrentAdvLevel">Current Adventure Level (95)</tier-attribute>
				<tier-attribute type="delay">48</tier-attribute>
				<tier-attribute type="damage">110-130</tier-attribute>
			</tier-attributes>
			<tier-keywords>
				<tier-keyword>techclass_5</tier-keyword>
				<tier-keyword>techclass_4</tier-keyword>
				<tier-keyword>techclass_3</tier-keyword>
				<tier-keyword>techclass_2</tier-keyword>
				<tier-keyword>tier_5</tier-keyword>
				<tier-keyword>resource_wood</tier-keyword>
			</tier-keywords>
			<resources>
				<resource>
					<resource-name>Yew Board</resource-name>
					<resource-skill>Fletching</resource-skill>
					<resource-min amount="28">950</resource-min>
					<resource-opt amount="14">1150</resource-opt>
				</resource>
			</resources>
		</tier>
		<tier>
			<tier-name>Fine Cedar Quarterstaff</tier-name>
			<tier-lvl>1</tier-lvl>
			<tier-desc>A long sturdy staff, exceptionally shaped from cedar, wielded with two hands to make long sweeping blows, and jabs.</tier-desc>
			<tier-allowedtechniques>1</tier-allowedtechniques>
			<tier-attributes>
				<tier-attribute type="hoardValue">28</tier-attribute>
				<tier-attribute type="reqAdvSkill">Two Hand Crush (150)</tier-attribute>
				<tier-attribute type="reqCurrentAdvLevel">Current Adventure Level (15)</tier-attribute>
				<tier-attribute type="delay">52</tier-attribute>
				<tier-attribute type="damage">24-28</tier-attribute>
			</tier-attributes>
			<tier-keywords>
				<tier-keyword>tier_1</tier-keyword>
			</tier-keywords>
			<resources>
				<resource>
					<resource-name>Cedar Board</resource-name>
					<resource-skill>Fletching</resource-skill>
					<resource-min amount="28">150</resource-min>
					<resource-opt amount="14">250</resource-opt>
				</resource>
			</resources>
		</tier>
		<tier>
			<tier-name>Fine Elm Quarterstaff</tier-name>
			<tier-lvl>2</tier-lvl>
			<tier-desc>A long sturdy staff, exceptionally shaped from elm, wielded with two hands to make long sweeping blows, and jabs.</tier-desc>
			<tier-allowedtechniques>1</tier-allowedtechniques>
			<tier-attributes>
				<tier-attribute type="hoardValue">70</tier-attribute>
				<tier-attribute type="reqAdvSkill">Two Hand Crush (350)</tier-attribute>
				<tier-attribute type="reqCurrentAdvLevel">Current Adventure Level (35)</tier-attribute>
				<tier-attribute type="delay">51</tier-attribute>
				<tier-attribute type="damage">47-55</tier-attribute>
			</tier-attributes>
			<tier-keywords>
				<tier-keyword>techclass_2</tier-keyword>
				<tier-keyword>tier_2</tier-keyword>
			</tier-keywords>
			<resources>
				<resource>
					<resource-name>Elm Board</resource-name>
					<resource-skill>Fletching</resource-skill>
					<resource-min amount="28">350</resource-min>
					<resource-opt amount="14">475</resource-opt>
				</resource>
			</resources>
		</tier>
		<tier>
			<tier-name>Fine Oak Quarterstaff</tier-name>
			<tier-lvl>3</tier-lvl>
			<tier-desc>A long sturdy staff, exceptionally shaped from oak, wielded with two hands to make long sweeping blows, and jabs.</tier-desc>
			<tier-allowedtechniques>2</tier-allowedtechniques>
			<tier-attributes>
				<tier-attribute type="hoardValue">126</tier-attribute>
				<tier-attribute type="reqAdvSkill">Two Hand Crush (550)</tier-attribute>
				<tier-attribute type="reqCurrentAdvLevel">Current Adventure Level (55)</tier-attribute>
				<tier-attribute type="delay">50</tier-attribute>
				<tier-attribute type="damage">69-81</tier-attribute>
			</tier-attributes>
			<tier-keywords>
				<tier-keyword>techclass_3</tier-keyword>
				<tier-keyword>techclass_2</tier-keyword>
				<tier-keyword>tier_3</tier-keyword>
			</tier-keywords>
			<resources>
				<resource>
					<resource-name>Oak Board</resource-name>
					<resource-skill>Fletching</resource-skill>
					<resource-min amount="28">550</resource-min>
					<resource-opt amount="14">700</resource-opt>
				</resource>
			</resources>
		</tier>
		<tier>
			<tier-name>Fine Maple Quarterstaff</tier-name>
			<tier-lvl>4</tier-lvl>
			<tier-desc>A long sturdy staff, exceptionally shaped from maple, wielded with two hands to make long sweeping blows, and jabs.</tier-desc>
			<tier-allowedtechniques>2</tier-allowedtechniques>
			<tier-attributes>
				<tier-attribute type="hoardValue">252</tier-attribute>
				<tier-attribute type="reqAdvSkill">Two Hand Crush (750)</tier-attribute>
				<tier-attribute type="reqCurrentAdvLevel">Current Adventure Level (75)</tier-attribute>
				<tier-attribute type="delay">49</tier-attribute>
				<tier-attribute type="damage">90-106</tier-attribute>
			</tier-attributes>
			<tier-keywords>
				<tier-keyword>techclass_4</tier-keyword>
				<tier-keyword>techclass_3</tier-keyword>
				<tier-keyword>techclass_2</tier-keyword>
				<tier-keyword>tier_4</tier-keyword>
			</tier-keywords>
			<resources>
				<resource>
					<resource-name>Maple Board</resource-name>
					<resource-skill>Fletching</resource-skill>
					<resource-min amount="28">750</resource-min>
					<resource-opt amount="14">925</resource-opt>
				</resource>
			</resources>
		</tier>
	</item>
	<item>
		<item-name>Fine Shillelagh</item-name>
		<item-icon>icon_formula_w_2hs_06_11.png</item-icon>
		<item-batchqty>1</item-batchqty>
		<item-attributes>
			<item-attribute type="equipSlot">Right Palm</item-attribute>
			<item-attribute type="bulk">64</item-attribute>
			<item-attribute type="reqClass">GRDN, CHSW, CLRC, DRU, SHMN, WAR</item-attribute>
			<item-attribute type="range">Melee</item-attribute>
			<item-attribute type="damageType">crush</item-attribute>
			<item-attribute type="skill">Two Hand Crush</item-attribute>
		</item-attributes>
		<item-keywords>
			<item-keyword>techclass_1</item-keyword>
			<item-keyword>weaponstyle_club</item-keyword>
			<item-keyword>weapon_shillelagh</item-keyword>
			<item-keyword>bodyslot_rightpalm</item-keyword>
			<item-keyword>skill_use_twohandcrush</item-keyword>
			<item-keyword>weapon</item-keyword>
			<item-keyword>fine</item-keyword>
		</item-keywords>
		<tier>
			<tier-name>Fine Yew Shillelagh</tier-name>
			<tier-lvl>5</tier-lvl>
			<tier-desc>A wooden bladed fighting weapon with a curved end exceptionally crafted of yew used for heavy crushing attacks.</tier-desc>
			<tier-allowedtechniques>3</tier-allowedtechniques>
			<tier-attributes>
				<tier-attribute type="hoardValue">432</tier-attribute>
				<tier-attribute type="reqAdvSkill">Two Hand Crush (900)</tier-attribute>
				<tier-attribute type="reqCurrentAdvLevel">Current Adventure Level (90)</tier-attribute>
				<tier-attribute type="delay">49</tier-attribute>
				<tier-attribute type="damage">106-126</tier-attribute>
			</tier-attributes>
			<tier-keywords>
				<tier-keyword>techclass_5</tier-keyword>
				<tier-keyword>techclass_4</tier-keyword>
				<tier-keyword>techclass_3</tier-keyword>
				<tier-keyword>techclass_2</tier-keyword>
				<tier-keyword>tier_5</tier-keyword>
				<tier-keyword>resource_wood</tier-keyword>
			</tier-keywords>
			<resources>
				<resource>
					<resource-name>Yew Board</resource-name>
					<resource-skill>Fletching</resource-skill>
					<resource-min amount="24">900</resource-min>
					<resource-opt amount="12">1100</resource-opt>
				</resource>
			</resources>
		</tier>
		<tier>
			<tier-name>Fine Cedar Shillelagh</tier-name>
			<tier-lvl>1</tier-lvl>
			<tier-desc>A wooden bladed fighting weapon with a curved end exceptionally crafted of cedar used for heavy crushing attacks.</tier-desc>
			<tier-allowedtechniques>1</tier-allowedtechniques>
			<tier-attributes>
				<tier-attribute type="hoardValue">24</tier-attribute>
				<tier-attribute type="reqAdvSkill">Two Hand Crush (100)</tier-attribute>
				<tier-attribute type="reqCurrentAdvLevel">Current Adventure Level (10)</tier-attribute>
				<tier-attribute type="delay">53</tier-attribute>
				<tier-attribute type="damage">18-22</tier-attribute>
			</tier-attributes>
			<tier-keywords>
				<tier-keyword>tier_1</tier-keyword>
			</tier-keywords>
			<resources>
				<resource>
					<resource-name>Cedar Board</resource-name>
					<resource-skill>Fletching</resource-skill>
					<resource-min amount="24">100</resource-min>
					<resource-opt amount="12">200</resource-opt>
				</resource>
			</resources>
		</tier>
		<tier>
			<tier-name>Fine Elm Shillelagh</tier-name>
			<tier-lvl>2</tier-lvl>
			<tier-desc>A wooden bladed fighting weapon with a curved end exceptionally crafted of elm used for heavy crushing attacks.</tier-desc>
			<tier-allowedtechniques>1</tier-allowedtechniques>
			<tier-attributes>
				<tier-attribute type="hoardValue">60</tier-attribute>
				<tier-attribute type="reqAdvSkill">Two Hand Crush (300)</tier-attribute>
				<tier-attribute type="reqCurrentAdvLevel">Current Adventure Level (30)</tier-attribute>
				<tier-attribute type="delay">52</tier-attribute>
				<tier-attribute type="damage">42-49</tier-attribute>
			</tier-attributes>
			<tier-keywords>
				<tier-keyword>techclass_2</tier-keyword>
				<tier-keyword>tier_2</tier-keyword>
			</tier-keywords>
			<resources>
				<resource>
					<resource-name>Elm Board</resource-name>
					<resource-skill>Fletching</resource-skill>
					<resource-min amount="24">300</resource-min>
					<resource-opt amount="12">425</resource-opt>
				</resource>
			</resources>
		</tier>
		<tier>
			<tier-name>Fine Oak Shillelagh</tier-name>
			<tier-lvl>3</tier-lvl>
			<tier-desc>A wooden bladed fighting weapon with a curved end exceptionally crafted of oak used for heavy crushing attacks.</tier-desc>
			<tier-allowedtechniques>2</tier-allowedtechniques>
			<tier-attributes>
				<tier-attribute type="hoardValue">108</tier-attribute>
				<tier-attribute type="reqAdvSkill">Two Hand Crush (500)</tier-attribute>
				<tier-attribute type="reqCurrentAdvLevel">Current Adventure Level (50)</tier-attribute>
				<tier-attribute type="delay">51</tier-attribute>
				<tier-attribute type="damage">64-76</tier-attribute>
			</tier-attributes>
			<tier-keywords>
				<tier-keyword>techclass_3</tier-keyword>
				<tier-keyword>techclass_2</tier-keyword>
				<tier-keyword>tier_3</tier-keyword>
			</tier-keywords>
			<resources>
				<resource>
					<resource-name>Oak Board</resource-name>
					<resource-skill>Fletching</resource-skill>
					<resource-min amount="24">500</resource-min>
					<resource-opt amount="12">650</resource-opt>
				</resource>
			</resources>
		</tier>
		<tier>
			<tier-name>Fine Maple Shillelagh</tier-name>
			<tier-lvl>4</tier-lvl>
			<tier-desc>A wooden bladed fighting weapon with a curved end exceptionally crafted of maple used for heavy crushing attacks.</tier-desc>
			<tier-allowedtechniques>2</tier-allowedtechniques>
			<tier-attributes>
				<tier-attribute type="hoardValue">216</tier-attribute>
				<tier-attribute type="reqAdvSkill">Two Hand Crush (700)</tier-attribute>
				<tier-attribute type="reqCurrentAdvLevel">Current Adventure Level (70)</tier-attribute>
				<tier-attribute type="delay">50</tier-attribute>
				<tier-attribute type="damage">86-103</tier-attribute>
			</tier-attributes>
			<tier-keywords>
				<tier-keyword>techclass_4</tier-keyword>
				<tier-keyword>techclass_3</tier-keyword>
				<tier-keyword>techclass_2</tier-keyword>
				<tier-keyword>tier_4</tier-keyword>
			</tier-keywords>
			<resources>
				<resource>
					<resource-name>Maple Board</resource-name>
					<resource-skill>Fletching</resource-skill>
					<resource-min amount="24">700</resource-min>
					<resource-opt amount="12">875</resource-opt>
				</resource>
			</resources>
		</tier>
	</item>
	<item>
		<item-name>Fine Staff</item-name>
		<item-icon>icon_formula_w_staff_01_11.png</item-icon>
		<item-batchqty>1</item-batchqty>
		<item-attributes>
			<item-attribute type="equipSlot">Right Palm</item-attribute>
			<item-attribute type="bulk">64</item-attribute>
			<item-attribute type="reqClass">GRDN, CHSW, BLDM, SPRD, ICED, STMD, FLMD, CONJ, SORC, CLRC, WIZ, DRU, SHMN, BTLM, MONK, SPRT, MAGE, WAR</item-attribute>
			<item-attribute type="range">Melee</item-attribute>
			<item-attribute type="damageType">crush</item-attribute>
			<item-attribute type="skill">Two Hand Crush</item-attribute>
		</item-attributes>
		<item-keywords>
			<item-keyword>techclass_1</item-keyword>
			<item-keyword>weaponstyle_staff</item-keyword>
			<item-keyword>weapon_staff</item-keyword>
			<item-keyword>bodyslot_rightpalm</item-keyword>
			<item-keyword>skill_use_twohandcrush</item-keyword>
			<item-keyword>weapon</item-keyword>
			<item-keyword>fine</item-keyword>
		</item-keywords>
		<tier>
			<tier-name>Fine Cedar Staff</tier-name>
			<tier-lvl>1</tier-lvl>
			<tier-desc>A thin stave, exceptionally shaped from yew, topped with an ornate headpiece and designed to be used as a magic focus.</tier-desc>
			<tier-allowedtechniques>1</tier-allowedtechniques>
			<tier-attributes>
				<tier-attribute type="hoardValue">24</tier-attribute>
				<tier-attribute type="reqAdvSkill">Two Hand Crush (100)</tier-attribute>
				<tier-attribute type="reqCurrentAdvLevel">Current Adventure Level (10)</tier-attribute>
				<tier-attribute type="delay">50</tier-attribute>
				<tier-attribute type="damage">17-20</tier-attribute>
			</tier-attributes>
			<tier-keywords>
				<tier-keyword>tier_1</tier-keyword>
			</tier-keywords>
			<resources>
				<resource>
					<resource-name>Cedar Board</resource-name>
					<resource-skill>Fletching</resource-skill>
					<resource-min amount="24">100</resource-min>
					<resource-opt amount="12">200</resource-opt>
				</resource>
			</resources>
		</tier>
		<tier>
			<tier-name>Fine Elm Staff</tier-name>
			<tier-lvl>2</tier-lvl>
			<tier-desc>A thin stave, exceptionally shaped from yew, topped with an ornate headpiece and designed to be used as a magic focus.</tier-desc>
			<tier-allowedtechniques>1</tier-allowedtechniques>
			<tier-attributes>
				<tier-attribute type="hoardValue">60</tier-attribute>
				<tier-attribute type="reqAdvSkill">Two Hand Crush (300)</tier-attribute>
				<tier-attribute type="reqCurrentAdvLevel">Current Adventure Level (30)</tier-attribute>
				<tier-attribute type="delay">49</tier-attribute>
				<tier-attribute type="damage">39-47</tier-attribute>
			</tier-attributes>
			<tier-keywords>
				<tier-keyword>techclass_2</tier-keyword>
				<tier-keyword>tier_2</tier-keyword>
			</tier-keywords>
			<resources>
				<resource>
					<resource-name>Elm Board</resource-name>
					<resource-skill>Fletching</resource-skill>
					<resource-min amount="24">300</resource-min>
					<resource-opt amount="12">425</resource-opt>
				</resource>
			</resources>
		</tier>
		<tier>
			<tier-name>Fine Oak Staff</tier-name>
			<tier-lvl>3</tier-lvl>
			<tier-desc>A thin stave, exceptionally shaped from yew, topped with an ornate headpiece and designed to be used as a magic focus.</tier-desc>
			<tier-allowedtechniques>2</tier-allowedtechniques>
			<tier-attributes>
				<tier-attribute type="hoardValue">108</tier-attribute>
				<tier-attribute type="reqAdvSkill">Two Hand Crush (500)</tier-attribute>
				<tier-attribute type="reqCurrentAdvLevel">Current Adventure Level (50)</tier-attribute>
				<tier-attribute type="delay">48</tier-attribute>
				<tier-attribute type="damage">60-72</tier-attribute>
			</tier-attributes>
			<tier-keywords>
				<tier-keyword>techclass_3</tier-keyword>
				<tier-keyword>techclass_2</tier-keyword>
				<tier-keyword>tier_3</tier-keyword>
			</tier-keywords>
			<resources>
				<resource>
					<resource-name>Oak Board</resource-name>
					<resource-skill>Fletching</resource-skill>
					<resource-min amount="24">500</resource-min>
					<resource-opt amount="12">650</resource-opt>
				</resource>
			</resources>
		</tier>
		<tier>
			<tier-name>Fine Maple Staff</tier-name>
			<tier-lvl>4</tier-lvl>
			<tier-desc>A thin stave, exceptionally shaped from yew, topped with an ornate headpiece and designed to be used as a magic focus.</tier-desc>
			<tier-allowedtechniques>2</tier-allowedtechniques>
			<tier-attributes>
				<tier-attribute type="hoardValue">216</tier-attribute>
				<tier-attribute type="reqAdvSkill">Two Hand Crush (700)</tier-attribute>
				<tier-attribute type="reqCurrentAdvLevel">Current Adventure Level (70)</tier-attribute>
				<tier-attribute type="delay">47</tier-attribute>
				<tier-attribute type="damage">80-96</tier-attribute>
			</tier-attributes>
			<tier-keywords>
				<tier-keyword>techclass_4</tier-keyword>
				<tier-keyword>techclass_3</tier-keyword>
				<tier-keyword>techclass_2</tier-keyword>
				<tier-keyword>tier_4</tier-keyword>
			</tier-keywords>
			<resources>
				<resource>
					<resource-name>Maple Board</resource-name>
					<resource-skill>Fletching</resource-skill>
					<resource-min amount="24">700</resource-min>
					<resource-opt amount="12">875</resource-opt>
				</resource>
			</resources>
		</tier>
		<tier>
			<tier-name>Fine Yew Staff</tier-name>
			<tier-lvl>5</tier-lvl>
			<tier-desc>A thin stave, exceptionally shaped from yew, topped with an ornate headpiece and designed to be used as a magic focus.</tier-desc>
			<tier-allowedtechniques>3</tier-allowedtechniques>
			<tier-attributes>
				<tier-attribute type="hoardValue">432</tier-attribute>
				<tier-attribute type="reqAdvSkill">Two Hand Crush (900)</tier-attribute>
				<tier-attribute type="reqCurrentAdvLevel">Current Adventure Level (90)</tier-attribute>
				<tier-attribute type="delay">46</tier-attribute>
				<tier-attribute type="damage">99-119</tier-attribute>
			</tier-attributes>
			<tier-keywords>
				<tier-keyword>techclass_5</tier-keyword>
				<tier-keyword>techclass_4</tier-keyword>
				<tier-keyword>techclass_3</tier-keyword>
				<tier-keyword>techclass_2</tier-keyword>
				<tier-keyword>tier_5</tier-keyword>
				<tier-keyword>resource_wood</tier-keyword>
			</tier-keywords>
			<resources>
				<resource>
					<resource-name>Yew Board</resource-name>
					<resource-skill>Fletching</resource-skill>
					<resource-min amount="24">900</resource-min>
					<resource-opt amount="12">1100</resource-opt>
				</resource>
			</resources>
		</tier>
	</item>
	<item>
		<item-name>Maul</item-name>
		<item-icon>icon_formula_w_2hs_05_11.png</item-icon>
		<item-batchqty>1</item-batchqty>
		<item-attributes>
			<item-attribute type="equipSlot">Right Palm</item-attribute>
			<item-attribute type="bulk">64</item-attribute>
			<item-attribute type="reqClass">GRDN, CHSW, CLRC, SHMN, WAR</item-attribute>
			<item-attribute type="range">Melee</item-attribute>
			<item-attribute type="damageType">crush</item-attribute>
			<item-attribute type="skill">Two Hand Crush</item-attribute>
		</item-attributes>
		<item-keywords>
			<item-keyword>techclass_1</item-keyword>
			<item-keyword>weaponstyle_mace</item-keyword>
			<item-keyword>weapon_maul</item-keyword>
			<item-keyword>bodyslot_rightpalm</item-keyword>
			<item-keyword>skill_use_twohandcrush</item-keyword>
			<item-keyword>weapon</item-keyword>
		</item-keywords>
		<tier>
			<tier-name>Bronze Maul</tier-name>
			<tier-lvl>1</tier-lvl>
			<tier-desc>A two-handed sledgehammer with an enormous head made of solid bronze, designed for demolishing swings.</tier-desc>
			<tier-allowedtechniques>1</tier-allowedtechniques>
			<tier-attributes>
				<tier-attribute type="hoardValue">70</tier-attribute>
				<tier-attribute type="reqAdvSkill">Two Hand Crush (50)</tier-attribute>
				<tier-attribute type="reqCurrentAdvLevel">Current Adventure Level (5)</tier-attribute>
				<tier-attribute type="delay">56</tier-attribute>
				<tier-attribute type="damage">12-16</tier-attribute>
			</tier-attributes>
			<tier-keywords>
				<tier-keyword>tier_1</tier-keyword>
			</tier-keywords>
			<resources>
				<resource>
					<resource-name>Bronze Bar</resource-name>
					<resource-skill>Weaponcraft</resource-skill>
					<resource-min amount="28">50</resource-min>
					<resource-opt amount="14">150</resource-opt>
				</resource>
			</resources>
		</tier>
		<tier>
			<tier-name>Iron Maul</tier-name>
			<tier-lvl>2</tier-lvl>
			<tier-desc>A two-handed sledgehammer with an enormous head made of solid iron, designed for demolishing swings.</tier-desc>
			<tier-allowedtechniques>1</tier-allowedtechniques>
			<tier-attributes>
				<tier-attribute type="hoardValue">126</tier-attribute>
				<tier-attribute type="reqAdvSkill">Two Hand Crush (250)</tier-attribute>
				<tier-attribute type="reqCurrentAdvLevel">Current Adventure Level (25)</tier-attribute>
				<tier-attribute type="delay">55</tier-attribute>
				<tier-attribute type="damage">37-45</tier-attribute>
			</tier-attributes>
			<tier-keywords>
				<tier-keyword>techclass_2</tier-keyword>
				<tier-keyword>tier_2</tier-keyword>
			</tier-keywords>
			<resources>
				<resource>
					<resource-name>Iron Bar</resource-name>
					<resource-skill>Weaponcraft</resource-skill>
					<resource-min amount="28">250</resource-min>
					<resource-opt amount="14">375</resource-opt>
				</resource>
			</resources>
		</tier>
		<tier>
			<tier-name>Steel Maul</tier-name>
			<tier-lvl>3</tier-lvl>
			<tier-desc>A two-handed sledgehammer with an enormous head made of solid steel, designed for demolishing swings.</tier-desc>
			<tier-allowedtechniques>2</tier-allowedtechniques>
			<tier-attributes>
				<tier-attribute type="hoardValue">252</tier-attribute>
				<tier-attribute type="reqAdvSkill">Two Hand Crush (450)</tier-attribute>
				<tier-attribute type="reqCurrentAdvLevel">Current Adventure Level (45)</tier-attribute>
				<tier-attribute type="delay">54</tier-attribute>
				<tier-attribute type="damage">62-73</tier-attribute>
			</tier-attributes>
			<tier-keywords>
				<tier-keyword>techclass_3</tier-keyword>
				<tier-keyword>techclass_2</tier-keyword>
				<tier-keyword>tier_3</tier-keyword>
			</tier-keywords>
			<resources>
				<resource>
					<resource-name>Steel Bar</resource-name>
					<resource-skill>Weaponcraft</resource-skill>
					<resource-min amount="28">450</resource-min>
					<resource-opt amount="14">600</resource-opt>
				</resource>
			</resources>
		</tier>
		<tier>
			<tier-name>Cobalt Maul</tier-name>
			<tier-lvl>4</tier-lvl>
			<tier-desc>A two-handed sledgehammer with an enormous head made of solid cobalt, designed for demolishing swings.</tier-desc>
			<tier-allowedtechniques>2</tier-allowedtechniques>
			<tier-attributes>
				<tier-attribute type="hoardValue">504</tier-attribute>
				<tier-attribute type="reqAdvSkill">Two Hand Crush (650)</tier-attribute>
				<tier-attribute type="reqCurrentAdvLevel">Current Adventure Level (65)</tier-attribute>
				<tier-attribute type="delay">53</tier-attribute>
				<tier-attribute type="damage">85-101</tier-attribute>
			</tier-attributes>
			<tier-keywords>
				<tier-keyword>techclass_4</tier-keyword>
				<tier-keyword>techclass_3</tier-keyword>
				<tier-keyword>techclass_2</tier-keyword>
				<tier-keyword>tier_4</tier-keyword>
			</tier-keywords>
			<resources>
				<resource>
					<resource-name>Cobalt Bar</resource-name>
					<resource-skill>Weaponcraft</resource-skill>
					<resource-min amount="28">650</resource-min>
					<resource-opt amount="14">825</resource-opt>
				</resource>
			</resources>
		</tier>
		<tier>
			<tier-name>Mithril Maul</tier-name>
			<tier-lvl>5</tier-lvl>
			<tier-desc>A two-handed sledgehammer with an enormous head made of solid mithril, designed for demolishing swings.</tier-desc>
			<tier-allowedtechniques>3</tier-allowedtechniques>
			<tier-attributes>
				<tier-attribute type="hoardValue">1008</tier-attribute>
				<tier-attribute type="reqAdvSkill">Two Hand Crush (850)</tier-attribute>
				<tier-attribute type="reqCurrentAdvLevel">Current Adventure Level (85)</tier-attribute>
				<tier-attribute type="delay">52</tier-attribute>
				<tier-attribute type="damage">107-127</tier-attribute>
			</tier-attributes>
			<tier-keywords>
				<tier-keyword>techclass_5</tier-keyword>
				<tier-keyword>techclass_4</tier-keyword>
				<tier-keyword>techclass_3</tier-keyword>
				<tier-keyword>techclass_2</tier-keyword>
				<tier-keyword>tier_5</tier-keyword>
			</tier-keywords>
			<resources>
				<resource>
					<resource-name>Mithril Bar</resource-name>
					<resource-skill>Weaponcraft</resource-skill>
					<resource-min amount="28">850</resource-min>
					<resource-opt amount="14">1050</resource-opt>
				</resource>
			</resources>
		</tier>
	</item>
	<item>
		<item-name>Quarterstaff</item-name>
		<item-icon>icon_formula_w_staff_02_11.png</item-icon>
		<item-batchqty>1</item-batchqty>
		<item-attributes>
			<item-attribute type="equipSlot">Right Palm</item-attribute>
			<item-attribute type="bulk">64</item-attribute>
			<item-attribute type="reqClass">GRDN, CHSW, BLDM, SPRD, ICED, STMD, FLMD, CONJ, SORC, CLRC, WIZ, DRU, SHMN, BTLM, MONK, SPRT, MAGE, WAR</item-attribute>
			<item-attribute type="range">Melee</item-attribute>
			<item-attribute type="damageType">crush</item-attribute>
			<item-attribute type="skill">Two Hand Crush</item-attribute>
		</item-attributes>
		<item-keywords>
			<item-keyword>techclass_1</item-keyword>
			<item-keyword>weaponstyle_staff</item-keyword>
			<item-keyword>weapon_quarterstaff</item-keyword>
			<item-keyword>bodyslot_rightpalm</item-keyword>
			<item-keyword>skill_use_twohandcrush</item-keyword>
			<item-keyword>weapon</item-keyword>
		</item-keywords>
		<tier>
			<tier-name>Yew Quarterstaff</tier-name>
			<tier-lvl>5</tier-lvl>
			<tier-desc>A long sturdy staff, shaped from yew, wielded with two hands to make long sweeping blows and jabs.</tier-desc>
			<tier-allowedtechniques>3</tier-allowedtechniques>
			<tier-attributes>
				<tier-attribute type="hoardValue">396</tier-attribute>
				<tier-attribute type="reqAdvSkill">Two Hand Crush (850)</tier-attribute>
				<tier-attribute type="reqCurrentAdvLevel">Current Adventure Level (85)</tier-attribute>
				<tier-attribute type="delay">49</tier-attribute>
				<tier-attribute type="damage">100-120</tier-attribute>
			</tier-attributes>
			<tier-keywords>
				<tier-keyword>techclass_5</tier-keyword>
				<tier-keyword>techclass_4</tier-keyword>
				<tier-keyword>techclass_3</tier-keyword>
				<tier-keyword>techclass_2</tier-keyword>
				<tier-keyword>tier_5</tier-keyword>
				<tier-keyword>resource_wood</tier-keyword>
			</tier-keywords>
			<resources>
				<resource>
					<resource-name>Yew Board</resource-name>
					<resource-skill>Fletching</resource-skill>
					<resource-min amount="22">850</resource-min>
					<resource-opt amount="11">1050</resource-opt>
				</resource>
			</resources>
		</tier>
		<tier>
			<tier-name>Cedar Quarterstaff</tier-name>
			<tier-lvl>1</tier-lvl>
			<tier-desc>A long sturdy staff, shaped from cedar, wielded with two hands to make long sweeping blows, and jabs.</tier-desc>
			<tier-allowedtechniques>1</tier-allowedtechniques>
			<tier-attributes>
				<tier-attribute type="hoardValue">22</tier-attribute>
				<tier-attribute type="reqAdvSkill">Two Hand Crush (50)</tier-attribute>
				<tier-attribute type="reqCurrentAdvLevel">Current Adventure Level (5)</tier-attribute>
				<tier-attribute type="delay">53</tier-attribute>
				<tier-attribute type="damage">11-15</tier-attribute>
			</tier-attributes>
			<tier-keywords>
				<tier-keyword>tier_1</tier-keyword>
			</tier-keywords>
			<resources>
				<resource>
					<resource-name>Cedar Board</resource-name>
					<resource-skill>Fletching</resource-skill>
					<resource-min amount="22">50</resource-min>
					<resource-opt amount="11">150</resource-opt>
				</resource>
			</resources>
		</tier>
		<tier>
			<tier-name>Elm Quarterstaff</tier-name>
			<tier-lvl>2</tier-lvl>
			<tier-desc>A long sturdy staff, shaped from elm, wielded with two hands to make long sweeping blows, and jabs.</tier-desc>
			<tier-allowedtechniques>1</tier-allowedtechniques>
			<tier-attributes>
				<tier-attribute type="hoardValue">55</tier-attribute>
				<tier-attribute type="reqAdvSkill">Two Hand Crush (250)</tier-attribute>
				<tier-attribute type="reqCurrentAdvLevel">Current Adventure Level (25)</tier-attribute>
				<tier-attribute type="delay">52</tier-attribute>
				<tier-attribute type="damage">35-43</tier-attribute>
			</tier-attributes>
			<tier-keywords>
				<tier-keyword>techclass_2</tier-keyword>
				<tier-keyword>tier_2</tier-keyword>
			</tier-keywords>
			<resources>
				<resource>
					<resource-name>Elm Board</resource-name>
					<resource-skill>Fletching</resource-skill>
					<resource-min amount="22">250</resource-min>
					<resource-opt amount="11">375</resource-opt>
				</resource>
			</resources>
		</tier>
		<tier>
			<tier-name>Oak Quarterstaff</tier-name>
			<tier-lvl>3</tier-lvl>
			<tier-desc>A long sturdy staff, shaped from oak, wielded with two hands to make long sweeping blows, and jabs.</tier-desc>
			<tier-allowedtechniques>2</tier-allowedtechniques>
			<tier-attributes>
				<tier-attribute type="hoardValue">99</tier-attribute>
				<tier-attribute type="reqAdvSkill">Two Hand Crush (450)</tier-attribute>
				<tier-attribute type="reqCurrentAdvLevel">Current Adventure Level (45)</tier-attribute>
				<tier-attribute type="delay">51</tier-attribute>
				<tier-attribute type="damage">58-70</tier-attribute>
			</tier-attributes>
			<tier-keywords>
				<tier-keyword>techclass_3</tier-keyword>
				<tier-keyword>techclass_2</tier-keyword>
				<tier-keyword>tier_3</tier-keyword>
			</tier-keywords>
			<resources>
				<resource>
					<resource-name>Oak Board</resource-name>
					<resource-skill>Fletching</resource-skill>
					<resource-min amount="22">450</resource-min>
					<resource-opt amount="11">600</resource-opt>
				</resource>
			</resources>
		</tier>
		<tier>
			<tier-name>Maple Quarterstaff</tier-name>
			<tier-lvl>4</tier-lvl>
			<tier-desc>A long sturdy staff, shaped from maple, wielded with two hands to make long sweeping blows, and jabs.</tier-desc>
			<tier-allowedtechniques>2</tier-allowedtechniques>
			<tier-attributes>
				<tier-attribute type="hoardValue">198</tier-attribute>
				<tier-attribute type="reqAdvSkill">Two Hand Crush (650)</tier-attribute>
				<tier-attribute type="reqCurrentAdvLevel">Current Adventure Level (65)</tier-attribute>
				<tier-attribute type="delay">50</tier-attribute>
				<tier-attribute type="damage">80-95</tier-attribute>
			</tier-attributes>
			<tier-keywords>
				<tier-keyword>techclass_4</tier-keyword>
				<tier-keyword>techclass_3</tier-keyword>
				<tier-keyword>techclass_2</tier-keyword>
				<tier-keyword>tier_4</tier-keyword>
			</tier-keywords>
			<resources>
				<resource>
					<resource-name>Maple Board</resource-name>
					<resource-skill>Fletching</resource-skill>
					<resource-min amount="22">650</resource-min>
					<resource-opt amount="11">825</resource-opt>
				</resource>
			</resources>
		</tier>
	</item>
	<item>
		<item-name>Shillelagh</item-name>
		<item-icon>icon_formula_w_2hs_06_11.png</item-icon>
		<item-batchqty>1</item-batchqty>
		<item-attributes>
			<item-attribute type="equipSlot">Right Palm</item-attribute>
			<item-attribute type="bulk">64</item-attribute>
			<item-attribute type="reqClass">GRDN, CHSW, CLRC, DRU, SHMN, WAR</item-attribute>
			<item-attribute type="range">Melee</item-attribute>
			<item-attribute type="damageType">crush</item-attribute>
			<item-attribute type="skill">Two Hand Crush</item-attribute>
		</item-attributes>
		<item-keywords>
			<item-keyword>techclass_1</item-keyword>
			<item-keyword>weaponstyle_club</item-keyword>
			<item-keyword>weapon_shillelagh</item-keyword>
			<item-keyword>bodyslot_rightpalm</item-keyword>
			<item-keyword>skill_use_twohandcrush</item-keyword>
			<item-keyword>weapon</item-keyword>
		</item-keywords>
		<tier>
			<tier-name>Yew Shillelagh</tier-name>
			<tier-lvl>5</tier-lvl>
			<tier-desc>A wooden bladed fighting weapon with a curved end crafted of yew used for heavy crushing attacks.</tier-desc>
			<tier-allowedtechniques>3</tier-allowedtechniques>
			<tier-attributes>
				<tier-attribute type="hoardValue">324</tier-attribute>
				<tier-attribute type="reqAdvSkill">Two Hand Crush (800)</tier-attribute>
				<tier-attribute type="reqCurrentAdvLevel">Current Adventure Level (80)</tier-attribute>
				<tier-attribute type="delay">50</tier-attribute>
				<tier-attribute type="damage">96-116</tier-attribute>
			</tier-attributes>
			<tier-keywords>
				<tier-keyword>techclass_5</tier-keyword>
				<tier-keyword>techclass_4</tier-keyword>
				<tier-keyword>techclass_3</tier-keyword>
				<tier-keyword>techclass_2</tier-keyword>
				<tier-keyword>tier_5</tier-keyword>
				<tier-keyword>resource_wood</tier-keyword>
			</tier-keywords>
			<resources>
				<resource>
					<resource-name>Yew Board</resource-name>
					<resource-skill>Fletching</resource-skill>
					<resource-min amount="18">800</resource-min>
					<resource-opt amount="9">1000</resource-opt>
				</resource>
			</resources>
		</tier>
		<tier>
			<tier-name>Cedar Shillelagh</tier-name>
			<tier-lvl>1</tier-lvl>
			<tier-desc>A wooden bladed fighting weapon with a curved end crafted of cedar used for heavy crushing attacks.</tier-desc>
			<tier-allowedtechniques>1</tier-allowedtechniques>
			<tier-attributes>
				<tier-attribute type="hoardValue">18</tier-attribute>
				<tier-attribute type="reqAdvSkill">Two Hand Crush (1)</tier-attribute>
				<tier-attribute type="reqCurrentAdvLevel">Current Adventure Level (1)</tier-attribute>
				<tier-attribute type="delay">54</tier-attribute>
				<tier-attribute type="damage">5-9</tier-attribute>
			</tier-attributes>
			<tier-keywords>
				<tier-keyword>tier_1</tier-keyword>
			</tier-keywords>
			<resources>
				<resource>
					<resource-name>Cedar Board</resource-name>
					<resource-skill>Fletching</resource-skill>
					<resource-min amount="18">1</resource-min>
					<resource-opt amount="9">100</resource-opt>
				</resource>
			</resources>
		</tier>
		<tier>
			<tier-name>Elm Shillelagh</tier-name>
			<tier-lvl>2</tier-lvl>
			<tier-desc>A wooden bladed fighting weapon with a curved end crafted of elm used for heavy crushing attacks.</tier-desc>
			<tier-allowedtechniques>1</tier-allowedtechniques>
			<tier-attributes>
				<tier-attribute type="hoardValue">45</tier-attribute>
				<tier-attribute type="reqAdvSkill">Two Hand Crush (200)</tier-attribute>
				<tier-attribute type="reqCurrentAdvLevel">Current Adventure Level (20)</tier-attribute>
				<tier-attribute type="delay">53</tier-attribute>
				<tier-attribute type="damage">29-37</tier-attribute>
			</tier-attributes>
			<tier-keywords>
				<tier-keyword>techclass_2</tier-keyword>
				<tier-keyword>tier_2</tier-keyword>
			</tier-keywords>
			<resources>
				<resource>
					<resource-name>Elm Board</resource-name>
					<resource-skill>Fletching</resource-skill>
					<resource-min amount="18">200</resource-min>
					<resource-opt amount="9">325</resource-opt>
				</resource>
			</resources>
		</tier>
		<tier>
			<tier-name>Oak Shillelagh</tier-name>
			<tier-lvl>3</tier-lvl>
			<tier-desc>A wooden bladed fighting weapon with a curved end crafted of oak used for heavy crushing attacks.</tier-desc>
			<tier-allowedtechniques>2</tier-allowedtechniques>
			<tier-attributes>
				<tier-attribute type="hoardValue">81</tier-attribute>
				<tier-attribute type="reqAdvSkill">Two Hand Crush (400)</tier-attribute>
				<tier-attribute type="reqCurrentAdvLevel">Current Adventure Level (40)</tier-attribute>
				<tier-attribute type="delay">52</tier-attribute>
				<tier-attribute type="damage">53-64</tier-attribute>
			</tier-attributes>
			<tier-keywords>
				<tier-keyword>techclass_3</tier-keyword>
				<tier-keyword>techclass_2</tier-keyword>
				<tier-keyword>tier_3</tier-keyword>
			</tier-keywords>
			<resources>
				<resource>
					<resource-name>Oak Board</resource-name>
					<resource-skill>Fletching</resource-skill>
					<resource-min amount="18">400</resource-min>
					<resource-opt amount="9">550</resource-opt>
				</resource>
			</resources>
		</tier>
		<tier>
			<tier-name>Maple Shillelagh</tier-name>
			<tier-lvl>4</tier-lvl>
			<tier-desc>A wooden bladed fighting weapon with a curved end crafted of maple used for heavy crushing attacks.</tier-desc>
			<tier-allowedtechniques>2</tier-allowedtechniques>
			<tier-attributes>
				<tier-attribute type="hoardValue">162</tier-attribute>
				<tier-attribute type="reqAdvSkill">Two Hand Crush (600)</tier-attribute>
				<tier-attribute type="reqCurrentAdvLevel">Current Adventure Level (60)</tier-attribute>
				<tier-attribute type="delay">51</tier-attribute>
				<tier-attribute type="damage">75-91</tier-attribute>
			</tier-attributes>
			<tier-keywords>
				<tier-keyword>techclass_4</tier-keyword>
				<tier-keyword>techclass_3</tier-keyword>
				<tier-keyword>techclass_2</tier-keyword>
				<tier-keyword>tier_4</tier-keyword>
			</tier-keywords>
			<resources>
				<resource>
					<resource-name>Maple Board</resource-name>
					<resource-skill>Fletching</resource-skill>
					<resource-min amount="18">600</resource-min>
					<resource-opt amount="9">775</resource-opt>
				</resource>
			</resources>
		</tier>
	</item>
	<item>
		<item-name>Staff</item-name>
		<item-icon>icon_formula_w_staff_01_11.png</item-icon>
		<item-batchqty>1</item-batchqty>
		<item-attributes>
			<item-attribute type="equipSlot">Right Palm</item-attribute>
			<item-attribute type="bulk">64</item-attribute>
			<item-attribute type="reqClass">GRDN, CHSW, BLDM, SPRD, ICED, STMD, FLMD, CONJ, SORC, CLRC, WIZ, DRU, SHMN, BTLM, MONK, SPRT, MAGE, WAR</item-attribute>
			<item-attribute type="range">Melee</item-attribute>
			<item-attribute type="damageType">crush</item-attribute>
			<item-attribute type="skill">Two Hand Crush</item-attribute>
		</item-attributes>
		<item-keywords>
			<item-keyword>techclass_1</item-keyword>
			<item-keyword>weaponstyle_staff</item-keyword>
			<item-keyword>weapon_staff</item-keyword>
			<item-keyword>bodyslot_rightpalm</item-keyword>
			<item-keyword>skill_use_twohandcrush</item-keyword>
			<item-keyword>weapon</item-keyword>
		</item-keywords>
		<tier>
			<tier-name>Yew Staff</tier-name>
			<tier-lvl>5</tier-lvl>
			<tier-desc>A thin stave, exceptionally shaped from yew, topped with an ornate headpiece and designed to be used as a magic focus.</tier-desc>
			<tier-allowedtechniques>3</tier-allowedtechniques>
			<tier-attributes>
				<tier-attribute type="hoardValue">324</tier-attribute>
				<tier-attribute type="reqAdvSkill">Two Hand Crush (800)</tier-attribute>
				<tier-attribute type="reqCurrentAdvLevel">Current Adventure Level (80)</tier-attribute>
				<tier-attribute type="delay">47</tier-attribute>
				<tier-attribute type="damage">90-110</tier-attribute>
			</tier-attributes>
			<tier-keywords>
				<tier-keyword>techclass_5</tier-keyword>
				<tier-keyword>techclass_4</tier-keyword>
				<tier-keyword>techclass_3</tier-keyword>
				<tier-keyword>techclass_2</tier-keyword>
				<tier-keyword>tier_5</tier-keyword>
				<tier-keyword>resource_wood</tier-keyword>
			</tier-keywords>
			<resources>
				<resource>
					<resource-name>Yew Board</resource-name>
					<resource-skill>Fletching</resource-skill>
					<resource-min amount="18">800</resource-min>
					<resource-opt amount="9">1000</resource-opt>
				</resource>
			</resources>
		</tier>
		<tier>
			<tier-name>Cedar Staff</tier-name>
			<tier-lvl>1</tier-lvl>
			<tier-desc>A thin stave, exceptionally shaped from yew, topped with an ornate headpiece and designed to be used as a magic focus.</tier-desc>
			<tier-allowedtechniques>1</tier-allowedtechniques>
			<tier-attributes>
				<tier-attribute type="hoardValue">18</tier-attribute>
				<tier-attribute type="reqAdvSkill">Two Hand Crush (1)</tier-attribute>
				<tier-attribute type="reqCurrentAdvLevel">Current Adventure Level (1)</tier-attribute>
				<tier-attribute type="delay">51</tier-attribute>
				<tier-attribute type="damage">5-8</tier-attribute>
			</tier-attributes>
			<tier-keywords>
				<tier-keyword>tier_1</tier-keyword>
			</tier-keywords>
			<resources>
				<resource>
					<resource-name>Cedar Board</resource-name>
					<resource-skill>Fletching</resource-skill>
					<resource-min amount="18">1</resource-min>
					<resource-opt amount="9">100</resource-opt>
				</resource>
			</resources>
		</tier>
		<tier>
			<tier-name>Elm Staff</tier-name>
			<tier-lvl>2</tier-lvl>
			<tier-desc>A thin stave, exceptionally shaped from yew, topped with an ornate headpiece and designed to be used as a magic focus.</tier-desc>
			<tier-allowedtechniques>1</tier-allowedtechniques>
			<tier-attributes>
				<tier-attribute type="hoardValue">45</tier-attribute>
				<tier-attribute type="reqAdvSkill">Two Hand Crush (200)</tier-attribute>
				<tier-attribute type="reqCurrentAdvLevel">Current Adventure Level (20)</tier-attribute>
				<tier-attribute type="delay">50</tier-attribute>
				<tier-attribute type="damage">27-35</tier-attribute>
			</tier-attributes>
			<tier-keywords>
				<tier-keyword>techclass_2</tier-keyword>
				<tier-keyword>tier_2</tier-keyword>
			</tier-keywords>
			<resources>
				<resource>
					<resource-name>Elm Board</resource-name>
					<resource-skill>Fletching</resource-skill>
					<resource-min amount="18">200</resource-min>
					<resource-opt amount="9">325</resource-opt>
				</resource>
			</resources>
		</tier>
		<tier>
			<tier-name>Oak Staff</tier-name>
			<tier-lvl>3</tier-lvl>
			<tier-desc>A thin stave, exceptionally shaped from yew, topped with an ornate headpiece and designed to be used as a magic focus.</tier-desc>
			<tier-allowedtechniques>2</tier-allowedtechniques>
			<tier-attributes>
				<tier-attribute type="hoardValue">81</tier-attribute>
				<tier-attribute type="reqAdvSkill">Two Hand Crush (400)</tier-attribute>
				<tier-attribute type="reqCurrentAdvLevel">Current Adventure Level (40)</tier-attribute>
				<tier-attribute type="delay">49</tier-attribute>
				<tier-attribute type="damage">49-61</tier-attribute>
			</tier-attributes>
			<tier-keywords>
				<tier-keyword>techclass_3</tier-keyword>
				<tier-keyword>techclass_2</tier-keyword>
				<tier-keyword>tier_3</tier-keyword>
			</tier-keywords>
			<resources>
				<resource>
					<resource-name>Oak Board</resource-name>
					<resource-skill>Fletching</resource-skill>
					<resource-min amount="18">400</resource-min>
					<resource-opt amount="9">550</resource-opt>
				</resource>
			</resources>
		</tier>
		<tier>
			<tier-name>Maple Staff</tier-name>
			<tier-lvl>4</tier-lvl>
			<tier-desc>A thin stave, exceptionally shaped from yew, topped with an ornate headpiece and designed to be used as a magic focus.</tier-desc>
			<tier-allowedtechniques>2</tier-allowedtechniques>
			<tier-attributes>
				<tier-attribute type="hoardValue">162</tier-attribute>
				<tier-attribute type="reqAdvSkill">Two Hand Crush (600)</tier-attribute>
				<tier-attribute type="reqCurrentAdvLevel">Current Adventure Level (60)</tier-attribute>
				<tier-attribute type="delay">48</tier-attribute>
				<tier-attribute type="damage">70-86</tier-attribute>
			</tier-attributes>
			<tier-keywords>
				<tier-keyword>techclass_4</tier-keyword>
				<tier-keyword>techclass_3</tier-keyword>
				<tier-keyword>techclass_2</tier-keyword>
				<tier-keyword>tier_4</tier-keyword>
			</tier-keywords>
			<resources>
				<resource>
					<resource-name>Maple Board</resource-name>
					<resource-skill>Fletching</resource-skill>
					<resource-min amount="18">600</resource-min>
					<resource-opt amount="9">775</resource-opt>
				</resource>
			</resources>
		</tier>
	</item>
</formulaset>
