<?xml version="1.0" encoding="ISO-8859-1"?>
<formulaset format="2.1">
	<formulaset-name>Weapons - Bow</formulaset-name>
	<formulaset-categories>
		<formulaset-category>Weapons</formulaset-category>
	</formulaset-categories>
	<item>
		<item-name>Composite Longbow</item-name>
		<item-icon>icon_formula_w_bow_02_11.png</item-icon>
		<item-batchqty>1</item-batchqty>
		<item-attributes>
			<item-attribute type="equipSlot">Left Palm</item-attribute>
			<item-attribute type="bulk">64</item-attribute>
			<item-attribute type="reqClass">ELAR, RNGR, SCT</item-attribute>
			<item-attribute type="range">40</item-attribute>
			<item-attribute type="damageType">pierce</item-attribute>
			<item-attribute type="skill">Bow</item-attribute>
		</item-attributes>
		<item-keywords>
			<item-keyword>techclass_1</item-keyword>
			<item-keyword>skill_use_bow</item-keyword>
			<item-keyword>weapon_longbow_composite</item-keyword>
			<item-keyword>bodyslot_leftpalm</item-keyword>
			<item-keyword>weaponstyle_bow</item-keyword>
			<item-keyword>weapon</item-keyword>
		</item-keywords>
		<tier>
			<tier-name>Cedar Composite Longbow</tier-name>
			<tier-lvl>1</tier-lvl>
			<tier-desc>A heavy tensioned long bow with horned ends, shaped from multiple layers of cedar, designed for damaging long ranged attacks.</tier-desc>
			<tier-allowedtechniques>1</tier-allowedtechniques>
			<tier-attributes>
				<tier-attribute type="hoardValue">20</tier-attribute>
				<tier-attribute type="reqAdvSkill">Bow (50)</tier-attribute>
				<tier-attribute type="reqCurrentAdvLevel">Current Adventure Level (5)</tier-attribute>
				<tier-attribute type="delay">36</tier-attribute>
				<tier-attribute type="damage">5-9</tier-attribute>
			</tier-attributes>
			<tier-keywords>
				<tier-keyword>longbow</tier-keyword>
				<tier-keyword>tier_1</tier-keyword>
			</tier-keywords>
			<resources>
				<resource>
					<resource-name>Cedar Board</resource-name>
					<resource-skill>Fletching</resource-skill>
					<resource-min amount="20">50</resource-min>
					<resource-opt amount="10">150</resource-opt>
				</resource>
			</resources>
		</tier>
		<tier>
			<tier-name>Elm Composite Longbow</tier-name>
			<tier-lvl>2</tier-lvl>
			<tier-desc>A heavy tensioned long bow with horned ends, shaped from multiple layers of elm, designed for damaging long ranged attacks.</tier-desc>
			<tier-allowedtechniques>1</tier-allowedtechniques>
			<tier-attributes>
				<tier-attribute type="hoardValue">50</tier-attribute>
				<tier-attribute type="reqAdvSkill">Bow (250)</tier-attribute>
				<tier-attribute type="reqCurrentAdvLevel">Current Adventure Level (25)</tier-attribute>
				<tier-attribute type="delay">35</tier-attribute>
				<tier-attribute type="damage">15-27</tier-attribute>
			</tier-attributes>
			<tier-keywords>
				<tier-keyword>techclass_2</tier-keyword>
				<tier-keyword>longbow</tier-keyword>
				<tier-keyword>tier_2</tier-keyword>
			</tier-keywords>
			<resources>
				<resource>
					<resource-name>Elm Board</resource-name>
					<resource-skill>Fletching</resource-skill>
					<resource-min amount="20">250</resource-min>
					<resource-opt amount="10">375</resource-opt>
				</resource>
			</resources>
		</tier>
		<tier>
			<tier-name>Oak Composite Longbow</tier-name>
			<tier-lvl>3</tier-lvl>
			<tier-desc>A heavy tensioned long bow with horned ends, shaped from multiple layers of oak, designed for damaging long ranged attacks.</tier-desc>
			<tier-allowedtechniques>2</tier-allowedtechniques>
			<tier-attributes>
				<tier-attribute type="hoardValue">90</tier-attribute>
				<tier-attribute type="reqAdvSkill">Bow (450)</tier-attribute>
				<tier-attribute type="reqCurrentAdvLevel">Current Adventure Level (45)</tier-attribute>
				<tier-attribute type="delay">34</tier-attribute>
				<tier-attribute type="damage">24-44</tier-attribute>
			</tier-attributes>
			<tier-keywords>
				<tier-keyword>techclass_3</tier-keyword>
				<tier-keyword>techclass_2</tier-keyword>
				<tier-keyword>tier_3</tier-keyword>
			</tier-keywords>
			<resources>
				<resource>
					<resource-name>Oak Board</resource-name>
					<resource-skill>Fletching</resource-skill>
					<resource-min amount="20">450</resource-min>
					<resource-opt amount="10">600</resource-opt>
				</resource>
			</resources>
		</tier>
		<tier>
			<tier-name>Maple Composite Longbow</tier-name>
			<tier-lvl>4</tier-lvl>
			<tier-desc>A heavy tensioned long bow with horned ends, shaped from multiple layers of maple, designed for damaging long ranged attacks.</tier-desc>
			<tier-allowedtechniques>2</tier-allowedtechniques>
			<tier-attributes>
				<tier-attribute type="hoardValue">180</tier-attribute>
				<tier-attribute type="reqAdvSkill">Bow (650)</tier-attribute>
				<tier-attribute type="reqCurrentAdvLevel">Current Adventure Level (65)</tier-attribute>
				<tier-attribute type="delay">33</tier-attribute>
				<tier-attribute type="damage">32-60</tier-attribute>
			</tier-attributes>
			<tier-keywords>
				<tier-keyword>techclass_4</tier-keyword>
				<tier-keyword>techclass_3</tier-keyword>
				<tier-keyword>techclass_2</tier-keyword>
				<tier-keyword>tier_4</tier-keyword>
			</tier-keywords>
			<resources>
				<resource>
					<resource-name>Maple Board</resource-name>
					<resource-skill>Fletching</resource-skill>
					<resource-min amount="20">650</resource-min>
					<resource-opt amount="10">825</resource-opt>
				</resource>
			</resources>
		</tier>
		<tier>
			<tier-name>Yew Composite Longbow</tier-name>
			<tier-lvl>5</tier-lvl>
			<tier-desc>A heavy tensioned long bow with horned ends, shaped from multiple layers of yew, designed for damaging long ranged attacks.</tier-desc>
			<tier-allowedtechniques>3</tier-allowedtechniques>
			<tier-attributes>
				<tier-attribute type="hoardValue">360</tier-attribute>
				<tier-attribute type="reqAdvSkill">Bow (850)</tier-attribute>
				<tier-attribute type="reqCurrentAdvLevel">Current Adventure Level (85)</tier-attribute>
				<tier-attribute type="delay">32</tier-attribute>
				<tier-attribute type="damage">40-75</tier-attribute>
			</tier-attributes>
			<tier-keywords>
				<tier-keyword>techclass_5</tier-keyword>
				<tier-keyword>techclass_4</tier-keyword>
				<tier-keyword>techclass_3</tier-keyword>
				<tier-keyword>techclass_2</tier-keyword>
				<tier-keyword>longbow</tier-keyword>
				<tier-keyword>tier_5</tier-keyword>
				<tier-keyword>resource_wood</tier-keyword>
			</tier-keywords>
			<resources>
				<resource>
					<resource-name>Yew Board</resource-name>
					<resource-skill>Fletching</resource-skill>
					<resource-min amount="20">850</resource-min>
					<resource-opt amount="10">1050</resource-opt>
				</resource>
			</resources>
		</tier>
	</item>
	<item>
		<item-name>Composite Shortbow</item-name>
		<item-icon>icon_formula_w_bow_04_11.png</item-icon>
		<item-batchqty>1</item-batchqty>
		<item-attributes>
			<item-attribute type="equipSlot">Left Palm</item-attribute>
			<item-attribute type="bulk">32</item-attribute>
			<item-attribute type="reqClass">ELAR, RNGR, SCT, WAR</item-attribute>
			<item-attribute type="range">30</item-attribute>
			<item-attribute type="damageType">pierce</item-attribute>
			<item-attribute type="skill">Bow</item-attribute>
		</item-attributes>
		<item-keywords>
			<item-keyword>techclass_1</item-keyword>
			<item-keyword>skill_use_bow</item-keyword>
			<item-keyword>weapon_shortbow_composite</item-keyword>
			<item-keyword>bodyslot_leftpalm</item-keyword>
			<item-keyword>weaponstyle_bow</item-keyword>
			<item-keyword>weapon</item-keyword>
		</item-keywords>
		<tier>
			<tier-name>Cedar Composite Shortbow</tier-name>
			<tier-lvl>1</tier-lvl>
			<tier-desc>A heavy tensioned short bow with horned ends, shaped from multiple layers of cedar, designed for rapid destructive mid range attacks.</tier-desc>
			<tier-allowedtechniques>1</tier-allowedtechniques>
			<tier-attributes>
				<tier-attribute type="hoardValue">18</tier-attribute>
				<tier-attribute type="reqAdvSkill">Bow (50)</tier-attribute>
				<tier-attribute type="reqCurrentAdvLevel">Current Adventure Level (5)</tier-attribute>
				<tier-attribute type="delay">33</tier-attribute>
				<tier-attribute type="damage">5-8</tier-attribute>
			</tier-attributes>
			<tier-keywords>
				<tier-keyword>tier_1</tier-keyword>
			</tier-keywords>
			<resources>
				<resource>
					<resource-name>Cedar Board</resource-name>
					<resource-skill>Fletching</resource-skill>
					<resource-min amount="18">50</resource-min>
					<resource-opt amount="9">150</resource-opt>
				</resource>
			</resources>
		</tier>
		<tier>
			<tier-name>Elm Composite Shortbow</tier-name>
			<tier-lvl>2</tier-lvl>
			<tier-desc>A heavy tensioned short bow with horned ends, shaped from multiple layers of elm, designed for rapid destructive mid range attacks.</tier-desc>
			<tier-allowedtechniques>1</tier-allowedtechniques>
			<tier-attributes>
				<tier-attribute type="hoardValue">45</tier-attribute>
				<tier-attribute type="reqAdvSkill">Bow (250)</tier-attribute>
				<tier-attribute type="reqCurrentAdvLevel">Current Adventure Level (25)</tier-attribute>
				<tier-attribute type="delay">32</tier-attribute>
				<tier-attribute type="damage">13-25</tier-attribute>
			</tier-attributes>
			<tier-keywords>
				<tier-keyword>techclass_2</tier-keyword>
				<tier-keyword>tier_2</tier-keyword>
			</tier-keywords>
			<resources>
				<resource>
					<resource-name>Elm Board</resource-name>
					<resource-skill>Fletching</resource-skill>
					<resource-min amount="18">250</resource-min>
					<resource-opt amount="9">375</resource-opt>
				</resource>
			</resources>
		</tier>
		<tier>
			<tier-name>Oak Composite Shortbow</tier-name>
			<tier-lvl>3</tier-lvl>
			<tier-desc>A heavy tensioned short bow with horned ends, shaped from multiple layers of oak, designed for rapid destructive mid range attacks.</tier-desc>
			<tier-allowedtechniques>2</tier-allowedtechniques>
			<tier-attributes>
				<tier-attribute type="hoardValue">81</tier-attribute>
				<tier-attribute type="reqAdvSkill">Bow (450)</tier-attribute>
				<tier-attribute type="reqCurrentAdvLevel">Current Adventure Level (45)</tier-attribute>
				<tier-attribute type="delay">31</tier-attribute>
				<tier-attribute type="damage">21-41</tier-attribute>
			</tier-attributes>
			<tier-keywords>
				<tier-keyword>techclass_3</tier-keyword>
				<tier-keyword>techclass_2</tier-keyword>
				<tier-keyword>tier_3</tier-keyword>
			</tier-keywords>
			<resources>
				<resource>
					<resource-name>Oak Board</resource-name>
					<resource-skill>Fletching</resource-skill>
					<resource-min amount="18">450</resource-min>
					<resource-opt amount="9">600</resource-opt>
				</resource>
			</resources>
		</tier>
		<tier>
			<tier-name>Maple Composite Shortbow</tier-name>
			<tier-lvl>4</tier-lvl>
			<tier-desc>A heavy tensioned short bow with horned ends, shaped from multiple layers of maple, designed for rapid destructive mid range attacks.</tier-desc>
			<tier-allowedtechniques>2</tier-allowedtechniques>
			<tier-attributes>
				<tier-attribute type="hoardValue">162</tier-attribute>
				<tier-attribute type="reqAdvSkill">Bow (650)</tier-attribute>
				<tier-attribute type="reqCurrentAdvLevel">Current Adventure Level (65)</tier-attribute>
				<tier-attribute type="delay">30</tier-attribute>
				<tier-attribute type="damage">28-56</tier-attribute>
			</tier-attributes>
			<tier-keywords>
				<tier-keyword>techclass_4</tier-keyword>
				<tier-keyword>techclass_3</tier-keyword>
				<tier-keyword>techclass_2</tier-keyword>
				<tier-keyword>tier_4</tier-keyword>
			</tier-keywords>
			<resources>
				<resource>
					<resource-name>Maple Board</resource-name>
					<resource-skill>Fletching</resource-skill>
					<resource-min amount="18">650</resource-min>
					<resource-opt amount="9">825</resource-opt>
				</resource>
			</resources>
		</tier>
		<tier>
			<tier-name>Yew Composite Shortbow</tier-name>
			<tier-lvl>5</tier-lvl>
			<tier-desc>A heavy tensioned short bow with horned ends, shaped from multiple layers of yew, designed for rapid destructive mid range attacks.</tier-desc>
			<tier-allowedtechniques>3</tier-allowedtechniques>
			<tier-attributes>
				<tier-attribute type="hoardValue">324</tier-attribute>
				<tier-attribute type="reqAdvSkill">Bow (850)</tier-attribute>
				<tier-attribute type="reqCurrentAdvLevel">Current Adventure Level (85)</tier-attribute>
				<tier-attribute type="delay">29</tier-attribute>
				<tier-attribute type="damage">34-70</tier-attribute>
			</tier-attributes>
			<tier-keywords>
				<tier-keyword>techclass_5</tier-keyword>
				<tier-keyword>techclass_4</tier-keyword>
				<tier-keyword>techclass_3</tier-keyword>
				<tier-keyword>techclass_2</tier-keyword>
				<tier-keyword>tier_5</tier-keyword>
				<tier-keyword>resource_wood</tier-keyword>
			</tier-keywords>
			<resources>
				<resource>
					<resource-name>Yew Board</resource-name>
					<resource-skill>Fletching</resource-skill>
					<resource-min amount="18">850</resource-min>
					<resource-opt amount="9">1050</resource-opt>
				</resource>
			</resources>
		</tier>
	</item>
	<item>
		<item-name>Fine Composite Longbow</item-name>
		<item-icon>icon_formula_w_bow_02_11.png</item-icon>
		<item-batchqty>1</item-batchqty>
		<item-attributes>
			<item-attribute type="equipSlot">Left Palm</item-attribute>
			<item-attribute type="bulk">64</item-attribute>
			<item-attribute type="reqClass">ELAR, RNGR, SCT</item-attribute>
			<item-attribute type="range">40</item-attribute>
			<item-attribute type="damageType">pierce</item-attribute>
			<item-attribute type="skill">Bow</item-attribute>
		</item-attributes>
		<item-keywords>
			<item-keyword>techclass_1</item-keyword>
			<item-keyword>skill_use_bow</item-keyword>
			<item-keyword>weapon_longbow_composite</item-keyword>
			<item-keyword>bodyslot_leftpalm</item-keyword>
			<item-keyword>weaponstyle_bow</item-keyword>
			<item-keyword>weapon</item-keyword>
			<item-keyword>fine</item-keyword>
		</item-keywords>
		<tier>
			<tier-name>Fine Cedar Composite Longbow</tier-name>
			<tier-lvl>1</tier-lvl>
			<tier-desc>A heavy tensioned exceptional long bow with horned ends, shaped from multiple layers of cedar, designed for damaging long ranged attacks.</tier-desc>
			<tier-allowedtechniques>1</tier-allowedtechniques>
			<tier-attributes>
				<tier-attribute type="hoardValue">26</tier-attribute>
				<tier-attribute type="reqAdvSkill">Bow (150)</tier-attribute>
				<tier-attribute type="reqCurrentAdvLevel">Current Adventure Level (15)</tier-attribute>
				<tier-attribute type="delay">35</tier-attribute>
				<tier-attribute type="damage">10-18</tier-attribute>
			</tier-attributes>
			<tier-keywords>
				<tier-keyword>longbow</tier-keyword>
				<tier-keyword>tier_1</tier-keyword>
			</tier-keywords>
			<resources>
				<resource>
					<resource-name>Cedar Board</resource-name>
					<resource-skill>Fletching</resource-skill>
					<resource-min amount="26">150</resource-min>
					<resource-opt amount="13">250</resource-opt>
				</resource>
			</resources>
		</tier>
		<tier>
			<tier-name>Fine Elm Composite Longbow</tier-name>
			<tier-lvl>2</tier-lvl>
			<tier-desc>A heavy tensioned exceptional long bow with horned ends, shaped from multiple layers of elm, designed for damaging long ranged attacks.</tier-desc>
			<tier-allowedtechniques>1</tier-allowedtechniques>
			<tier-attributes>
				<tier-attribute type="hoardValue">65</tier-attribute>
				<tier-attribute type="reqAdvSkill">Bow (350)</tier-attribute>
				<tier-attribute type="reqCurrentAdvLevel">Current Adventure Level (35)</tier-attribute>
				<tier-attribute type="delay">34</tier-attribute>
				<tier-attribute type="damage">19-35</tier-attribute>
			</tier-attributes>
			<tier-keywords>
				<tier-keyword>techclass_2</tier-keyword>
				<tier-keyword>tier_2</tier-keyword>
			</tier-keywords>
			<resources>
				<resource>
					<resource-name>Elm Board</resource-name>
					<resource-skill>Fletching</resource-skill>
					<resource-min amount="26">350</resource-min>
					<resource-opt amount="13">475</resource-opt>
				</resource>
			</resources>
		</tier>
		<tier>
			<tier-name>Fine Oak Composite Longbow</tier-name>
			<tier-lvl>3</tier-lvl>
			<tier-desc>A heavy tensioned exceptional long bow with horned ends, shaped from multiple layers of oak, designed for damaging long ranged attacks.</tier-desc>
			<tier-allowedtechniques>2</tier-allowedtechniques>
			<tier-attributes>
				<tier-attribute type="hoardValue">117</tier-attribute>
				<tier-attribute type="reqAdvSkill">Bow (550)</tier-attribute>
				<tier-attribute type="reqCurrentAdvLevel">Current Adventure Level (55)</tier-attribute>
				<tier-attribute type="delay">33</tier-attribute>
				<tier-attribute type="damage">28-51</tier-attribute>
			</tier-attributes>
			<tier-keywords>
				<tier-keyword>techclass_3</tier-keyword>
				<tier-keyword>techclass_2</tier-keyword>
				<tier-keyword>tier_3</tier-keyword>
			</tier-keywords>
			<resources>
				<resource>
					<resource-name>Oak Board</resource-name>
					<resource-skill>Fletching</resource-skill>
					<resource-min amount="26">550</resource-min>
					<resource-opt amount="13">700</resource-opt>
				</resource>
			</resources>
		</tier>
		<tier>
			<tier-name>Fine Maple Composite Longbow</tier-name>
			<tier-lvl>4</tier-lvl>
			<tier-desc>A heavy tensioned exceptional long bow with horned ends, shaped from multiple layers of maple, designed for damaging long ranged attacks.</tier-desc>
			<tier-allowedtechniques>2</tier-allowedtechniques>
			<tier-attributes>
				<tier-attribute type="hoardValue">234</tier-attribute>
				<tier-attribute type="reqAdvSkill">Bow (750)</tier-attribute>
				<tier-attribute type="reqCurrentAdvLevel">Current Adventure Level (75)</tier-attribute>
				<tier-attribute type="delay">32</tier-attribute>
				<tier-attribute type="damage">35-67</tier-attribute>
			</tier-attributes>
			<tier-keywords>
				<tier-keyword>techclass_4</tier-keyword>
				<tier-keyword>techclass_3</tier-keyword>
				<tier-keyword>techclass_2</tier-keyword>
				<tier-keyword>tier_4</tier-keyword>
			</tier-keywords>
			<resources>
				<resource>
					<resource-name>Maple Board</resource-name>
					<resource-skill>Fletching</resource-skill>
					<resource-min amount="26">750</resource-min>
					<resource-opt amount="13">925</resource-opt>
				</resource>
			</resources>
		</tier>
		<tier>
			<tier-name>Fine Yew Composite Longbow</tier-name>
			<tier-lvl>5</tier-lvl>
			<tier-desc>A heavy tensioned exceptional long bow with horned ends, shaped from multiple layers of yew, designed for damaging long ranged attacks.</tier-desc>
			<tier-allowedtechniques>3</tier-allowedtechniques>
			<tier-attributes>
				<tier-attribute type="hoardValue">468</tier-attribute>
				<tier-attribute type="reqAdvSkill">Bow (950)</tier-attribute>
				<tier-attribute type="reqCurrentAdvLevel">Current Adventure Level (95)</tier-attribute>
				<tier-attribute type="delay">31</tier-attribute>
				<tier-attribute type="damage">42-82</tier-attribute>
			</tier-attributes>
			<tier-keywords>
				<tier-keyword>techclass_5</tier-keyword>
				<tier-keyword>techclass_4</tier-keyword>
				<tier-keyword>techclass_3</tier-keyword>
				<tier-keyword>techclass_2</tier-keyword>
				<tier-keyword>longbow</tier-keyword>
				<tier-keyword>tier_5</tier-keyword>
				<tier-keyword>resource_wood</tier-keyword>
			</tier-keywords>
			<resources>
				<resource>
					<resource-name>Yew Board</resource-name>
					<resource-skill>Fletching</resource-skill>
					<resource-min amount="26">950</resource-min>
					<resource-opt amount="13">1150</resource-opt>
				</resource>
			</resources>
		</tier>
	</item>
	<item>
		<item-name>Fine Composite Shortbow</item-name>
		<item-icon>icon_formula_w_bow_04_11.png</item-icon>
		<item-batchqty>1</item-batchqty>
		<item-attributes>
			<item-attribute type="equipSlot">Left Palm</item-attribute>
			<item-attribute type="bulk">32</item-attribute>
			<item-attribute type="reqClass">ELAR, RNGR, SCT, WAR</item-attribute>
			<item-attribute type="range">30</item-attribute>
			<item-attribute type="damageType">pierce</item-attribute>
			<item-attribute type="skill">Bow</item-attribute>
		</item-attributes>
		<item-keywords>
			<item-keyword>techclass_1</item-keyword>
			<item-keyword>skill_use_bow</item-keyword>
			<item-keyword>bodyslot_leftpalm</item-keyword>
			<item-keyword>weaponstyle_bow</item-keyword>
			<item-keyword>weapon</item-keyword>
			<item-keyword>fine</item-keyword>
		</item-keywords>
		<tier>
			<tier-name>Fine Cedar Composite Shortbow</tier-name>
			<tier-lvl>1</tier-lvl>
			<tier-desc>A heavy tensioned exceptional short bow with horned ends, shaped from multiple layers of cedar, designed for destructive mid-range attacks.</tier-desc>
			<tier-allowedtechniques>1</tier-allowedtechniques>
			<tier-attributes>
				<tier-attribute type="hoardValue">24</tier-attribute>
				<tier-attribute type="reqAdvSkill">Bow (150)</tier-attribute>
				<tier-attribute type="reqCurrentAdvLevel">Current Adventure Level (15)</tier-attribute>
				<tier-attribute type="delay">32</tier-attribute>
				<tier-attribute type="damage">9-17</tier-attribute>
			</tier-attributes>
			<tier-keywords>
				<tier-keyword>tier_1</tier-keyword>
				<tier-keyword>weapon_shortbow_composite</tier-keyword>
			</tier-keywords>
			<resources>
				<resource>
					<resource-name>Cedar Board</resource-name>
					<resource-skill>Fletching</resource-skill>
					<resource-min amount="24">150</resource-min>
					<resource-opt amount="12">250</resource-opt>
				</resource>
			</resources>
		</tier>
		<tier>
			<tier-name>Fine Elm Composite Shortbow</tier-name>
			<tier-lvl>2</tier-lvl>
			<tier-desc>A heavy tensioned exceptional short bow with horned ends, shaped from multiple layers of elm, designed for destructive mid-range attacks.</tier-desc>
			<tier-allowedtechniques>1</tier-allowedtechniques>
			<tier-attributes>
				<tier-attribute type="hoardValue">60</tier-attribute>
				<tier-attribute type="reqAdvSkill">Bow (350)</tier-attribute>
				<tier-attribute type="reqCurrentAdvLevel">Current Adventure Level (35)</tier-attribute>
				<tier-attribute type="delay">31</tier-attribute>
				<tier-attribute type="damage">17-33</tier-attribute>
			</tier-attributes>
			<tier-keywords>
				<tier-keyword>techclass_2</tier-keyword>
				<tier-keyword>tier_2</tier-keyword>
				<tier-keyword>weapon_shortbow_composite</tier-keyword>
			</tier-keywords>
			<resources>
				<resource>
					<resource-name>Elm Board</resource-name>
					<resource-skill>Fletching</resource-skill>
					<resource-min amount="24">350</resource-min>
					<resource-opt amount="12">475</resource-opt>
				</resource>
			</resources>
		</tier>
		<tier>
			<tier-name>Fine Oak Composite Shortbow</tier-name>
			<tier-lvl>3</tier-lvl>
			<tier-desc>A heavy tensioned exceptional short bow with horned ends, shaped from multiple layers of oak, designed for destructive mid-range attacks.</tier-desc>
			<tier-allowedtechniques>2</tier-allowedtechniques>
			<tier-attributes>
				<tier-attribute type="hoardValue">108</tier-attribute>
				<tier-attribute type="reqAdvSkill">Bow (550)</tier-attribute>
				<tier-attribute type="reqCurrentAdvLevel">Current Adventure Level (55)</tier-attribute>
				<tier-attribute type="delay">30</tier-attribute>
				<tier-attribute type="damage">24-48</tier-attribute>
			</tier-attributes>
			<tier-keywords>
				<tier-keyword>techclass_3</tier-keyword>
				<tier-keyword>techclass_2</tier-keyword>
				<tier-keyword>tier_3</tier-keyword>
				<tier-keyword>weapon_shortbow_composite</tier-keyword>
			</tier-keywords>
			<resources>
				<resource>
					<resource-name>Oak Board</resource-name>
					<resource-skill>Fletching</resource-skill>
					<resource-min amount="24">550</resource-min>
					<resource-opt amount="12">700</resource-opt>
				</resource>
			</resources>
		</tier>
		<tier>
			<tier-name>Fine Maple Composite Shortbow</tier-name>
			<tier-lvl>4</tier-lvl>
			<tier-desc>A heavy tensioned exceptional short bow with horned ends, shaped from multiple layers of maple, designed for destructive mid-range attacks.</tier-desc>
			<tier-allowedtechniques>2</tier-allowedtechniques>
			<tier-attributes>
				<tier-attribute type="hoardValue">216</tier-attribute>
				<tier-attribute type="reqAdvSkill">Bow (750)</tier-attribute>
				<tier-attribute type="reqCurrentAdvLevel">Current Adventure Level (75)</tier-attribute>
				<tier-attribute type="delay">29</tier-attribute>
				<tier-attribute type="damage">31-62</tier-attribute>
			</tier-attributes>
			<tier-keywords>
				<tier-keyword>techclass_4</tier-keyword>
				<tier-keyword>techclass_3</tier-keyword>
				<tier-keyword>techclass_2</tier-keyword>
				<tier-keyword>tier_4</tier-keyword>
				<tier-keyword>weapon_shortbow_composite</tier-keyword>
			</tier-keywords>
			<resources>
				<resource>
					<resource-name>Maple Board</resource-name>
					<resource-skill>Fletching</resource-skill>
					<resource-min amount="24">750</resource-min>
					<resource-opt amount="12">925</resource-opt>
				</resource>
			</resources>
		</tier>
		<tier>
			<tier-name>Fine Yew Composite Shortbow</tier-name>
			<tier-lvl>5</tier-lvl>
			<tier-desc>A heavy tensioned exceptional short bow with horned ends, shaped from multiple layers of yew, designed for destructive mid-range attacks.</tier-desc>
			<tier-allowedtechniques>3</tier-allowedtechniques>
			<tier-attributes>
				<tier-attribute type="hoardValue">432</tier-attribute>
				<tier-attribute type="reqAdvSkill">Bow (950)</tier-attribute>
				<tier-attribute type="reqCurrentAdvLevel">Current Adventure Level (95)</tier-attribute>
				<tier-attribute type="delay">28</tier-attribute>
				<tier-attribute type="damage">36-76</tier-attribute>
			</tier-attributes>
			<tier-keywords>
				<tier-keyword>techclass_5</tier-keyword>
				<tier-keyword>techclass_4</tier-keyword>
				<tier-keyword>techclass_3</tier-keyword>
				<tier-keyword>techclass_2</tier-keyword>
				<tier-keyword>tier_5</tier-keyword>
				<tier-keyword>weapon_shortbow</tier-keyword>
				<tier-keyword>resource_wood</tier-keyword>
			</tier-keywords>
			<resources>
				<resource>
					<resource-name>Yew Board</resource-name>
					<resource-skill>Fletching</resource-skill>
					<resource-min amount="24">950</resource-min>
					<resource-opt amount="12">1150</resource-opt>
				</resource>
			</resources>
		</tier>
	</item>
	<item>
		<item-name>Fine Longbow</item-name>
		<item-icon>icon_formula_w_bow_01_11.png</item-icon>
		<item-batchqty>1</item-batchqty>
		<item-attributes>
			<item-attribute type="equipSlot">Left Palm</item-attribute>
			<item-attribute type="bulk">64</item-attribute>
			<item-attribute type="reqClass">ELAR, RNGR, SCT</item-attribute>
			<item-attribute type="range">40</item-attribute>
			<item-attribute type="damageType">pierce</item-attribute>
			<item-attribute type="skill">Bow</item-attribute>
		</item-attributes>
		<item-keywords>
			<item-keyword>techclass_1</item-keyword>
			<item-keyword>skill_use_bow</item-keyword>
			<item-keyword>weapon_longbow</item-keyword>
			<item-keyword>bodyslot_leftpalm</item-keyword>
			<item-keyword>weaponstyle_bow</item-keyword>
			<item-keyword>weapon</item-keyword>
			<item-keyword>fine</item-keyword>
		</item-keywords>
		<tier>
			<tier-name>Fine Cedar Longbow</tier-name>
			<tier-lvl>1</tier-lvl>
			<tier-desc>An exceptional large bow carved from cedar, designed for long ranged attacks trading quickness for damage.</tier-desc>
			<tier-allowedtechniques>1</tier-allowedtechniques>
			<tier-attributes>
				<tier-attribute type="hoardValue">22</tier-attribute>
				<tier-attribute type="reqAdvSkill">Bow (100)</tier-attribute>
				<tier-attribute type="reqCurrentAdvLevel">Current Adventure Level (10)</tier-attribute>
				<tier-attribute type="delay">33</tier-attribute>
				<tier-attribute type="damage">7-13</tier-attribute>
			</tier-attributes>
			<tier-keywords>
				<tier-keyword>longbow</tier-keyword>
				<tier-keyword>tier_1</tier-keyword>
			</tier-keywords>
			<resources>
				<resource>
					<resource-name>Cedar Board</resource-name>
					<resource-skill>Fletching</resource-skill>
					<resource-min amount="22">100</resource-min>
					<resource-opt amount="11">200</resource-opt>
				</resource>
			</resources>
		</tier>
		<tier>
			<tier-name>Fine Elm Longbow</tier-name>
			<tier-lvl>2</tier-lvl>
			<tier-desc>An exceptional large bow carved from elm, designed for long ranged attacks trading quickness for damage.</tier-desc>
			<tier-allowedtechniques>1</tier-allowedtechniques>
			<tier-attributes>
				<tier-attribute type="hoardValue">55</tier-attribute>
				<tier-attribute type="reqAdvSkill">Bow (300)</tier-attribute>
				<tier-attribute type="reqCurrentAdvLevel">Current Adventure Level (30)</tier-attribute>
				<tier-attribute type="delay">32</tier-attribute>
				<tier-attribute type="damage">16-29</tier-attribute>
			</tier-attributes>
			<tier-keywords>
				<tier-keyword>techclass_2</tier-keyword>
				<tier-keyword>tier_2</tier-keyword>
			</tier-keywords>
			<resources>
				<resource>
					<resource-name>Elm Board</resource-name>
					<resource-skill>Fletching</resource-skill>
					<resource-min amount="22">300</resource-min>
					<resource-opt amount="11">425</resource-opt>
				</resource>
			</resources>
		</tier>
		<tier>
			<tier-name>Fine Oak Longbow</tier-name>
			<tier-lvl>3</tier-lvl>
			<tier-desc>An exceptional large bow carved from oak, designed for long ranged attacks trading quickness for damage.</tier-desc>
			<tier-allowedtechniques>2</tier-allowedtechniques>
			<tier-attributes>
				<tier-attribute type="hoardValue">99</tier-attribute>
				<tier-attribute type="reqAdvSkill">Bow (500)</tier-attribute>
				<tier-attribute type="reqCurrentAdvLevel">Current Adventure Level (50)</tier-attribute>
				<tier-attribute type="delay">31</tier-attribute>
				<tier-attribute type="damage">23-45</tier-attribute>
			</tier-attributes>
			<tier-keywords>
				<tier-keyword>techclass_3</tier-keyword>
				<tier-keyword>techclass_2</tier-keyword>
				<tier-keyword>tier_3</tier-keyword>
			</tier-keywords>
			<resources>
				<resource>
					<resource-name>Oak Board</resource-name>
					<resource-skill>Fletching</resource-skill>
					<resource-min amount="22">500</resource-min>
					<resource-opt amount="11">650</resource-opt>
				</resource>
			</resources>
		</tier>
		<tier>
			<tier-name>Fine Maple Longbow</tier-name>
			<tier-lvl>4</tier-lvl>
			<tier-desc>An exceptional large bow carved from maple, designed for long ranged attacks trading quickness for damage.</tier-desc>
			<tier-allowedtechniques>2</tier-allowedtechniques>
			<tier-attributes>
				<tier-attribute type="hoardValue">198</tier-attribute>
				<tier-attribute type="reqAdvSkill">Bow (700)</tier-attribute>
				<tier-attribute type="reqCurrentAdvLevel">Current Adventure Level (70)</tier-attribute>
				<tier-attribute type="delay">30</tier-attribute>
				<tier-attribute type="damage">30-60</tier-attribute>
			</tier-attributes>
			<tier-keywords>
				<tier-keyword>techclass_4</tier-keyword>
				<tier-keyword>techclass_3</tier-keyword>
				<tier-keyword>techclass_2</tier-keyword>
				<tier-keyword>tier_4</tier-keyword>
			</tier-keywords>
			<resources>
				<resource>
					<resource-name>Maple Board</resource-name>
					<resource-skill>Fletching</resource-skill>
					<resource-min amount="22">700</resource-min>
					<resource-opt amount="11">875</resource-opt>
				</resource>
			</resources>
		</tier>
		<tier>
			<tier-name>Fine Yew Longbow</tier-name>
			<tier-lvl>5</tier-lvl>
			<tier-desc>An exceptional large bow carved from yew, designed for long ranged attacks trading quickness for damage.</tier-desc>
			<tier-allowedtechniques>3</tier-allowedtechniques>
			<tier-attributes>
				<tier-attribute type="hoardValue">396</tier-attribute>
				<tier-attribute type="reqAdvSkill">Bow (900)</tier-attribute>
				<tier-attribute type="reqCurrentAdvLevel">Current Adventure Level (90)</tier-attribute>
				<tier-attribute type="delay">29</tier-attribute>
				<tier-attribute type="damage">39-74</tier-attribute>
			</tier-attributes>
			<tier-keywords>
				<tier-keyword>techclass_5</tier-keyword>
				<tier-keyword>techclass_4</tier-keyword>
				<tier-keyword>techclass_3</tier-keyword>
				<tier-keyword>techclass_2</tier-keyword>
				<tier-keyword>longbow</tier-keyword>
				<tier-keyword>tier_5</tier-keyword>
				<tier-keyword>resource_wood</tier-keyword>
			</tier-keywords>
			<resources>
				<resource>
					<resource-name>Yew Board</resource-name>
					<resource-skill>Fletching</resource-skill>
					<resource-min amount="22">900</resource-min>
					<resource-opt amount="11">1100</resource-opt>
				</resource>
			</resources>
		</tier>
	</item>
	<item>
		<item-name>Fine Shortbow</item-name>
		<item-icon>icon_formula_w_bow_03_11.png</item-icon>
		<item-batchqty>1</item-batchqty>
		<item-attributes>
			<item-attribute type="equipSlot">Left Palm</item-attribute>
			<item-attribute type="bulk">32</item-attribute>
			<item-attribute type="reqClass">ELAR, RNGR, SCT, WAR</item-attribute>
			<item-attribute type="range">30</item-attribute>
			<item-attribute type="damageType">pierce</item-attribute>
			<item-attribute type="skill">Bow</item-attribute>
		</item-attributes>
		<item-keywords>
			<item-keyword>techclass_1</item-keyword>
			<item-keyword>skill_use_bow</item-keyword>
			<item-keyword>weapon_shortbow</item-keyword>
			<item-keyword>bodyslot_leftpalm</item-keyword>
			<item-keyword>weaponstyle_bow</item-keyword>
			<item-keyword>weapon</item-keyword>
			<item-keyword>fine</item-keyword>
		</item-keywords>
		<tier>
			<tier-name>Fine Cedar Shortbow</tier-name>
			<tier-lvl>1</tier-lvl>
			<tier-desc>A light fast simple bow made of cedar.</tier-desc>
			<tier-allowedtechniques>1</tier-allowedtechniques>
			<tier-attributes>
				<tier-attribute type="hoardValue">20</tier-attribute>
				<tier-attribute type="reqAdvSkill">Bow (100)</tier-attribute>
				<tier-attribute type="reqCurrentAdvLevel">Current Adventure Level (10)</tier-attribute>
				<tier-attribute type="delay">30</tier-attribute>
				<tier-attribute type="damage">6-12</tier-attribute>
			</tier-attributes>
			<tier-keywords>
				<tier-keyword>tier_1</tier-keyword>
			</tier-keywords>
			<resources>
				<resource>
					<resource-name>Cedar Board</resource-name>
					<resource-skill>Fletching</resource-skill>
					<resource-min amount="20">100</resource-min>
					<resource-opt amount="10">200</resource-opt>
				</resource>
			</resources>
		</tier>
		<tier>
			<tier-name>Fine Elm Shortbow</tier-name>
			<tier-lvl>2</tier-lvl>
			<tier-desc>A light fast simple bow made of elm.</tier-desc>
			<tier-allowedtechniques>1</tier-allowedtechniques>
			<tier-attributes>
				<tier-attribute type="hoardValue">50</tier-attribute>
				<tier-attribute type="reqAdvSkill">Bow (300)</tier-attribute>
				<tier-attribute type="reqCurrentAdvLevel">Current Adventure Level (30)</tier-attribute>
				<tier-attribute type="delay">29</tier-attribute>
				<tier-attribute type="damage">14-27</tier-attribute>
			</tier-attributes>
			<tier-keywords>
				<tier-keyword>techclass_2</tier-keyword>
				<tier-keyword>tier_2</tier-keyword>
			</tier-keywords>
			<resources>
				<resource>
					<resource-name>Elm Board</resource-name>
					<resource-skill>Fletching</resource-skill>
					<resource-min amount="20">300</resource-min>
					<resource-opt amount="10">425</resource-opt>
				</resource>
			</resources>
		</tier>
		<tier>
			<tier-name>Fine Oak Shortbow</tier-name>
			<tier-lvl>3</tier-lvl>
			<tier-desc>A light fast simple bow made of  oak.</tier-desc>
			<tier-allowedtechniques>2</tier-allowedtechniques>
			<tier-attributes>
				<tier-attribute type="hoardValue">90</tier-attribute>
				<tier-attribute type="reqAdvSkill">Bow (500)</tier-attribute>
				<tier-attribute type="reqCurrentAdvLevel">Current Adventure Level (50)</tier-attribute>
				<tier-attribute type="delay">28</tier-attribute>
				<tier-attribute type="damage">20-42</tier-attribute>
			</tier-attributes>
			<tier-keywords>
				<tier-keyword>techclass_3</tier-keyword>
				<tier-keyword>techclass_2</tier-keyword>
				<tier-keyword>tier_3</tier-keyword>
			</tier-keywords>
			<resources>
				<resource>
					<resource-name>Oak Board</resource-name>
					<resource-skill>Fletching</resource-skill>
					<resource-min amount="20">500</resource-min>
					<resource-opt amount="10">650</resource-opt>
				</resource>
			</resources>
		</tier>
		<tier>
			<tier-name>Fine Maple Shortbow</tier-name>
			<tier-lvl>4</tier-lvl>
			<tier-desc>A light fast simple bow made of maple.</tier-desc>
			<tier-allowedtechniques>2</tier-allowedtechniques>
			<tier-attributes>
				<tier-attribute type="hoardValue">180</tier-attribute>
				<tier-attribute type="reqAdvSkill">Bow (700)</tier-attribute>
				<tier-attribute type="reqCurrentAdvLevel">Current Adventure Level (70)</tier-attribute>
				<tier-attribute type="delay">27</tier-attribute>
				<tier-attribute type="damage">26-55</tier-attribute>
			</tier-attributes>
			<tier-keywords>
				<tier-keyword>techclass_4</tier-keyword>
				<tier-keyword>techclass_3</tier-keyword>
				<tier-keyword>techclass_2</tier-keyword>
				<tier-keyword>tier_4</tier-keyword>
			</tier-keywords>
			<resources>
				<resource>
					<resource-name>Maple Board</resource-name>
					<resource-skill>Fletching</resource-skill>
					<resource-min amount="20">700</resource-min>
					<resource-opt amount="10">875</resource-opt>
				</resource>
			</resources>
		</tier>
		<tier>
			<tier-name>Fine Yew Shortbow</tier-name>
			<tier-lvl>5</tier-lvl>
			<tier-desc>A light fast simple bow made of yew.</tier-desc>
			<tier-allowedtechniques>3</tier-allowedtechniques>
			<tier-attributes>
				<tier-attribute type="hoardValue">360</tier-attribute>
				<tier-attribute type="reqAdvSkill">Bow (900)</tier-attribute>
				<tier-attribute type="reqCurrentAdvLevel">Current Adventure Level (90)</tier-attribute>
				<tier-attribute type="delay">26</tier-attribute>
				<tier-attribute type="damage">31-68</tier-attribute>
			</tier-attributes>
			<tier-keywords>
				<tier-keyword>techclass_5</tier-keyword>
				<tier-keyword>techclass_4</tier-keyword>
				<tier-keyword>techclass_3</tier-keyword>
				<tier-keyword>techclass_2</tier-keyword>
				<tier-keyword>tier_5</tier-keyword>
				<tier-keyword>resource_wood</tier-keyword>
			</tier-keywords>
			<resources>
				<resource>
					<resource-name>Yew Board</resource-name>
					<resource-skill>Fletching</resource-skill>
					<resource-min amount="20">900</resource-min>
					<resource-opt amount="10">1100</resource-opt>
				</resource>
			</resources>
		</tier>
	</item>
	<item>
		<item-name>Longbow</item-name>
		<item-icon>icon_formula_w_bow_01_11.png</item-icon>
		<item-batchqty>1</item-batchqty>
		<item-attributes>
			<item-attribute type="equipSlot">Left Palm</item-attribute>
			<item-attribute type="bulk">64</item-attribute>
			<item-attribute type="reqClass">ELAR, RNGR, SCT</item-attribute>
			<item-attribute type="range">40</item-attribute>
			<item-attribute type="damageType">pierce</item-attribute>
			<item-attribute type="skill">Bow</item-attribute>
		</item-attributes>
		<item-keywords>
			<item-keyword>techclass_1</item-keyword>
			<item-keyword>skill_use_bow</item-keyword>
			<item-keyword>weapon_longbow</item-keyword>
			<item-keyword>bodyslot_leftpalm</item-keyword>
			<item-keyword>weaponstyle_bow</item-keyword>
			<item-keyword>weapon</item-keyword>
		</item-keywords>
		<tier>
			<tier-name>Cedar Longbow</tier-name>
			<tier-lvl>1</tier-lvl>
			<tier-desc>A large bow crafted from cedar, designed for long ranged attacks trading quickness for damage.</tier-desc>
			<tier-allowedtechniques>1</tier-allowedtechniques>
			<tier-attributes>
				<tier-attribute type="hoardValue">16</tier-attribute>
				<tier-attribute type="reqAdvSkill">Bow (1)</tier-attribute>
				<tier-attribute type="reqCurrentAdvLevel">Current Adventure Level (1)</tier-attribute>
				<tier-attribute type="delay">34</tier-attribute>
				<tier-attribute type="damage">3-4</tier-attribute>
			</tier-attributes>
			<tier-keywords>
				<tier-keyword>longbow</tier-keyword>
				<tier-keyword>tier_1</tier-keyword>
			</tier-keywords>
			<resources>
				<resource>
					<resource-name>Cedar Board</resource-name>
					<resource-skill>Fletching</resource-skill>
					<resource-min amount="16">1</resource-min>
					<resource-opt amount="8">100</resource-opt>
				</resource>
			</resources>
		</tier>
		<tier>
			<tier-name>Elm Longbow</tier-name>
			<tier-lvl>2</tier-lvl>
			<tier-desc>A large bow crafted from elm, designed for long ranged attacks trading quickness for damage.</tier-desc>
			<tier-allowedtechniques>1</tier-allowedtechniques>
			<tier-attributes>
				<tier-attribute type="hoardValue">40</tier-attribute>
				<tier-attribute type="reqAdvSkill">Bow (200)</tier-attribute>
				<tier-attribute type="reqCurrentAdvLevel">Current Adventure Level (20)</tier-attribute>
				<tier-attribute type="delay">33</tier-attribute>
				<tier-attribute type="damage">12-21</tier-attribute>
			</tier-attributes>
			<tier-keywords>
				<tier-keyword>techclass_2</tier-keyword>
				<tier-keyword>longbow</tier-keyword>
				<tier-keyword>tier_2</tier-keyword>
			</tier-keywords>
			<resources>
				<resource>
					<resource-name>Elm Board</resource-name>
					<resource-skill>Fletching</resource-skill>
					<resource-min amount="16">200</resource-min>
					<resource-opt amount="8">325</resource-opt>
				</resource>
			</resources>
		</tier>
		<tier>
			<tier-name>Oak Longbow</tier-name>
			<tier-lvl>3</tier-lvl>
			<tier-desc>A large bow crafted from oak, designed for long ranged attacks trading quickness for damage.</tier-desc>
			<tier-allowedtechniques>2</tier-allowedtechniques>
			<tier-attributes>
				<tier-attribute type="hoardValue">72</tier-attribute>
				<tier-attribute type="reqAdvSkill">Bow (400)</tier-attribute>
				<tier-attribute type="reqCurrentAdvLevel">Current Adventure Level (40)</tier-attribute>
				<tier-attribute type="delay">32</tier-attribute>
				<tier-attribute type="damage">20-38</tier-attribute>
			</tier-attributes>
			<tier-keywords>
				<tier-keyword>techclass_3</tier-keyword>
				<tier-keyword>techclass_2</tier-keyword>
				<tier-keyword>tier_3</tier-keyword>
			</tier-keywords>
			<resources>
				<resource>
					<resource-name>Oak Board</resource-name>
					<resource-skill>Fletching</resource-skill>
					<resource-min amount="16">400</resource-min>
					<resource-opt amount="8">550</resource-opt>
				</resource>
			</resources>
		</tier>
		<tier>
			<tier-name>Maple Longbow</tier-name>
			<tier-lvl>4</tier-lvl>
			<tier-desc>A large bow crafted from maple, designed for long ranged attacks trading quickness for damage.</tier-desc>
			<tier-allowedtechniques>2</tier-allowedtechniques>
			<tier-attributes>
				<tier-attribute type="hoardValue">144</tier-attribute>
				<tier-attribute type="reqAdvSkill">Bow (600)</tier-attribute>
				<tier-attribute type="reqCurrentAdvLevel">Current Adventure Level (60)</tier-attribute>
				<tier-attribute type="delay">31</tier-attribute>
				<tier-attribute type="damage">28-53</tier-attribute>
			</tier-attributes>
			<tier-keywords>
				<tier-keyword>techclass_4</tier-keyword>
				<tier-keyword>techclass_3</tier-keyword>
				<tier-keyword>techclass_2</tier-keyword>
				<tier-keyword>tier_4</tier-keyword>
			</tier-keywords>
			<resources>
				<resource>
					<resource-name>Maple Board</resource-name>
					<resource-skill>Fletching</resource-skill>
					<resource-min amount="16">600</resource-min>
					<resource-opt amount="8">775</resource-opt>
				</resource>
			</resources>
		</tier>
		<tier>
			<tier-name>Yew Longbow</tier-name>
			<tier-lvl>5</tier-lvl>
			<tier-desc>A large bow crafted from yew, designed for long ranged attacks trading quickness for damage.</tier-desc>
			<tier-allowedtechniques>3</tier-allowedtechniques>
			<tier-attributes>
				<tier-attribute type="hoardValue">288</tier-attribute>
				<tier-attribute type="reqAdvSkill">Bow (800)</tier-attribute>
				<tier-attribute type="reqCurrentAdvLevel">Current Adventure Level (80)</tier-attribute>
				<tier-attribute type="delay">30</tier-attribute>
				<tier-attribute type="damage">34-68</tier-attribute>
			</tier-attributes>
			<tier-keywords>
				<tier-keyword>techclass_5</tier-keyword>
				<tier-keyword>techclass_4</tier-keyword>
				<tier-keyword>techclass_3</tier-keyword>
				<tier-keyword>techclass_2</tier-keyword>
				<tier-keyword>longbow</tier-keyword>
				<tier-keyword>tier_5</tier-keyword>
				<tier-keyword>resource_wood</tier-keyword>
			</tier-keywords>
			<resources>
				<resource>
					<resource-name>Yew Board</resource-name>
					<resource-skill>Fletching</resource-skill>
					<resource-min amount="16">800</resource-min>
					<resource-opt amount="8">1000</resource-opt>
				</resource>
			</resources>
		</tier>
	</item>
	<item>
		<item-name>Shortbow</item-name>
		<item-icon>icon_formula_w_bow_03_11.png</item-icon>
		<item-batchqty>1</item-batchqty>
		<item-attributes>
			<item-attribute type="equipSlot">Left Palm</item-attribute>
			<item-attribute type="bulk">32</item-attribute>
			<item-attribute type="reqClass">ELAR, RNGR, SCT, WAR</item-attribute>
			<item-attribute type="range">30</item-attribute>
			<item-attribute type="damageType">pierce</item-attribute>
			<item-attribute type="skill">Bow</item-attribute>
		</item-attributes>
		<item-keywords>
			<item-keyword>techclass_1</item-keyword>
			<item-keyword>skill_use_bow</item-keyword>
			<item-keyword>weapon_shortbow</item-keyword>
			<item-keyword>bodyslot_leftpalm</item-keyword>
			<item-keyword>weaponstyle_bow</item-keyword>
			<item-keyword>weapon</item-keyword>
		</item-keywords>
		<tier>
			<tier-name>Cedar Shortbow</tier-name>
			<tier-lvl>1</tier-lvl>
			<tier-desc>A light fast simple bow made of cedar.</tier-desc>
			<tier-allowedtechniques>1</tier-allowedtechniques>
			<tier-attributes>
				<tier-attribute type="hoardValue">14</tier-attribute>
				<tier-attribute type="reqAdvSkill">Bow (1)</tier-attribute>
				<tier-attribute type="reqCurrentAdvLevel">Current Adventure Level (1)</tier-attribute>
				<tier-attribute type="delay">31</tier-attribute>
				<tier-attribute type="damage">2-4</tier-attribute>
			</tier-attributes>
			<tier-keywords>
				<tier-keyword>tier_1</tier-keyword>
			</tier-keywords>
			<resources>
				<resource>
					<resource-name>Cedar Board</resource-name>
					<resource-skill>Fletching</resource-skill>
					<resource-min amount="14">1</resource-min>
					<resource-opt amount="7">100</resource-opt>
				</resource>
			</resources>
		</tier>
		<tier>
			<tier-name>Elm Shortbow</tier-name>
			<tier-lvl>2</tier-lvl>
			<tier-desc>A light fast simple bow made of elm.</tier-desc>
			<tier-allowedtechniques>1</tier-allowedtechniques>
			<tier-attributes>
				<tier-attribute type="hoardValue">35</tier-attribute>
				<tier-attribute type="reqAdvSkill">Bow (200)</tier-attribute>
				<tier-attribute type="reqCurrentAdvLevel">Current Adventure Level (20)</tier-attribute>
				<tier-attribute type="delay">30</tier-attribute>
				<tier-attribute type="damage">10-20</tier-attribute>
			</tier-attributes>
			<tier-keywords>
				<tier-keyword>techclass_2</tier-keyword>
				<tier-keyword>tier_2</tier-keyword>
			</tier-keywords>
			<resources>
				<resource>
					<resource-name>Elm Board</resource-name>
					<resource-skill>Fletching</resource-skill>
					<resource-min amount="14">200</resource-min>
					<resource-opt amount="7">325</resource-opt>
				</resource>
			</resources>
		</tier>
		<tier>
			<tier-name>Oak Shortbow</tier-name>
			<tier-lvl>3</tier-lvl>
			<tier-desc>A light fast simple bow made of  oak.</tier-desc>
			<tier-allowedtechniques>2</tier-allowedtechniques>
			<tier-attributes>
				<tier-attribute type="hoardValue">63</tier-attribute>
				<tier-attribute type="reqAdvSkill">Bow (400)</tier-attribute>
				<tier-attribute type="reqCurrentAdvLevel">Current Adventure Level (40)</tier-attribute>
				<tier-attribute type="delay">29</tier-attribute>
				<tier-attribute type="damage">17-35</tier-attribute>
			</tier-attributes>
			<tier-keywords>
				<tier-keyword>techclass_3</tier-keyword>
				<tier-keyword>techclass_2</tier-keyword>
				<tier-keyword>tier_3</tier-keyword>
			</tier-keywords>
			<resources>
				<resource>
					<resource-name>Oak Board</resource-name>
					<resource-skill>Fletching</resource-skill>
					<resource-min amount="14">400</resource-min>
					<resource-opt amount="7">550</resource-opt>
				</resource>
			</resources>
		</tier>
		<tier>
			<tier-name>Maple Shortbow</tier-name>
			<tier-lvl>4</tier-lvl>
			<tier-desc>A light fast simple bow made of maple.</tier-desc>
			<tier-allowedtechniques>2</tier-allowedtechniques>
			<tier-attributes>
				<tier-attribute type="hoardValue">126</tier-attribute>
				<tier-attribute type="reqAdvSkill">Bow (600)</tier-attribute>
				<tier-attribute type="reqCurrentAdvLevel">Current Adventure Level (60)</tier-attribute>
				<tier-attribute type="delay">28</tier-attribute>
				<tier-attribute type="damage">24-49</tier-attribute>
			</tier-attributes>
			<tier-keywords>
				<tier-keyword>techclass_4</tier-keyword>
				<tier-keyword>techclass_3</tier-keyword>
				<tier-keyword>techclass_2</tier-keyword>
				<tier-keyword>tier_4</tier-keyword>
			</tier-keywords>
			<resources>
				<resource>
					<resource-name>Maple Board</resource-name>
					<resource-skill>Fletching</resource-skill>
					<resource-min amount="14">600</resource-min>
					<resource-opt amount="7">775</resource-opt>
				</resource>
			</resources>
		</tier>
		<tier>
			<tier-name>Yew Shortbow</tier-name>
			<tier-lvl>5</tier-lvl>
			<tier-desc>A light fast simple bow made of yew.</tier-desc>
			<tier-allowedtechniques>3</tier-allowedtechniques>
			<tier-attributes>
				<tier-attribute type="hoardValue">252</tier-attribute>
				<tier-attribute type="reqAdvSkill">Bow (800)</tier-attribute>
				<tier-attribute type="reqCurrentAdvLevel">Current Adventure Level (80)</tier-attribute>
				<tier-attribute type="delay">27</tier-attribute>
				<tier-attribute type="damage">29-63</tier-attribute>
			</tier-attributes>
			<tier-keywords>
				<tier-keyword>techclass_5</tier-keyword>
				<tier-keyword>techclass_4</tier-keyword>
				<tier-keyword>techclass_3</tier-keyword>
				<tier-keyword>techclass_2</tier-keyword>
				<tier-keyword>tier_5</tier-keyword>
				<tier-keyword>resource_wood</tier-keyword>
			</tier-keywords>
			<resources>
				<resource>
					<resource-name>Yew Board</resource-name>
					<resource-skill>Fletching</resource-skill>
					<resource-min amount="14">800</resource-min>
					<resource-opt amount="7">1000</resource-opt>
				</resource>
			</resources>
		</tier>
	</item>
</formulaset>
