<?xml version="1.0" encoding="ISO-8859-1"?>
<formulas>
	<!--
		Notice: All entries in this file are OVERRIDES ment for last minute changes, hotfixes and changes across multiple formulae
		

		If you plan to mod HCC use this file to apply _modular patches_ (replaces, adds child elements)
		For example:
		
		<item>
			<item-name>Aughundell Textile Wear</item-name>
			<item-attributes>
				<item-attribute type="statBonus">+2 Armor</item-attribute>
				<item-attribute type="statMalus">-10 Ogre</item-attribute>
			</item-attributes>
		</item>
		
		Please compare to fashion_wear.xml: This example will replace the item-attribute "statBonus",
		add a new one ("statMalus") and leave the remaining attributes ("bulk", "reqRace") untouched.
		
	-->
</formulas>
