<?xml version="1.0" encoding="ISO-8859-1"?>
<help>
	<pages>
		<page type="officialsite">http://hcc.reclamation.dk/</page>
		<page type="orderwindow">http://hcc.reclamation.dk/?tag=manual&amp;cat=orders</page>
		<page type="formulawindow">http://hcc.reclamation.dk/?tag=manual&amp;cat=formulae</page>
		<page type="techniquewindow">http://hcc.reclamation.dk/?tag=manual&amp;cat=techniques</page>
		<page type="reportwindow">http://hcc.reclamation.dk/?tag=manual&amp;cat=reports</page>
		<page type="profilewindow">http://hcc.reclamation.dk/?tag=manual&amp;cat=profiles</page>
		<page type="componentwindow">http://hcc.reclamation.dk/?tag=manual&amp;cat=components</page>
		<page type="updatewindow">http://hcc.reclamation.dk/?tag=manual&amp;cat=updates</page>
		<page type="update">http://hcc.reclamation.dk/?tag=download</page>
		<page type="optionwindow">http://hcc.reclamation.dk/?tag=manual&amp;cat=configuration</page>
		<page type="onlinemanual">http://hcc.reclamation.dk/?tag=manual</page>
		<page type="reportbug">http://hcc.reclamation.dk/?tag=support</page>
		<page type="plugins">http://hcc.reclamation.dk/?tag=manual&amp;cat=plugins</page>
	</pages>
</help>

