<?xml version="1.0" encoding="ISO-8859-1"?>
<formulaset format="2.1">
	<formulaset-name>Spells - Energy</formulaset-name>
	<formulaset-categories>
		<formulaset-category>Spells</formulaset-category>
	</formulaset-categories>
	<item>
		<item-name>Energy Attack</item-name>
		<item-icon>icon_formula_s_02_01_11.png</item-icon>
		<item-batchqty>1</item-batchqty>
		<item-attributes>
			<item-attribute type="equipSlot">Spellbook</item-attribute>
			<item-attribute type="bulk">1</item-attribute>
			<item-attribute type="reqClass">GRDN, CHSW, ELAR, CRSB, BLDM, SPRD, KNOC, ICED, STMD, BRSK, FLMD, SPRM, RVR, RNGR, CONJ, SORC, CLRC, WIZ, DRU, SHMN, BTLM, MONK, SPRT, PLDN, SCT, HLR, MAGE, WAR</item-attribute>
			<item-attribute type="range">30</item-attribute>
			<item-attribute type="castDelay">30</item-attribute>
		</item-attributes>
		<item-keywords>
			<item-keyword>techclass_1</item-keyword>
			<item-keyword>skill_use_magic_energy</item-keyword>
			<item-keyword>nonrepeatable</item-keyword>
			<item-keyword>buff</item-keyword>
			<item-keyword>spell</item-keyword>
			<item-keyword>ranged</item-keyword>
		</item-keywords>
		<tier>
			<tier-name>Energy Attack I</tier-name>
			<tier-lvl>1</tier-lvl>
			<tier-desc>Infuses the target's weapon with arcane energy, causing it to deliver additional energy damage with each blow.</tier-desc>
			<tier-allowedtechniques>1</tier-allowedtechniques>
			<tier-attributes>
				<tier-attribute type="hoardValue">12</tier-attribute>
				<tier-attribute type="reqCurrentAdvLevel">Current Adventure Level (7)</tier-attribute>
				<tier-attribute type="reqAdvSkill">Energy (70)</tier-attribute>
				<tier-attribute type="effect">Energy Attack I</tier-attribute>
				<tier-attribute type="effectReq">Current Adventure Level (1)</tier-attribute>
				<tier-attribute type="effectConvertDamage">Converts damage to energy</tier-attribute>
			</tier-attributes>
			<tier-keywords>
				<tier-keyword>tier_1</tier-keyword>
			</tier-keywords>
			<resources>
				<resource>
					<resource-name>Sandstone Spell Shard</resource-name>
					<resource-skill>Spellcraft</resource-skill>
					<resource-min amount="4">70</resource-min>
					<resource-opt amount="4">170</resource-opt>
				</resource>
			</resources>
		</tier>
		<tier>
			<tier-name>Energy Attack II</tier-name>
			<tier-lvl>2</tier-lvl>
			<tier-desc>Infuses the target's weapon with arcane energy, causing it to deliver additional energy damage with each blow.</tier-desc>
			<tier-allowedtechniques>1</tier-allowedtechniques>
			<tier-attributes>
				<tier-attribute type="hoardValue">72</tier-attribute>
				<tier-attribute type="reqCurrentAdvLevel">Current Adventure Level (27)</tier-attribute>
				<tier-attribute type="reqAdvSkill">Energy (270)</tier-attribute>
				<tier-attribute type="effect">Energy Attack II</tier-attribute>
				<tier-attribute type="effectReq">Current Adventure Level (20)</tier-attribute>
				<tier-attribute type="effectConvertDamage">Converts damage to energy</tier-attribute>
			</tier-attributes>
			<tier-keywords>
				<tier-keyword>techclass_2</tier-keyword>
				<tier-keyword>tier_2</tier-keyword>
			</tier-keywords>
			<resources>
				<resource>
					<resource-name>Slate Spell Shard</resource-name>
					<resource-skill>Spellcraft</resource-skill>
					<resource-min amount="4">270</resource-min>
					<resource-opt amount="4">395</resource-opt>
				</resource>
				<resource>
					<resource-name>Pale Essence Orb</resource-name>
					<resource-skill>Spellcraft</resource-skill>
					<resource-min amount="14">270</resource-min>
					<resource-opt amount="7">395</resource-opt>
				</resource>
			</resources>
		</tier>
		<tier>
			<tier-name>Energy Attack III</tier-name>
			<tier-lvl>3</tier-lvl>
			<tier-desc>Infuses the target's weapon with arcane energy, causing it to deliver additional energy damage with each blow.</tier-desc>
			<tier-allowedtechniques>2</tier-allowedtechniques>
			<tier-attributes>
				<tier-attribute type="hoardValue">144</tier-attribute>
				<tier-attribute type="reqCurrentAdvLevel">Current Adventure Level (47)</tier-attribute>
				<tier-attribute type="reqAdvSkill">Energy (470)</tier-attribute>
				<tier-attribute type="effect">Energy Attack III</tier-attribute>
				<tier-attribute type="effectReq">Current Adventure Level (40)</tier-attribute>
				<tier-attribute type="effectConvertDamage">Converts damage to energy</tier-attribute>
			</tier-attributes>
			<tier-keywords>
				<tier-keyword>techclass_3</tier-keyword>
				<tier-keyword>techclass_2</tier-keyword>
				<tier-keyword>tier_3</tier-keyword>
			</tier-keywords>
			<resources>
				<resource>
					<resource-name>Granite Spell Shard</resource-name>
					<resource-skill>Spellcraft</resource-skill>
					<resource-min amount="4">470</resource-min>
					<resource-opt amount="4">620</resource-opt>
				</resource>
				<resource>
					<resource-name>Glowing Essence Orb</resource-name>
					<resource-skill>Spellcraft</resource-skill>
					<resource-min amount="14">470</resource-min>
					<resource-opt amount="7">620</resource-opt>
				</resource>
			</resources>
		</tier>
		<tier>
			<tier-name>Energy Attack IV</tier-name>
			<tier-lvl>4</tier-lvl>
			<tier-desc>Infuses the target's weapon with arcane energy, causing it to deliver additional energy damage with each blow.</tier-desc>
			<tier-allowedtechniques>2</tier-allowedtechniques>
			<tier-attributes>
				<tier-attribute type="hoardValue">288</tier-attribute>
				<tier-attribute type="reqCurrentAdvLevel">Current Adventure Level (67)</tier-attribute>
				<tier-attribute type="reqAdvSkill">Energy (670)</tier-attribute>
				<tier-attribute type="effect">Energy Attack IV</tier-attribute>
				<tier-attribute type="effectReq">Current Adventure Level (60)</tier-attribute>
				<tier-attribute type="effectConvertDamage">Converts damage to energy</tier-attribute>
			</tier-attributes>
			<tier-keywords>
				<tier-keyword>techclass_4</tier-keyword>
				<tier-keyword>techclass_3</tier-keyword>
				<tier-keyword>techclass_2</tier-keyword>
				<tier-keyword>tier_4</tier-keyword>
			</tier-keywords>
			<resources>
				<resource>
					<resource-name>Obsidian Spell Shard</resource-name>
					<resource-skill>Spellcraft</resource-skill>
					<resource-min amount="4">670</resource-min>
					<resource-opt amount="4">845</resource-opt>
				</resource>
				<resource>
					<resource-name>Bright Essence Orb</resource-name>
					<resource-skill>Spellcraft</resource-skill>
					<resource-min amount="14">670</resource-min>
					<resource-opt amount="7">845</resource-opt>
				</resource>
			</resources>
		</tier>
		<tier>
			<tier-name>Energy Attack V</tier-name>
			<tier-lvl>5</tier-lvl>
			<tier-desc>Infuses the target's weapon with arcane energy, causing it to deliver additional energy damage with each blow.</tier-desc>
			<tier-allowedtechniques>3</tier-allowedtechniques>
			<tier-attributes>
				<tier-attribute type="hoardValue">576</tier-attribute>
				<tier-attribute type="reqCurrentAdvLevel">Current Adventure Level (87)</tier-attribute>
				<tier-attribute type="reqAdvSkill">Energy (870)</tier-attribute>
				<tier-attribute type="effect">Energy Attack V</tier-attribute>
				<tier-attribute type="effectReq">Current Adventure Level (80)</tier-attribute>
				<tier-attribute type="effectConvertDamage">Converts damage to energy</tier-attribute>
			</tier-attributes>
			<tier-keywords>
				<tier-keyword>techclass_5</tier-keyword>
				<tier-keyword>techclass_4</tier-keyword>
				<tier-keyword>techclass_3</tier-keyword>
				<tier-keyword>techclass_2</tier-keyword>
				<tier-keyword>tier_5</tier-keyword>
			</tier-keywords>
			<resources>
				<resource>
					<resource-name>Marble Spell Shard</resource-name>
					<resource-skill>Spellcraft</resource-skill>
					<resource-min amount="4">870</resource-min>
					<resource-opt amount="4">1070</resource-opt>
				</resource>
				<resource>
					<resource-name>Shining Essence Orb</resource-name>
					<resource-skill>Spellcraft</resource-skill>
					<resource-min amount="14">870</resource-min>
					<resource-opt amount="7">1070</resource-opt>
				</resource>
			</resources>
		</tier>
	</item>
	<item>
		<item-name>Energy Bolt</item-name>
		<item-icon>icon_formula_s_02_02_11.png</item-icon>
		<item-batchqty>1</item-batchqty>
		<item-attributes>
			<item-attribute type="equipSlot">Spellbook</item-attribute>
			<item-attribute type="bulk">1</item-attribute>
			<item-attribute type="reqClass">GRDN, CHSW, ELAR, CRSB, BLDM, SPRD, KNOC, ICED, STMD, BRSK, FLMD, SPRM, RVR, RNGR, CONJ, SORC, CLRC, WIZ, DRU, SHMN, BTLM, MONK, SPRT, PLDN, SCT, HLR, MAGE, WAR</item-attribute>
			<item-attribute type="range">30</item-attribute>
			<item-attribute type="castDelay">30</item-attribute>
			<item-attribute type="damageType">energy</item-attribute>
			<item-attribute type="skill">Energy</item-attribute>
			<item-attribute type="recycle">Repeating</item-attribute>
		</item-attributes>
		<item-keywords>
			<item-keyword>techclass_1</item-keyword>
			<item-keyword>skill_use_magic_energy</item-keyword>
			<item-keyword>spell</item-keyword>
			<item-keyword>repeatable</item-keyword>
			<item-keyword>ranged</item-keyword>
			<item-keyword>damage</item-keyword>
		</item-keywords>
		<tier>
			<tier-name>Energy Bolt I</tier-name>
			<tier-lvl>1</tier-lvl>
			<tier-desc>A concentrated bolt of damaging energy.</tier-desc>
			<tier-allowedtechniques>1</tier-allowedtechniques>
			<tier-attributes>
				<tier-attribute type="hoardValue">9</tier-attribute>
				<tier-attribute type="reqCurrentAdvLevel">Current Adventure Level (1)</tier-attribute>
				<tier-attribute type="reqAdvSkill">Energy (1)</tier-attribute>
				<tier-attribute type="damage">3-5</tier-attribute>
			</tier-attributes>
			<tier-keywords>
				<tier-keyword>tier_1</tier-keyword>
			</tier-keywords>
			<resources>
				<resource>
					<resource-name>Sandstone Spell Shard</resource-name>
					<resource-skill>Spellcraft</resource-skill>
					<resource-min amount="3">1</resource-min>
					<resource-opt amount="3">100</resource-opt>
				</resource>
			</resources>
		</tier>
		<tier>
			<tier-name>Energy Bolt II</tier-name>
			<tier-lvl>2</tier-lvl>
			<tier-desc>A concentrated bolt of damaging energy.</tier-desc>
			<tier-allowedtechniques>1</tier-allowedtechniques>
			<tier-attributes>
				<tier-attribute type="hoardValue">54</tier-attribute>
				<tier-attribute type="reqCurrentAdvLevel">Current Adventure Level (20)</tier-attribute>
				<tier-attribute type="reqAdvSkill">Energy (200)</tier-attribute>
				<tier-attribute type="damage">16-20</tier-attribute>
			</tier-attributes>
			<tier-keywords>
				<tier-keyword>techclass_2</tier-keyword>
				<tier-keyword>tier_2</tier-keyword>
			</tier-keywords>
			<resources>
				<resource>
					<resource-name>Slate Spell Shard</resource-name>
					<resource-skill>Spellcraft</resource-skill>
					<resource-min amount="3">200</resource-min>
					<resource-opt amount="3">325</resource-opt>
				</resource>
				<resource>
					<resource-name>Pale Essence Orb</resource-name>
					<resource-skill>Spellcraft</resource-skill>
					<resource-min amount="10">200</resource-min>
					<resource-opt amount="5">325</resource-opt>
				</resource>
			</resources>
		</tier>
		<tier>
			<tier-name>Energy Bolt III</tier-name>
			<tier-lvl>3</tier-lvl>
			<tier-desc>A concentrated bolt of damaging energy.</tier-desc>
			<tier-allowedtechniques>2</tier-allowedtechniques>
			<tier-attributes>
				<tier-attribute type="hoardValue">108</tier-attribute>
				<tier-attribute type="reqCurrentAdvLevel">Current Adventure Level (40)</tier-attribute>
				<tier-attribute type="reqAdvSkill">Energy (400)</tier-attribute>
				<tier-attribute type="damage">29-35</tier-attribute>
			</tier-attributes>
			<tier-keywords>
				<tier-keyword>techclass_3</tier-keyword>
				<tier-keyword>techclass_2</tier-keyword>
				<tier-keyword>tier_3</tier-keyword>
			</tier-keywords>
			<resources>
				<resource>
					<resource-name>Granite Spell Shard</resource-name>
					<resource-skill>Spellcraft</resource-skill>
					<resource-min amount="3">400</resource-min>
					<resource-opt amount="3">550</resource-opt>
				</resource>
				<resource>
					<resource-name>Glowing Essence Orb</resource-name>
					<resource-skill>Spellcraft</resource-skill>
					<resource-min amount="10">400</resource-min>
					<resource-opt amount="5">550</resource-opt>
				</resource>
			</resources>
		</tier>
		<tier>
			<tier-name>Energy Bolt IV</tier-name>
			<tier-lvl>4</tier-lvl>
			<tier-desc>A concentrated bolt of damaging energy.</tier-desc>
			<tier-allowedtechniques>2</tier-allowedtechniques>
			<tier-attributes>
				<tier-attribute type="hoardValue">216</tier-attribute>
				<tier-attribute type="reqCurrentAdvLevel">Current Adventure Level (60)</tier-attribute>
				<tier-attribute type="reqAdvSkill">Energy (600)</tier-attribute>
				<tier-attribute type="damage">40-48</tier-attribute>
			</tier-attributes>
			<tier-keywords>
				<tier-keyword>techclass_4</tier-keyword>
				<tier-keyword>techclass_3</tier-keyword>
				<tier-keyword>techclass_2</tier-keyword>
				<tier-keyword>tier_4</tier-keyword>
			</tier-keywords>
			<resources>
				<resource>
					<resource-name>Obsidian Spell Shard</resource-name>
					<resource-skill>Spellcraft</resource-skill>
					<resource-min amount="3">600</resource-min>
					<resource-opt amount="3">775</resource-opt>
				</resource>
				<resource>
					<resource-name>Bright Essence Orb</resource-name>
					<resource-skill>Spellcraft</resource-skill>
					<resource-min amount="10">600</resource-min>
					<resource-opt amount="5">775</resource-opt>
				</resource>
			</resources>
		</tier>
		<tier>
			<tier-name>Energy Bolt V</tier-name>
			<tier-lvl>5</tier-lvl>
			<tier-desc>A concentrated bolt of damaging energy.</tier-desc>
			<tier-allowedtechniques>3</tier-allowedtechniques>
			<tier-attributes>
				<tier-attribute type="hoardValue">432</tier-attribute>
				<tier-attribute type="reqCurrentAdvLevel">Current Adventure Level (80)</tier-attribute>
				<tier-attribute type="reqAdvSkill">Energy (800)</tier-attribute>
				<tier-attribute type="damage">50-60</tier-attribute>
			</tier-attributes>
			<tier-keywords>
				<tier-keyword>techclass_5</tier-keyword>
				<tier-keyword>techclass_4</tier-keyword>
				<tier-keyword>techclass_3</tier-keyword>
				<tier-keyword>techclass_2</tier-keyword>
				<tier-keyword>tier_5</tier-keyword>
			</tier-keywords>
			<resources>
				<resource>
					<resource-name>Marble Spell Shard</resource-name>
					<resource-skill>Spellcraft</resource-skill>
					<resource-min amount="3">800</resource-min>
					<resource-opt amount="3">1000</resource-opt>
				</resource>
				<resource>
					<resource-name>Shining Essence Orb</resource-name>
					<resource-skill>Spellcraft</resource-skill>
					<resource-min amount="10">800</resource-min>
					<resource-opt amount="5">1000</resource-opt>
				</resource>
			</resources>
		</tier>
	</item>
	<item>
		<item-name>Energy Bomb</item-name>
		<item-icon>icon_formula_s_02_03_11.png</item-icon>
		<item-batchqty>1</item-batchqty>
		<item-attributes>
			<item-attribute type="equipSlot">Spellbook</item-attribute>
			<item-attribute type="bulk">1</item-attribute>
			<item-attribute type="reqClass">CHSW, KNOC, ICED, FLMD, CONJ, SORC, WIZ, BTLM, MAGE</item-attribute>
			<item-attribute type="range">35</item-attribute>
			<item-attribute type="castDelay">45</item-attribute>
			<item-attribute type="damageType">energy</item-attribute>
			<item-attribute type="skill">Energy</item-attribute>
			<item-attribute type="area">7</item-attribute>
		</item-attributes>
		<item-keywords>
			<item-keyword>techclass_1</item-keyword>
			<item-keyword>skill_use_magic_energy</item-keyword>
			<item-keyword>nonrepeatable</item-keyword>
			<item-keyword>spell</item-keyword>
			<item-keyword>ranged</item-keyword>
			<item-keyword>damage</item-keyword>
			<item-keyword>aoe</item-keyword>
			<item-keyword>arcane</item-keyword>
		</item-keywords>
		<tier>
			<tier-name>Energy Bomb I</tier-name>
			<tier-lvl>1</tier-lvl>
			<tier-desc>Launches an exploding ball of damaging energy at a distant area.</tier-desc>
			<tier-allowedtechniques>1</tier-allowedtechniques>
			<tier-attributes>
				<tier-attribute type="hoardValue">15</tier-attribute>
				<tier-attribute type="reqCurrentAdvLevel">Current Adventure Level (12)</tier-attribute>
				<tier-attribute type="reqAdvSkill">Energy (120)</tier-attribute>
				<tier-attribute type="damage">20-22</tier-attribute>
			</tier-attributes>
			<tier-keywords>
				<tier-keyword>tier_1</tier-keyword>
			</tier-keywords>
			<resources>
				<resource>
					<resource-name>Sandstone Spell Shard</resource-name>
					<resource-skill>Spellcraft</resource-skill>
					<resource-min amount="5">120</resource-min>
					<resource-opt amount="5">220</resource-opt>
				</resource>
			</resources>
		</tier>
		<tier>
			<tier-name>Energy Bomb II</tier-name>
			<tier-lvl>2</tier-lvl>
			<tier-desc>Launches an exploding ball of damaging energy at a distant area.</tier-desc>
			<tier-allowedtechniques>1</tier-allowedtechniques>
			<tier-attributes>
				<tier-attribute type="hoardValue">90</tier-attribute>
				<tier-attribute type="reqCurrentAdvLevel">Current Adventure Level (32)</tier-attribute>
				<tier-attribute type="reqAdvSkill">Energy (320)</tier-attribute>
				<tier-attribute type="damage">45-49</tier-attribute>
			</tier-attributes>
			<tier-keywords>
				<tier-keyword>techclass_2</tier-keyword>
				<tier-keyword>tier_2</tier-keyword>
			</tier-keywords>
			<resources>
				<resource>
					<resource-name>Slate Spell Shard</resource-name>
					<resource-skill>Spellcraft</resource-skill>
					<resource-min amount="5">320</resource-min>
					<resource-opt amount="5">445</resource-opt>
				</resource>
				<resource>
					<resource-name>Pale Essence Orb</resource-name>
					<resource-skill>Spellcraft</resource-skill>
					<resource-min amount="18">320</resource-min>
					<resource-opt amount="9">445</resource-opt>
				</resource>
			</resources>
		</tier>
		<tier>
			<tier-name>Energy Bomb III</tier-name>
			<tier-lvl>3</tier-lvl>
			<tier-desc>Launches an exploding ball of damaging energy at a distant area.</tier-desc>
			<tier-allowedtechniques>2</tier-allowedtechniques>
			<tier-attributes>
				<tier-attribute type="hoardValue">180</tier-attribute>
				<tier-attribute type="reqCurrentAdvLevel">Current Adventure Level (52)</tier-attribute>
				<tier-attribute type="reqAdvSkill">Energy (520)</tier-attribute>
				<tier-attribute type="damage">70-76</tier-attribute>
			</tier-attributes>
			<tier-keywords>
				<tier-keyword>techclass_3</tier-keyword>
				<tier-keyword>techclass_2</tier-keyword>
				<tier-keyword>tier_3</tier-keyword>
			</tier-keywords>
			<resources>
				<resource>
					<resource-name>Granite Spell Shard</resource-name>
					<resource-skill>Spellcraft</resource-skill>
					<resource-min amount="5">520</resource-min>
					<resource-opt amount="5">670</resource-opt>
				</resource>
				<resource>
					<resource-name>Glowing Essence Orb</resource-name>
					<resource-skill>Spellcraft</resource-skill>
					<resource-min amount="18">520</resource-min>
					<resource-opt amount="9">670</resource-opt>
				</resource>
			</resources>
		</tier>
		<tier>
			<tier-name>Energy Bomb IV</tier-name>
			<tier-lvl>4</tier-lvl>
			<tier-desc>Launches an exploding ball of damaging energy at a distant area.</tier-desc>
			<tier-allowedtechniques>2</tier-allowedtechniques>
			<tier-attributes>
				<tier-attribute type="hoardValue">360</tier-attribute>
				<tier-attribute type="reqCurrentAdvLevel">Current Adventure Level (72)</tier-attribute>
				<tier-attribute type="reqAdvSkill">Energy (720)</tier-attribute>
				<tier-attribute type="damage">95-103</tier-attribute>
			</tier-attributes>
			<tier-keywords>
				<tier-keyword>techclass_4</tier-keyword>
				<tier-keyword>techclass_3</tier-keyword>
				<tier-keyword>techclass_2</tier-keyword>
				<tier-keyword>tier_4</tier-keyword>
			</tier-keywords>
			<resources>
				<resource>
					<resource-name>Obsidian Spell Shard</resource-name>
					<resource-skill>Spellcraft</resource-skill>
					<resource-min amount="5">720</resource-min>
					<resource-opt amount="5">895</resource-opt>
				</resource>
				<resource>
					<resource-name>Bright Essence Orb</resource-name>
					<resource-skill>Spellcraft</resource-skill>
					<resource-min amount="18">720</resource-min>
					<resource-opt amount="9">895</resource-opt>
				</resource>
			</resources>
		</tier>
		<tier>
			<tier-name>Energy Bomb V</tier-name>
			<tier-lvl>5</tier-lvl>
			<tier-desc>Launches an exploding ball of damaging energy at a distant area.</tier-desc>
			<tier-allowedtechniques>3</tier-allowedtechniques>
			<tier-attributes>
				<tier-attribute type="hoardValue">720</tier-attribute>
				<tier-attribute type="reqCurrentAdvLevel">Current Adventure Level (92)</tier-attribute>
				<tier-attribute type="reqAdvSkill">Energy (920)</tier-attribute>
				<tier-attribute type="damage">120-130</tier-attribute>
			</tier-attributes>
			<tier-keywords>
				<tier-keyword>techclass_5</tier-keyword>
				<tier-keyword>techclass_4</tier-keyword>
				<tier-keyword>techclass_3</tier-keyword>
				<tier-keyword>techclass_2</tier-keyword>
				<tier-keyword>tier_5</tier-keyword>
			</tier-keywords>
			<resources>
				<resource>
					<resource-name>Marble Spell Shard</resource-name>
					<resource-skill>Spellcraft</resource-skill>
					<resource-min amount="5">920</resource-min>
					<resource-opt amount="5">1120</resource-opt>
				</resource>
				<resource>
					<resource-name>Shining Essence Orb</resource-name>
					<resource-skill>Spellcraft</resource-skill>
					<resource-min amount="18">920</resource-min>
					<resource-opt amount="9">1120</resource-opt>
				</resource>
			</resources>
		</tier>
	</item>
	<item>
		<item-name>Energy Resistance</item-name>
		<item-icon>icon_formula_s_02_04_11.png</item-icon>
		<item-batchqty>1</item-batchqty>
		<item-attributes>
			<item-attribute type="equipSlot">Spellbook</item-attribute>
			<item-attribute type="bulk">1</item-attribute>
			<item-attribute type="reqClass">GRDN, CHSW, ELAR, CRSB, BLDM, SPRD, KNOC, ICED, STMD, BRSK, FLMD, SPRM, RVR, RNGR, CONJ, SORC, CLRC, WIZ, DRU, SHMN, BTLM, MONK, SPRT, PLDN, SCT, HLR, MAGE, WAR</item-attribute>
			<item-attribute type="range">30</item-attribute>
			<item-attribute type="castDelay">30</item-attribute>
		</item-attributes>
		<item-keywords>
			<item-keyword>techclass_1</item-keyword>
			<item-keyword>skill_use_magic_energy</item-keyword>
			<item-keyword>nonrepeatable</item-keyword>
			<item-keyword>buff</item-keyword>
			<item-keyword>spell</item-keyword>
			<item-keyword>ranged</item-keyword>
		</item-keywords>
		<tier>
			<tier-name>Energy Resistance I</tier-name>
			<tier-lvl>1</tier-lvl>
			<tier-desc>Creates an inverse resonance field around the target to reduce the intensity of incoming energy attacks.</tier-desc>
			<tier-allowedtechniques>1</tier-allowedtechniques>
			<tier-attributes>
				<tier-attribute type="hoardValue">12</tier-attribute>
				<tier-attribute type="reqCurrentAdvLevel">Current Adventure Level (5)</tier-attribute>
				<tier-attribute type="reqAdvSkill">Energy (50)</tier-attribute>
				<tier-attribute type="effect">Energy Resistance I</tier-attribute>
				<tier-attribute type="effectReq">Current Adventure Level (1)</tier-attribute>
				<tier-attribute type="effectStatBonus">+8 Energy Resistance</tier-attribute>
				<tier-attribute type="effectDuration">15:00</tier-attribute>
			</tier-attributes>
			<tier-keywords>
				<tier-keyword>tier_1</tier-keyword>
			</tier-keywords>
			<resources>
				<resource>
					<resource-name>Sandstone Spell Shard</resource-name>
					<resource-skill>Spellcraft</resource-skill>
					<resource-min amount="4">50</resource-min>
					<resource-opt amount="4">150</resource-opt>
				</resource>
			</resources>
		</tier>
		<tier>
			<tier-name>Energy Resistance II</tier-name>
			<tier-lvl>2</tier-lvl>
			<tier-desc>Creates an inverse resonance field around the target to reduce the intensity of incoming energy attacks.</tier-desc>
			<tier-allowedtechniques>1</tier-allowedtechniques>
			<tier-attributes>
				<tier-attribute type="hoardValue">72</tier-attribute>
				<tier-attribute type="reqCurrentAdvLevel">Current Adventure Level (25)</tier-attribute>
				<tier-attribute type="reqAdvSkill">Energy (250)</tier-attribute>
				<tier-attribute type="effect">Energy Resistance II</tier-attribute>
				<tier-attribute type="effectReq">Current Adventure Level (20)</tier-attribute>
				<tier-attribute type="effectStatBonus">+38 Energy Resistance</tier-attribute>
				<tier-attribute type="effectDuration">15:00</tier-attribute>
			</tier-attributes>
			<tier-keywords>
				<tier-keyword>techclass_2</tier-keyword>
				<tier-keyword>tier_2</tier-keyword>
			</tier-keywords>
			<resources>
				<resource>
					<resource-name>Slate Spell Shard</resource-name>
					<resource-skill>Spellcraft</resource-skill>
					<resource-min amount="4">250</resource-min>
					<resource-opt amount="4">375</resource-opt>
				</resource>
				<resource>
					<resource-name>Pale Essence Orb</resource-name>
					<resource-skill>Spellcraft</resource-skill>
					<resource-min amount="14">250</resource-min>
					<resource-opt amount="7">375</resource-opt>
				</resource>
			</resources>
		</tier>
		<tier>
			<tier-name>Energy Resistance III</tier-name>
			<tier-lvl>3</tier-lvl>
			<tier-desc>Creates an inverse resonance field around the target to reduce the intensity of incoming energy attacks.</tier-desc>
			<tier-allowedtechniques>2</tier-allowedtechniques>
			<tier-attributes>
				<tier-attribute type="hoardValue">144</tier-attribute>
				<tier-attribute type="reqCurrentAdvLevel">Current Adventure Level (45)</tier-attribute>
				<tier-attribute type="reqAdvSkill">Energy (450)</tier-attribute>
				<tier-attribute type="effect">Energy Resistance III</tier-attribute>
				<tier-attribute type="effectReq">Current Adventure Level (40)</tier-attribute>
				<tier-attribute type="effectStatBonus">+68 Energy Resistance</tier-attribute>
				<tier-attribute type="effectDuration">15:00</tier-attribute>
			</tier-attributes>
			<tier-keywords>
				<tier-keyword>techclass_3</tier-keyword>
				<tier-keyword>techclass_2</tier-keyword>
				<tier-keyword>tier_3</tier-keyword>
			</tier-keywords>
			<resources>
				<resource>
					<resource-name>Granite Spell Shard</resource-name>
					<resource-skill>Spellcraft</resource-skill>
					<resource-min amount="4">450</resource-min>
					<resource-opt amount="4">600</resource-opt>
				</resource>
				<resource>
					<resource-name>Glowing Essence Orb</resource-name>
					<resource-skill>Spellcraft</resource-skill>
					<resource-min amount="14">450</resource-min>
					<resource-opt amount="7">600</resource-opt>
				</resource>
			</resources>
		</tier>
		<tier>
			<tier-name>Energy Resistance IV</tier-name>
			<tier-lvl>4</tier-lvl>
			<tier-desc>Creates an inverse resonance field around the target to reduce the intensity of incoming energy attacks.</tier-desc>
			<tier-allowedtechniques>2</tier-allowedtechniques>
			<tier-attributes>
				<tier-attribute type="hoardValue">288</tier-attribute>
				<tier-attribute type="reqCurrentAdvLevel">Current Adventure Level (65)</tier-attribute>
				<tier-attribute type="reqAdvSkill">Energy (650)</tier-attribute>
				<tier-attribute type="effect">Energy Resistance IV</tier-attribute>
				<tier-attribute type="effectReq">Current Adventure Level (60)</tier-attribute>
				<tier-attribute type="effectStatBonus">+98 Energy Resistance</tier-attribute>
				<tier-attribute type="effectDuration">15:00</tier-attribute>
			</tier-attributes>
			<tier-keywords>
				<tier-keyword>techclass_4</tier-keyword>
				<tier-keyword>techclass_3</tier-keyword>
				<tier-keyword>techclass_2</tier-keyword>
				<tier-keyword>tier_4</tier-keyword>
			</tier-keywords>
			<resources>
				<resource>
					<resource-name>Obsidian Spell Shard</resource-name>
					<resource-skill>Spellcraft</resource-skill>
					<resource-min amount="4">650</resource-min>
					<resource-opt amount="4">825</resource-opt>
				</resource>
				<resource>
					<resource-name>Bright Essence Orb</resource-name>
					<resource-skill>Spellcraft</resource-skill>
					<resource-min amount="14">650</resource-min>
					<resource-opt amount="7">825</resource-opt>
				</resource>
			</resources>
		</tier>
		<tier>
			<tier-name>Energy Resistance V</tier-name>
			<tier-lvl>5</tier-lvl>
			<tier-desc>Creates an inverse resonance field around the target to reduce the intensity of incoming energy attacks.</tier-desc>
			<tier-allowedtechniques>3</tier-allowedtechniques>
			<tier-attributes>
				<tier-attribute type="hoardValue">576</tier-attribute>
				<tier-attribute type="reqCurrentAdvLevel">Current Adventure Level (85)</tier-attribute>
				<tier-attribute type="reqAdvSkill">Energy (850)</tier-attribute>
				<tier-attribute type="effect">Energy Resistance V</tier-attribute>
				<tier-attribute type="effectReq">Current Adventure Level (80)</tier-attribute>
				<tier-attribute type="effectStatBonus">+128 Energy Resistance</tier-attribute>
				<tier-attribute type="effectDuration">15:00</tier-attribute>
			</tier-attributes>
			<tier-keywords>
				<tier-keyword>techclass_5</tier-keyword>
				<tier-keyword>techclass_4</tier-keyword>
				<tier-keyword>techclass_3</tier-keyword>
				<tier-keyword>techclass_2</tier-keyword>
				<tier-keyword>tier_5</tier-keyword>
			</tier-keywords>
			<resources>
				<resource>
					<resource-name>Marble Spell Shard</resource-name>
					<resource-skill>Spellcraft</resource-skill>
					<resource-min amount="4">850</resource-min>
					<resource-opt amount="4">1050</resource-opt>
				</resource>
				<resource>
					<resource-name>Shining Essence Orb</resource-name>
					<resource-skill>Spellcraft</resource-skill>
					<resource-min amount="14">850</resource-min>
					<resource-opt amount="7">1050</resource-opt>
				</resource>
			</resources>
		</tier>
	</item>
	<item>
		<item-name>Energy Strike</item-name>
		<item-icon>icon_formula_s_02_05_11.png</item-icon>
		<item-batchqty>1</item-batchqty>
		<item-attributes>
			<item-attribute type="equipSlot">Spellbook</item-attribute>
			<item-attribute type="bulk">1</item-attribute>
			<item-attribute type="reqClass">CHSW, KNOC, ICED, FLMD, CONJ, SORC, WIZ, BTLM, MAGE</item-attribute>
			<item-attribute type="range">30</item-attribute>
			<item-attribute type="castDelay">45</item-attribute>
			<item-attribute type="damageType">energy</item-attribute>
			<item-attribute type="skill">Energy</item-attribute>
		</item-attributes>
		<item-keywords>
			<item-keyword>techclass_1</item-keyword>
			<item-keyword>skill_use_magic_energy</item-keyword>
			<item-keyword>nonrepeatable</item-keyword>
			<item-keyword>spell</item-keyword>
			<item-keyword>ranged</item-keyword>
			<item-keyword>damage</item-keyword>
			<item-keyword>arcane</item-keyword>
		</item-keywords>
		<tier>
			<tier-name>Energy Strike I</tier-name>
			<tier-lvl>1</tier-lvl>
			<tier-desc>Calls down a powerful, focused beam of damaging energy.</tier-desc>
			<tier-allowedtechniques>1</tier-allowedtechniques>
			<tier-attributes>
				<tier-attribute type="hoardValue">12</tier-attribute>
				<tier-attribute type="reqCurrentAdvLevel">Current Adventure Level (5)</tier-attribute>
				<tier-attribute type="reqAdvSkill">Energy (50)</tier-attribute>
				<tier-attribute type="damage">16-18</tier-attribute>
			</tier-attributes>
			<tier-keywords>
				<tier-keyword>tier_1</tier-keyword>
			</tier-keywords>
			<resources>
				<resource>
					<resource-name>Sandstone Spell Shard</resource-name>
					<resource-skill>Spellcraft</resource-skill>
					<resource-min amount="4">50</resource-min>
					<resource-opt amount="4">150</resource-opt>
				</resource>
			</resources>
		</tier>
		<tier>
			<tier-name>Energy Strike II</tier-name>
			<tier-lvl>2</tier-lvl>
			<tier-desc>Calls down a powerful, focused beam of damaging energy.</tier-desc>
			<tier-allowedtechniques>1</tier-allowedtechniques>
			<tier-attributes>
				<tier-attribute type="hoardValue">72</tier-attribute>
				<tier-attribute type="reqCurrentAdvLevel">Current Adventure Level (25)</tier-attribute>
				<tier-attribute type="reqAdvSkill">Energy (250)</tier-attribute>
				<tier-attribute type="damage">48-52</tier-attribute>
			</tier-attributes>
			<tier-keywords>
				<tier-keyword>techclass_2</tier-keyword>
				<tier-keyword>tier_2</tier-keyword>
			</tier-keywords>
			<resources>
				<resource>
					<resource-name>Slate Spell Shard</resource-name>
					<resource-skill>Spellcraft</resource-skill>
					<resource-min amount="4">250</resource-min>
					<resource-opt amount="4">375</resource-opt>
				</resource>
				<resource>
					<resource-name>Pale Essence Orb</resource-name>
					<resource-skill>Spellcraft</resource-skill>
					<resource-min amount="14">250</resource-min>
					<resource-opt amount="7">375</resource-opt>
				</resource>
			</resources>
		</tier>
		<tier>
			<tier-name>Energy Strike III</tier-name>
			<tier-lvl>3</tier-lvl>
			<tier-desc>Calls down a powerful, focused beam of damaging energy.</tier-desc>
			<tier-allowedtechniques>2</tier-allowedtechniques>
			<tier-attributes>
				<tier-attribute type="hoardValue">144</tier-attribute>
				<tier-attribute type="reqCurrentAdvLevel">Current Adventure Level (45)</tier-attribute>
				<tier-attribute type="reqAdvSkill">Energy (450)</tier-attribute>
				<tier-attribute type="damage">78-84</tier-attribute>
			</tier-attributes>
			<tier-keywords>
				<tier-keyword>techclass_3</tier-keyword>
				<tier-keyword>techclass_2</tier-keyword>
				<tier-keyword>tier_3</tier-keyword>
			</tier-keywords>
			<resources>
				<resource>
					<resource-name>Granite Spell Shard</resource-name>
					<resource-skill>Spellcraft</resource-skill>
					<resource-min amount="4">450</resource-min>
					<resource-opt amount="4">600</resource-opt>
				</resource>
				<resource>
					<resource-name>Glowing Essence Orb</resource-name>
					<resource-skill>Spellcraft</resource-skill>
					<resource-min amount="14">450</resource-min>
					<resource-opt amount="7">600</resource-opt>
				</resource>
			</resources>
		</tier>
		<tier>
			<tier-name>Energy Strike IV</tier-name>
			<tier-lvl>4</tier-lvl>
			<tier-desc>Calls down a powerful, focused beam of damaging energy.</tier-desc>
			<tier-allowedtechniques>2</tier-allowedtechniques>
			<tier-attributes>
				<tier-attribute type="hoardValue">288</tier-attribute>
				<tier-attribute type="reqCurrentAdvLevel">Current Adventure Level (65)</tier-attribute>
				<tier-attribute type="reqAdvSkill">Energy (650)</tier-attribute>
				<tier-attribute type="damage">108-116</tier-attribute>
			</tier-attributes>
			<tier-keywords>
				<tier-keyword>techclass_4</tier-keyword>
				<tier-keyword>techclass_3</tier-keyword>
				<tier-keyword>techclass_2</tier-keyword>
				<tier-keyword>tier_4</tier-keyword>
			</tier-keywords>
			<resources>
				<resource>
					<resource-name>Obsidian Spell Shard</resource-name>
					<resource-skill>Spellcraft</resource-skill>
					<resource-min amount="4">650</resource-min>
					<resource-opt amount="4">825</resource-opt>
				</resource>
				<resource>
					<resource-name>Bright Essence Orb</resource-name>
					<resource-skill>Spellcraft</resource-skill>
					<resource-min amount="14">650</resource-min>
					<resource-opt amount="7">825</resource-opt>
				</resource>
			</resources>
		</tier>
		<tier>
			<tier-name>Energy Strike V</tier-name>
			<tier-lvl>5</tier-lvl>
			<tier-desc>Calls down a powerful, focused beam of damaging energy.</tier-desc>
			<tier-allowedtechniques>3</tier-allowedtechniques>
			<tier-attributes>
				<tier-attribute type="hoardValue">576</tier-attribute>
				<tier-attribute type="reqCurrentAdvLevel">Current Adventure Level (85)</tier-attribute>
				<tier-attribute type="reqAdvSkill">Energy (850)</tier-attribute>
				<tier-attribute type="damage">137-147</tier-attribute>
			</tier-attributes>
			<tier-keywords>
				<tier-keyword>techclass_5</tier-keyword>
				<tier-keyword>techclass_4</tier-keyword>
				<tier-keyword>techclass_3</tier-keyword>
				<tier-keyword>techclass_2</tier-keyword>
				<tier-keyword>tier_5</tier-keyword>
			</tier-keywords>
			<resources>
				<resource>
					<resource-name>Marble Spell Shard</resource-name>
					<resource-skill>Spellcraft</resource-skill>
					<resource-min amount="4">850</resource-min>
					<resource-opt amount="4">1050</resource-opt>
				</resource>
				<resource>
					<resource-name>Shining Essence Orb</resource-name>
					<resource-skill>Spellcraft</resource-skill>
					<resource-min amount="14">850</resource-min>
					<resource-opt amount="7">1050</resource-opt>
				</resource>
			</resources>
		</tier>
	</item>
	<item>
		<item-name>Energy Ward</item-name>
		<item-icon>icon_formula_s_02_06_11.png</item-icon>
		<item-batchqty>1</item-batchqty>
		<item-attributes>
			<item-attribute type="equipSlot">Spellbook</item-attribute>
			<item-attribute type="bulk">1</item-attribute>
			<item-attribute type="reqClass">GRDN, CHSW, ELAR, CRSB, BLDM, SPRD, KNOC, ICED, STMD, BRSK, FLMD, SPRM, RVR, RNGR, CONJ, SORC, CLRC, WIZ, DRU, SHMN, BTLM, MONK, SPRT, PLDN, SCT, HLR, MAGE, WAR</item-attribute>
			<item-attribute type="range">30</item-attribute>
			<item-attribute type="castDelay">30</item-attribute>
		</item-attributes>
		<item-keywords>
			<item-keyword>techclass_1</item-keyword>
			<item-keyword>skill_use_magic_energy</item-keyword>
			<item-keyword>nonrepeatable</item-keyword>
			<item-keyword>buff</item-keyword>
			<item-keyword>spell</item-keyword>
			<item-keyword>ranged</item-keyword>
		</item-keywords>
		<tier>
			<tier-name>Energy Ward  I</tier-name>
			<tier-lvl>1</tier-lvl>
			<tier-desc>The target is surrounded by an energy field that has a chance of completely deflecting incoming energy attacks.</tier-desc>
			<tier-allowedtechniques>1</tier-allowedtechniques>
			<tier-attributes>
				<tier-attribute type="hoardValue">12</tier-attribute>
				<tier-attribute type="reqCurrentAdvLevel">Current Adventure Level (8)</tier-attribute>
				<tier-attribute type="reqAdvSkill">Energy (80)</tier-attribute>
				<tier-attribute type="effect">Energy Ward I</tier-attribute>
				<tier-attribute type="effectReq">Current Adventure Level (1)</tier-attribute>
				<tier-attribute type="effectStatBonus">+20 Energy Ward</tier-attribute>
				<tier-attribute type="effectDuration">15:00</tier-attribute>
			</tier-attributes>
			<tier-keywords>
				<tier-keyword>tier_1</tier-keyword>
			</tier-keywords>
			<resources>
				<resource>
					<resource-name>Sandstone Spell Shard</resource-name>
					<resource-skill>Spellcraft</resource-skill>
					<resource-min amount="4">80</resource-min>
					<resource-opt amount="4">180</resource-opt>
				</resource>
			</resources>
		</tier>
		<tier>
			<tier-name>Energy Ward II</tier-name>
			<tier-lvl>2</tier-lvl>
			<tier-desc>The target is surrounded by an energy field that has a chance of completely deflecting incoming energy attacks.</tier-desc>
			<tier-allowedtechniques>1</tier-allowedtechniques>
			<tier-attributes>
				<tier-attribute type="hoardValue">72</tier-attribute>
				<tier-attribute type="reqCurrentAdvLevel">Current Adventure Level (28)</tier-attribute>
				<tier-attribute type="reqAdvSkill">Energy (280)</tier-attribute>
				<tier-attribute type="effect">Energy Ward II</tier-attribute>
				<tier-attribute type="effectReq">Current Adventure Level (20)</tier-attribute>
				<tier-attribute type="effectStatBonus">+70 Energy Ward</tier-attribute>
				<tier-attribute type="effectDuration">15:00</tier-attribute>
			</tier-attributes>
			<tier-keywords>
				<tier-keyword>techclass_2</tier-keyword>
				<tier-keyword>tier_2</tier-keyword>
			</tier-keywords>
			<resources>
				<resource>
					<resource-name>Slate Spell Shard</resource-name>
					<resource-skill>Spellcraft</resource-skill>
					<resource-min amount="4">280</resource-min>
					<resource-opt amount="4">405</resource-opt>
				</resource>
				<resource>
					<resource-name>Pale Essence Orb</resource-name>
					<resource-skill>Spellcraft</resource-skill>
					<resource-min amount="14">280</resource-min>
					<resource-opt amount="7">405</resource-opt>
				</resource>
			</resources>
		</tier>
		<tier>
			<tier-name>Energy Ward III</tier-name>
			<tier-lvl>3</tier-lvl>
			<tier-desc>The target is surrounded by an energy field that has a chance of completely deflecting incoming energy attacks.</tier-desc>
			<tier-allowedtechniques>2</tier-allowedtechniques>
			<tier-attributes>
				<tier-attribute type="hoardValue">144</tier-attribute>
				<tier-attribute type="reqCurrentAdvLevel">Current Adventure Level (48)</tier-attribute>
				<tier-attribute type="reqAdvSkill">Energy (480)</tier-attribute>
				<tier-attribute type="effect">Energy Ward III</tier-attribute>
				<tier-attribute type="effectReq">Current Adventure Level (40)</tier-attribute>
				<tier-attribute type="effectStatBonus">+120 Energy Ward</tier-attribute>
				<tier-attribute type="effectDuration">15:00</tier-attribute>
			</tier-attributes>
			<tier-keywords>
				<tier-keyword>techclass_3</tier-keyword>
				<tier-keyword>techclass_2</tier-keyword>
				<tier-keyword>tier_3</tier-keyword>
			</tier-keywords>
			<resources>
				<resource>
					<resource-name>Granite Spell Shard</resource-name>
					<resource-skill>Spellcraft</resource-skill>
					<resource-min amount="4">480</resource-min>
					<resource-opt amount="4">630</resource-opt>
				</resource>
				<resource>
					<resource-name>Glowing Essence Orb</resource-name>
					<resource-skill>Spellcraft</resource-skill>
					<resource-min amount="14">480</resource-min>
					<resource-opt amount="7">630</resource-opt>
				</resource>
			</resources>
		</tier>
		<tier>
			<tier-name>Energy Ward IV</tier-name>
			<tier-lvl>4</tier-lvl>
			<tier-desc>The target is surrounded by an energy field that has a chance of completely deflecting incoming energy attacks.</tier-desc>
			<tier-allowedtechniques>2</tier-allowedtechniques>
			<tier-attributes>
				<tier-attribute type="hoardValue">288</tier-attribute>
				<tier-attribute type="reqCurrentAdvLevel">Current Adventure Level (68)</tier-attribute>
				<tier-attribute type="reqAdvSkill">Energy (680)</tier-attribute>
				<tier-attribute type="effect">Energy Ward IV</tier-attribute>
				<tier-attribute type="effectReq">Current Adventure Level (60)</tier-attribute>
				<tier-attribute type="effectStatBonus">+170 Energy Ward</tier-attribute>
				<tier-attribute type="effectDuration">15:00</tier-attribute>
			</tier-attributes>
			<tier-keywords>
				<tier-keyword>techclass_4</tier-keyword>
				<tier-keyword>techclass_3</tier-keyword>
				<tier-keyword>techclass_2</tier-keyword>
				<tier-keyword>tier_4</tier-keyword>
			</tier-keywords>
			<resources>
				<resource>
					<resource-name>Obsidian Spell Shard</resource-name>
					<resource-skill>Spellcraft</resource-skill>
					<resource-min amount="4">680</resource-min>
					<resource-opt amount="4">855</resource-opt>
				</resource>
				<resource>
					<resource-name>Bright Essence Orb</resource-name>
					<resource-skill>Spellcraft</resource-skill>
					<resource-min amount="14">680</resource-min>
					<resource-opt amount="7">855</resource-opt>
				</resource>
			</resources>
		</tier>
		<tier>
			<tier-name>Energy Ward V</tier-name>
			<tier-lvl>5</tier-lvl>
			<tier-desc>The target is surrounded by an energy field that has a chance of completely deflecting incoming energy attacks.</tier-desc>
			<tier-allowedtechniques>3</tier-allowedtechniques>
			<tier-attributes>
				<tier-attribute type="hoardValue">576</tier-attribute>
				<tier-attribute type="reqCurrentAdvLevel">Current Adventure Level (88)</tier-attribute>
				<tier-attribute type="reqAdvSkill">Energy (880)</tier-attribute>
				<tier-attribute type="effect">Energy Ward V</tier-attribute>
				<tier-attribute type="effectReq">Current Adventure Level (80)</tier-attribute>
				<tier-attribute type="effectStatBonus">+220 Energy Ward</tier-attribute>
				<tier-attribute type="effectDuration">15:00</tier-attribute>
			</tier-attributes>
			<tier-keywords>
				<tier-keyword>techclass_5</tier-keyword>
				<tier-keyword>techclass_4</tier-keyword>
				<tier-keyword>techclass_3</tier-keyword>
				<tier-keyword>techclass_2</tier-keyword>
				<tier-keyword>tier_5</tier-keyword>
			</tier-keywords>
			<resources>
				<resource>
					<resource-name>Marble Spell Shard</resource-name>
					<resource-skill>Spellcraft</resource-skill>
					<resource-min amount="4">880</resource-min>
					<resource-opt amount="4">1080</resource-opt>
				</resource>
				<resource>
					<resource-name>Shining Essence Orb</resource-name>
					<resource-skill>Spellcraft</resource-skill>
					<resource-min amount="14">880</resource-min>
					<resource-opt amount="7">1080</resource-opt>
				</resource>
			</resources>
		</tier>
	</item>
	<item>
		<item-name>Improved Energy Bolt</item-name>
		<item-icon>icon_formula_s_02_02_11.png</item-icon>
		<item-batchqty>1</item-batchqty>
		<item-attributes>
			<item-attribute type="equipSlot">Spellbook</item-attribute>
			<item-attribute type="bulk">1</item-attribute>
			<item-attribute type="reqClass">GRDN, CHSW, ELAR, CRSB, BLDM, SPRD, KNOC, ICED, STMD, BRSK, FLMD, SPRM, RVR, RNGR, CONJ, SORC, CLRC, WIZ, DRU, SHMN, BTLM, MONK, SPRT, PLDN, SCT, HLR, MAGE, WAR</item-attribute>
			<item-attribute type="range">30</item-attribute>
			<item-attribute type="castDelay">30</item-attribute>
			<item-attribute type="damageType">energy</item-attribute>
			<item-attribute type="skill">Energy</item-attribute>
			<item-attribute type="recycle">Repeating</item-attribute>
		</item-attributes>
		<item-keywords>
			<item-keyword>techclass_1</item-keyword>
			<item-keyword>skill_use_magic_energy</item-keyword>
			<item-keyword>spell</item-keyword>
			<item-keyword>repeatable</item-keyword>
			<item-keyword>ranged</item-keyword>
			<item-keyword>damage</item-keyword>
		</item-keywords>
		<tier>
			<tier-name>Improved Energy Bolt I</tier-name>
			<tier-lvl>1</tier-lvl>
			<tier-desc>This casts a concentrated bolt of energy at a target.</tier-desc>
			<tier-allowedtechniques>1</tier-allowedtechniques>
			<tier-attributes>
				<tier-attribute type="hoardValue">15</tier-attribute>
				<tier-attribute type="reqCurrentAdvLevel">Current Adventure Level (10)</tier-attribute>
				<tier-attribute type="reqAdvSkill">Energy (100)</tier-attribute>
				<tier-attribute type="damage">10-12</tier-attribute>
			</tier-attributes>
			<tier-keywords>
				<tier-keyword>tier_1</tier-keyword>
			</tier-keywords>
			<resources>
				<resource>
					<resource-name>Sandstone Spell Shard</resource-name>
					<resource-skill>Spellcraft</resource-skill>
					<resource-min amount="5">100</resource-min>
					<resource-opt amount="5">200</resource-opt>
				</resource>
			</resources>
		</tier>
		<tier>
			<tier-name>Improved Energy Bolt II</tier-name>
			<tier-lvl>2</tier-lvl>
			<tier-desc>This casts a concentrated bolt of energy at a target.</tier-desc>
			<tier-allowedtechniques>1</tier-allowedtechniques>
			<tier-attributes>
				<tier-attribute type="hoardValue">90</tier-attribute>
				<tier-attribute type="reqCurrentAdvLevel">Current Adventure Level (30)</tier-attribute>
				<tier-attribute type="reqAdvSkill">Energy (300)</tier-attribute>
				<tier-attribute type="damage">23-27</tier-attribute>
			</tier-attributes>
			<tier-keywords>
				<tier-keyword>techclass_2</tier-keyword>
				<tier-keyword>tier_2</tier-keyword>
			</tier-keywords>
			<resources>
				<resource>
					<resource-name>Slate Spell Shard</resource-name>
					<resource-skill>Spellcraft</resource-skill>
					<resource-min amount="5">300</resource-min>
					<resource-opt amount="5">425</resource-opt>
				</resource>
				<resource>
					<resource-name>Pale Essence Orb</resource-name>
					<resource-skill>Spellcraft</resource-skill>
					<resource-min amount="18">300</resource-min>
					<resource-opt amount="9">425</resource-opt>
				</resource>
			</resources>
		</tier>
		<tier>
			<tier-name>Improved Energy Bolt III</tier-name>
			<tier-lvl>3</tier-lvl>
			<tier-desc>This casts a concentrated bolt of energy at a target.</tier-desc>
			<tier-allowedtechniques>2</tier-allowedtechniques>
			<tier-attributes>
				<tier-attribute type="hoardValue">180</tier-attribute>
				<tier-attribute type="reqCurrentAdvLevel">Current Adventure Level (50)</tier-attribute>
				<tier-attribute type="reqAdvSkill">Energy (500)</tier-attribute>
				<tier-attribute type="damage">34-40</tier-attribute>
			</tier-attributes>
			<tier-keywords>
				<tier-keyword>techclass_3</tier-keyword>
				<tier-keyword>techclass_2</tier-keyword>
				<tier-keyword>tier_3</tier-keyword>
			</tier-keywords>
			<resources>
				<resource>
					<resource-name>Granite Spell Shard</resource-name>
					<resource-skill>Spellcraft</resource-skill>
					<resource-min amount="5">500</resource-min>
					<resource-opt amount="5">650</resource-opt>
				</resource>
				<resource>
					<resource-name>Glowing Essence Orb</resource-name>
					<resource-skill>Spellcraft</resource-skill>
					<resource-min amount="18">500</resource-min>
					<resource-opt amount="9">650</resource-opt>
				</resource>
			</resources>
		</tier>
		<tier>
			<tier-name>Improved Energy Bolt IV</tier-name>
			<tier-lvl>4</tier-lvl>
			<tier-desc>This casts a concentrated bolt of energy at a target.</tier-desc>
			<tier-allowedtechniques>2</tier-allowedtechniques>
			<tier-attributes>
				<tier-attribute type="hoardValue">360</tier-attribute>
				<tier-attribute type="reqCurrentAdvLevel">Current Adventure Level (70)</tier-attribute>
				<tier-attribute type="reqAdvSkill">Energy (700)</tier-attribute>
				<tier-attribute type="damage">45-53</tier-attribute>
			</tier-attributes>
			<tier-keywords>
				<tier-keyword>techclass_4</tier-keyword>
				<tier-keyword>techclass_3</tier-keyword>
				<tier-keyword>techclass_2</tier-keyword>
				<tier-keyword>tier_4</tier-keyword>
			</tier-keywords>
			<resources>
				<resource>
					<resource-name>Obsidian Spell Shard</resource-name>
					<resource-skill>Spellcraft</resource-skill>
					<resource-min amount="5">700</resource-min>
					<resource-opt amount="5">875</resource-opt>
				</resource>
				<resource>
					<resource-name>Bright Essence Orb</resource-name>
					<resource-skill>Spellcraft</resource-skill>
					<resource-min amount="18">700</resource-min>
					<resource-opt amount="9">875</resource-opt>
				</resource>
			</resources>
		</tier>
		<tier>
			<tier-name>Improved Energy Bolt V</tier-name>
			<tier-lvl>5</tier-lvl>
			<tier-desc>This casts a concentrated bolt of energy at a target.</tier-desc>
			<tier-allowedtechniques>3</tier-allowedtechniques>
			<tier-attributes>
				<tier-attribute type="hoardValue">720</tier-attribute>
				<tier-attribute type="reqCurrentAdvLevel">Current Adventure Level (90)</tier-attribute>
				<tier-attribute type="reqAdvSkill">Energy (900)</tier-attribute>
				<tier-attribute type="damage">54-64</tier-attribute>
			</tier-attributes>
			<tier-keywords>
				<tier-keyword>techclass_5</tier-keyword>
				<tier-keyword>techclass_4</tier-keyword>
				<tier-keyword>techclass_3</tier-keyword>
				<tier-keyword>techclass_2</tier-keyword>
				<tier-keyword>tier_5</tier-keyword>
			</tier-keywords>
			<resources>
				<resource>
					<resource-name>Marble Spell Shard</resource-name>
					<resource-skill>Spellcraft</resource-skill>
					<resource-min amount="5">900</resource-min>
					<resource-opt amount="5">1100</resource-opt>
				</resource>
				<resource>
					<resource-name>Shining Essence Orb</resource-name>
					<resource-skill>Spellcraft</resource-skill>
					<resource-min amount="18">900</resource-min>
					<resource-opt amount="9">1100</resource-opt>
				</resource>
			</resources>
		</tier>
	</item>
</formulaset>
