<?xml version="1.0" encoding="ISO-8859-1"?>
<formulaset format="2.1">
	<formulaset-name>Armor and Scale Dye</formulaset-name>
	<formulaset-categories>
		<formulaset-category>Dyes</formulaset-category>
	</formulaset-categories>
	<item>
		<item-name>Brown Dye</item-name>
		<item-icon>icon_formula_r_12_34_11.png</item-icon>
		<item-batchqty>1</item-batchqty>
		<item-attributes>
			<item-attribute type="equipSlot">All</item-attribute>
			<item-attribute type="bulk">8</item-attribute>
		</item-attributes>
		<item-keywords>
			<item-keyword>tier_1</item-keyword>
		</item-keywords>
		<tier>
			<tier-name>Brown Dye</tier-name>
			<tier-lvl>1</tier-lvl>
			<tier-desc>A processed form of crushed minerals and water, for use in dye techniques.</tier-desc>
			<tier-allowedtechniques>0</tier-allowedtechniques>
			<tier-attributes>
      </tier-attributes>
			<resources>
				<resource>
					<resource-name>Ground Garnet</resource-name>
					<resource-skill>Alchemy</resource-skill>
					<resource-min amount="5">1</resource-min>
					<resource-opt amount="2">200</resource-opt>
				</resource>
				<resource>
					<resource-name>Ground Turquoise</resource-name>
					<resource-skill>Alchemy</resource-skill>
					<resource-min amount="5">1</resource-min>
					<resource-opt amount="2">200</resource-opt>
				</resource>
				<resource>
					<resource-name>Water</resource-name>
					<resource-skill>Alchemy</resource-skill>
					<resource-min amount="2">1</resource-min>
					<resource-opt amount="2">200</resource-opt>
				</resource>
			</resources>
		</tier>
	</item>
	<item>
		<item-name>Green Dye</item-name>
		<item-icon>icon_formula_r_12_34_11.png</item-icon>
		<item-batchqty>1</item-batchqty>
		<item-attributes>
			<item-attribute type="equipSlot">All</item-attribute>
			<item-attribute type="bulk">8</item-attribute>
		</item-attributes>
		<item-keywords>
			<item-keyword>tier_1</item-keyword>
		</item-keywords>
		<tier>
			<tier-name>Green Dye</tier-name>
			<tier-lvl>1</tier-lvl>
			<tier-desc>A processed form of crushed minerals and water, for use in dye techniques.</tier-desc>
			<tier-allowedtechniques>0</tier-allowedtechniques>
			<tier-attributes>
      </tier-attributes>
			<resources>
				<resource>
					<resource-name>Ground Malachite</resource-name>
					<resource-skill>Alchemy</resource-skill>
					<resource-min amount="5">1</resource-min>
					<resource-opt amount="2">200</resource-opt>
				</resource>
				<resource>
					<resource-name>Water</resource-name>
					<resource-skill>Alchemy</resource-skill>
					<resource-min amount="2">1</resource-min>
					<resource-opt amount="2">200</resource-opt>
				</resource>
			</resources>
		</tier>
	</item>
	<item>
		<item-name>Light Green Dye</item-name>
		<item-icon>icon_formula_r_12_34_11.png</item-icon>
		<item-batchqty>1</item-batchqty>
		<item-attributes>
			<item-attribute type="equipSlot">All</item-attribute>
			<item-attribute type="bulk">8</item-attribute>
		</item-attributes>
		<item-keywords>
			<item-keyword>tier_1</item-keyword>
		</item-keywords>
		<tier>
			<tier-name>Light Green Dye</tier-name>
			<tier-lvl>1</tier-lvl>
			<tier-desc>A processed form of crushed minerals and water, for use in dye techniques.</tier-desc>
			<tier-allowedtechniques>0</tier-allowedtechniques>
			<tier-attributes>
      </tier-attributes>
			<resources>
				<resource>
					<resource-name>Ground Turquoise</resource-name>
					<resource-skill>Alchemy</resource-skill>
					<resource-min amount="5">1</resource-min>
					<resource-opt amount="2">200</resource-opt>
				</resource>
				<resource>
					<resource-name>Water</resource-name>
					<resource-skill>Alchemy</resource-skill>
					<resource-min amount="2">1</resource-min>
					<resource-opt amount="2">200</resource-opt>
				</resource>
			</resources>
		</tier>
	</item>
	<item>
		<item-name>Black Dye</item-name>
		<item-icon>icon_formula_r_12_34_11.png</item-icon>
		<item-batchqty>1</item-batchqty>
		<item-attributes>
			<item-attribute type="equipSlot">All</item-attribute>
			<item-attribute type="bulk">8</item-attribute>
		</item-attributes>
		<item-keywords>
			<item-keyword>tier_2</item-keyword>
		</item-keywords>
		<tier>
			<tier-name>Black Dye</tier-name>
			<tier-lvl>2</tier-lvl>
			<tier-desc>A processed form of crushed minerals and water, for use in dye techniques.</tier-desc>
			<tier-allowedtechniques>0</tier-allowedtechniques>
			<tier-attributes>
      </tier-attributes>
			<resources>
				<resource>
					<resource-name>Ground Amethyst</resource-name>
					<resource-skill>Alchemy</resource-skill>
					<resource-min amount="5">200</resource-min>
					<resource-opt amount="2">425</resource-opt>
				</resource>
				<resource>
					<resource-name>Ground Lapis Lazuli</resource-name>
					<resource-skill>Alchemy</resource-skill>
					<resource-min amount="5">200</resource-min>
					<resource-opt amount="2">425</resource-opt>
				</resource>
				<resource>
					<resource-name>Water</resource-name>
					<resource-skill>Alchemy</resource-skill>
					<resource-min amount="2">200</resource-min>
					<resource-opt amount="2">425</resource-opt>
				</resource>
			</resources>
		</tier>
	</item>
	<item>
		<item-name>Light Red Dye</item-name>
		<item-icon>icon_formula_r_12_34_11.png</item-icon>
		<item-batchqty>1</item-batchqty>
		<item-attributes>
			<item-attribute type="equipSlot">All</item-attribute>
			<item-attribute type="bulk">8</item-attribute>
		</item-attributes>
		<item-keywords>
			<item-keyword>tier_2</item-keyword>
		</item-keywords>
		<tier>
			<tier-name>Light Red Dye</tier-name>
			<tier-lvl>2</tier-lvl>
			<tier-desc>A processed form of crushed minerals and water, for use in dye techniques.</tier-desc>
			<tier-allowedtechniques>0</tier-allowedtechniques>
			<tier-attributes>
      </tier-attributes>
			<resources>
				<resource>
					<resource-name>Ground Rose Quartz</resource-name>
					<resource-skill>Alchemy</resource-skill>
					<resource-min amount="5">200</resource-min>
					<resource-opt amount="2">425</resource-opt>
				</resource>
				<resource>
					<resource-name>Water</resource-name>
					<resource-skill>Alchemy</resource-skill>
					<resource-min amount="2">200</resource-min>
					<resource-opt amount="2">425</resource-opt>
				</resource>
			</resources>
		</tier>
	</item>
	<item>
		<item-name>Silver Dye</item-name>
		<item-icon>icon_formula_r_12_34_11.png</item-icon>
		<item-batchqty>1</item-batchqty>
		<item-attributes>
			<item-attribute type="equipSlot">All</item-attribute>
			<item-attribute type="bulk">8</item-attribute>
		</item-attributes>
		<item-keywords>
			<item-keyword>tier_2</item-keyword>
		</item-keywords>
		<tier>
			<tier-name>Silver Dye</tier-name>
			<tier-lvl>2</tier-lvl>
			<tier-desc>A processed form of crushed minerals and water, for use in dye techniques.</tier-desc>
			<tier-allowedtechniques>0</tier-allowedtechniques>
			<tier-attributes>
      </tier-attributes>
			<resources>
				<resource>
					<resource-name>Silver Powder</resource-name>
					<resource-skill>Alchemy</resource-skill>
					<resource-min amount="5">200</resource-min>
					<resource-opt amount="2">425</resource-opt>
				</resource>
				<resource>
					<resource-name>Water</resource-name>
					<resource-skill>Alchemy</resource-skill>
					<resource-min amount="2">200</resource-min>
					<resource-opt amount="2">425</resource-opt>
				</resource>
			</resources>
		</tier>
	</item>
	<item>
		<item-name>Blue Dye</item-name>
		<item-icon>icon_formula_r_12_34_11.png</item-icon>
		<item-batchqty>1</item-batchqty>
		<item-attributes>
			<item-attribute type="equipSlot">All</item-attribute>
			<item-attribute type="bulk">8</item-attribute>
		</item-attributes>
		<item-keywords>
			<item-keyword>tier_3</item-keyword>
		</item-keywords>
		<tier>
			<tier-name>Blue Dye</tier-name>
			<tier-lvl>3</tier-lvl>
			<tier-desc>A processed form of crushed minerals and water, for use in dye techniques.</tier-desc>
			<tier-allowedtechniques>0</tier-allowedtechniques>
			<tier-attributes>
      </tier-attributes>
			<resources>
				<resource>
					<resource-name>Ground Aquamarine</resource-name>
					<resource-skill>Alchemy</resource-skill>
					<resource-min amount="5">400</resource-min>
					<resource-opt amount="2">650</resource-opt>
				</resource>
				<resource>
					<resource-name>Ground Jasper</resource-name>
					<resource-skill>Alchemy</resource-skill>
					<resource-min amount="5">400</resource-min>
					<resource-opt amount="2">650</resource-opt>
				</resource>
				<resource>
					<resource-name>Water</resource-name>
					<resource-skill>Alchemy</resource-skill>
					<resource-min amount="2">400</resource-min>
					<resource-opt amount="2">650</resource-opt>
				</resource>
			</resources>
		</tier>
	</item>
	<item>
		<item-name>Gold Dye</item-name>
		<item-icon>icon_formula_r_12_34_11.png</item-icon>
		<item-batchqty>1</item-batchqty>
		<item-attributes>
			<item-attribute type="equipSlot">All</item-attribute>
			<item-attribute type="bulk">8</item-attribute>
		</item-attributes>
		<item-keywords>
			<item-keyword>tier_3</item-keyword>
		</item-keywords>
		<tier>
			<tier-name>Gold Dye</tier-name>
			<tier-lvl>3</tier-lvl>
			<tier-desc>A processed form of crushed minerals and water, for use in dye techniques.</tier-desc>
			<tier-allowedtechniques>0</tier-allowedtechniques>
			<tier-attributes>
      </tier-attributes>
			<resources>
				<resource>
					<resource-name>Ground Citrine</resource-name>
					<resource-skill>Alchemy</resource-skill>
					<resource-min amount="5">400</resource-min>
					<resource-opt amount="2">650</resource-opt>
				</resource>
				<resource>
					<resource-name>Gold Powder</resource-name>
					<resource-skill>Alchemy</resource-skill>
					<resource-min amount="5">400</resource-min>
					<resource-opt amount="2">650</resource-opt>
				</resource>
				<resource>
					<resource-name>Water</resource-name>
					<resource-skill>Alchemy</resource-skill>
					<resource-min amount="2">400</resource-min>
					<resource-opt amount="2">650</resource-opt>
				</resource>
			</resources>
		</tier>
	</item>
	<item>
		<item-name>Light Blue Dye</item-name>
		<item-icon>icon_formula_r_12_34_11.png</item-icon>
		<item-batchqty>1</item-batchqty>
		<item-attributes>
			<item-attribute type="equipSlot">All</item-attribute>
			<item-attribute type="bulk">8</item-attribute>
		</item-attributes>
		<item-keywords>
			<item-keyword>tier_3</item-keyword>
		</item-keywords>
		<tier>
			<tier-name>Light Blue Dye</tier-name>
			<tier-lvl>3</tier-lvl>
			<tier-desc>A processed form of crushed minerals and water, for use in dye techniques.</tier-desc>
			<tier-allowedtechniques>0</tier-allowedtechniques>
			<tier-attributes>
      </tier-attributes>
			<resources>
				<resource>
					<resource-name>Ground Aquamarine</resource-name>
					<resource-skill>Alchemy</resource-skill>
					<resource-min amount="5">400</resource-min>
					<resource-opt amount="2">650</resource-opt>
				</resource>
				<resource>
					<resource-name>Water</resource-name>
					<resource-skill>Alchemy</resource-skill>
					<resource-min amount="2">400</resource-min>
					<resource-opt amount="2">650</resource-opt>
				</resource>
			</resources>
		</tier>
	</item>
	<item>
		<item-name>Invisible Dye</item-name>
		<item-icon>icon_formula_r_12_34_11.png</item-icon>
		<item-batchqty>1</item-batchqty>
		<item-attributes>
			<item-attribute type="equipSlot">All</item-attribute>
			<item-attribute type="bulk">8</item-attribute>
		</item-attributes>
		<item-keywords>
			<item-keyword>tier_4</item-keyword>
		</item-keywords>
		<tier>
			<tier-name>Invisible Dye</tier-name>
			<tier-lvl>4</tier-lvl>
			<tier-allowedtechniques>0</tier-allowedtechniques>
			<tier-attributes>
      </tier-attributes>
			<resources>
				<resource>
					<resource-name>Ground Amethyst</resource-name>
					<resource-skill>Alchemy</resource-skill>
					<resource-min amount="5">200</resource-min>
					<resource-opt amount="2">425</resource-opt>
				</resource>
				<resource>
					<resource-name>Ground Rose Quartz</resource-name>
					<resource-skill>Alchemy</resource-skill>
					<resource-min amount="5">200</resource-min>
					<resource-opt amount="2">425</resource-opt>
				</resource>
				<resource>
					<resource-name>Ground Lapis Lazuli</resource-name>
					<resource-skill>Alchemy</resource-skill>
					<resource-min amount="5">200</resource-min>
					<resource-opt amount="2">425</resource-opt>
				</resource>
				<resource>
					<resource-name>Water</resource-name>
					<resource-skill>Alchemy</resource-skill>
					<resource-min amount="2">200</resource-min>
					<resource-opt amount="2">425</resource-opt>
				</resource>
			</resources>
		</tier>
	</item>
	<item>
		<item-name>Platinum Dye</item-name>
		<item-icon>icon_formula_r_12_34_11.png</item-icon>
		<item-batchqty>1</item-batchqty>
		<item-attributes>
			<item-attribute type="equipSlot">All</item-attribute>
			<item-attribute type="bulk">8</item-attribute>
		</item-attributes>
		<item-keywords>
			<item-keyword>tier_4</item-keyword>
		</item-keywords>
		<tier>
			<tier-name>Platinum Dye</tier-name>
			<tier-lvl>4</tier-lvl>
			<tier-desc>A processed form of crushed minerals and water, for use in dye techniques.</tier-desc>
			<tier-allowedtechniques>0</tier-allowedtechniques>
			<tier-attributes>
      </tier-attributes>
			<resources>
				<resource>
					<resource-name>Ground Opal</resource-name>
					<resource-skill>Alchemy</resource-skill>
					<resource-min amount="5">600</resource-min>
					<resource-opt amount="2">875</resource-opt>
				</resource>
				<resource>
					<resource-name>Platinum Powder</resource-name>
					<resource-skill>Alchemy</resource-skill>
					<resource-min amount="5">600</resource-min>
					<resource-opt amount="2">875</resource-opt>
				</resource>
				<resource>
					<resource-name>Water</resource-name>
					<resource-skill>Alchemy</resource-skill>
					<resource-min amount="2">600</resource-min>
					<resource-opt amount="2">875</resource-opt>
				</resource>
			</resources>
		</tier>
	</item>
	<item>
		<item-name>Red Dye</item-name>
		<item-icon>icon_formula_r_12_34_11.png</item-icon>
		<item-batchqty>1</item-batchqty>
		<item-attributes>
			<item-attribute type="equipSlot">All</item-attribute>
			<item-attribute type="bulk">8</item-attribute>
		</item-attributes>
		<item-keywords>
			<item-keyword>tier_4</item-keyword>
		</item-keywords>
		<tier>
			<tier-name>Red Dye</tier-name>
			<tier-lvl>4</tier-lvl>
			<tier-desc>A processed form of crushed minerals and water, for use in dye techniques.</tier-desc>
			<tier-allowedtechniques>0</tier-allowedtechniques>
			<tier-attributes>
      </tier-attributes>
			<resources>
				<resource>
					<resource-name>Ground Jade</resource-name>
					<resource-skill>Alchemy</resource-skill>
					<resource-min amount="5">600</resource-min>
					<resource-opt amount="2">875</resource-opt>
				</resource>
				<resource>
					<resource-name>Ground Opal</resource-name>
					<resource-skill>Alchemy</resource-skill>
					<resource-min amount="5">600</resource-min>
					<resource-opt amount="2">875</resource-opt>
				</resource>
				<resource>
					<resource-name>Water</resource-name>
					<resource-skill>Alchemy</resource-skill>
					<resource-min amount="2">600</resource-min>
					<resource-opt amount="2">875</resource-opt>
				</resource>
			</resources>
		</tier>
	</item>
	<item>
		<item-name>White Dye</item-name>
		<item-icon>icon_formula_r_12_34_11.png</item-icon>
		<item-batchqty>1</item-batchqty>
		<item-attributes>
			<item-attribute type="equipSlot">All</item-attribute>
			<item-attribute type="bulk">8</item-attribute>
		</item-attributes>
		<item-keywords>
			<item-keyword>tier_4</item-keyword>
		</item-keywords>
		<tier>
			<tier-name>White Dye</tier-name>
			<tier-lvl>4</tier-lvl>
			<tier-desc>A processed form of crushed minerals and water, for use in dye techniques.</tier-desc>
			<tier-allowedtechniques>0</tier-allowedtechniques>
			<tier-attributes>
      </tier-attributes>
			<resources>
				<resource>
					<resource-name>Ground Opal</resource-name>
					<resource-skill>Alchemy</resource-skill>
					<resource-min amount="5">600</resource-min>
					<resource-opt amount="2">875</resource-opt>
				</resource>
				<resource>
					<resource-name>Ground Topaz</resource-name>
					<resource-skill>Alchemy</resource-skill>
					<resource-min amount="5">600</resource-min>
					<resource-opt amount="2">875</resource-opt>
				</resource>
				<resource>
					<resource-name>Water</resource-name>
					<resource-skill>Alchemy</resource-skill>
					<resource-min amount="2">600</resource-min>
					<resource-opt amount="2">875</resource-opt>
				</resource>
			</resources>
		</tier>
	</item>
	<item>
		<item-name>Blood Dye</item-name>
		<item-icon>icon_formula_r_12_34_11.png</item-icon>
		<item-batchqty>1</item-batchqty>
		<item-attributes>
			<item-attribute type="equipSlot">All</item-attribute>
			<item-attribute type="bulk">8</item-attribute>
		</item-attributes>
		<item-keywords>
			<item-keyword>tier_5</item-keyword>
		</item-keywords>
		<tier>
			<tier-name>Blood Dye</tier-name>
			<tier-lvl>5</tier-lvl>
			<tier-desc>A processed form of crushed minerals and water, for use in dye techniques.</tier-desc>
			<tier-allowedtechniques>0</tier-allowedtechniques>
			<tier-attributes>
      </tier-attributes>
			<resources>
				<resource>
					<resource-name>Ground Emerald</resource-name>
					<resource-skill>Alchemy</resource-skill>
					<resource-min amount="5">800</resource-min>
					<resource-opt amount="2">1075</resource-opt>
				</resource>
				<resource>
					<resource-name>Ground Fire Opal</resource-name>
					<resource-skill>Alchemy</resource-skill>
					<resource-min amount="5">800</resource-min>
					<resource-opt amount="2">1075</resource-opt>
				</resource>
				<resource>
					<resource-name>Water</resource-name>
					<resource-skill>Alchemy</resource-skill>
					<resource-min amount="2">800</resource-min>
					<resource-opt amount="2">1100</resource-opt>
				</resource>
			</resources>
		</tier>
	</item>
	<item>
		<item-name>Dark Blue Dye</item-name>
		<item-icon>icon_formula_r_12_34_11.png</item-icon>
		<item-batchqty>1</item-batchqty>
		<item-attributes>
			<item-attribute type="equipSlot">All</item-attribute>
			<item-attribute type="bulk">8</item-attribute>
		</item-attributes>
		<item-keywords>
			<item-keyword>tier_5</item-keyword>
		</item-keywords>
		<tier>
			<tier-name>Dark Blue Dye</tier-name>
			<tier-lvl>5</tier-lvl>
			<tier-desc>A processed form of crushed minerals and water, for use in dye techniques.</tier-desc>
			<tier-allowedtechniques>0</tier-allowedtechniques>
			<tier-attributes>
      </tier-attributes>
			<resources>
				<resource>
					<resource-name>Ground Peridot</resource-name>
					<resource-skill>Alchemy</resource-skill>
					<resource-min amount="5">800</resource-min>
					<resource-opt amount="2">1075</resource-opt>
				</resource>
				<resource>
					<resource-name>Ground Opal</resource-name>
					<resource-skill>Alchemy</resource-skill>
					<resource-min amount="5">800</resource-min>
					<resource-opt amount="2">1075</resource-opt>
				</resource>
				<resource>
					<resource-name>Ground Topaz</resource-name>
					<resource-skill>Alchemy</resource-skill>
					<resource-min amount="5">800</resource-min>
					<resource-opt amount="2">1075</resource-opt>
				</resource>
				<resource>
					<resource-name>Water</resource-name>
					<resource-skill>Alchemy</resource-skill>
					<resource-min amount="2">800</resource-min>
					<resource-opt amount="2">1100</resource-opt>
				</resource>
			</resources>
		</tier>
	</item>
	<item>
		<item-name>Dark Green Dye</item-name>
		<item-icon>icon_formula_r_12_34_11.png</item-icon>
		<item-batchqty>1</item-batchqty>
		<item-attributes>
			<item-attribute type="equipSlot">All</item-attribute>
			<item-attribute type="bulk">8</item-attribute>
		</item-attributes>
		<item-keywords>
			<item-keyword>tier_5</item-keyword>
		</item-keywords>
		<tier>
			<tier-name>Dark Green Dye</tier-name>
			<tier-lvl>5</tier-lvl>
			<tier-desc>A processed form of crushed minerals and water, for use in dye techniques.</tier-desc>
			<tier-allowedtechniques>0</tier-allowedtechniques>
			<tier-attributes>
      </tier-attributes>
			<resources>
				<resource>
					<resource-name>Ground Emerald</resource-name>
					<resource-skill>Alchemy</resource-skill>
					<resource-min amount="5">800</resource-min>
					<resource-opt amount="2">1075</resource-opt>
				</resource>
				<resource>
					<resource-name>Ground Jade</resource-name>
					<resource-skill>Alchemy</resource-skill>
					<resource-min amount="5">800</resource-min>
					<resource-opt amount="2">1075</resource-opt>
				</resource>
				<resource>
					<resource-name>Water</resource-name>
					<resource-skill>Alchemy</resource-skill>
					<resource-min amount="2">800</resource-min>
					<resource-opt amount="2">1100</resource-opt>
				</resource>
			</resources>
		</tier>
	</item>
	<item>
		<item-name>Essence Dye</item-name>
		<item-icon>icon_formula_r_12_34_11.png</item-icon>
		<item-batchqty>1</item-batchqty>
		<item-attributes>
			<item-attribute type="equipSlot">All</item-attribute>
			<item-attribute type="bulk">8</item-attribute>
		</item-attributes>
		<item-keywords>
			<item-keyword>tier_5</item-keyword>
		</item-keywords>
		<tier>
			<tier-name>Essence Dye</tier-name>
			<tier-lvl>5</tier-lvl>
			<tier-desc>A processed form of crushed minerals and water, for use in dye techniques.</tier-desc>
			<tier-allowedtechniques>0</tier-allowedtechniques>
			<tier-attributes>
      </tier-attributes>
			<resources>
				<resource>
					<resource-name>Ground Opal</resource-name>
					<resource-skill>Alchemy</resource-skill>
					<resource-min amount="5">800</resource-min>
					<resource-opt amount="2">1075</resource-opt>
				</resource>
				<resource>
					<resource-name>Mithril Powder</resource-name>
					<resource-skill>Alchemy</resource-skill>
					<resource-min amount="5">800</resource-min>
					<resource-opt amount="2">1075</resource-opt>
				</resource>
				<resource>
					<resource-name>Water</resource-name>
					<resource-skill>Alchemy</resource-skill>
					<resource-min amount="2">800</resource-min>
					<resource-opt amount="2">1100</resource-opt>
				</resource>
			</resources>
		</tier>
	</item>
	<item>
		<item-name>Garnet Dye</item-name>
		<item-icon>icon_formula_r_12_34_11.png</item-icon>
		<item-batchqty>1</item-batchqty>
		<item-attributes>
			<item-attribute type="equipSlot">All</item-attribute>
			<item-attribute type="bulk">8</item-attribute>
		</item-attributes>
		<item-keywords>
			<item-keyword>tier_5</item-keyword>
		</item-keywords>
		<tier>
			<tier-name>Garnet Dye</tier-name>
			<tier-lvl>5</tier-lvl>
			<tier-desc>A processed form of crushed minerals and water, for use in dye techniques.</tier-desc>
			<tier-allowedtechniques>0</tier-allowedtechniques>
			<tier-attributes>
      </tier-attributes>
			<resources>
				<resource>
					<resource-name>Ground Fire Opal</resource-name>
					<resource-skill>Alchemy</resource-skill>
					<resource-min amount="5">800</resource-min>
					<resource-opt amount="2">1075</resource-opt>
				</resource>
				<resource>
					<resource-name>Ground Opal</resource-name>
					<resource-skill>Alchemy</resource-skill>
					<resource-min amount="5">800</resource-min>
					<resource-opt amount="2">1075</resource-opt>
				</resource>
				<resource>
					<resource-name>Water</resource-name>
					<resource-skill>Alchemy</resource-skill>
					<resource-min amount="2">800</resource-min>
					<resource-opt amount="2">1100</resource-opt>
				</resource>
			</resources>
		</tier>
	</item>
	<item>
		<item-name>Jasper Dye</item-name>
		<item-icon>icon_formula_r_12_34_11.png</item-icon>
		<item-batchqty>1</item-batchqty>
		<item-attributes>
			<item-attribute type="equipSlot">All</item-attribute>
			<item-attribute type="bulk">8</item-attribute>
		</item-attributes>
		<item-keywords>
			<item-keyword>tier_5</item-keyword>
		</item-keywords>
		<tier>
			<tier-name>Jasper Dye</tier-name>
			<tier-lvl>5</tier-lvl>
			<tier-desc>A processed form of crushed minerals and water, for use in dye techniques.</tier-desc>
			<tier-allowedtechniques>0</tier-allowedtechniques>
			<tier-attributes>
      </tier-attributes>
			<resources>
				<resource>
					<resource-name>Ground Emerald</resource-name>
					<resource-skill>Alchemy</resource-skill>
					<resource-min amount="5">800</resource-min>
					<resource-opt amount="2">1075</resource-opt>
				</resource>
				<resource>
					<resource-name>Ground Topaz</resource-name>
					<resource-skill>Alchemy</resource-skill>
					<resource-min amount="5">800</resource-min>
					<resource-opt amount="2">1075</resource-opt>
				</resource>
				<resource>
					<resource-name>Water</resource-name>
					<resource-skill>Alchemy</resource-skill>
					<resource-min amount="2">800</resource-min>
					<resource-opt amount="2">1100</resource-opt>
				</resource>
			</resources>
		</tier>
	</item>
	<item>
		<item-name>Moonlight Dye</item-name>
		<item-icon>icon_formula_r_12_34_11.png</item-icon>
		<item-batchqty>1</item-batchqty>
		<item-attributes>
			<item-attribute type="equipSlot">All</item-attribute>
			<item-attribute type="bulk">8</item-attribute>
		</item-attributes>
		<item-keywords>
			<item-keyword>tier_5</item-keyword>
		</item-keywords>
		<tier>
			<tier-name>Moonlight Dye</tier-name>
			<tier-lvl>5</tier-lvl>
			<tier-desc>A processed form of crushed minerals and water, for use in dye techniques.</tier-desc>
			<tier-allowedtechniques>0</tier-allowedtechniques>
			<tier-attributes>
      </tier-attributes>
			<resources>
				<resource>
					<resource-name>Platinum Powder</resource-name>
					<resource-skill>Alchemy</resource-skill>
					<resource-min amount="5">800</resource-min>
					<resource-opt amount="2">1075</resource-opt>
				</resource>
				<resource>
					<resource-name>Mithril Powder</resource-name>
					<resource-skill>Alchemy</resource-skill>
					<resource-min amount="5">800</resource-min>
					<resource-opt amount="2">1075</resource-opt>
				</resource>
				<resource>
					<resource-name>Water</resource-name>
					<resource-skill>Alchemy</resource-skill>
					<resource-min amount="2">800</resource-min>
					<resource-opt amount="2">1100</resource-opt>
				</resource>
			</resources>
		</tier>
	</item>
	<item>
		<item-name>Obsidian Dye</item-name>
		<item-icon>icon_formula_r_12_34_11.png</item-icon>
		<item-batchqty>1</item-batchqty>
		<item-attributes>
			<item-attribute type="equipSlot">All</item-attribute>
			<item-attribute type="bulk">8</item-attribute>
		</item-attributes>
		<item-keywords>
			<item-keyword>tier_5</item-keyword>
		</item-keywords>
		<tier>
			<tier-name>Obsidian Dye</tier-name>
			<tier-lvl>5</tier-lvl>
			<tier-desc>A processed form of crushed minerals and water, for use in dye techniques.</tier-desc>
			<tier-allowedtechniques>0</tier-allowedtechniques>
			<tier-attributes>
      </tier-attributes>
			<resources>
				<resource>
					<resource-name>Ground Jade</resource-name>
					<resource-skill>Alchemy</resource-skill>
					<resource-min amount="5">800</resource-min>
					<resource-opt amount="2">1075</resource-opt>
				</resource>
				<resource>
					<resource-name>Mithril Powder</resource-name>
					<resource-skill>Alchemy</resource-skill>
					<resource-min amount="5">800</resource-min>
					<resource-opt amount="2">1075</resource-opt>
				</resource>
				<resource>
					<resource-name>Water</resource-name>
					<resource-skill>Alchemy</resource-skill>
					<resource-min amount="2">800</resource-min>
					<resource-opt amount="2">1100</resource-opt>
				</resource>
			</resources>
		</tier>
	</item>
	<item>
		<item-name>Purple Dye</item-name>
		<item-icon>icon_formula_r_12_34_11.png</item-icon>
		<item-batchqty>1</item-batchqty>
		<item-attributes>
			<item-attribute type="equipSlot">All</item-attribute>
			<item-attribute type="bulk">8</item-attribute>
		</item-attributes>
		<item-keywords>
			<item-keyword>tier_5</item-keyword>
		</item-keywords>
		<tier>
			<tier-name>Purple Dye</tier-name>
			<tier-lvl>5</tier-lvl>
			<tier-desc>A processed form of crushed minerals and water, for use in dye techniques.</tier-desc>
			<tier-allowedtechniques>0</tier-allowedtechniques>
			<tier-attributes>
      </tier-attributes>
			<resources>
				<resource>
					<resource-name>Ground Peridot</resource-name>
					<resource-skill>Alchemy</resource-skill>
					<resource-min amount="5">800</resource-min>
					<resource-opt amount="2">1075</resource-opt>
				</resource>
				<resource>
					<resource-name>Ground Topaz</resource-name>
					<resource-skill>Alchemy</resource-skill>
					<resource-min amount="5">800</resource-min>
					<resource-opt amount="2">1075</resource-opt>
				</resource>
				<resource>
					<resource-name>Water</resource-name>
					<resource-skill>Alchemy</resource-skill>
					<resource-min amount="2">800</resource-min>
					<resource-opt amount="2">1100</resource-opt>
				</resource>
			</resources>
		</tier>
	</item>
	<item>
		<item-name>Radiant Dye</item-name>
		<item-icon>icon_formula_r_12_34_11.png</item-icon>
		<item-batchqty>1</item-batchqty>
		<item-attributes>
			<item-attribute type="equipSlot">All</item-attribute>
			<item-attribute type="bulk">8</item-attribute>
		</item-attributes>
		<item-keywords>
			<item-keyword>tier_5</item-keyword>
		</item-keywords>
		<tier>
			<tier-name>Radiant Dye</tier-name>
			<tier-lvl>5</tier-lvl>
			<tier-desc>A processed form of crushed minerals and water, for use in dye techniques.</tier-desc>
			<tier-allowedtechniques>0</tier-allowedtechniques>
			<tier-attributes>
      </tier-attributes>
			<resources>
				<resource>
					<resource-name>Ground Peridot</resource-name>
					<resource-skill>Alchemy</resource-skill>
					<resource-min amount="5">800</resource-min>
					<resource-opt amount="2">1075</resource-opt>
				</resource>
				<resource>
					<resource-name>Ground Jade</resource-name>
					<resource-skill>Alchemy</resource-skill>
					<resource-min amount="5">800</resource-min>
					<resource-opt amount="2">1075</resource-opt>
				</resource>
				<resource>
					<resource-name>Water</resource-name>
					<resource-skill>Alchemy</resource-skill>
					<resource-min amount="2">800</resource-min>
					<resource-opt amount="2">1100</resource-opt>
				</resource>
			</resources>
		</tier>
	</item>
	<item>
		<item-name>Turquoise Dye</item-name>
		<item-icon>icon_formula_r_12_34_11.png</item-icon>
		<item-batchqty>1</item-batchqty>
		<item-attributes>
			<item-attribute type="equipSlot">All</item-attribute>
			<item-attribute type="bulk">8</item-attribute>
		</item-attributes>
		<item-keywords>
			<item-keyword>tier_5</item-keyword>
		</item-keywords>
		<tier>
			<tier-name>Turquoise Dye</tier-name>
			<tier-lvl>5</tier-lvl>
			<tier-desc>A processed form of crushed minerals and water, for use in dye techniques.</tier-desc>
			<tier-allowedtechniques>0</tier-allowedtechniques>
			<tier-attributes>
      </tier-attributes>
			<resources>
				<resource>
					<resource-name>Ground Emerald</resource-name>
					<resource-skill>Alchemy</resource-skill>
					<resource-min amount="5">800</resource-min>
					<resource-opt amount="2">1075</resource-opt>
				</resource>
				<resource>
					<resource-name>Platinum Powder</resource-name>
					<resource-skill>Alchemy</resource-skill>
					<resource-min amount="5">800</resource-min>
					<resource-opt amount="2">1075</resource-opt>
				</resource>
				<resource>
					<resource-name>Water</resource-name>
					<resource-skill>Alchemy</resource-skill>
					<resource-min amount="2">800</resource-min>
					<resource-opt amount="2">1100</resource-opt>
				</resource>
			</resources>
		</tier>
	</item>
	<item>
		<item-name>Armor and Scale Dye Kit: Brown</item-name>
		<item-icon>icon_formula_r_12_34_11.png</item-icon>
		<item-batchqty>1</item-batchqty>
		<item-attributes>
			<item-attribute type="equipSlot">All</item-attribute>
			<item-attribute type="bulk">8</item-attribute>
			<item-attribute type="description">Drag onto an item to apply</item-attribute>
		</item-attributes>
		<item-keywords>
			<item-keyword>techclass_1</item-keyword>
			<item-keyword>technique</item-keyword>
			<item-keyword>tier_1</item-keyword>
		</item-keywords>
		<tier>
			<tier-name>Armor and Scale Dye Kit: Brown</tier-name>
			<tier-lvl>1</tier-lvl>
			<tier-allowedtechniques>0</tier-allowedtechniques>
			<tier-attributes>
      </tier-attributes>
			<resources>
				<resource>
					<resource-name>Ground Garnet</resource-name>
					<resource-skill>Alchemy</resource-skill>
					<resource-min amount="10">1</resource-min>
					<resource-opt amount="4">200</resource-opt>
				</resource>
				<resource>
					<resource-name>Ground Turquoise</resource-name>
					<resource-skill>Alchemy</resource-skill>
					<resource-min amount="10">1</resource-min>
					<resource-opt amount="4">200</resource-opt>
				</resource>
				<resource>
					<resource-name>Water</resource-name>
					<resource-skill>Alchemy</resource-skill>
					<resource-min amount="4">1</resource-min>
					<resource-opt amount="4">200</resource-opt>
				</resource>
			</resources>
		</tier>
	</item>
	<item>
		<item-name>Armor and Scale Dye Kit: Black</item-name>
		<item-icon>icon_formula_r_12_34_11.png</item-icon>
		<item-batchqty>1</item-batchqty>
		<item-attributes>
			<item-attribute type="equipSlot">All</item-attribute>
			<item-attribute type="bulk">8</item-attribute>
			<item-attribute type="description">Drag onto an item to apply</item-attribute>
		</item-attributes>
		<item-keywords>
			<item-keyword>techclass_1</item-keyword>
			<item-keyword>technique</item-keyword>
			<item-keyword>tier_1</item-keyword>
		</item-keywords>
		<tier>
			<tier-name>Armor and Scale Dye Kit: Black</tier-name>
			<tier-lvl>2</tier-lvl>
			<tier-allowedtechniques>0</tier-allowedtechniques>
			<tier-attributes>
      </tier-attributes>
			<resources>
				<resource>
					<resource-name>Ground Amethyst</resource-name>
					<resource-skill>Alchemy</resource-skill>
					<resource-min amount="10">200</resource-min>
					<resource-opt amount="4">425</resource-opt>
				</resource>
				<resource>
					<resource-name>Ground Lapis Lazuli</resource-name>
					<resource-skill>Alchemy</resource-skill>
					<resource-min amount="10">200</resource-min>
					<resource-opt amount="4">425</resource-opt>
				</resource>
				<resource>
					<resource-name>Water</resource-name>
					<resource-skill>Alchemy</resource-skill>
					<resource-min amount="4">200</resource-min>
					<resource-opt amount="4">425</resource-opt>
				</resource>
			</resources>
		</tier>
	</item>
	<item>
		<item-name>Armor and Scale Dye Kit: Blue</item-name>
		<item-icon>icon_formula_r_12_34_11.png</item-icon>
		<item-batchqty>1</item-batchqty>
		<item-attributes>
			<item-attribute type="equipSlot">All</item-attribute>
			<item-attribute type="bulk">8</item-attribute>
			<item-attribute type="description">Drag onto an item to apply</item-attribute>
		</item-attributes>
		<item-keywords>
			<item-keyword>techclass_1</item-keyword>
			<item-keyword>technique</item-keyword>
			<item-keyword>tier_1</item-keyword>
		</item-keywords>
		<tier>
			<tier-name>Armor and Scale Dye Kit: Blue</tier-name>
			<tier-lvl>3</tier-lvl>
			<tier-allowedtechniques>0</tier-allowedtechniques>
			<tier-attributes>
      </tier-attributes>
			<resources>
				<resource>
					<resource-name>Ground Aquamarine</resource-name>
					<resource-skill>Alchemy</resource-skill>
					<resource-min amount="10">400</resource-min>
					<resource-opt amount="4">650</resource-opt>
				</resource>
				<resource>
					<resource-name>Ground Jasper</resource-name>
					<resource-skill>Alchemy</resource-skill>
					<resource-min amount="10">400</resource-min>
					<resource-opt amount="4">650</resource-opt>
				</resource>
				<resource>
					<resource-name>Water</resource-name>
					<resource-skill>Alchemy</resource-skill>
					<resource-min amount="4">400</resource-min>
					<resource-opt amount="4">650</resource-opt>
				</resource>
			</resources>
		</tier>
	</item>
	<item>
		<item-name>Armor and Scale Dye Kit: Red</item-name>
		<item-icon>icon_formula_r_12_34_11.png</item-icon>
		<item-batchqty>1</item-batchqty>
		<item-attributes>
			<item-attribute type="equipSlot">All</item-attribute>
			<item-attribute type="bulk">8</item-attribute>
			<item-attribute type="description">Drag onto an item to apply</item-attribute>
		</item-attributes>
		<item-keywords>
			<item-keyword>techclass_1</item-keyword>
			<item-keyword>technique</item-keyword>
			<item-keyword>tier_1</item-keyword>
		</item-keywords>
		<tier>
			<tier-name>Armor and Scale Dye Kit: Red</tier-name>
			<tier-lvl>4</tier-lvl>
			<tier-allowedtechniques>0</tier-allowedtechniques>
			<tier-attributes>
      </tier-attributes>
			<resources>
				<resource>
					<resource-name>Ground Jade</resource-name>
					<resource-skill>Alchemy</resource-skill>
					<resource-min amount="10">600</resource-min>
					<resource-opt amount="4">875</resource-opt>
				</resource>
				<resource>
					<resource-name>Ground Opal</resource-name>
					<resource-skill>Alchemy</resource-skill>
					<resource-min amount="10">600</resource-min>
					<resource-opt amount="4">875</resource-opt>
				</resource>
				<resource>
					<resource-name>Water</resource-name>
					<resource-skill>Alchemy</resource-skill>
					<resource-min amount="4">600</resource-min>
					<resource-opt amount="4">875</resource-opt>
				</resource>
			</resources>
		</tier>
	</item>
	<item>
		<item-name>Armor and Scale Dye Kit: Dark Blue</item-name>
		<item-icon>icon_formula_r_12_34_11.png</item-icon>
		<item-batchqty>1</item-batchqty>
		<item-attributes>
			<item-attribute type="equipSlot">All</item-attribute>
			<item-attribute type="bulk">8</item-attribute>
			<item-attribute type="description">Drag onto an item to apply</item-attribute>
		</item-attributes>
		<item-keywords>
			<item-keyword>techclass_1</item-keyword>
			<item-keyword>technique</item-keyword>
			<item-keyword>tier_1</item-keyword>
		</item-keywords>
		<tier>
			<tier-name>Armor and Scale Dye Kit: Dark Blue</tier-name>
			<tier-lvl>5</tier-lvl>
			<tier-allowedtechniques>0</tier-allowedtechniques>
			<tier-attributes>
      </tier-attributes>
			<resources>
				<resource>
					<resource-name>Ground Peridot</resource-name>
					<resource-skill>Alchemy</resource-skill>
					<resource-min amount="10">800</resource-min>
					<resource-opt amount="4">1075</resource-opt>
				</resource>
				<resource>
					<resource-name>Ground Opal</resource-name>
					<resource-skill>Alchemy</resource-skill>
					<resource-min amount="10">800</resource-min>
					<resource-opt amount="4">1075</resource-opt>
				</resource>
				<resource>
					<resource-name>Ground Topaz</resource-name>
					<resource-skill>Alchemy</resource-skill>
					<resource-min amount="10">800</resource-min>
					<resource-opt amount="4">1075</resource-opt>
				</resource>
				<resource>
					<resource-name>Water</resource-name>
					<resource-skill>Alchemy</resource-skill>
					<resource-min amount="4">800</resource-min>
					<resource-opt amount="4">1075</resource-opt>
				</resource>
			</resources>
		</tier>
	</item>
	<item>
		<item-name>Armor and Scale Dye Kit: Dark Green</item-name>
		<item-icon>icon_formula_r_12_34_11.png</item-icon>
		<item-batchqty>1</item-batchqty>
		<item-attributes>
			<item-attribute type="equipSlot">All</item-attribute>
			<item-attribute type="bulk">8</item-attribute>
			<item-attribute type="description">Drag onto an item to apply</item-attribute>
		</item-attributes>
		<item-keywords>
			<item-keyword>techclass_1</item-keyword>
			<item-keyword>technique</item-keyword>
			<item-keyword>tier_1</item-keyword>
		</item-keywords>
		<tier>
			<tier-name>Armor and Scale Dye Kit: Dark Green</tier-name>
			<tier-lvl>5</tier-lvl>
			<tier-allowedtechniques>0</tier-allowedtechniques>
			<tier-attributes>
      </tier-attributes>
			<resources>
				<resource>
					<resource-name>Ground Emerald</resource-name>
					<resource-skill>Alchemy</resource-skill>
					<resource-min amount="10">800</resource-min>
					<resource-opt amount="4">1075</resource-opt>
				</resource>
				<resource>
					<resource-name>Ground Jade</resource-name>
					<resource-skill>Alchemy</resource-skill>
					<resource-min amount="10">800</resource-min>
					<resource-opt amount="4">1075</resource-opt>
				</resource>
				<resource>
					<resource-name>Water</resource-name>
					<resource-skill>Alchemy</resource-skill>
					<resource-min amount="4">800</resource-min>
					<resource-opt amount="4">1075</resource-opt>
				</resource>
			</resources>
		</tier>
	</item>
	<item>
		<item-name>Armor and Scale Dye Kit: Purple</item-name>
		<item-icon>icon_formula_r_12_34_11.png</item-icon>
		<item-batchqty>1</item-batchqty>
		<item-attributes>
			<item-attribute type="equipSlot">All</item-attribute>
			<item-attribute type="bulk">8</item-attribute>
			<item-attribute type="description">Drag onto an item to apply</item-attribute>
		</item-attributes>
		<item-keywords>
			<item-keyword>techclass_1</item-keyword>
			<item-keyword>technique</item-keyword>
			<item-keyword>tier_1</item-keyword>
		</item-keywords>
		<tier>
			<tier-name>Armor and Scale Dye Kit: Purple</tier-name>
			<tier-lvl>5</tier-lvl>
			<tier-allowedtechniques>0</tier-allowedtechniques>
			<tier-attributes>
      </tier-attributes>
			<resources>
				<resource>
					<resource-name>Ground Peridot</resource-name>
					<resource-skill>Alchemy</resource-skill>
					<resource-min amount="10">800</resource-min>
					<resource-opt amount="4">1075</resource-opt>
				</resource>
				<resource>
					<resource-name>Ground Topaz</resource-name>
					<resource-skill>Alchemy</resource-skill>
					<resource-min amount="10">800</resource-min>
					<resource-opt amount="4">1075</resource-opt>
				</resource>
				<resource>
					<resource-name>Water</resource-name>
					<resource-skill>Alchemy</resource-skill>
					<resource-min amount="4">800</resource-min>
					<resource-opt amount="4">1075</resource-opt>
				</resource>
			</resources>
		</tier>
	</item>
	<item>
		<item-name>Armor and Scale Dye Kit: Blood</item-name>
		<item-icon>icon_formula_r_12_34_11.png</item-icon>
		<item-batchqty>1</item-batchqty>
		<item-attributes>
			<item-attribute type="equipSlot">All</item-attribute>
			<item-attribute type="bulk">8</item-attribute>
			<item-attribute type="description">Drag onto an item to apply</item-attribute>
		</item-attributes>
		<item-keywords>
			<item-keyword>techclass_1</item-keyword>
			<item-keyword>technique</item-keyword>
			<item-keyword>tier_1</item-keyword>
		</item-keywords>
		<tier>
			<tier-name>Armor and Scale Dye Kit: Blood</tier-name>
			<tier-lvl>5</tier-lvl>
			<tier-allowedtechniques>0</tier-allowedtechniques>
			<tier-attributes>
      </tier-attributes>
			<resources>
				<resource>
					<resource-name>Ground Emerald</resource-name>
					<resource-skill>Alchemy</resource-skill>
					<resource-min amount="10">800</resource-min>
					<resource-opt amount="4">1075</resource-opt>
				</resource>
				<resource>
					<resource-name>Ground Fire Opal</resource-name>
					<resource-skill>Alchemy</resource-skill>
					<resource-min amount="10">800</resource-min>
					<resource-opt amount="4">1075</resource-opt>
				</resource>
				<resource>
					<resource-name>Water</resource-name>
					<resource-skill>Alchemy</resource-skill>
					<resource-min amount="4">800</resource-min>
					<resource-opt amount="4">1075</resource-opt>
				</resource>
			</resources>
		</tier>
	</item>
	<item>
		<item-name>Armor and Scale Dye Kit: Moonlight</item-name>
		<item-icon>icon_formula_r_12_34_11.png</item-icon>
		<item-batchqty>1</item-batchqty>
		<item-attributes>
			<item-attribute type="equipSlot">All</item-attribute>
			<item-attribute type="bulk">8</item-attribute>
			<item-attribute type="description">Drag onto an item to apply</item-attribute>
		</item-attributes>
		<item-keywords>
			<item-keyword>techclass_1</item-keyword>
			<item-keyword>technique</item-keyword>
			<item-keyword>tier_1</item-keyword>
		</item-keywords>
		<tier>
			<tier-name>Armor and Scale Dye Kit: Moonlight</tier-name>
			<tier-lvl>5</tier-lvl>
			<tier-allowedtechniques>0</tier-allowedtechniques>
			<tier-attributes>
      </tier-attributes>
			<resources>
				<resource>
					<resource-name>Platinum Powder</resource-name>
					<resource-skill>Alchemy</resource-skill>
					<resource-min amount="10">800</resource-min>
					<resource-opt amount="4">1075</resource-opt>
				</resource>
				<resource>
					<resource-name>Mithril Powder</resource-name>
					<resource-skill>Alchemy</resource-skill>
					<resource-min amount="10">800</resource-min>
					<resource-opt amount="4">1075</resource-opt>
				</resource>
				<resource>
					<resource-name>Water</resource-name>
					<resource-skill>Alchemy</resource-skill>
					<resource-min amount="4">800</resource-min>
					<resource-opt amount="4">1075</resource-opt>
				</resource>
			</resources>
		</tier>
	</item>
	<item>
		<item-name>Armor and Scale Dye Kit: Obsidian</item-name>
		<item-icon>icon_formula_r_12_34_11.png</item-icon>
		<item-batchqty>1</item-batchqty>
		<item-attributes>
			<item-attribute type="equipSlot">All</item-attribute>
			<item-attribute type="bulk">8</item-attribute>
			<item-attribute type="description">Drag onto an item to apply</item-attribute>
		</item-attributes>
		<item-keywords>
			<item-keyword>techclass_1</item-keyword>
			<item-keyword>technique</item-keyword>
			<item-keyword>tier_1</item-keyword>
		</item-keywords>
		<tier>
			<tier-name>Armor and Scale Dye Kit: Obsidian</tier-name>
			<tier-lvl>5</tier-lvl>
			<tier-allowedtechniques>0</tier-allowedtechniques>
			<tier-attributes>
      </tier-attributes>
			<resources>
				<resource>
					<resource-name>Ground Jade</resource-name>
					<resource-skill>Alchemy</resource-skill>
					<resource-min amount="10">800</resource-min>
					<resource-opt amount="4">1075</resource-opt>
				</resource>
				<resource>
					<resource-name>Mithril Powder</resource-name>
					<resource-skill>Alchemy</resource-skill>
					<resource-min amount="10">800</resource-min>
					<resource-opt amount="4">1075</resource-opt>
				</resource>
				<resource>
					<resource-name>Water</resource-name>
					<resource-skill>Alchemy</resource-skill>
					<resource-min amount="4">800</resource-min>
					<resource-opt amount="4">1075</resource-opt>
				</resource>
			</resources>
		</tier>
	</item>
	<item>
		<item-name>Armor and Scale Dye Kit: Light Green</item-name>
		<item-icon>icon_formula_r_12_34_11.png</item-icon>
		<item-batchqty>1</item-batchqty>
		<item-attributes>
			<item-attribute type="equipSlot">All</item-attribute>
			<item-attribute type="bulk">8</item-attribute>
			<item-attribute type="description">Drag onto an item to apply</item-attribute>
		</item-attributes>
		<item-keywords>
			<item-keyword>techclass_1</item-keyword>
			<item-keyword>technique</item-keyword>
			<item-keyword>tier_1</item-keyword>
		</item-keywords>
		<tier>
			<tier-name>Armor and Scale Dye Kit: Light Green</tier-name>
			<tier-lvl>1</tier-lvl>
			<tier-allowedtechniques>0</tier-allowedtechniques>
			<tier-attributes>
      </tier-attributes>
			<resources>
				<resource>
					<resource-name>Ground Turquoise</resource-name>
					<resource-skill>Alchemy</resource-skill>
					<resource-min amount="10">1</resource-min>
					<resource-opt amount="4">200</resource-opt>
				</resource>
				<resource>
					<resource-name>Water</resource-name>
					<resource-skill>Alchemy</resource-skill>
					<resource-min amount="4">1</resource-min>
					<resource-opt amount="4">200</resource-opt>
				</resource>
			</resources>
		</tier>
	</item>
	<item>
		<item-name>Armor and Scale Dye Kit: Invisible</item-name>
		<item-icon>icon_formula_r_12_34_11.png</item-icon>
		<item-batchqty>1</item-batchqty>
		<item-attributes>
			<item-attribute type="equipSlot">All</item-attribute>
			<item-attribute type="bulk">8</item-attribute>
			<item-attribute type="description">Drag onto an item to apply</item-attribute>
		</item-attributes>
		<item-keywords>
			<item-keyword>techclass_1</item-keyword>
			<item-keyword>technique</item-keyword>
			<item-keyword>tier_1</item-keyword>
		</item-keywords>
		<tier>
			<tier-name>Armor and Scale Dye Kit: Invisible</tier-name>
			<tier-lvl>2</tier-lvl>
			<tier-allowedtechniques>0</tier-allowedtechniques>
			<tier-attributes>
      </tier-attributes>
			<resources>
				<resource>
					<resource-name>Ground Amethyst</resource-name>
					<resource-skill>Alchemy</resource-skill>
					<resource-min amount="10">200</resource-min>
					<resource-opt amount="4">425</resource-opt>
				</resource>
				<resource>
					<resource-name>Ground Rose Quartz</resource-name>
					<resource-skill>Alchemy</resource-skill>
					<resource-min amount="10">200</resource-min>
					<resource-opt amount="4">425</resource-opt>
				</resource>
				<resource>
					<resource-name>Ground Lapis Lazuli</resource-name>
					<resource-skill>Alchemy</resource-skill>
					<resource-min amount="10">200</resource-min>
					<resource-opt amount="4">425</resource-opt>
				</resource>
				<resource>
					<resource-name>Water</resource-name>
					<resource-skill>Alchemy</resource-skill>
					<resource-min amount="4">200</resource-min>
					<resource-opt amount="4">425</resource-opt>
				</resource>
			</resources>
		</tier>
	</item>
	<item>
		<item-name>Armor and Scale Dye Kit: Light Red</item-name>
		<item-icon>icon_formula_r_12_34_11.png</item-icon>
		<item-batchqty>1</item-batchqty>
		<item-attributes>
			<item-attribute type="equipSlot">All</item-attribute>
			<item-attribute type="bulk">8</item-attribute>
			<item-attribute type="description">Drag onto an item to apply</item-attribute>
		</item-attributes>
		<item-keywords>
			<item-keyword>techclass_1</item-keyword>
			<item-keyword>technique</item-keyword>
			<item-keyword>tier_1</item-keyword>
		</item-keywords>
		<tier>
			<tier-name>Armor and Scale Dye Kit: Light Red</tier-name>
			<tier-lvl>2</tier-lvl>
			<tier-allowedtechniques>0</tier-allowedtechniques>
			<tier-attributes>
      </tier-attributes>
			<resources>
				<resource>
					<resource-name>Ground Rose Quartz</resource-name>
					<resource-skill>Alchemy</resource-skill>
					<resource-min amount="10">200</resource-min>
					<resource-opt amount="4">425</resource-opt>
				</resource>
				<resource>
					<resource-name>Water</resource-name>
					<resource-skill>Alchemy</resource-skill>
					<resource-min amount="4">200</resource-min>
					<resource-opt amount="4">425</resource-opt>
				</resource>
			</resources>
		</tier>
	</item>
	<item>
		<item-name>Armor and Scale Dye Kit: Light Blue</item-name>
		<item-icon>icon_formula_r_12_34_11.png</item-icon>
		<item-batchqty>1</item-batchqty>
		<item-attributes>
			<item-attribute type="equipSlot">All</item-attribute>
			<item-attribute type="bulk">8</item-attribute>
			<item-attribute type="description">Drag onto an item to apply</item-attribute>
		</item-attributes>
		<item-keywords>
			<item-keyword>techclass_1</item-keyword>
			<item-keyword>technique</item-keyword>
			<item-keyword>tier_1</item-keyword>
		</item-keywords>
		<tier>
			<tier-name>Armor and Scale Dye Kit: Light Blue</tier-name>
			<tier-lvl>3</tier-lvl>
			<tier-allowedtechniques>0</tier-allowedtechniques>
			<tier-attributes>
      </tier-attributes>
			<resources>
				<resource>
					<resource-name>Ground Aquamarine</resource-name>
					<resource-skill>Alchemy</resource-skill>
					<resource-min amount="10">400</resource-min>
					<resource-opt amount="4">650</resource-opt>
				</resource>
				<resource>
					<resource-name>Water</resource-name>
					<resource-skill>Alchemy</resource-skill>
					<resource-min amount="4">400</resource-min>
					<resource-opt amount="4">650</resource-opt>
				</resource>
			</resources>
		</tier>
	</item>
	<item>
		<item-name>Armor and Scale Dye Kit: White</item-name>
		<item-icon>icon_formula_r_12_34_11.png</item-icon>
		<item-batchqty>1</item-batchqty>
		<item-attributes>
			<item-attribute type="equipSlot">All</item-attribute>
			<item-attribute type="bulk">8</item-attribute>
			<item-attribute type="description">Drag onto an item to apply</item-attribute>
		</item-attributes>
		<item-keywords>
			<item-keyword>techclass_1</item-keyword>
			<item-keyword>technique</item-keyword>
			<item-keyword>tier_1</item-keyword>
		</item-keywords>
		<tier>
			<tier-name>Armor and Scale Dye Kit: White</tier-name>
			<tier-lvl>4</tier-lvl>
			<tier-allowedtechniques>0</tier-allowedtechniques>
			<tier-attributes>
      </tier-attributes>
			<resources>
				<resource>
					<resource-name>Ground Opal</resource-name>
					<resource-skill>Alchemy</resource-skill>
					<resource-min amount="10">600</resource-min>
					<resource-opt amount="4">875</resource-opt>
				</resource>
				<resource>
					<resource-name>Ground Topaz</resource-name>
					<resource-skill>Alchemy</resource-skill>
					<resource-min amount="10">600</resource-min>
					<resource-opt amount="4">875</resource-opt>
				</resource>
				<resource>
					<resource-name>Water</resource-name>
					<resource-skill>Alchemy</resource-skill>
					<resource-min amount="4">600</resource-min>
					<resource-opt amount="4">875</resource-opt>
				</resource>
			</resources>
		</tier>
	</item>
	<item>
		<item-name>Armor and Scale Dye Kit: Essence</item-name>
		<item-icon>icon_formula_r_12_34_11.png</item-icon>
		<item-batchqty>1</item-batchqty>
		<item-attributes>
			<item-attribute type="equipSlot">All</item-attribute>
			<item-attribute type="bulk">8</item-attribute>
			<item-attribute type="description">Drag onto an item to apply</item-attribute>
		</item-attributes>
		<item-keywords>
			<item-keyword>techclass_1</item-keyword>
			<item-keyword>technique</item-keyword>
			<item-keyword>tier_1</item-keyword>
		</item-keywords>
		<tier>
			<tier-name>Armor and Scale Dye Kit: Essence</tier-name>
			<tier-lvl>5</tier-lvl>
			<tier-allowedtechniques>0</tier-allowedtechniques>
			<tier-attributes>
      </tier-attributes>
			<resources>
				<resource>
					<resource-name>Ground Opal</resource-name>
					<resource-skill>Alchemy</resource-skill>
					<resource-min amount="10">800</resource-min>
					<resource-opt amount="4">1075</resource-opt>
				</resource>
				<resource>
					<resource-name>Mithril Powder</resource-name>
					<resource-skill>Alchemy</resource-skill>
					<resource-min amount="10">800</resource-min>
					<resource-opt amount="4">1075</resource-opt>
				</resource>
				<resource>
					<resource-name>Water</resource-name>
					<resource-skill>Alchemy</resource-skill>
					<resource-min amount="4">800</resource-min>
					<resource-opt amount="4">1075</resource-opt>
				</resource>
			</resources>
		</tier>
	</item>
	<item>
		<item-name>Armor and Scale Dye Kit: Radiant</item-name>
		<item-icon>icon_formula_r_12_34_11.png</item-icon>
		<item-batchqty>1</item-batchqty>
		<item-attributes>
			<item-attribute type="equipSlot">All</item-attribute>
			<item-attribute type="bulk">8</item-attribute>
			<item-attribute type="description">Drag onto an item to apply</item-attribute>
		</item-attributes>
		<item-keywords>
			<item-keyword>techclass_1</item-keyword>
			<item-keyword>technique</item-keyword>
			<item-keyword>tier_1</item-keyword>
		</item-keywords>
		<tier>
			<tier-name>Armor and Scale Dye Kit: Radiant</tier-name>
			<tier-lvl>5</tier-lvl>
			<tier-allowedtechniques>0</tier-allowedtechniques>
			<tier-attributes>
      </tier-attributes>
			<resources>
				<resource>
					<resource-name>Ground Peridot</resource-name>
					<resource-skill>Alchemy</resource-skill>
					<resource-min amount="10">800</resource-min>
					<resource-opt amount="4">1075</resource-opt>
				</resource>
				<resource>
					<resource-name>Ground Jade</resource-name>
					<resource-skill>Alchemy</resource-skill>
					<resource-min amount="10">800</resource-min>
					<resource-opt amount="4">1075</resource-opt>
				</resource>
				<resource>
					<resource-name>Water</resource-name>
					<resource-skill>Alchemy</resource-skill>
					<resource-min amount="4">800</resource-min>
					<resource-opt amount="4">1075</resource-opt>
				</resource>
			</resources>
		</tier>
	</item>
	<item>
		<item-name>Armor and Scale Dye Kit: Green</item-name>
		<item-icon>icon_formula_r_12_34_11.png</item-icon>
		<item-batchqty>1</item-batchqty>
		<item-attributes>
			<item-attribute type="equipSlot">All</item-attribute>
			<item-attribute type="bulk">8</item-attribute>
			<item-attribute type="description">Drag onto an item to apply</item-attribute>
		</item-attributes>
		<item-keywords>
			<item-keyword>techclass_1</item-keyword>
			<item-keyword>technique</item-keyword>
			<item-keyword>tier_1</item-keyword>
		</item-keywords>
		<tier>
			<tier-name>Armor and Scale Dye Kit: Green</tier-name>
			<tier-lvl>1</tier-lvl>
			<tier-allowedtechniques>0</tier-allowedtechniques>
			<tier-attributes>
      </tier-attributes>
			<resources>
				<resource>
					<resource-name>Ground Malachite</resource-name>
					<resource-skill>Alchemy</resource-skill>
					<resource-min amount="10">1</resource-min>
					<resource-opt amount="4">200</resource-opt>
				</resource>
				<resource>
					<resource-name>Water</resource-name>
					<resource-skill>Alchemy</resource-skill>
					<resource-min amount="4">1</resource-min>
					<resource-opt amount="4">200</resource-opt>
				</resource>
			</resources>
		</tier>
	</item>
	<item>
		<item-name>Armor and Scale Dye Kit: Silver</item-name>
		<item-icon>icon_formula_r_12_34_11.png</item-icon>
		<item-batchqty>1</item-batchqty>
		<item-attributes>
			<item-attribute type="equipSlot">All</item-attribute>
			<item-attribute type="bulk">8</item-attribute>
			<item-attribute type="description">Drag onto an item to apply</item-attribute>
		</item-attributes>
		<item-keywords>
			<item-keyword>techclass_1</item-keyword>
			<item-keyword>technique</item-keyword>
			<item-keyword>tier_1</item-keyword>
		</item-keywords>
		<tier>
			<tier-name>Armor and Scale Dye Kit: Silver</tier-name>
			<tier-lvl>2</tier-lvl>
			<tier-allowedtechniques>0</tier-allowedtechniques>
			<tier-attributes>
      </tier-attributes>
			<resources>
				<resource>
					<resource-name>Silver Powder</resource-name>
					<resource-skill>Alchemy</resource-skill>
					<resource-min amount="10">200</resource-min>
					<resource-opt amount="4">425</resource-opt>
				</resource>
				<resource>
					<resource-name>Water</resource-name>
					<resource-skill>Alchemy</resource-skill>
					<resource-min amount="4">200</resource-min>
					<resource-opt amount="4">425</resource-opt>
				</resource>
			</resources>
		</tier>
	</item>
	<item>
		<item-name>Armor and Scale Dye Kit: Gold</item-name>
		<item-icon>icon_formula_r_12_34_11.png</item-icon>
		<item-batchqty>1</item-batchqty>
		<item-attributes>
			<item-attribute type="equipSlot">All</item-attribute>
			<item-attribute type="bulk">8</item-attribute>
			<item-attribute type="description">Drag onto an item to apply</item-attribute>
		</item-attributes>
		<item-keywords>
			<item-keyword>techclass_1</item-keyword>
			<item-keyword>technique</item-keyword>
			<item-keyword>tier_1</item-keyword>
		</item-keywords>
		<tier>
			<tier-name>Armor and Scale Dye Kit: Gold</tier-name>
			<tier-lvl>3</tier-lvl>
			<tier-allowedtechniques>0</tier-allowedtechniques>
			<tier-attributes>
      </tier-attributes>
			<resources>
				<resource>
					<resource-name>Ground Citrine</resource-name>
					<resource-skill>Alchemy</resource-skill>
					<resource-min amount="10">400</resource-min>
					<resource-opt amount="4">650</resource-opt>
				</resource>
				<resource>
					<resource-name>Gold Powder</resource-name>
					<resource-skill>Alchemy</resource-skill>
					<resource-min amount="10">400</resource-min>
					<resource-opt amount="4">650</resource-opt>
				</resource>
				<resource>
					<resource-name>Water</resource-name>
					<resource-skill>Alchemy</resource-skill>
					<resource-min amount="4">400</resource-min>
					<resource-opt amount="4">650</resource-opt>
				</resource>
			</resources>
		</tier>
	</item>
	<item>
		<item-name>Armor and Scale Dye Kit: Platinum</item-name>
		<item-icon>icon_formula_r_12_34_11.png</item-icon>
		<item-batchqty>1</item-batchqty>
		<item-attributes>
			<item-attribute type="equipSlot">All</item-attribute>
			<item-attribute type="bulk">8</item-attribute>
			<item-attribute type="description">Drag onto an item to apply</item-attribute>
		</item-attributes>
		<item-keywords>
			<item-keyword>techclass_1</item-keyword>
			<item-keyword>technique</item-keyword>
			<item-keyword>tier_1</item-keyword>
		</item-keywords>
		<tier>
			<tier-name>Armor and Scale Dye Kit: Platinum</tier-name>
			<tier-lvl>4</tier-lvl>
			<tier-allowedtechniques>0</tier-allowedtechniques>
			<tier-attributes>
      </tier-attributes>
			<resources>
				<resource>
					<resource-name>Ground Opal</resource-name>
					<resource-skill>Alchemy</resource-skill>
					<resource-min amount="10">600</resource-min>
					<resource-opt amount="4">875</resource-opt>
				</resource>
				<resource>
					<resource-name>Platinum Powder</resource-name>
					<resource-skill>Alchemy</resource-skill>
					<resource-min amount="10">600</resource-min>
					<resource-opt amount="4">875</resource-opt>
				</resource>
				<resource>
					<resource-name>Water</resource-name>
					<resource-skill>Alchemy</resource-skill>
					<resource-min amount="4">600</resource-min>
					<resource-opt amount="4">875</resource-opt>
				</resource>
			</resources>
		</tier>
	</item>
	<item>
		<item-name>Armor and Scale Dye Kit: Garnet</item-name>
		<item-icon>icon_formula_r_12_34_11.png</item-icon>
		<item-batchqty>1</item-batchqty>
		<item-attributes>
			<item-attribute type="equipSlot">All</item-attribute>
			<item-attribute type="bulk">8</item-attribute>
			<item-attribute type="description">Drag onto an item to apply</item-attribute>
		</item-attributes>
		<item-keywords>
			<item-keyword>techclass_1</item-keyword>
			<item-keyword>technique</item-keyword>
			<item-keyword>tier_1</item-keyword>
		</item-keywords>
		<tier>
			<tier-name>Armor and Scale Dye Kit: Garnet</tier-name>
			<tier-lvl>5</tier-lvl>
			<tier-allowedtechniques>0</tier-allowedtechniques>
			<tier-attributes>
      </tier-attributes>
			<resources>
				<resource>
					<resource-name>Ground Fire Opal</resource-name>
					<resource-skill>Alchemy</resource-skill>
					<resource-min amount="10">800</resource-min>
					<resource-opt amount="4">1075</resource-opt>
				</resource>
				<resource>
					<resource-name>Ground Opal</resource-name>
					<resource-skill>Alchemy</resource-skill>
					<resource-min amount="10">800</resource-min>
					<resource-opt amount="4">1075</resource-opt>
				</resource>
				<resource>
					<resource-name>Water</resource-name>
					<resource-skill>Alchemy</resource-skill>
					<resource-min amount="4">800</resource-min>
					<resource-opt amount="4">1075</resource-opt>
				</resource>
			</resources>
		</tier>
	</item>
	<item>
		<item-name>Armor and Scale Dye Kit: Jasper</item-name>
		<item-icon>icon_formula_r_12_34_11.png</item-icon>
		<item-batchqty>1</item-batchqty>
		<item-attributes>
			<item-attribute type="equipSlot">All</item-attribute>
			<item-attribute type="bulk">8</item-attribute>
			<item-attribute type="description">Drag onto an item to apply</item-attribute>
		</item-attributes>
		<item-keywords>
			<item-keyword>techclass_1</item-keyword>
			<item-keyword>technique</item-keyword>
			<item-keyword>tier_1</item-keyword>
		</item-keywords>
		<tier>
			<tier-name>Armor and Scale Dye Kit: Jasper</tier-name>
			<tier-lvl>5</tier-lvl>
			<tier-allowedtechniques>0</tier-allowedtechniques>
			<tier-attributes>
      </tier-attributes>
			<resources>
				<resource>
					<resource-name>Ground Emerald</resource-name>
					<resource-skill>Alchemy</resource-skill>
					<resource-min amount="10">800</resource-min>
					<resource-opt amount="4">1075</resource-opt>
				</resource>
				<resource>
					<resource-name>Ground Topaz</resource-name>
					<resource-skill>Alchemy</resource-skill>
					<resource-min amount="10">800</resource-min>
					<resource-opt amount="4">1075</resource-opt>
				</resource>
				<resource>
					<resource-name>Water</resource-name>
					<resource-skill>Alchemy</resource-skill>
					<resource-min amount="4">800</resource-min>
					<resource-opt amount="4">1075</resource-opt>
				</resource>
			</resources>
		</tier>
	</item>
	<item>
		<item-name>Armor and Scale Dye Kit: Turquoise</item-name>
		<item-icon>icon_formula_r_12_34_11.png</item-icon>
		<item-batchqty>1</item-batchqty>
		<item-attributes>
			<item-attribute type="equipSlot">All</item-attribute>
			<item-attribute type="bulk">8</item-attribute>
			<item-attribute type="description">Drag onto an item to apply</item-attribute>
		</item-attributes>
		<item-keywords>
			<item-keyword>techclass_1</item-keyword>
			<item-keyword>technique</item-keyword>
			<item-keyword>tier_1</item-keyword>
		</item-keywords>
		<tier>
			<tier-name>Armor and Scale Dye Kit: Turquoise</tier-name>
			<tier-lvl>5</tier-lvl>
			<tier-allowedtechniques>0</tier-allowedtechniques>
			<tier-attributes>
      </tier-attributes>
			<resources>
				<resource>
					<resource-name>Ground Emerald</resource-name>
					<resource-skill>Alchemy</resource-skill>
					<resource-min amount="10">800</resource-min>
					<resource-opt amount="4">1075</resource-opt>
				</resource>
				<resource>
					<resource-name>Platinum Powder</resource-name>
					<resource-skill>Alchemy</resource-skill>
					<resource-min amount="10">800</resource-min>
					<resource-opt amount="4">1075</resource-opt>
				</resource>
				<resource>
					<resource-name>Water</resource-name>
					<resource-skill>Alchemy</resource-skill>
					<resource-min amount="4">800</resource-min>
					<resource-opt amount="4">1075</resource-opt>
				</resource>
			</resources>
		</tier>
	</item>
</formulaset>
