<?xml version="1.0" encoding="ISO-8859-1"?>
<techniqueset format="2.1">
	<techniqueset-name>Stun</techniqueset-name>
	<techniqueset-categories>
		<techniqueset-category>Spell</techniqueset-category>
	</techniqueset-categories>
	<tech>
		<tech-name>Stun</tech-name>
		<tech-icon>icon_technique_02_00_11.png</tech-icon>
		<tech-keywords>
			<tech-keywordset>
				<tech-keyword>spell</tech-keyword>
				<tech-keyword>primal</tech-keyword>
			</tech-keywordset>
			<tech-keywordset>
				<tech-keyword>damage</tech-keyword>
			</tech-keywordset>
			<tech-keywordset>
				<tech-keyword>skill_use_magic_energy</tech-keyword>
			</tech-keywordset>
		</tech-keywords>
		<tech-effectkeywords>
			<tech-effectkeywordset>
				<tech-effectkeyword>tech_kicker_augment</tech-effectkeyword>
			</tech-effectkeywordset>
		</tech-effectkeywords>
		<tier>
			<tier-name>Stun I</tier-name>
			<tier-origin>Spell: Stun I</tier-origin>
			<tier-lvl>1</tier-lvl>
			<tier-desc>Applied to an energy damage spell this technique has a 15% chance of stunning an opponent for 3 seconds.</tier-desc>
			<tier-skilladjust>10</tier-skilladjust>
			<tier-keywords>
				<tier-keywordset>
					<tier-keyword>techclass_1</tier-keyword>
				</tier-keywordset>
			</tier-keywords>
			<components>
				<component amount="4">Dim Essence Orb</component>
				<component amount="1">Sand Pygmy Ear</component>
			</components>
		</tier>
		<tier>
			<tier-name>Stun II</tier-name>
			<tier-origin>Spell: Stun II</tier-origin>
			<tier-lvl>2</tier-lvl>
			<tier-desc>Applied to an energy damage spell this technique has a 25% chance of stunning an opponent for 3 seconds.</tier-desc>
			<tier-skilladjust>20</tier-skilladjust>
			<tier-keywords>
				<tier-keywordset>
					<tier-keyword>techclass_2</tier-keyword>
				</tier-keywordset>
			</tier-keywords>
			<components>
				<component amount="4">Pale Essence Orb</component>
				<component amount="1">Lesser Zombie Finger</component>
				<component amount="1">Lesser Mummy Embalming Dust</component>
			</components>
		</tier>
		<tier>
			<tier-name>Stun III</tier-name>
			<tier-origin>Spell: Stun III</tier-origin>
			<tier-lvl>3</tier-lvl>
			<tier-desc>Applied to an energy damage spell this technique has a 35% chance of stunning an opponent for 3 seconds.</tier-desc>
			<tier-skilladjust>30</tier-skilladjust>
			<tier-keywords>
				<tier-keywordset>
					<tier-keyword>techclass_3</tier-keyword>
				</tier-keywordset>
			</tier-keywords>
			<components>
				<component amount="4">Glowing Essence Orb</component>
				<component amount="1">Winter Mountain Wolf Fang</component>
				<component amount="1">Greater Skeleton Skull</component>
			</components>
		</tier>
	</tech>
</techniqueset>
