<?xml version="1.0" encoding="ISO-8859-1"?>
<techniqueset format="2.1">
	<techniqueset-name>Junction</techniqueset-name>
	<techniqueset-categories>
		<techniqueset-category>Spell</techniqueset-category>
	</techniqueset-categories>
	<tech>
		<tech-name>Junction</tech-name>
		<tech-icon>icon_technique_02_00_11.png</tech-icon>
		<tech-keywords>
			<tech-keywordset>
				<tech-keyword>spell</tech-keyword>
			</tech-keywordset>
			<tech-keywordset>
				<tech-keyword>damage</tech-keyword>
			</tech-keywordset>
			<tech-keywordset>
				<tech-keyword>skill_use_magic_energy</tech-keyword>
			</tech-keywordset>
		</tech-keywords>
		<tech-effectkeywords>
			<tech-effectkeywordset>
				<tech-effectkeyword>tech_kicker_augment</tech-effectkeyword>
			</tech-effectkeywordset>
		</tech-effectkeywords>
		<tier>
			<tier-name>Junction I</tier-name>
			<tier-origin>Spell: Junction I</tier-origin>
			<tier-lvl>1</tier-lvl>
			<tier-desc>Energy spells with this technique have a 25% chance to lower the target's energy resistance by 10% for 30 seconds.</tier-desc>
			<tier-skilladjust>10</tier-skilladjust>
			<tier-keywords>
				<tier-keywordset>
					<tier-keyword>techclass_1</tier-keyword>
				</tier-keywordset>
			</tier-keywords>
			<components>
				<component amount="4">Dim Essence Orb</component>
				<component amount="1">Weaker Mummy Wrappings</component>
			</components>
		</tier>
		<tier>
			<tier-name>Junction II</tier-name>
			<tier-origin>Spell: Junction II</tier-origin>
			<tier-lvl>2</tier-lvl>
			<tier-desc>Energy spells with this technique have a 25% chance to lower the target's energy resistance by 15% for 30 seconds.</tier-desc>
			<tier-skilladjust>20</tier-skilladjust>
			<tier-keywords>
				<tier-keywordset>
					<tier-keyword>techclass_2</tier-keyword>
				</tier-keywordset>
			</tier-keywords>
			<components>
				<component amount="4">Pale Essence Orb</component>
				<component amount="1">Iron Golem Fragment</component>
				<component amount="1">Frost Ogre Jawbone</component>
			</components>
		</tier>
		<tier>
			<tier-name>Junction III</tier-name>
			<tier-origin>Spell: Junction III</tier-origin>
			<tier-lvl>3</tier-lvl>
			<tier-desc>Energy spells with this technique have a 25% chance to lower the target's energy resistance by 20% for 30 seconds.</tier-desc>
			<tier-skilladjust>30</tier-skilladjust>
			<tier-keywords>
				<tier-keywordset>
					<tier-keyword>techclass_3</tier-keyword>
				</tier-keywordset>
			</tier-keywords>
			<components>
				<component amount="4">Glowing Essence Orb</component>
				<component amount="1">Ice Beetle Carapace</component>
				<component amount="1">Nickel Golem Fragment</component>
			</components>
		</tier>
		<tier>
			<tier-name>Junction IV</tier-name>
			<tier-origin>Spell: Junction IV</tier-origin>
			<tier-lvl>4</tier-lvl>
			<tier-desc>Energy spells with this technique have a 25% chance to lower the target's energy resistance by 25% for 30 seconds.</tier-desc>
			<tier-skilladjust>30</tier-skilladjust>
			<tier-keywords>
				<tier-keywordset>
					<tier-keyword>techclass_4</tier-keyword>
				</tier-keywordset>
			</tier-keywords>
			<components>
				<component amount="4">Bright Essence Orb</component>
				<component amount="1">Fire Pygmy Ear</component>
				<component amount="2">Red Necrofly Wing</component>
			</components>
		</tier>
		<tier>
			<tier-name>Junction V</tier-name>
			<tier-origin>Spell: Junction V</tier-origin>
			<tier-lvl>5</tier-lvl>
			<tier-desc>Energy spells with this technique have a 25% chance to lower the target's energy resistance by 30% for 30 seconds.</tier-desc>
			<tier-skilladjust>30</tier-skilladjust>
			<tier-keywords>
				<tier-keywordset>
					<tier-keyword>techclass_5</tier-keyword>
				</tier-keywordset>
			</tier-keywords>
			<components>
				<component amount="4">Shining Essence Orb</component>
				<component amount="2">Blue Vexator Fringe</component>
				<component amount="2">Veteran Zombie Finger</component>
			</components>
		</tier>
	</tech>
</techniqueset>
