<?xml version="1.0" encoding="ISO-8859-1"?>
<techniqueset format="2.1">
	<techniqueset-name>Covalence</techniqueset-name>
	<techniqueset-categories>
		<techniqueset-category>Spell</techniqueset-category>
	</techniqueset-categories>
	<tech>
		<tech-name>Covalence</tech-name>
		<tech-icon>icon_technique_02_00_11.png</tech-icon>
		<tech-keywords>
			<tech-keywordset>
				<tech-keyword>spell</tech-keyword>
				<tech-keyword>primal</tech-keyword>
			</tech-keywordset>
			<tech-keywordset>
				<tech-keyword>damage</tech-keyword>
			</tech-keywordset>
			<tech-keywordset>
				<tech-keyword>skill_use_magic_nature</tech-keyword>
			</tech-keywordset>
		</tech-keywords>
		<tech-effectkeywords>
			<tech-effectkeywordset>
				<tech-effectkeyword>tech_kicker_augment</tech-effectkeyword>
			</tech-effectkeywordset>
		</tech-effectkeywords>
		<tier>
			<tier-name>Covalence I</tier-name>
			<tier-origin>Spell: Covalence I</tier-origin>
			<tier-lvl>1</tier-lvl>
			<tier-desc>Nature spells with this technique have a 25% chance to lower the target's nature resistance by 10% for 30 seconds.</tier-desc>
			<tier-skilladjust>10</tier-skilladjust>
			<tier-keywords>
				<tier-keywordset>
					<tier-keyword>techclass_1</tier-keyword>
				</tier-keywordset>
			</tier-keywords>
			<components>
				<component amount="4">Dim Essence Orb</component>
				<component amount="1">Weaker Blight Bindings</component>
			</components>
		</tier>
		<tier>
			<tier-name>Covalence II</tier-name>
			<tier-origin>Spell: Covalence II</tier-origin>
			<tier-lvl>2</tier-lvl>
			<tier-desc>Nature spells with this technique have a 25% chance to lower the target's nature resistance by 15% for 30 seconds.</tier-desc>
			<tier-skilladjust>20</tier-skilladjust>
			<tier-keywords>
				<tier-keywordset>
					<tier-keyword>techclass_2</tier-keyword>
				</tier-keywordset>
			</tier-keywords>
			<components>
				<component amount="4">Pale Essence Orb</component>
				<component amount="1">Frost Pygmy Shrunken Head</component>
				<component amount="1">Silver Golem Fragment</component>
			</components>
		</tier>
		<tier>
			<tier-name>Covalence III</tier-name>
			<tier-origin>Spell: Covalence III</tier-origin>
			<tier-lvl>3</tier-lvl>
			<tier-desc>Nature spells with this technique have a 25% chance to lower the target's nature resistance by 20% for 30 seconds.</tier-desc>
			<tier-skilladjust>30</tier-skilladjust>
			<tier-keywords>
				<tier-keywordset>
					<tier-keyword>techclass_3</tier-keyword>
				</tier-keywordset>
			</tier-keywords>
			<components>
				<component amount="4">Glowing Essence Orb</component>
				<component amount="1">Greater Ghost Vapor</component>
				<component amount="1">Resistant Fyakki Eye</component>
			</components>
		</tier>
		<tier>
			<tier-name>Covalence IV</tier-name>
			<tier-origin>Spell: Covalence IV</tier-origin>
			<tier-lvl>4</tier-lvl>
			<tier-desc>Nature spells with this technique have a 25% chance to lower the target's nature resistance by 25% for 30 seconds.</tier-desc>
			<tier-skilladjust>30</tier-skilladjust>
			<tier-keywords>
				<tier-keywordset>
					<tier-keyword>techclass_4</tier-keyword>
				</tier-keywordset>
			</tier-keywords>
			<components>
				<component amount="4">Bright Essence Orb</component>
				<component amount="1">Cobalt Golem Fragment</component>
				<component amount="2">Flame Wolf Fang</component>
			</components>
		</tier>
		<tier>
			<tier-name>Covalence V</tier-name>
			<tier-origin>Spell: Covalence V</tier-origin>
			<tier-lvl>5</tier-lvl>
			<tier-desc>Nature spells with this technique have a 25% chance to lower the target's nature resistance by 30% for 30 seconds.</tier-desc>
			<tier-skilladjust>30</tier-skilladjust>
			<tier-keywords>
				<tier-keywordset>
					<tier-keyword>techclass_5</tier-keyword>
				</tier-keywordset>
			</tier-keywords>
			<components>
				<component amount="4">Shining Essence Orb</component>
				<component amount="2">Forest Oastic Sac</component>
				<component amount="2">Kwellen Energy Node</component>
			</components>
		</tier>
	</tech>
</techniqueset>
