<?xml version="1.0" encoding="ISO-8859-1"?>
<techniqueset format="2.1">
	<techniqueset-name>Blight Damage</techniqueset-name>
	<techniqueset-categories>
		<techniqueset-category>Spell</techniqueset-category>
	</techniqueset-categories>
	<tech>
		<tech-name>Blight Damage</tech-name>
		<tech-icon>icon_technique_02_00_11.png</tech-icon>
		<tech-keywords>
			<tech-keywordset>
				<tech-keyword>spell</tech-keyword>
				<tech-keyword>primal</tech-keyword>
			</tech-keywordset>
			<tech-keywordset>
				<tech-keyword>damage</tech-keyword>
			</tech-keywordset>
			<tech-keywordset>
				<tech-keyword>skill_use_magic_blight</tech-keyword>
			</tech-keywordset>
		</tech-keywords>
		<tech-effectkeywords>
			<tech-effectkeywordset>
				<tech-effectkeyword>spell_mod_damage</tech-effectkeyword>
			</tech-effectkeywordset>
		</tech-effectkeywords>
		<tier>
			<tier-name>Blight Damage I</tier-name>
			<tier-origin>Spell: Blight Damage I</tier-origin>
			<tier-lvl>1</tier-lvl>
			<tier-desc>Modifies the maximum damage output of a blight damage spell by +2.</tier-desc>
			<tier-skilladjust>10</tier-skilladjust>
			<tier-keywords>
				<tier-keywordset>
					<tier-keyword>techclass_1</tier-keyword>
				</tier-keywordset>
			</tier-keywords>
			<components>
				<component amount="4">Dim Essence Orb</component>
				<component amount="1">Forest Crawler Leg Hair</component>
			</components>
		</tier>
		<tier>
			<tier-name>Blight Damage II</tier-name>
			<tier-origin>Spell: Blight Damage II</tier-origin>
			<tier-lvl>2</tier-lvl>
			<tier-desc>Modifies the maximum damage output of a blight damage spell by +4.</tier-desc>
			<tier-skilladjust>20</tier-skilladjust>
			<tier-keywords>
				<tier-keywordset>
					<tier-keyword>techclass_2</tier-keyword>
				</tier-keywordset>
			</tier-keywords>
			<components>
				<component amount="4">Pale Essence Orb</component>
				<component amount="1">Iron Golem Fragment</component>
				<component amount="1">Frost Ogre Jawbone</component>
			</components>
		</tier>
		<tier>
			<tier-name>Blight Damage III</tier-name>
			<tier-origin>Spell: Blight Damage III</tier-origin>
			<tier-lvl>3</tier-lvl>
			<tier-desc>Modifies the maximum damage output of a blight damage spell by +6.</tier-desc>
			<tier-skilladjust>30</tier-skilladjust>
			<tier-keywords>
				<tier-keywordset>
					<tier-keyword>techclass_3</tier-keyword>
				</tier-keywordset>
			</tier-keywords>
			<components>
				<component amount="4">Glowing Essence Orb</component>
				<component amount="1">Nickel Golem Fragment</component>
				<component amount="1">Greater Zombie Thighbone</component>
			</components>
		</tier>
		<tier>
			<tier-name>Blight Damage IV</tier-name>
			<tier-origin>Spell: Blight Damage IV</tier-origin>
			<tier-lvl>4</tier-lvl>
			<tier-desc>Modifies the maximum damage output of a blight damage spell by +8.</tier-desc>
			<tier-skilladjust>30</tier-skilladjust>
			<tier-keywords>
				<tier-keywordset>
					<tier-keyword>techclass_4</tier-keyword>
				</tier-keywordset>
			</tier-keywords>
			<components>
				<component amount="4">Bright Essence Orb</component>
				<component amount="2">Arbotus Gullet</component>
				<component amount="1">Mighty Aegror Pus Packet</component>
			</components>
		</tier>
		<tier>
			<tier-name>Blight Damage V</tier-name>
			<tier-origin>Spell: Blight Damage V</tier-origin>
			<tier-lvl>5</tier-lvl>
			<tier-desc>Modifies the maximum damage output of a blight damage spell by +10.</tier-desc>
			<tier-skilladjust>30</tier-skilladjust>
			<tier-keywords>
				<tier-keywordset>
					<tier-keyword>techclass_5</tier-keyword>
				</tier-keywordset>
			</tier-keywords>
			<components>
				<component amount="4">Shining Essence Orb</component>
				<component amount="2">Emerald Golem Chip</component>
				<component amount="2">Veteran Aegror Engorged Pus Packets</component>
			</components>
		</tier>
	</tech>
</techniqueset>
