<?xml version="1.0" encoding="ISO-8859-1"?>
<techniqueset format="2.1">
	<techniqueset-name>Primal Damage</techniqueset-name>
	<techniqueset-categories>
		<techniqueset-category>Spell</techniqueset-category>
	</techniqueset-categories>
	<tech>
		<tech-name>Primal Damage</tech-name>
		<tech-icon>icon_technique_02_00_11.png</tech-icon>
		<tech-keywords>
			<tech-keywordset>
				<tech-keyword>spell</tech-keyword>
				<tech-keyword>primal</tech-keyword>
			</tech-keywordset>
			<tech-keywordset>
				<tech-keyword>damage</tech-keyword>
			</tech-keywordset>
			<tech-keywordset>
				<tech-keyword>skill_use_magic_primal</tech-keyword>
			</tech-keywordset>
		</tech-keywords>
		<tech-effectkeywords>
			<tech-effectkeywordset>
				<tech-effectkeyword>spell_mod_damage</tech-effectkeyword>
			</tech-effectkeywordset>
		</tech-effectkeywords>
		<tier>
			<tier-name>Primal Damage I</tier-name>
			<tier-origin>Spell: Primal Damage I</tier-origin>
			<tier-lvl>1</tier-lvl>
			<tier-desc>Modifies the maximum damage output of a primal damage spell by +2.</tier-desc>
			<tier-skilladjust>10</tier-skilladjust>
			<tier-keywords>
				<tier-keywordset>
					<tier-keyword>techclass_1</tier-keyword>
				</tier-keywordset>
			</tier-keywords>
			<components>
				<component amount="4">Dim Essence Orb</component>
				<component amount="1">Weaker Skeleton Skull</component>
			</components>
		</tier>
		<tier>
			<tier-name>Primal Damage II</tier-name>
			<tier-origin>Spell: Primal Damage II</tier-origin>
			<tier-lvl>2</tier-lvl>
			<tier-desc>Modifies the maximum damage output of a primal damage spell by +5.</tier-desc>
			<tier-skilladjust>20</tier-skilladjust>
			<tier-keywords>
				<tier-keywordset>
					<tier-keyword>techclass_2</tier-keyword>
				</tier-keywordset>
			</tier-keywords>
			<components>
				<component amount="4">Pale Essence Orb</component>
				<component amount="1">Leafy Oastic Sac</component>
				<component amount="1">Frost Pygmy Ear</component>
			</components>
		</tier>
		<tier>
			<tier-name>Primal Damage III</tier-name>
			<tier-origin>Spell: Primal Damage III</tier-origin>
			<tier-lvl>3</tier-lvl>
			<tier-desc>Modifies the maximum damage output of a primal damage spell by +10.</tier-desc>
			<tier-skilladjust>30</tier-skilladjust>
			<tier-keywords>
				<tier-keywordset>
					<tier-keyword>techclass_3</tier-keyword>
				</tier-keywordset>
			</tier-keywords>
			<components>
				<component amount="4">Glowing Essence Orb</component>
				<component amount="1">Desert Wolf Fang</component>
				<component amount="1">Ice Golem Shard</component>
			</components>
		</tier>
		<tier>
			<tier-name>Primal Damage IV</tier-name>
			<tier-origin>Spell: Primal Damage IV</tier-origin>
			<tier-lvl>4</tier-lvl>
			<tier-desc>Modifies the maximum damage output of a primal damage spell by +15.</tier-desc>
			<tier-skilladjust>30</tier-skilladjust>
			<tier-keywords>
				<tier-keywordset>
					<tier-keyword>techclass_4</tier-keyword>
				</tier-keywordset>
				<tier-keywordset>
					<tier-keyword>techclass_4</tier-keyword>
				</tier-keywordset>
			</tier-keywords>
			<components>
				<component amount="4">Bright Essence Orb</component>
				<component amount="2">Shadow Spider Fang</component>
				<component amount="1">Winter Werewolf Fang</component>
			</components>
		</tier>
		<tier>
			<tier-name>Primal Damage V</tier-name>
			<tier-origin>Spell: Primal Damage V</tier-origin>
			<tier-lvl>5</tier-lvl>
			<tier-desc>Modifies the maximum damage output of a primal damage spell by +20.</tier-desc>
			<tier-skilladjust>30</tier-skilladjust>
			<tier-keywords>
				<tier-keywordset>
					<tier-keyword>techclass_4</tier-keyword>
				</tier-keywordset>
				<tier-keywordset>
					<tier-keyword>techclass_5</tier-keyword>
				</tier-keywordset>
			</tier-keywords>
			<components>
				<component amount="4">Shining Essence Orb</component>
				<component amount="2">Bloodsnout Gruok Snout</component>
				<component amount="2">Fiery Dire Wolf Fang</component>
			</components>
		</tier>
	</tech>
</techniqueset>
