<?xml version="1.0" encoding="ISO-8859-1"?>
<techniqueset format="2.1">
	<techniqueset-name>Freeze</techniqueset-name>
	<techniqueset-categories>
		<techniqueset-category>Spell</techniqueset-category>
	</techniqueset-categories>
	<tech>
		<tech-name>Freeze</tech-name>
		<tech-icon>icon_technique_02_00_11.png</tech-icon>
		<tech-keywords>
			<tech-keywordset>
				<tech-keyword>spell</tech-keyword>
				<tech-keyword>primal</tech-keyword>
			</tech-keywordset>
			<tech-keywordset>
				<tech-keyword>damage</tech-keyword>
			</tech-keywordset>
			<tech-keywordset>
				<tech-keyword>skill_use_magic_ice</tech-keyword>
			</tech-keywordset>
		</tech-keywords>
		<tech-effectkeywords>
			<tech-effectkeywordset>
				<tech-effectkeyword>tech_kicker_augment</tech-effectkeyword>
			</tech-effectkeywordset>
		</tech-effectkeywords>
		<tier>
			<tier-name>Freeze I</tier-name>
			<tier-origin>Spell: Freeze I</tier-origin>
			<tier-lvl>1</tier-lvl>
			<tier-desc>Ice spells with this technique have a 10% chance of rooting a target for 5 seconds.</tier-desc>
			<tier-skilladjust>10</tier-skilladjust>
			<tier-keywords>
				<tier-keywordset>
					<tier-keyword>techclass_1</tier-keyword>
				</tier-keywordset>
			</tier-keywords>
			<components>
				<component amount="4">Dim Essence Orb</component>
				<component amount="1">Sandstone Golem Fragment</component>
			</components>
		</tier>
		<tier>
			<tier-name>Freeze II</tier-name>
			<tier-origin>Spell: Freeze II</tier-origin>
			<tier-lvl>2</tier-lvl>
			<tier-desc>Ice spells with this technique have a 15% chance of rooting a target for 5 seconds.</tier-desc>
			<tier-skilladjust>20</tier-skilladjust>
			<tier-keywords>
				<tier-keywordset>
					<tier-keyword>techclass_2</tier-keyword>
				</tier-keywordset>
			</tier-keywords>
			<components>
				<component amount="4">Pale Essence Orb</component>
				<component amount="1">Frost Ogre Jawbone</component>
				<component amount="1">Fyakki Stinger Tip</component>
			</components>
		</tier>
		<tier>
			<tier-name>Freeze III</tier-name>
			<tier-origin>Spell: Freeze III</tier-origin>
			<tier-lvl>3</tier-lvl>
			<tier-desc>Ice spells with this technique have a 20% chance of rooting a target for 5 seconds.</tier-desc>
			<tier-skilladjust>30</tier-skilladjust>
			<tier-keywords>
				<tier-keywordset>
					<tier-keyword>techclass_3</tier-keyword>
				</tier-keywordset>
			</tier-keywords>
			<components>
				<component amount="4">Glowing Essence Orb</component>
				<component amount="1">Kwellen Ice Shard</component>
				<component amount="1">Werewolf Hide</component>
			</components>
		</tier>
	</tech>
</techniqueset>
