<?xml version="1.0" encoding="ISO-8859-1"?>
<techniqueset format="2.1">
	<techniqueset-name>Blight Poison</techniqueset-name>
	<techniqueset-categories>
		<techniqueset-category>Spell</techniqueset-category>
	</techniqueset-categories>
	<tech>
		<tech-name>Blight Poison</tech-name>
		<tech-icon>icon_technique_02_00_11.png</tech-icon>
		<tech-keywords>
			<tech-keywordset>
				<tech-keyword>spell</tech-keyword>
				<tech-keyword>primal</tech-keyword>
			</tech-keywordset>
			<tech-keywordset>
				<tech-keyword>skill_use_magic_blight</tech-keyword>
			</tech-keywordset>
			<tech-keywordset>
				<tech-keyword>debuff</tech-keyword>
			</tech-keywordset>
		</tech-keywords>
		<tech-effectkeywords>
			<tech-effectkeywordset>
				<tech-effectkeyword>tech_kicker_augment</tech-effectkeyword>
			</tech-effectkeywordset>
		</tech-effectkeywords>
		<tier>
			<tier-name>Blight Poison I</tier-name>
			<tier-origin>Spell: Blight Poison I</tier-origin>
			<tier-lvl>1</tier-lvl>
			<tier-desc>When a spell with this technique hits a target the target will incur incremented amounts of additional blight damage over a 20 second period.</tier-desc>
			<tier-skilladjust>10</tier-skilladjust>
			<tier-keywords>
				<tier-keywordset>
					<tier-keyword>techclass_1</tier-keyword>
				</tier-keywordset>
			</tier-keywords>
			<components>
				<component amount="4">Dim Essence Orb</component>
				<component amount="1">Turquoise Golem Chip</component>
			</components>
		</tier>
		<tier>
			<tier-name>Blight Poison II</tier-name>
			<tier-origin>Spell: Blight Poison II</tier-origin>
			<tier-lvl>2</tier-lvl>
			<tier-desc>When a spell with this technique hits a target the target will incur incremented amounts of additional blight damage over a 20 second period.</tier-desc>
			<tier-skilladjust>20</tier-skilladjust>
			<tier-keywords>
				<tier-keywordset>
					<tier-keyword>techclass_2</tier-keyword>
				</tier-keywordset>
			</tier-keywords>
			<components>
				<component amount="4">Pale Essence Orb</component>
				<component amount="1">Leafy Oastic Sac</component>
				<component amount="1">Frost Pygmy Ear</component>
			</components>
		</tier>
		<tier>
			<tier-name>Blight Poison III</tier-name>
			<tier-origin>Spell: Blight Poison III</tier-origin>
			<tier-lvl>3</tier-lvl>
			<tier-desc>When a spell with this technique hits a target the target will incur incremented amounts of additional blight damage over a 20 second period.</tier-desc>
			<tier-skilladjust>30</tier-skilladjust>
			<tier-keywords>
				<tier-keywordset>
					<tier-keyword>techclass_3</tier-keyword>
				</tier-keywordset>
			</tier-keywords>
			<components>
				<component amount="4">Glowing Essence Orb</component>
				<component amount="1">Oak Treant Knot</component>
				<component amount="1">Greater Mummy Scarab</component>
			</components>
		</tier>
		<tier>
			<tier-name>Blight Poison IV</tier-name>
			<tier-origin>Spell: Blight Poison IV</tier-origin>
			<tier-lvl>4</tier-lvl>
			<tier-desc>When a spell with this technique hits a target the target will incur incremented amounts of additional blight damage over a 20 second period.</tier-desc>
			<tier-skilladjust>30</tier-skilladjust>
			<tier-keywords>
				<tier-keywordset>
					<tier-keyword>techclass_4</tier-keyword>
				</tier-keywordset>
			</tier-keywords>
			<components>
				<component amount="4">Bright Essence Orb</component>
				<component amount="1">Shadow Tarantula Fang</component>
				<component amount="2">Mighty Aegror Pus Packet</component>
			</components>
		</tier>
		<tier>
			<tier-name>Blight Poison V</tier-name>
			<tier-origin>Spell: Blight Poison V</tier-origin>
			<tier-lvl>5</tier-lvl>
			<tier-desc>When a spell with this technique hits a target the target will incur incremented amounts of additional blight damage over a 20 second period.</tier-desc>
			<tier-skilladjust>30</tier-skilladjust>
			<tier-keywords>
				<tier-keywordset>
					<tier-keyword>techclass_5</tier-keyword>
				</tier-keywordset>
			</tier-keywords>
			<components>
				<component amount="4">Shining Essence Orb</component>
				<component amount="2">Fiery Dire Wolf Fang</component>
				<component amount="2">Purple Tarantula Venom</component>
			</components>
		</tier>
	</tech>
</techniqueset>
