<?xml version="1.0" encoding="ISO-8859-1"?>
<formulaset format="2.1">
	<formulaset-name>Rare Food - Desserts</formulaset-name>
	<formulaset-categories>
		<formulaset-category>Food</formulaset-category>
	</formulaset-categories>
	<item>
		<item-name>Tier IV: Anima's Blueberry Fennel Cakes</item-name>
		<item-icon>icon_formula_f_04_01_11.png</item-icon>
		<item-batchqty>1</item-batchqty>
		<item-attributes>
			<item-attribute type="dpReduction">Advances Death Point fade time by 45:00</item-attribute>
			<item-attribute type="dpReductionReqLvl">Less effective if any level is higher than 80</item-attribute>
			<item-attribute type="dpReductionReqLvl">Less effective if potential rating is under 61</item-attribute>
			<item-attribute type="bulk">2</item-attribute>
			<item-attribute type="hoardValue">0</item-attribute>
		</item-attributes>
		<item-keywords>
			<item-keyword>food</item-keyword>
			<item-keyword>tier_4</item-keyword>
			<item-keyword>skill_use_cooking</item-keyword>
		</item-keywords>
		<tier>
			<tier-name>Anima's Blueberry Fennel Cake</tier-name>
			<tier-lvl>4</tier-lvl>
			<tier-desc>Calling All Cooks Contest Winner, Tier 4 - Submitted by Anima of Chaos - Coils of sweet dough filled with blueberries &amp; fennel, deep-fried until crispy golden brown and then glazed with a thick layer of icing.</tier-desc>
			<tier-allowedtechniques>0</tier-allowedtechniques>
			<tier-attributes>
			</tier-attributes>
			<tier-keywords>
			</tier-keywords>
			<resources>
				<resource>
					<resource-name>Sweet Condensed Milk</resource-name>
					<resource-skill>Cooking</resource-skill>
					<resource-opt amount="1">900</resource-opt>
					<resource-min amount="2">700</resource-min>
				</resource>
				<resource>
					<resource-name>Ground Fennel</resource-name>
					<resource-skill>Cooking</resource-skill>
					<resource-opt amount="2">900</resource-opt>
					<resource-min amount="4">700</resource-min>
				</resource>
				<resource>
					<resource-name>Mashed Blueberries</resource-name>
					<resource-skill>Cooking</resource-skill>
					<resource-opt amount="3">900</resource-opt>
					<resource-min amount="6">700</resource-min>
				</resource>
				<resource>
					<resource-name>Sugar</resource-name>
					<resource-skill>Cooking</resource-skill>
					<resource-opt amount="3">900</resource-opt>
					<resource-min amount="6">700</resource-min>
				</resource>
				<resource>
					<resource-name>Wheat Dough</resource-name>
					<resource-skill>Cooking</resource-skill>
					<resource-opt amount="2">900</resource-opt>
					<resource-min amount="4">700</resource-min>
				</resource>
			</resources>
		</tier>
	</item>
	<item>
		<item-name>Tier II: Azraiel's Rice Pudding</item-name>
		<item-icon>icon_formula_f_11_01_11.png</item-icon>
		<item-batchqty>1</item-batchqty>
		<item-attributes>
			<item-attribute type="dpReduction">Advances Death Point fade time by 22:00</item-attribute>
			<item-attribute type="dpReductionReqLvl">Less effective if any level is higher than 40</item-attribute>
			<item-attribute type="dpReductionReqLvl">Less effective if potential rating is under 21</item-attribute>
			<item-attribute type="bulk">2</item-attribute>
			<item-attribute type="hoardValue">0</item-attribute>
		</item-attributes>
		<item-keywords>
			<item-keyword>food</item-keyword>
			<item-keyword>tier_2</item-keyword>
			<item-keyword>skill_use_cooking</item-keyword>
		</item-keywords>
		<tier>
			<tier-name>Azraiel's Rice Pudding</tier-name>
			<tier-lvl>2</tier-lvl>
			<tier-desc>Calling All Cooks Contest Winner, Tier 2 - Submitted by Azraiel of Chaos - A simple yet satisfying dessert, perfect for an evening on the beaches of Kion.</tier-desc>
			<tier-allowedtechniques>1</tier-allowedtechniques>
			<tier-attributes>
			</tier-attributes>
			<tier-keywords>
			</tier-keywords>
			<resources>
				<resource>
					<resource-name>Heavy Cream</resource-name>
					<resource-skill>Cooking</resource-skill>
					<resource-opt amount="2">425</resource-opt>
					<resource-min amount="4">300</resource-min>
				</resource>
				<resource>
					<resource-name>Honey</resource-name>
					<resource-skill>Cooking</resource-skill>
					<resource-opt amount="1">425</resource-opt>
					<resource-min amount="2">300</resource-min>
				</resource>
				<resource>
					<resource-name>Milled Rice</resource-name>
					<resource-skill>Cooking</resource-skill>
					<resource-opt amount="8">425</resource-opt>
					<resource-min amount="16">300</resource-min>
				</resource>
			</resources>
		</tier>
	</item>
	<item>
		<item-name>Tier V: Bananas Kakashi</item-name>
		<item-icon>icon_formula_f_04_01_11.png</item-icon>
		<item-batchqty>1</item-batchqty>
		<item-attributes>
			<item-attribute type="dpReduction">Advances Death Point fade time by 55:00</item-attribute>
			<item-attribute type="dpReductionReqLvl">Less effective if any level is higher than 100</item-attribute>
			<item-attribute type="dpReductionReqLvl">Less effective if potential rating is under 81</item-attribute>
			<item-attribute type="bulk">2</item-attribute>
			<item-attribute type="hoardValue">0</item-attribute>
		</item-attributes>
		<item-keywords>
			<item-keyword>food</item-keyword>
			<item-keyword>tier_5</item-keyword>
			<item-keyword>skill_use_cooking</item-keyword>
		</item-keywords>
		<tier>
			<tier-name>Bananas Kakashi</tier-name>
			<tier-lvl>5</tier-lvl>
			<tier-desc>Calling All Cooks Contest Winner, Tier 5 - Submitted by Kakashi of Unity - Bananas and raspberries served over a sweet brioche, covered with sweetened whipped cream.</tier-desc>
			<tier-allowedtechniques>0</tier-allowedtechniques>
			<tier-attributes>
			</tier-attributes>
			<tier-keywords>
			</tier-keywords>
			<resources>
				<resource>
					<resource-name>Heavy Cream</resource-name>
					<resource-skill>Cooking</resource-skill>
					<resource-opt amount="1">1025</resource-opt>
					<resource-min amount="2">800</resource-min>
				</resource>
				<resource>
					<resource-name>Sliced Bananas</resource-name>
					<resource-skill>Cooking</resource-skill>
					<resource-opt amount="2">1025</resource-opt>
					<resource-min amount="4">800</resource-min>
				</resource>
				<resource>
					<resource-name>Mashed Raspberries</resource-name>
					<resource-skill>Cooking</resource-skill>
					<resource-opt amount="2">1025</resource-opt>
					<resource-min amount="4">800</resource-min>
				</resource>
				<resource>
					<resource-name>Sugar</resource-name>
					<resource-skill>Cooking</resource-skill>
					<resource-opt amount="2">1025</resource-opt>
					<resource-min amount="4">800</resource-min>
				</resource>
				<resource>
					<resource-name>Wheat Dough</resource-name>
					<resource-skill>Cooking</resource-skill>
					<resource-opt amount="1">1025</resource-opt>
					<resource-min amount="2">800</resource-min>
				</resource>
				<resource>
					<resource-name>Egg</resource-name>
					<resource-skill>Cooking</resource-skill>
					<resource-opt amount="1">1025</resource-opt>
					<resource-min amount="2">800</resource-min>
				</resource>
			</resources>
		</tier>
	</item>
	<item>
		<item-name>Tier VI: Cherute's Special Deadly Nightcap</item-name>
		<item-icon>icon_formula_f_10_01_11.png</item-icon>
		<item-batchqty>1</item-batchqty>
		<item-attributes>
			<item-attribute type="dpReduction">Advances Death Point fade time by 1:10:00</item-attribute>
			<item-attribute type="dpReductionReqLvl">Less effective if any level is higher than 120</item-attribute>
			<item-attribute type="dpReductionReqLvl">Less effective if potential rating is under 101</item-attribute>
			<item-attribute type="bulk">2</item-attribute>
			<item-attribute type="hoardValue">0</item-attribute>
		</item-attributes>
		<item-keywords>
			<item-keyword>food</item-keyword>
			<item-keyword>tier_6</item-keyword>
			<item-keyword>skill_use_cooking</item-keyword>
		</item-keywords>
		<tier>
			<tier-name>Cherute's Special Deadly Nightcap</tier-name>
			<tier-lvl>6</tier-lvl>
			<tier-desc>Calling All Cooks Contest Winner, Tier 6 - Submitted by Cherute - There are two good ways to stay warm at night in Kirasanct. This is one of them.</tier-desc>
			<tier-allowedtechniques>0</tier-allowedtechniques>
			<tier-attributes>
			</tier-attributes>
			<tier-keywords>
			</tier-keywords>
			<resources>
				<resource>
					<resource-name>Ground Nightshade</resource-name>
					<resource-skill>Cooking</resource-skill>
					<resource-opt amount="1">1250</resource-opt>
					<resource-min amount="2">1000</resource-min>
				</resource>
				<resource>
					<resource-name>Red Wine</resource-name>
					<resource-skill>Cooking</resource-skill>
					<resource-opt amount="3">1250</resource-opt>
					<resource-min amount="6">1000</resource-min>
				</resource>
				<resource>
					<resource-name>Ground Bitterroot</resource-name>
					<resource-skill>Cooking</resource-skill>
					<resource-opt amount="1">1250</resource-opt>
					<resource-min amount="2">1000</resource-min>
				</resource>
				<resource>
					<resource-name>Cleaned Shadowstem Caps</resource-name>
					<resource-skill>Cooking</resource-skill>
					<resource-opt amount="1">1250</resource-opt>
					<resource-min amount="2">1000</resource-min>
				</resource>
				<resource>
					<resource-name>Ground Cinnamon</resource-name>
					<resource-skill>Cooking</resource-skill>
					<resource-opt amount="1">1250</resource-opt>
					<resource-min amount="2">1000</resource-min>
				</resource>
				<resource>
					<resource-name>Nutmeg</resource-name>
					<resource-skill>Cooking</resource-skill>
					<resource-opt amount="1">1250</resource-opt>
					<resource-min amount="2">1000</resource-min>
				</resource>
				<resource>
					<resource-name>Honey</resource-name>
					<resource-skill>Cooking</resource-skill>
					<resource-opt amount="1">1250</resource-opt>
					<resource-min amount="2">1000</resource-min>
				</resource>
			</resources>
		</tier>
	</item>
	<item>
		<item-name>Tier III: Fiendish Funnel Cake</item-name>
		<item-icon>icon_formula_f_02_01_11.png</item-icon>
		<item-batchqty>1</item-batchqty>
		<item-attributes>
			<item-attribute type="dpReduction">Advances Death Point fade time by 50:00</item-attribute>
			<item-attribute type="dpReductionReqLvl">Less effective if any level is higher than 60</item-attribute>
			<item-attribute type="dpReductionReqLvl">Less effective if potential rating is under 41</item-attribute>
			<item-attribute type="bulk">2</item-attribute>
			<item-attribute type="hoardValue">0</item-attribute>
		</item-attributes>
		<item-keywords>
			<item-keyword>food</item-keyword>
			<item-keyword>tier_3</item-keyword>
			<item-keyword>skill_use_cooking</item-keyword>
		</item-keywords>
		<tier>
			<tier-name>Fiendish Funnel Cake</tier-name>
			<tier-lvl>3</tier-lvl>
			<tier-desc>Calling All Cooks Contest Winner, Tier 3 - Submitted by Jayne of Chaos - Unlike revenge, funnel cakes are a dish best served hot.</tier-desc>
			<tier-allowedtechniques>0</tier-allowedtechniques>
			<tier-attributes>
			</tier-attributes>
			<tier-keywords>
			</tier-keywords>
			<resources>
				<resource>
					<resource-name>Wheat Flour</resource-name>
					<resource-skill>Cooking</resource-skill>
					<resource-opt amount="4">550</resource-opt>
					<resource-min amount="8">400</resource-min>
				</resource>
				<resource>
					<resource-name>Sugar</resource-name>
					<resource-skill>Cooking</resource-skill>
					<resource-opt amount="2">550</resource-opt>
					<resource-min amount="4">400</resource-min>
				</resource>
				<resource>
					<resource-name>Milk</resource-name>
					<resource-skill>Cooking</resource-skill>
					<resource-opt amount="2">550</resource-opt>
					<resource-min amount="4">400</resource-min>
				</resource>
				<resource>
					<resource-name>Egg</resource-name>
					<resource-skill>Cooking</resource-skill>
					<resource-opt amount="1">550</resource-opt>
					<resource-min amount="2">400</resource-min>
				</resource>
			</resources>
		</tier>
	</item>
	<item>
		<item-name>Tier VI: Frontier Fruit Medley</item-name>
		<item-icon>icon_formula_f_09_01_11.png</item-icon>
		<item-batchqty>1</item-batchqty>
		<item-attributes>
			<item-attribute type="dpReduction">Advances Death Point fade time by 1:10:00</item-attribute>
			<item-attribute type="dpReductionReqLvl">Less effective if any level is higher than 120</item-attribute>
			<item-attribute type="dpReductionReqLvl">Less effective if potential rating is under 101</item-attribute>
			<item-attribute type="bulk">2</item-attribute>
			<item-attribute type="hoardValue">0</item-attribute>
		</item-attributes>
		<item-keywords>
			<item-keyword>food</item-keyword>
			<item-keyword>tier_6</item-keyword>
			<item-keyword>skill_use_cooking</item-keyword>
		</item-keywords>
		<tier>
			<tier-name>Frontier Fruit Medley</tier-name>
			<tier-lvl>6</tier-lvl>
			<tier-desc>Submitted by Rhyssa of Chaos - A refreshing mixture of tastes and textures accented by a hint of spice make this dish both an ideal trail food and an elegant dessert for formal occasions.</tier-desc>
			<tier-allowedtechniques>0</tier-allowedtechniques>
			<tier-attributes>
			</tier-attributes>
			<tier-keywords>
			</tier-keywords>
			<resources>
				<resource>
					<resource-name>Ground Star Anise</resource-name>
					<resource-skill>Cooking</resource-skill>
					<resource-opt amount="1">1250</resource-opt>
					<resource-min amount="2">1000</resource-min>
				</resource>
				<resource>
					<resource-name>Sliced Strawberries</resource-name>
					<resource-skill>Cooking</resource-skill>
					<resource-opt amount="2">1250</resource-opt>
					<resource-min amount="4">1000</resource-min>
				</resource>
				<resource>
					<resource-name>Sliced Bananas</resource-name>
					<resource-skill>Cooking</resource-skill>
					<resource-opt amount="1">1250</resource-opt>
					<resource-min amount="2">1000</resource-min>
				</resource>
				<resource>
					<resource-name>Sliced Apricots</resource-name>
					<resource-skill>Cooking</resource-skill>
					<resource-opt amount="1">1250</resource-opt>
					<resource-min amount="2">1000</resource-min>
				</resource>
				<resource>
					<resource-name>Sliced Apple</resource-name>
					<resource-skill>Cooking</resource-skill>
					<resource-opt amount="2">1250</resource-opt>
					<resource-min amount="4">1000</resource-min>
				</resource>
				<resource>
					<resource-name>Mashed Blueberries</resource-name>
					<resource-skill>Cooking</resource-skill>
					<resource-opt amount="1">1250</resource-opt>
					<resource-min amount="2">1000</resource-min>
				</resource>
				<resource>
					<resource-name>Raisins</resource-name>
					<resource-skill>Cooking</resource-skill>
					<resource-opt amount="1">1250</resource-opt>
					<resource-min amount="2">1000</resource-min>
				</resource>
			</resources>
		</tier>
	</item>
	<item>
		<item-name>Tier VI: Grantherum's Strawberry Ice Cream</item-name>
		<item-icon>icon_formula_f_04_01_11.png</item-icon>
		<item-batchqty>1</item-batchqty>
		<item-attributes>
			<item-attribute type="dpReduction">Advances Death Point fade time by 1:10:00</item-attribute>
			<item-attribute type="dpReductionReqLvl">Less effective if any level is higher than 120</item-attribute>
			<item-attribute type="dpReductionReqLvl">Less effective if potential rating is under 101</item-attribute>
			<item-attribute type="bulk">2</item-attribute>
			<item-attribute type="hoardValue">0</item-attribute>
		</item-attributes>
		<item-keywords>
			<item-keyword>food</item-keyword>
			<item-keyword>tier_6</item-keyword>
			<item-keyword>skill_use_cooking</item-keyword>
		</item-keywords>
		<tier>
			<tier-name>Grantherum's Strawberry Ice Cream</tier-name>
			<tier-lvl>6</tier-lvl>
			<tier-desc>Submitted by Grantherum of Chaos - Highly decadent, even by Fiendish standards.</tier-desc>
			<tier-allowedtechniques>0</tier-allowedtechniques>
			<tier-attributes>
			</tier-attributes>
			<tier-keywords>
			</tier-keywords>
			<resources>
				<resource>
					<resource-name>Cream</resource-name>
					<resource-skill>Cooking</resource-skill>
					<resource-opt amount="1">1350</resource-opt>
					<resource-min amount="2">1100</resource-min>
				</resource>
				<resource>
					<resource-name>Heavy Cream</resource-name>
					<resource-skill>Cooking</resource-skill>
					<resource-opt amount="1">1350</resource-opt>
					<resource-min amount="2">1100</resource-min>
				</resource>
				<resource>
					<resource-name>Sliced Vanilla Bean</resource-name>
					<resource-skill>Cooking</resource-skill>
					<resource-opt amount="1">1350</resource-opt>
					<resource-min amount="2">1100</resource-min>
				</resource>
				<resource>
					<resource-name>Sliced Strawberries</resource-name>
					<resource-skill>Cooking</resource-skill>
					<resource-opt amount="3">1350</resource-opt>
					<resource-min amount="6">1100</resource-min>
				</resource>
				<resource>
					<resource-name>Sugar</resource-name>
					<resource-skill>Cooking</resource-skill>
					<resource-opt amount="1">1350</resource-opt>
					<resource-min amount="2">1100</resource-min>
				</resource>
				<resource>
					<resource-name>Ground Salt</resource-name>
					<resource-skill>Cooking</resource-skill>
					<resource-opt amount="1">1350</resource-opt>
					<resource-min amount="2">1100</resource-min>
				</resource>
				<resource>
					<resource-name>Milk</resource-name>
					<resource-skill>Cooking</resource-skill>
					<resource-opt amount="3">1350</resource-opt>
					<resource-min amount="6">1100</resource-min>
				</resource>
			</resources>
		</tier>
	</item>
	<item>
		<item-name>Tier IV: Kakashi's Truffles</item-name>
		<item-icon>icon_formula_f_06_01_11.png</item-icon>
		<item-batchqty>1</item-batchqty>
		<item-attributes>
			<item-attribute type="dpReduction">Advances Death Point fade time by 50:00</item-attribute>
			<item-attribute type="dpReductionReqLvl">Less effective if any level is higher than 80</item-attribute>
			<item-attribute type="dpReductionReqLvl">Less effective if potential rating is under 61</item-attribute>
			<item-attribute type="bulk">2</item-attribute>
			<item-attribute type="hoardValue">0</item-attribute>
		</item-attributes>
		<item-keywords>
			<item-keyword>food</item-keyword>
			<item-keyword>tier_4</item-keyword>
			<item-keyword>skill_use_cooking</item-keyword>
		</item-keywords>
		<tier>
			<tier-name>Kakashi's Truffles</tier-name>
			<tier-lvl>4</tier-lvl>
			<tier-desc>Calling All Cooks Contest Winner, Tier 4 - Submitted by Kakashi of Unity - "Fiendishly Decadent"</tier-desc>
			<tier-allowedtechniques>0</tier-allowedtechniques>
			<tier-attributes>
			</tier-attributes>
			<tier-keywords>
			</tier-keywords>
			<resources>
				<resource>
					<resource-name>Sweet Condensed Milk</resource-name>
					<resource-skill>Cooking</resource-skill>
					<resource-opt amount="1">900</resource-opt>
					<resource-min amount="2">700</resource-min>
				</resource>
				<resource>
					<resource-name>Cleaned Truffles</resource-name>
					<resource-skill>Cooking</resource-skill>
					<resource-opt amount="3">900</resource-opt>
					<resource-min amount="6">700</resource-min>
				</resource>
				<resource>
					<resource-name>Raisins</resource-name>
					<resource-skill>Cooking</resource-skill>
					<resource-opt amount="4">900</resource-opt>
					<resource-min amount="8">700</resource-min>
				</resource>
				<resource>
					<resource-name>Butter</resource-name>
					<resource-skill>Cooking</resource-skill>
					<resource-opt amount="2">900</resource-opt>
					<resource-min amount="4">700</resource-min>
				</resource>
				<resource>
					<resource-name>Chocolate</resource-name>
					<resource-skill>Cooking</resource-skill>
					<resource-opt amount="1">900</resource-opt>
					<resource-min amount="2">700</resource-min>
				</resource>
			</resources>
		</tier>
	</item>
	<item>
		<item-name>Tier III: Kephren's Fine Fudge</item-name>
		<item-icon>icon_formula_f_04_01_11.png</item-icon>
		<item-batchqty>1</item-batchqty>
		<item-attributes>
			<item-attribute type="dpReduction">Advances Death Point fade time by 40:00</item-attribute>
			<item-attribute type="dpReductionReqLvl">Less effective if any level is higher than 60</item-attribute>
			<item-attribute type="dpReductionReqLvl">Less effective if potential rating is under 41</item-attribute>
			<item-attribute type="bulk">2</item-attribute>
			<item-attribute type="hoardValue">0</item-attribute>
		</item-attributes>
		<item-keywords>
			<item-keyword>food</item-keyword>
			<item-keyword>tier_3</item-keyword>
			<item-keyword>skill_use_cooking</item-keyword>
		</item-keywords>
		<tier>
			<tier-name>Kephren's Fine Fudge</tier-name>
			<tier-lvl>3</tier-lvl>
			<tier-desc>Calling All Cooks Contest Winner, Tier 3 - Submitted by Kephren of Chaos - "Fudge fixes everything."</tier-desc>
			<tier-allowedtechniques>0</tier-allowedtechniques>
			<tier-attributes>
			</tier-attributes>
			<tier-keywords>
			</tier-keywords>
			<resources>
				<resource>
					<resource-name>Sweet Condensed Milk</resource-name>
					<resource-skill>Cooking</resource-skill>
					<resource-opt amount="1">650</resource-opt>
					<resource-min amount="2">500</resource-min>
				</resource>
				<resource>
					<resource-name>Maple Syrup</resource-name>
					<resource-skill>Cooking</resource-skill>
					<resource-opt amount="2">650</resource-opt>
					<resource-min amount="4">500</resource-min>
				</resource>
				<resource>
					<resource-name>Butter</resource-name>
					<resource-skill>Cooking</resource-skill>
					<resource-opt amount="4">650</resource-opt>
					<resource-min amount="8">500</resource-min>
				</resource>
				<resource>
					<resource-name>Sugar</resource-name>
					<resource-skill>Cooking</resource-skill>
					<resource-opt amount="4">650</resource-opt>
					<resource-min amount="8">500</resource-min>
				</resource>
			</resources>
		</tier>
	</item>
	<item>
		<item-name>Tier V: Melt In Your Mouth Cinnamon Buns</item-name>
		<item-icon>icon_formula_f_03_01_11.png</item-icon>
		<item-batchqty>1</item-batchqty>
		<item-attributes>
			<item-attribute type="dpReduction">Advances Death Point fade time by 52:00</item-attribute>
			<item-attribute type="dpReductionReqLvl">Less effective if any level is higher than 100</item-attribute>
			<item-attribute type="dpReductionReqLvl">Less effective if potential rating is under 81</item-attribute>
			<item-attribute type="bulk">2</item-attribute>
			<item-attribute type="hoardValue">0</item-attribute>
		</item-attributes>
		<item-keywords>
			<item-keyword>food</item-keyword>
			<item-keyword>tier_5</item-keyword>
			<item-keyword>skill_use_cooking</item-keyword>
		</item-keywords>
		<tier>
			<tier-name>Melt In Your Mouth Cinnamon Buns</tier-name>
			<tier-lvl>5</tier-lvl>
			<tier-desc>Calling All Cooks Contest Winner, Tier 5 - Submitted by Honeythorn of Chaos - Proof that there's no such thing as too much icing.</tier-desc>
			<tier-allowedtechniques>0</tier-allowedtechniques>
			<tier-attributes>
			</tier-attributes>
			<tier-keywords>
			</tier-keywords>
			<resources>
				<resource>
					<resource-name>Cream Cheese</resource-name>
					<resource-skill>Cooking</resource-skill>
					<resource-opt amount="1">1125</resource-opt>
					<resource-min amount="2">900</resource-min>
				</resource>
				<resource>
					<resource-name>Ground Cinnamon</resource-name>
					<resource-skill>Cooking</resource-skill>
					<resource-opt amount="1">1125</resource-opt>
					<resource-min amount="2">900</resource-min>
				</resource>
				<resource>
					<resource-name>Raisins</resource-name>
					<resource-skill>Cooking</resource-skill>
					<resource-opt amount="2">1125</resource-opt>
					<resource-min amount="4">900</resource-min>
				</resource>
				<resource>
					<resource-name>Butter</resource-name>
					<resource-skill>Cooking</resource-skill>
					<resource-opt amount="2">1125</resource-opt>
					<resource-min amount="4">900</resource-min>
				</resource>
				<resource>
					<resource-name>Sugar</resource-name>
					<resource-skill>Cooking</resource-skill>
					<resource-opt amount="2">1125</resource-opt>
					<resource-min amount="4">900</resource-min>
				</resource>
				<resource>
					<resource-name>Wheat Dough</resource-name>
					<resource-skill>Cooking</resource-skill>
					<resource-opt amount="3">1125</resource-opt>
					<resource-min amount="6">900</resource-min>
				</resource>
			</resources>
		</tier>
	</item>
	<item>
		<item-name>Tier II: Rippin' Raspberry Ruxus</item-name>
		<item-icon>icon_formula_f_05_01_11.png</item-icon>
		<item-batchqty>1</item-batchqty>
		<item-attributes>
			<item-attribute type="dpReduction">Advances Death Point fade time by 25:00</item-attribute>
			<item-attribute type="dpReductionReqLvl">Less effective if any level is higher than 40</item-attribute>
			<item-attribute type="dpReductionReqLvl">Less effective if potential rating is under 21</item-attribute>
			<item-attribute type="bulk">2</item-attribute>
			<item-attribute type="hoardValue">0</item-attribute>
		</item-attributes>
		<item-keywords>
			<item-keyword>food</item-keyword>
			<item-keyword>tier_2</item-keyword>
			<item-keyword>skill_use_cooking</item-keyword>
		</item-keywords>
		<tier>
			<tier-name>Rippin' Raspberry Ruxus</tier-name>
			<tier-lvl>2</tier-lvl>
			<tier-desc>Calling All Cooks Contest Winner, Tier 2 - Submitted by Rashgalaveck of Chaos - "The bitterness of ruxus flank is perfectly offset by the sweetness of the lightly caramelized sugar cane and the delicate tartness of the raspberry gastrique."</tier-desc>
			<tier-allowedtechniques>1</tier-allowedtechniques>
			<tier-attributes>
			</tier-attributes>
			<tier-keywords>
			</tier-keywords>
			<resources>
				<resource>
					<resource-name>Trimmed Ruxus Flank</resource-name>
					<resource-skill>Cooking</resource-skill>
					<resource-opt amount="6">425</resource-opt>
					<resource-min amount="12">300</resource-min>
				</resource>
				<resource>
					<resource-name>Mashed Raspberries</resource-name>
					<resource-skill>Cooking</resource-skill>
					<resource-opt amount="3">425</resource-opt>
					<resource-min amount="6">300</resource-min>
				</resource>
				<resource>
					<resource-name>Sugar</resource-name>
					<resource-skill>Cooking</resource-skill>
					<resource-opt amount="2">425</resource-opt>
					<resource-min amount="4">300</resource-min>
				</resource>
			</resources>
		</tier>
	</item>
	<item>
		<item-name>Tier II: Shalindra's Rock Candy</item-name>
		<item-icon>icon_formula_f_02_01_11.png</item-icon>
		<item-batchqty>1</item-batchqty>
		<item-attributes>
			<item-attribute type="dpReduction">Advances Death Point fade time by 22:00</item-attribute>
			<item-attribute type="dpReductionReqLvl">Less effective if any level is higher than 40</item-attribute>
			<item-attribute type="dpReductionReqLvl">Less effective if potential rating is under 21</item-attribute>
			<item-attribute type="bulk">2</item-attribute>
			<item-attribute type="hoardValue">0</item-attribute>
		</item-attributes>
		<item-keywords>
			<item-keyword>food</item-keyword>
			<item-keyword>tier_2</item-keyword>
			<item-keyword>skill_use_cooking</item-keyword>
		</item-keywords>
		<tier>
			<tier-name>Shalindra's Rock Candy</tier-name>
			<tier-lvl>2</tier-lvl>
			<tier-desc>Calling All Cooks Contest Winner, Tier 2 - Submitted by Shalindra of Order - Is it a rock or is it candy? Inquiring dwarves want to know...</tier-desc>
			<tier-allowedtechniques>1</tier-allowedtechniques>
			<tier-attributes>
			</tier-attributes>
			<tier-keywords>
			</tier-keywords>
			<resources>
				<resource>
					<resource-name>Sugar</resource-name>
					<resource-skill>Cooking</resource-skill>
					<resource-opt amount="6">325</resource-opt>
					<resource-min amount="12">200</resource-min>
				</resource>
				<resource>
					<resource-name>Water</resource-name>
					<resource-skill>Cooking</resource-skill>
					<resource-opt amount="2">325</resource-opt>
					<resource-min amount="4">200</resource-min>
				</resource>
				<resource>
					<resource-name>Flax Spool</resource-name>
					<resource-skill>Cooking</resource-skill>
					<resource-opt amount="1">325</resource-opt>
					<resource-min amount="2">200</resource-min>
				</resource>
			</resources>
		</tier>
	</item>
	<item>
		<item-name>Tier V: Snap Dragon</item-name>
		<item-icon>icon_formula_f_04_01_11.png</item-icon>
		<item-batchqty>1</item-batchqty>
		<item-attributes>
			<item-attribute type="dpReduction">Advances Death Point fade time by 52:00</item-attribute>
			<item-attribute type="dpReductionReqLvl">Less effective if any level is higher than 100</item-attribute>
			<item-attribute type="dpReductionReqLvl">Less effective if potential rating is under 81</item-attribute>
			<item-attribute type="bulk">2</item-attribute>
			<item-attribute type="hoardValue">0</item-attribute>
		</item-attributes>
		<item-keywords>
			<item-keyword>food</item-keyword>
			<item-keyword>tier_5</item-keyword>
			<item-keyword>skill_use_cooking</item-keyword>
		</item-keywords>
		<tier>
			<tier-name>Snap Dragon</tier-name>
			<tier-lvl>5</tier-lvl>
			<tier-desc>Calling All Cooks Contest Winner, Tier 5 - Submitted by Anima of Chaos - A mandrake root carved to resemble the side view of a dragon, soaked in sweetened condensed milk flavored with honey and mint, then colored with red wine and coated with sugar. A crisp dessert that snaps when you bite into it.</tier-desc>
			<tier-allowedtechniques>0</tier-allowedtechniques>
			<tier-attributes>
			</tier-attributes>
			<tier-keywords>
			</tier-keywords>
			<resources>
				<resource>
					<resource-name>Sweet Condensed Milk</resource-name>
					<resource-skill>Cooking</resource-skill>
					<resource-opt amount="1">1125</resource-opt>
					<resource-min amount="2">900</resource-min>
				</resource>
				<resource>
					<resource-name>Red Wine</resource-name>
					<resource-skill>Cooking</resource-skill>
					<resource-opt amount="1">1125</resource-opt>
					<resource-min amount="2">900</resource-min>
				</resource>
				<resource>
					<resource-name>Rubbed Mint</resource-name>
					<resource-skill>Cooking</resource-skill>
					<resource-opt amount="2">1125</resource-opt>
					<resource-min amount="4">900</resource-min>
				</resource>
				<resource>
					<resource-name>Mandrake</resource-name>
					<resource-skill>Cooking</resource-skill>
					<resource-opt amount="4">1125</resource-opt>
					<resource-min amount="8">900</resource-min>
				</resource>
				<resource>
					<resource-name>Honey</resource-name>
					<resource-skill>Cooking</resource-skill>
					<resource-opt amount="1">1125</resource-opt>
					<resource-min amount="2">900</resource-min>
				</resource>
				<resource>
					<resource-name>Sugar</resource-name>
					<resource-skill>Cooking</resource-skill>
					<resource-opt amount="2">1125</resource-opt>
					<resource-min amount="4">900</resource-min>
				</resource>
			</resources>
		</tier>
	</item>
	<item>
		<item-name>Tier I: Sslanisian Chocolate Fudge</item-name>
		<item-icon>icon_formula_f_08_01_11.png</item-icon>
		<item-batchqty>1</item-batchqty>
		<item-attributes>
			<item-attribute type="dpReduction">Advances Death Point fade time by 8:00</item-attribute>
			<item-attribute type="dpReductionReqLvl">Less effective if any level is higher than 20</item-attribute>
			<item-attribute type="bulk">2</item-attribute>
			<item-attribute type="hoardValue">0</item-attribute>
		</item-attributes>
		<item-keywords>
			<item-keyword>food</item-keyword>
			<item-keyword>tier_1</item-keyword>
			<item-keyword>skill_use_cooking</item-keyword>
		</item-keywords>
		<tier>
			<tier-name>Sslanisian Chocolate Fudge</tier-name>
			<tier-lvl>1</tier-lvl>
			<tier-desc>Calling All Cooks Contest Winner, Tier 1 - Submitted by Rhyssa of Chaos - "Melts in your mouth, not all over your armor."</tier-desc>
			<tier-allowedtechniques>1</tier-allowedtechniques>
			<tier-attributes>
			</tier-attributes>
			<tier-keywords>
			</tier-keywords>
			<resources>
				<resource>
					<resource-name>Heavy Cream</resource-name>
					<resource-skill>Cooking</resource-skill>
					<resource-opt amount="6">200</resource-opt>
					<resource-min amount="12">100</resource-min>
				</resource>
				<resource>
					<resource-name>Chocolate</resource-name>
					<resource-skill>Cooking</resource-skill>
					<resource-opt amount="5">200</resource-opt>
					<resource-min amount="10">100</resource-min>
				</resource>
			</resources>
		</tier>
	</item>
	<item>
		<item-name>Tier II: Stoneroot Ice Cream</item-name>
		<item-icon>icon_formula_f_09_01_11.png</item-icon>
		<item-batchqty>1</item-batchqty>
		<item-attributes>
			<item-attribute type="equipSlot">All</item-attribute>
			<item-attribute type="dpReduction">Advances Death Point fade time by 22:00</item-attribute>
			<item-attribute type="dpReductionReqLvl">Less effective if any level is higher than 40</item-attribute>
			<item-attribute type="dpReductionReqLvl">Less effective if potential rating is under 21</item-attribute>
			<item-attribute type="bulk">2</item-attribute>
			<item-attribute type="hoardValue">0</item-attribute>
		</item-attributes>
		<item-keywords>
			<item-keyword>food</item-keyword>
			<item-keyword>tier_2</item-keyword>
			<item-keyword>skill_use_cooking</item-keyword>
		</item-keywords>
		<tier>
			<tier-name>Stoneroot Ice Cream</tier-name>
			<tier-lvl>2</tier-lvl>
			<tier-desc>It's supposed to be lumpy. Just keep chewing.</tier-desc>
			<tier-allowedtechniques>1</tier-allowedtechniques>
			<tier-attributes>
			</tier-attributes>
			<tier-keywords>
			</tier-keywords>
			<resources>
				<resource>
					<resource-name>Heavy Cream</resource-name>
					<resource-skill>Cooking</resource-skill>
					<resource-opt amount="4">425</resource-opt>
					<resource-min amount="8">300</resource-min>
				</resource>
				<resource>
					<resource-name>Soaked Stoneroot</resource-name>
					<resource-skill>Cooking</resource-skill>
					<resource-opt amount="4">425</resource-opt>
					<resource-min amount="8">300</resource-min>
				</resource>
				<resource>
					<resource-name>Sugar</resource-name>
					<resource-skill>Cooking</resource-skill>
					<resource-opt amount="3">425</resource-opt>
					<resource-min amount="6">300</resource-min>
				</resource>
			</resources>
		</tier>
	</item>
	<item>
		<item-name>Tier III: Vandellia's Gnomian Taffy Treats</item-name>
		<item-icon>icon_formula_f_05_01_11.png</item-icon>
		<item-batchqty>1</item-batchqty>
		<item-attributes>
			<item-attribute type="dpReduction">Advances Death Point fade time by 40:00</item-attribute>
			<item-attribute type="dpReductionReqLvl">Less effective if any level is higher than 60</item-attribute>
			<item-attribute type="dpReductionReqLvl">Less effective if potential rating is under 41</item-attribute>
			<item-attribute type="bulk">2</item-attribute>
			<item-attribute type="hoardValue">0</item-attribute>
		</item-attributes>
		<item-keywords>
			<item-keyword>food</item-keyword>
			<item-keyword>tier_3</item-keyword>
			<item-keyword>skill_use_cooking</item-keyword>
		</item-keywords>
		<tier>
			<tier-name>Vandellia's Gnomian Taffy Treats</tier-name>
			<tier-lvl>3</tier-lvl>
			<tier-desc>Calling All Cooks Contest Winner, Tier 3 - Submitted by Vandellia of Chaos - "It's not as sticky as Uncle Sputtervalve's Pipemending Epoxy, but it tastes a whole lot better."</tier-desc>
			<tier-allowedtechniques>0</tier-allowedtechniques>
			<tier-attributes>
			</tier-attributes>
			<tier-keywords>
			</tier-keywords>
			<resources>
				<resource>
					<resource-name>Ground Licorice</resource-name>
					<resource-skill>Cooking</resource-skill>
					<resource-opt amount="2">550</resource-opt>
					<resource-min amount="4">400</resource-min>
				</resource>
				<resource>
					<resource-name>Sliced Vanilla Bean</resource-name>
					<resource-skill>Cooking</resource-skill>
					<resource-opt amount="1">550</resource-opt>
					<resource-min amount="2">400</resource-min>
				</resource>
				<resource>
					<resource-name>Sugar</resource-name>
					<resource-skill>Cooking</resource-skill>
					<resource-opt amount="4">550</resource-opt>
					<resource-min amount="8">400</resource-min>
				</resource>
				<resource>
					<resource-name>Water</resource-name>
					<resource-skill>Cooking</resource-skill>
					<resource-opt amount="2">550</resource-opt>
					<resource-min amount="4">400</resource-min>
				</resource>
			</resources>
		</tier>
	</item>
</formulaset>
