<?xml version="1.0" encoding="ISO-8859-1"?>
<formulaset format="2.1">
	<formulaset-name>Rare Food - Sides</formulaset-name>
	<formulaset-categories>
		<formulaset-category>Food</formulaset-category>
	</formulaset-categories>
	<item>
		<item-name>Tier IV: Ani's Pumarific Pizza Rolls</item-name>
		<item-icon>icon_formula_f_07_01_11.png</item-icon>
		<item-batchqty>1</item-batchqty>
		<item-attributes>
			<item-attribute type="dpReduction">Advances Death Point fade time by 1:15:00</item-attribute>
			<item-attribute type="dpReductionReqLvl">Less effective if any level is higher than 80</item-attribute>
			<item-attribute type="dpReductionReqLvl">Less effective if potential rating is under 61</item-attribute>
			<item-attribute type="bulk">2</item-attribute>
			<item-attribute type="hoardValue">0</item-attribute>
		</item-attributes>
		<item-keywords>
			<item-keyword>food</item-keyword>
			<item-keyword>tier_4</item-keyword>
			<item-keyword>skill_use_cooking</item-keyword>
		</item-keywords>
		<tier>
			<tier-name>Ani's Pumarific Pizza Rolls</tier-name>
			<tier-lvl>4</tier-lvl>
			<tier-desc>Submitted by Ani Puma of Chaos - The Food of the Gods, in a compact form for easy snacking.</tier-desc>
			<tier-allowedtechniques>0</tier-allowedtechniques>
			<tier-attributes>
			</tier-attributes>
			<tier-keywords>
			</tier-keywords>
			<resources>
				<resource>
					<resource-name>Tomato Basil Sauce</resource-name>
					<resource-skill>Cooking</resource-skill>
					<resource-opt amount="2">900</resource-opt>
					<resource-min amount="4">700</resource-min>
				</resource>
				<resource>
					<resource-name>Trimmed Gruok Flank</resource-name>
					<resource-skill>Cooking</resource-skill>
					<resource-opt amount="6">900</resource-opt>
					<resource-min amount="12">700</resource-min>
				</resource>
				<resource>
					<resource-name>Cheese</resource-name>
					<resource-skill>Cooking</resource-skill>
					<resource-opt amount="2">900</resource-opt>
					<resource-min amount="4">700</resource-min>
				</resource>
				<resource>
					<resource-name>Malt Vinegar</resource-name>
					<resource-skill>Cooking</resource-skill>
					<resource-opt amount="1">900</resource-opt>
					<resource-min amount="2">700</resource-min>
				</resource>
				<resource>
					<resource-name>Wheat Dough</resource-name>
					<resource-skill>Cooking</resource-skill>
					<resource-opt amount="2">900</resource-opt>
					<resource-min amount="4">700</resource-min>
				</resource>
			</resources>
		</tier>
	</item>
	<item>
		<item-name>Tier I: Anima's Crystallized Ginger</item-name>
		<item-icon>icon_formula_f_03_01_11.png</item-icon>
		<item-batchqty>1</item-batchqty>
		<item-attributes>
			<item-attribute type="dpReduction">Advances Death Point fade time by 20:00</item-attribute>
			<item-attribute type="dpReductionReqLvl">Less effective if any level is higher than 20</item-attribute>
			<item-attribute type="bulk">2</item-attribute>
			<item-attribute type="hoardValue">0</item-attribute>
		</item-attributes>
		<item-keywords>
			<item-keyword>food</item-keyword>
			<item-keyword>tier_1</item-keyword>
			<item-keyword>skill_use_cooking</item-keyword>
		</item-keywords>
		<tier>
			<tier-name>Anima's Crystallized Ginger</tier-name>
			<tier-lvl>1</tier-lvl>
			<tier-desc>Calling All Cooks Contest Winner, Tier 1 - Submitted by Anima of Chaos - Both sweet and spicy - just what you'd expect from a dryad.</tier-desc>
			<tier-allowedtechniques>0</tier-allowedtechniques>
			<tier-attributes>
			</tier-attributes>
			<tier-keywords>
			</tier-keywords>
			<resources>
				<resource>
					<resource-name>Sliced Ginger</resource-name>
					<resource-skill>Cooking</resource-skill>
					<resource-opt amount="5">100</resource-opt>
					<resource-min amount="10">1</resource-min>
				</resource>
				<resource>
					<resource-name>Sugar</resource-name>
					<resource-skill>Cooking</resource-skill>
					<resource-opt amount="6">100</resource-opt>
					<resource-min amount="12">1</resource-min>
				</resource>
			</resources>
		</tier>
	</item>
	<item>
		<item-name>Tier IV: Dwarf Bread Dippin' Sauce</item-name>
		<item-icon>icon_formula_f_04_01_11.png</item-icon>
		<item-batchqty>1</item-batchqty>
		<item-attributes>
			<item-attribute type="equipSlot">All</item-attribute>
			<item-attribute type="dpReduction">Advances Death Point fade time by 1:15:00</item-attribute>
			<item-attribute type="dpReductionReqLvl">Less effective if any level is higher than 80</item-attribute>
			<item-attribute type="dpReductionReqLvl">Less effective if potential rating is under 61</item-attribute>
			<item-attribute type="bulk">2</item-attribute>
			<item-attribute type="hoardValue">0</item-attribute>
		</item-attributes>
		<item-keywords>
			<item-keyword>food</item-keyword>
			<item-keyword>tier_4</item-keyword>
			<item-keyword>skill_use_cooking</item-keyword>
		</item-keywords>
		<tier>
			<tier-name>Dwarf Bread Dippin' Sauce</tier-name>
			<tier-lvl>4</tier-lvl>
			<tier-desc>Calling All Cooks Contest Winner, Tier 4 - Submitted by Diput - Fer dippin' yer dwarf bread, what else?</tier-desc>
			<tier-allowedtechniques>0</tier-allowedtechniques>
			<tier-attributes>
			</tier-attributes>
			<tier-keywords>
			</tier-keywords>
			<resources>
				<resource>
					<resource-name>Beef Stock</resource-name>
					<resource-skill>Cooking</resource-skill>
					<resource-opt amount="2">775</resource-opt>
					<resource-min amount="4">600</resource-min>
				</resource>
				<resource>
					<resource-name>Chopped Onion</resource-name>
					<resource-skill>Cooking</resource-skill>
					<resource-opt amount="4">775</resource-opt>
					<resource-min amount="8">600</resource-min>
				</resource>
				<resource>
					<resource-name>Vinegar</resource-name>
					<resource-skill>Cooking</resource-skill>
					<resource-opt amount="1">775</resource-opt>
					<resource-min amount="2">600</resource-min>
				</resource>
				<resource>
					<resource-name>Ground Salt</resource-name>
					<resource-skill>Cooking</resource-skill>
					<resource-opt amount="2">775</resource-opt>
					<resource-min amount="4">600</resource-min>
				</resource>
				<resource>
					<resource-name>Ground Pepper</resource-name>
					<resource-skill>Cooking</resource-skill>
					<resource-opt amount="2">775</resource-opt>
					<resource-min amount="4">600</resource-min>
				</resource>
			</resources>
		</tier>
	</item>
	<item>
		<item-name>Tier IV: Moirainia's Crab Cakes</item-name>
		<item-icon>icon_formula_f_07_01_11.png</item-icon>
		<item-batchqty>1</item-batchqty>
		<item-attributes>
			<item-attribute type="dpReduction">Advances Death Point fade time by 1:00:00</item-attribute>
			<item-attribute type="dpReductionReqLvl">Less effective if any level is higher than 80</item-attribute>
			<item-attribute type="dpReductionReqLvl">Less effective if potential rating is under 61</item-attribute>
			<item-attribute type="bulk">2</item-attribute>
			<item-attribute type="hoardValue">0</item-attribute>
		</item-attributes>
		<item-keywords>
			<item-keyword>food</item-keyword>
			<item-keyword>tier_4</item-keyword>
			<item-keyword>skill_use_cooking</item-keyword>
		</item-keywords>
		<tier>
			<tier-name>Moirainia's Crab Cakes</tier-name>
			<tier-lvl>4</tier-lvl>
			<tier-desc>Calling All Cooks Contest Winner, Tier 4 - Submitted by Moirainia of Chaos - Just the thing for those long Kirasanct nights.</tier-desc>
			<tier-allowedtechniques>0</tier-allowedtechniques>
			<tier-attributes>
			</tier-attributes>
			<tier-keywords>
			</tier-keywords>
			<resources>
				<resource>
					<resource-name>Shelled Crab</resource-name>
					<resource-skill>Cooking</resource-skill>
					<resource-opt amount="4">775</resource-opt>
					<resource-min amount="8">600</resource-min>
				</resource>
				<resource>
					<resource-name>Rubbed Basil</resource-name>
					<resource-skill>Cooking</resource-skill>
					<resource-opt amount="1">775</resource-opt>
					<resource-min amount="2">600</resource-min>
				</resource>
				<resource>
					<resource-name>Butter</resource-name>
					<resource-skill>Cooking</resource-skill>
					<resource-opt amount="2">775</resource-opt>
					<resource-min amount="4">600</resource-min>
				</resource>
				<resource>
					<resource-name>Wheat Dough</resource-name>
					<resource-skill>Cooking</resource-skill>
					<resource-opt amount="2">775</resource-opt>
					<resource-min amount="4">600</resource-min>
				</resource>
				<resource>
					<resource-name>Egg</resource-name>
					<resource-skill>Cooking</resource-skill>
					<resource-opt amount="2">775</resource-opt>
					<resource-min amount="4">600</resource-min>
				</resource>
			</resources>
		</tier>
	</item>
	<item>
		<item-name>Tier I: Senk's Salty Pretzels</item-name>
		<item-icon>icon_formula_f_02_01_11.png</item-icon>
		<item-batchqty>1</item-batchqty>
		<item-attributes>
			<item-attribute type="dpReduction">Advances Death Point fade time by 20:00</item-attribute>
			<item-attribute type="dpReductionReqLvl">Less effective if any level is higher than 20</item-attribute>
			<item-attribute type="bulk">2</item-attribute>
			<item-attribute type="hoardValue">0</item-attribute>
		</item-attributes>
		<item-keywords>
			<item-keyword>food</item-keyword>
			<item-keyword>tier_1</item-keyword>
			<item-keyword>skill_use_cooking</item-keyword>
		</item-keywords>
		<tier>
			<tier-name>Senk's Salty Pretzels</tier-name>
			<tier-lvl>1</tier-lvl>
			<tier-desc>Calling All Cooks Contest Winner, Tier 1 - Submitted by Senkeleron of Order - Soft, warm, and covered in salt - what more could you ask for?</tier-desc>
			<tier-allowedtechniques>0</tier-allowedtechniques>
			<tier-attributes>
			</tier-attributes>
			<tier-keywords>
			</tier-keywords>
			<resources>
				<resource>
					<resource-name>Ground Salt</resource-name>
					<resource-skill>Cooking</resource-skill>
					<resource-opt amount="6">100</resource-opt>
					<resource-min amount="12">1</resource-min>
				</resource>
				<resource>
					<resource-name>Wheat Dough</resource-name>
					<resource-skill>Cooking</resource-skill>
					<resource-opt amount="5">100</resource-opt>
					<resource-min amount="10">1</resource-min>
				</resource>
			</resources>
		</tier>
	</item>
	<item>
		<item-name>Tier IV: Zeevie's Herb Jelly</item-name>
		<item-icon>icon_formula_f_04_01_11.png</item-icon>
		<item-batchqty>1</item-batchqty>
		<item-attributes>
			<item-attribute type="dpReduction">Advances Death Point fade time by 1:15:00</item-attribute>
			<item-attribute type="dpReductionReqLvl">Less effective if any level is higher than 80</item-attribute>
			<item-attribute type="dpReductionReqLvl">Less effective if potential rating is under 61</item-attribute>
			<item-attribute type="bulk">2</item-attribute>
			<item-attribute type="hoardValue">0</item-attribute>
		</item-attributes>
		<item-keywords>
			<item-keyword>food</item-keyword>
			<item-keyword>tier_4</item-keyword>
			<item-keyword>skill_use_cooking</item-keyword>
		</item-keywords>
		<tier>
			<tier-name>Zeevie's Herb Jelly</tier-name>
			<tier-lvl>4</tier-lvl>
			<tier-desc>Calling All Cooks Contest Winner, Tier 4 - Submitted by Zeevie - May be deadly to the non-Gifted, but quite good on toast.</tier-desc>
			<tier-allowedtechniques>0</tier-allowedtechniques>
			<tier-attributes>
			</tier-attributes>
			<tier-keywords>
			</tier-keywords>
			<resources>
				<resource>
					<resource-name>Ground Mandrake</resource-name>
					<resource-skill>Cooking</resource-skill>
					<resource-opt amount="3">775</resource-opt>
					<resource-min amount="6">600</resource-min>
				</resource>
				<resource>
					<resource-name>Ground Ginseng</resource-name>
					<resource-skill>Cooking</resource-skill>
					<resource-opt amount="3">775</resource-opt>
					<resource-min amount="6">600</resource-min>
				</resource>
				<resource>
					<resource-name>Dried Bay Leaf</resource-name>
					<resource-skill>Cooking</resource-skill>
					<resource-opt amount="3">775</resource-opt>
					<resource-min amount="6">600</resource-min>
				</resource>
				<resource>
					<resource-name>Vinegar</resource-name>
					<resource-skill>Cooking</resource-skill>
					<resource-opt amount="1">775</resource-opt>
					<resource-min amount="2">600</resource-min>
				</resource>
				<resource>
					<resource-name>Milk</resource-name>
					<resource-skill>Cooking</resource-skill>
					<resource-opt amount="1">775</resource-opt>
					<resource-min amount="2">600</resource-min>
				</resource>
			</resources>
		</tier>
	</item>
</formulaset>
