<?xml version="1.0" encoding="ISO-8859-1"?>
<formulaset format="2.1">
	<formulaset-name>Rare Food - Appetizers</formulaset-name>
	<formulaset-categories>
		<formulaset-category>Food</formulaset-category>
	</formulaset-categories>
	<item>
		<item-name>Tier I: Sugared Dates</item-name>
		<item-icon>icon_formula_f_08_01_11.png</item-icon>
		<item-batchqty>1</item-batchqty>
		<item-attributes>
			<item-attribute type="dpReduction">Advances Death Point fade time by 8:00</item-attribute>
			<item-attribute type="dpReductionReqLvl">Less effective if any level is higher than 20</item-attribute>
			<item-attribute type="bulk">2</item-attribute>
			<item-attribute type="hoardValue">0</item-attribute>
		</item-attributes>
		<item-keywords>
			<item-keyword>food</item-keyword>
			<item-keyword>tier_1</item-keyword>
			<item-keyword>skill_use_cooking</item-keyword>
		</item-keywords>
		<tier>
			<tier-name>Sugared Dates</tier-name>
			<tier-lvl>1</tier-lvl>
			<tier-desc>Calling All Cooks Contest Winner, Tier 1 - Submitted by Klaus of Chaos - "Sugared dates are a popular light snack among the Saris. They provide a quick burst of energy which helps counter the lethargy brought on by Kion's afternoon heat, and are an excellent non-perishable trail food."</tier-desc>
			<tier-allowedtechniques>1</tier-allowedtechniques>
			<tier-attributes>
			</tier-attributes>
			<tier-keywords>
			</tier-keywords>
			<resources>
				<resource>
					<resource-name>Pitted Dates</resource-name>
					<resource-skill>Cooking</resource-skill>
					<resource-opt amount="5">200</resource-opt>
					<resource-min amount="10">100</resource-min>
				</resource>
				<resource>
					<resource-name>Sugar</resource-name>
					<resource-skill>Cooking</resource-skill>
					<resource-opt amount="6">200</resource-opt>
					<resource-min amount="12">100</resource-min>
				</resource>
			</resources>
		</tier>
	</item>
	<item>
		<item-name>Tier III: Wake-up Juice</item-name>
		<item-icon>icon_formula_f_14_01_11.png</item-icon>
		<item-batchqty>1</item-batchqty>
		<item-attributes>
			<item-attribute type="dpReduction">Advances Death Point fade time by 35:00</item-attribute>
			<item-attribute type="dpReductionReqLvl">Less effective if any level is higher than 60</item-attribute>
			<item-attribute type="dpReductionReqLvl">Less effective if potential rating is under 41</item-attribute>
			<item-attribute type="hoardValue">0</item-attribute>
			<item-attribute type="bulk">2</item-attribute>
		</item-attributes>
		<item-keywords>
			<item-keyword>food</item-keyword>
			<item-keyword>tier_3</item-keyword>
			<item-keyword>skill_use_cooking</item-keyword>
		</item-keywords>
		<tier>
			<tier-name>Wake-up Juice</tier-name>
			<tier-lvl>3</tier-lvl>
			<tier-desc>Submitted by Khoal of Chaos - Not quite as effective as shoving a gruok down your pants, but close.</tier-desc>
			<tier-allowedtechniques>0</tier-allowedtechniques>
			<tier-attributes>
			</tier-attributes>
			<tier-keywords>
			</tier-keywords>
			<resources>
				<resource>
					<resource-name>Hot Sauce</resource-name>
					<resource-skill>Cooking</resource-skill>
					<resource-opt amount="2">650</resource-opt>
					<resource-min amount="4">500</resource-min>
				</resource>
				<resource>
					<resource-name>Ground Ginseng</resource-name>
					<resource-skill>Cooking</resource-skill>
					<resource-opt amount="3">650</resource-opt>
					<resource-min amount="6">500</resource-min>
				</resource>
				<resource>
					<resource-name>Diced Hot Peppers</resource-name>
					<resource-skill>Cooking</resource-skill>
					<resource-opt amount="3">650</resource-opt>
					<resource-min amount="6">500</resource-min>
				</resource>
				<resource>
					<resource-name>Honey</resource-name>
					<resource-skill>Cooking</resource-skill>
					<resource-opt amount="3">650</resource-opt>
					<resource-min amount="6">500</resource-min>
				</resource>
			</resources>
		</tier>
	</item>
	<item>
		<item-name>Tier V: Zezezar's Sweet Corncakes</item-name>
		<item-icon>icon_formula_f_04_01_11.png</item-icon>
		<item-batchqty>1</item-batchqty>
		<item-attributes>
			<item-attribute type="dpReduction">Advances Death Point fade time by 1:05:00</item-attribute>
			<item-attribute type="dpReductionReqLvl">Less effective if any level is higher than 100</item-attribute>
			<item-attribute type="dpReductionReqLvl">Less effective if potential rating is under 81</item-attribute>
			<item-attribute type="bulk">2</item-attribute>
			<item-attribute type="hoardValue">0</item-attribute>
		</item-attributes>
		<item-keywords>
			<item-keyword>food</item-keyword>
			<item-keyword>tier_5</item-keyword>
			<item-keyword>skill_use_cooking</item-keyword>
		</item-keywords>
		<tier>
			<tier-name>Zezezar's Sweet Corncakes</tier-name>
			<tier-lvl>5</tier-lvl>
			<tier-desc>Calling All Cooks Contest Winner, Tier 5 - Submitted by Zezezar - Pan fried corncakes infused with the sweetness of sugar and honey complimented with a touch of cinnamon. Crisp on the outside yet flaky on the inside.</tier-desc>
			<tier-allowedtechniques>0</tier-allowedtechniques>
			<tier-attributes>
			</tier-attributes>
			<tier-keywords>
			</tier-keywords>
			<resources>
				<resource>
					<resource-name>Rye Flour</resource-name>
					<resource-skill>Cooking</resource-skill>
					<resource-opt amount="1">1025</resource-opt>
					<resource-min amount="2">800</resource-min>
				</resource>
				<resource>
					<resource-name>Ground Cinnamon</resource-name>
					<resource-skill>Cooking</resource-skill>
					<resource-opt amount="1">1025</resource-opt>
					<resource-min amount="2">800</resource-min>
				</resource>
				<resource>
					<resource-name>Corn Flour</resource-name>
					<resource-skill>Cooking</resource-skill>
					<resource-opt amount="3">1025</resource-opt>
					<resource-min amount="6">800</resource-min>
				</resource>
				<resource>
					<resource-name>Honey</resource-name>
					<resource-skill>Cooking</resource-skill>
					<resource-opt amount="1">1025</resource-opt>
					<resource-min amount="2">800</resource-min>
				</resource>
				<resource>
					<resource-name>Butter</resource-name>
					<resource-skill>Cooking</resource-skill>
					<resource-opt amount="1">1025</resource-opt>
					<resource-min amount="2">800</resource-min>
				</resource>
				<resource>
					<resource-name>Sugar</resource-name>
					<resource-skill>Cooking</resource-skill>
					<resource-opt amount="2">1025</resource-opt>
					<resource-min amount="4">800</resource-min>
				</resource>
			</resources>
		</tier>
	</item>
	<item>
		<item-name>Tier IV: B'stella Kion</item-name>
		<item-icon>icon_formula_f_04_01_11.png</item-icon>
		<item-batchqty>1</item-batchqty>
		<item-attributes>
			<item-attribute type="dpReduction">Advances Death Point fade time by 1:05:00</item-attribute>
			<item-attribute type="dpReductionReqLvl">Less effective if any level is higher than 80</item-attribute>
			<item-attribute type="dpReductionMinLvl">Less effective if potential rating is under 61</item-attribute>
			<item-attribute type="bulk">2</item-attribute>
			<item-attribute type="hoardValue">0</item-attribute>
		</item-attributes>
		<item-keywords>
			<item-keyword>food</item-keyword>
			<item-keyword>tier_4</item-keyword>
			<item-keyword>skill_use_cooking</item-keyword>
		</item-keywords>
		<tier>
			<tier-name>B'stella Kion</tier-name>
			<tier-lvl>4</tier-lvl>
			<tier-desc>Submitted by Klaus of Chaos - A traditional Saris pastry, filled with shredded chicken and scrambled eggs seasoned with cinnamon and sugar. Best when served fresh from the oven. Caution: Filling may be HOT!</tier-desc>
			<tier-allowedtechniques>0</tier-allowedtechniques>
			<tier-attributes>
			</tier-attributes>
			<tier-keywords>
			</tier-keywords>
			<resources>
				<resource>
					<resource-name>Trimmed Chicken Breast</resource-name>
					<resource-skill>Cooking</resource-skill>
					<resource-min amount="6">700</resource-min>
					<resource-opt amount="3">900</resource-opt>
				</resource>
				<resource>
					<resource-name>Ground Cinnamon</resource-name>
					<resource-skill>Cooking</resource-skill>
					<resource-min amount="2">700</resource-min>
					<resource-opt amount="1">900</resource-opt>
				</resource>
				<resource>
					<resource-name>Sugar</resource-name>
					<resource-skill>Cooking</resource-skill>
					<resource-min amount="4">700</resource-min>
					<resource-opt amount="2">900</resource-opt>
				</resource>
				<resource>
					<resource-name>Wheat Dough</resource-name>
					<resource-skill>Cooking</resource-skill>
					<resource-min amount="4">700</resource-min>
					<resource-opt amount="2">900</resource-opt>
				</resource>
				<resource>
					<resource-name>Egg</resource-name>
					<resource-skill>Cooking</resource-skill>
					<resource-min amount="6">700</resource-min>
					<resource-opt amount="3">900</resource-opt>
				</resource>
			</resources>
		</tier>
	</item>
	<item>
		<item-name>Tier II: Wind Dancer's Pickled Eggs</item-name>
		<item-icon>icon_formula_f_12_01_11.png</item-icon>
		<item-batchqty>1</item-batchqty>
		<item-attributes>
			<item-attribute type="dpReduction">Advances Death Point fade time by 40:00</item-attribute>
			<item-attribute type="dpReductionReqLvl">Less effective if any level is higher than 40</item-attribute>
			<item-attribute type="dpReductionMinLvl">Less effective if potential rating is under 21</item-attribute>
			<item-attribute type="bulk">2</item-attribute>
			<item-attribute type="hoardValue">0</item-attribute>
		</item-attributes>
		<item-keywords>
			<item-keyword>food</item-keyword>
			<item-keyword>tier_2</item-keyword>
			<item-keyword>skill_use_cooking</item-keyword>
		</item-keywords>
		<tier>
			<tier-name>Wind Dancer's Pickled Eggs</tier-name>
			<tier-lvl>2</tier-lvl>
			<tier-desc>Calling All Cooks Contest Winner, Tier 2 - Submitted by Wind Dancer of Order - Perfect for satisfying that craving for a salty snack.</tier-desc>
			<tier-allowedtechniques>0</tier-allowedtechniques>
			<tier-attributes>
			</tier-attributes>
			<tier-keywords>
			</tier-keywords>
			<resources>
				<resource>
					<resource-name>Hard Cooked Eggs</resource-name>
					<resource-skill>Cooking</resource-skill>
					<resource-min amount="16">300</resource-min>
					<resource-opt amount="8">425</resource-opt>
				</resource>
				<resource>
					<resource-name>Vinegar</resource-name>
					<resource-skill>Cooking</resource-skill>
					<resource-min amount="2">300</resource-min>
					<resource-opt amount="1">425</resource-opt>
				</resource>
				<resource>
					<resource-name>Ground Salt</resource-name>
					<resource-skill>Cooking</resource-skill>
					<resource-min amount="4">300</resource-min>
					<resource-opt amount="2">425</resource-opt>
				</resource>
			</resources>
		</tier>
	</item>
</formulaset>
