<?xml version="1.0" encoding="ISO-8859-1"?>
<formulaset format="2.1">
	<formulaset-name>Food - Main Dishes</formulaset-name>
	<formulaset-categories>
		<formulaset-category>Food</formulaset-category>
	</formulaset-categories>
	<item>
		<item-name>Tier I Main Dishes</item-name>
		<item-icon>icon_formula_f_03_01_11.png</item-icon>
		<item-batchqty>1</item-batchqty>
		<item-attributes>
			<item-attribute type="bulk">2</item-attribute>
			<item-attribute type="hoardValue">0</item-attribute>
			<item-attribute type="dpReductionReqLvl">Less effective if any level is higher than 20</item-attribute>
		</item-attributes>
		<item-keywords>
			<item-keyword>food</item-keyword>
			<item-keyword>skill_use_cooking</item-keyword>
		</item-keywords>
		<tier>
			<tier-name>Beef Pie</tier-name>
			<tier-lvl levelName="Beef Pie">1</tier-lvl>
			<tier-desc/>
			<tier-allowedtechniques>1</tier-allowedtechniques>
			<tier-attributes>
				<tier-attribute type="dpReduction">Advances Death Point fade time by 35:00</tier-attribute>
			</tier-attributes>
			<tier-keywords>
				<tier-keyword>tier_1</tier-keyword>
			</tier-keywords>
			<resources>
				<resource>
					<resource-name>Trimmed Beef Flank</resource-name>
					<resource-skill>Cooking</resource-skill>
					<resource-min amount="20">100</resource-min>
					<resource-opt amount="10">200</resource-opt>
				</resource>
				<resource>
					<resource-name>Wheat Dough</resource-name>
					<resource-skill>Cooking</resource-skill>
					<resource-min amount="10">100</resource-min>
					<resource-opt amount="5">200</resource-opt>
				</resource>
			</resources>
		</tier>
		<tier>
			<tier-name>Blackened Gruok Steak</tier-name>
			<tier-lvl levelName="Blackened Gruok Steak">1</tier-lvl>
			<tier-desc/>
			<tier-allowedtechniques>1</tier-allowedtechniques>
			<tier-attributes>
				<tier-attribute type="dpReduction">Advances Death Point fade time by 25:00</tier-attribute>
			</tier-attributes>
			<tier-keywords>
				<tier-keyword>tier_1</tier-keyword>
			</tier-keywords>
			<resources>
				<resource>
					<resource-name>Trimmed Gruok Flank</resource-name>
					<resource-skill>Cooking</resource-skill>
					<resource-min amount="16">1</resource-min>
					<resource-opt amount="8">100</resource-opt>
				</resource>
				<resource>
					<resource-name>Ground Pepper</resource-name>
					<resource-skill>Cooking</resource-skill>
					<resource-min amount="10">1</resource-min>
					<resource-opt amount="5">100</resource-opt>
				</resource>
			</resources>
		</tier>
		<tier>
			<tier-name>Blackened Minnow</tier-name>
			<tier-lvl levelName="Blackened Minnow">1</tier-lvl>
			<tier-desc/>
			<tier-allowedtechniques>1</tier-allowedtechniques>
			<tier-attributes>
				<tier-attribute type="dpReduction">Advances Death Point fade time by 25:00</tier-attribute>
			</tier-attributes>
			<tier-keywords>
				<tier-keyword>tier_1</tier-keyword>
			</tier-keywords>
			<resources>
				<resource>
					<resource-name>Minnow Fillet</resource-name>
					<resource-skill>Cooking</resource-skill>
					<resource-min amount="16">1</resource-min>
					<resource-opt amount="8">100</resource-opt>
				</resource>
				<resource>
					<resource-name>Ground Pepper</resource-name>
					<resource-skill>Cooking</resource-skill>
					<resource-min amount="10">1</resource-min>
					<resource-opt amount="5">100</resource-opt>
				</resource>
			</resources>
		</tier>
		<tier>
			<tier-name>Chicken Pie</tier-name>
			<tier-lvl levelName="Chicken Pie">1</tier-lvl>
			<tier-desc/>
			<tier-allowedtechniques>1</tier-allowedtechniques>
			<tier-attributes>
				<tier-attribute type="dpReduction">Advances Death Point fade time by 35:00</tier-attribute>
			</tier-attributes>
			<tier-keywords>
				<tier-keyword>tier_1</tier-keyword>
			</tier-keywords>
			<resources>
				<resource>
					<resource-name>Trimmed Chicken Breast</resource-name>
					<resource-skill>Cooking</resource-skill>
					<resource-min amount="20">100</resource-min>
					<resource-opt amount="10">200</resource-opt>
				</resource>
				<resource>
					<resource-name>Wheat Dough</resource-name>
					<resource-skill>Cooking</resource-skill>
					<resource-min amount="10">100</resource-min>
					<resource-opt amount="5">200</resource-opt>
				</resource>
			</resources>
		</tier>
		<tier>
			<tier-name>Roast Beef</tier-name>
			<tier-lvl levelName="Roast Beef">1</tier-lvl>
			<tier-desc/>
			<tier-allowedtechniques>1</tier-allowedtechniques>
			<tier-attributes>
				<tier-attribute type="dpReduction">Advances Death Point fade time by 40:00</tier-attribute>
			</tier-attributes>
			<tier-keywords>
				<tier-keyword>tier_1</tier-keyword>
			</tier-keywords>
			<resources>
				<resource>
					<resource-name>Marinated Beef</resource-name>
					<resource-skill>Cooking</resource-skill>
					<resource-min amount="20">100</resource-min>
					<resource-opt amount="10">200</resource-opt>
				</resource>
				<resource>
					<resource-name>Garlic Powder</resource-name>
					<resource-skill>Cooking</resource-skill>
					<resource-min amount="10">100</resource-min>
					<resource-opt amount="5">200</resource-opt>
				</resource>
			</resources>
		</tier>
		<tier>
			<tier-name>Roast Chicken</tier-name>
			<tier-lvl levelName="Roast Chicken">1</tier-lvl>
			<tier-desc/>
			<tier-allowedtechniques>1</tier-allowedtechniques>
			<tier-attributes>
				<tier-attribute type="dpReduction">Advances Death Point fade time by 40:00</tier-attribute>
			</tier-attributes>
			<tier-keywords>
				<tier-keyword>tier_1</tier-keyword>
			</tier-keywords>
			<resources>
				<resource>
					<resource-name>Marinated Chicken</resource-name>
					<resource-skill>Cooking</resource-skill>
					<resource-min amount="20">100</resource-min>
					<resource-opt amount="10">200</resource-opt>
				</resource>
				<resource>
					<resource-name>Garlic Powder</resource-name>
					<resource-skill>Cooking</resource-skill>
					<resource-min amount="10">100</resource-min>
					<resource-opt amount="5">200</resource-opt>
				</resource>
			</resources>
		</tier>
	</item>
	<item>
		<item-name>Tier II Main Dishes</item-name>
		<item-icon>icon_formula_f_03_01_11.png</item-icon>
		<item-batchqty>1</item-batchqty>
		<item-attributes>
			<item-attribute type="bulk">2</item-attribute>
			<item-attribute type="hoardValue">0</item-attribute>
			<item-attribute type="dpReductionReqLvl">Less effective if any level is higher than 40</item-attribute>
			<item-attribute type="dpReductionMinLvl">Less effective if potential rating is under 21</item-attribute>
		</item-attributes>
		<item-keywords>
			<item-keyword>food</item-keyword>
			<item-keyword>skill_use_cooking</item-keyword>
		</item-keywords>
		<tier>
			<tier-name>Beef Hash Pie</tier-name>
			<tier-lvl levelName="Beef Hash Pie">2</tier-lvl>
			<tier-desc/>
			<tier-allowedtechniques>1</tier-allowedtechniques>
			<tier-attributes>
				<tier-attribute type="dpReduction">Advances Death Point fade time by 1:05:00</tier-attribute>
			</tier-attributes>
			<tier-keywords>
				<tier-keyword>tier_2</tier-keyword>
			</tier-keywords>
			<resources>
				<resource>
					<resource-name>Marinated Beef</resource-name>
					<resource-skill>Cooking</resource-skill>
					<resource-min amount="18">300</resource-min>
					<resource-opt amount="9">425</resource-opt>
				</resource>
				<resource>
					<resource-name>Sliced Potatoes</resource-name>
					<resource-skill>Cooking</resource-skill>
					<resource-min amount="6">300</resource-min>
					<resource-opt amount="3">425</resource-opt>
				</resource>
				<resource>
					<resource-name>Sliced Carrots</resource-name>
					<resource-skill>Cooking</resource-skill>
					<resource-min amount="6">300</resource-min>
					<resource-opt amount="3">425</resource-opt>
				</resource>
			</resources>
		</tier>
		<tier>
			<tier-name>Breaded Chicken</tier-name>
			<tier-lvl levelName="Breaded Chicken">2</tier-lvl>
			<tier-desc/>
			<tier-allowedtechniques>1</tier-allowedtechniques>
			<tier-attributes>
				<tier-attribute type="dpReduction">Advances Death Point fade time by 1:10:00</tier-attribute>
			</tier-attributes>
			<tier-keywords>
				<tier-keyword>tier_2</tier-keyword>
			</tier-keywords>
			<resources>
				<resource>
					<resource-name>Marinated Chicken</resource-name>
					<resource-skill>Cooking</resource-skill>
					<resource-min amount="18">300</resource-min>
					<resource-opt amount="9">425</resource-opt>
				</resource>
				<resource>
					<resource-name>Ground Salt</resource-name>
					<resource-skill>Cooking</resource-skill>
					<resource-min amount="6">300</resource-min>
					<resource-opt amount="3">425</resource-opt>
				</resource>
				<resource>
					<resource-name>Wheat Dough</resource-name>
					<resource-skill>Cooking</resource-skill>
					<resource-min amount="6">300</resource-min>
					<resource-opt amount="3">425</resource-opt>
				</resource>
			</resources>
		</tier>
		<tier>
			<tier-name>Fried Chicken</tier-name>
			<tier-lvl levelName="Fried Chicken">2</tier-lvl>
			<tier-desc/>
			<tier-allowedtechniques>1</tier-allowedtechniques>
			<tier-attributes>
				<tier-attribute type="dpReduction">Advances Death Point fade time by 50:00</tier-attribute>
			</tier-attributes>
			<tier-keywords>
				<tier-keyword>tier_2</tier-keyword>
			</tier-keywords>
			<resources>
				<resource>
					<resource-name>Wheat Flour</resource-name>
					<resource-skill>Cooking</resource-skill>
					<resource-min amount="4">200</resource-min>
					<resource-opt amount="2">325</resource-opt>
				</resource>
				<resource>
					<resource-name>Trimmed Chicken Breast</resource-name>
					<resource-skill>Cooking</resource-skill>
					<resource-min amount="12">200</resource-min>
					<resource-opt amount="6">325</resource-opt>
				</resource>
				<resource>
					<resource-name>Ground Salt</resource-name>
					<resource-skill>Cooking</resource-skill>
					<resource-min amount="10">200</resource-min>
					<resource-opt amount="5">325</resource-opt>
				</resource>
			</resources>
		</tier>
		<tier>
			<tier-name>Marinated Mushrooms</tier-name>
			<tier-lvl levelName="Marinated Mushrooms">2</tier-lvl>
			<tier-desc/>
			<tier-allowedtechniques>1</tier-allowedtechniques>
			<tier-attributes>
				<tier-attribute type="dpReduction">Advances Death Point fade time by 50:00</tier-attribute>
			</tier-attributes>
			<tier-keywords>
				<tier-keyword>tier_2</tier-keyword>
			</tier-keywords>
			<resources>
				<resource>
					<resource-name>Cleaned Browngill Caps</resource-name>
					<resource-skill>Cooking</resource-skill>
					<resource-min amount="12">200</resource-min>
					<resource-opt amount="6">325</resource-opt>
				</resource>
				<resource>
					<resource-name>Vinegar</resource-name>
					<resource-skill>Cooking</resource-skill>
					<resource-min amount="4">200</resource-min>
					<resource-opt amount="2">325</resource-opt>
				</resource>
				<resource>
					<resource-name>Ground Pepper</resource-name>
					<resource-skill>Cooking</resource-skill>
					<resource-min amount="10">200</resource-min>
					<resource-opt amount="5">325</resource-opt>
				</resource>
			</resources>
		</tier>
		<tier>
			<tier-name>Peppered Beef &amp; Rice</tier-name>
			<tier-lvl levelName="Peppered Beef &amp; Rice">2</tier-lvl>
			<tier-desc/>
			<tier-allowedtechniques>1</tier-allowedtechniques>
			<tier-attributes>
				<tier-attribute type="dpReduction">Advances Death Point fade time by 1:05:00</tier-attribute>
			</tier-attributes>
			<tier-keywords>
				<tier-keyword>tier_2</tier-keyword>
			</tier-keywords>
			<resources>
				<resource>
					<resource-name>Marinated Beef</resource-name>
					<resource-skill>Cooking</resource-skill>
					<resource-min amount="18">300</resource-min>
					<resource-opt amount="9">425</resource-opt>
				</resource>
				<resource>
					<resource-name>Milled Rice</resource-name>
					<resource-skill>Cooking</resource-skill>
					<resource-min amount="6">300</resource-min>
					<resource-opt amount="3">425</resource-opt>
				</resource>
				<resource>
					<resource-name>Ground Pepper</resource-name>
					<resource-skill>Cooking</resource-skill>
					<resource-min amount="6">300</resource-min>
					<resource-opt amount="3">425</resource-opt>
				</resource>
			</resources>
		</tier>
		<tier>
			<tier-name>Venison Hash Pie</tier-name>
			<tier-lvl levelName="Venison Hash Pie">2</tier-lvl>
			<tier-desc/>
			<tier-allowedtechniques>1</tier-allowedtechniques>
			<tier-attributes>
				<tier-attribute type="dpReduction">Advances Death Point fade time by 1:05:00</tier-attribute>
			</tier-attributes>
			<tier-keywords>
				<tier-keyword>tier_2</tier-keyword>
			</tier-keywords>
			<resources>
				<resource>
					<resource-name>Marinated Venison</resource-name>
					<resource-skill>Cooking</resource-skill>
					<resource-min amount="18">300</resource-min>
					<resource-opt amount="9">425</resource-opt>
				</resource>
				<resource>
					<resource-name>Sliced Potatoes</resource-name>
					<resource-skill>Cooking</resource-skill>
					<resource-min amount="6">300</resource-min>
					<resource-opt amount="3">425</resource-opt>
				</resource>
				<resource>
					<resource-name>Sliced Carrots</resource-name>
					<resource-skill>Cooking</resource-skill>
					<resource-min amount="6">300</resource-min>
					<resource-opt amount="3">425</resource-opt>
				</resource>
			</resources>
		</tier>
	</item>
	<item>
		<item-name>Tier III Main Dishes</item-name>
		<item-icon>icon_formula_f_03_01_11.png</item-icon>
		<item-batchqty>1</item-batchqty>
		<item-attributes>
			<item-attribute type="bulk">2</item-attribute>
			<item-attribute type="hoardValue">0</item-attribute>
			<item-attribute type="dpReductionReqLvl">Less effective if any level is higher than 60</item-attribute>
			<item-attribute type="dpReductionMinLvl">Less effective if potential rating is under 41</item-attribute>
		</item-attributes>
		<item-keywords>
			<item-keyword>food</item-keyword>
			<item-keyword>skill_use_cooking</item-keyword>
		</item-keywords>
		<tier>
			<tier-name>Baked Bass</tier-name>
			<tier-lvl levelName="Baked Bass">3</tier-lvl>
			<tier-desc/>
			<tier-allowedtechniques>1</tier-allowedtechniques>
			<tier-attributes>
				<tier-attribute type="dpReduction">Advances Death Point fade time by 50:00</tier-attribute>
			</tier-attributes>
			<tier-keywords>
				<tier-keyword>tier_3</tier-keyword>
			</tier-keywords>
			<resources>
				<resource>
					<resource-name>Wheat Flour</resource-name>
					<resource-skill>Cooking</resource-skill>
					<resource-min amount="4">400</resource-min>
					<resource-opt amount="1">550</resource-opt>
				</resource>
				<resource>
					<resource-name>Onion Powder</resource-name>
					<resource-skill>Cooking</resource-skill>
					<resource-min amount="6">400</resource-min>
					<resource-opt amount="3">550</resource-opt>
				</resource>
				<resource>
					<resource-name>Bass Fillet</resource-name>
					<resource-skill>Cooking</resource-skill>
					<resource-min amount="12">400</resource-min>
					<resource-opt amount="6">550</resource-opt>
				</resource>
				<resource>
					<resource-name>Ground Pepper</resource-name>
					<resource-skill>Cooking</resource-skill>
					<resource-min amount="6">400</resource-min>
					<resource-opt amount="3">550</resource-opt>
				</resource>
			</resources>
		</tier>
		<tier>
			<tier-name>Barley Chicken Casserole</tier-name>
			<tier-lvl levelName="Barley Chicken Casserole">3</tier-lvl>
			<tier-desc/>
			<tier-allowedtechniques>1</tier-allowedtechniques>
			<tier-attributes>
				<tier-attribute type="dpReduction">Advances Death Point fade time by 57:00</tier-attribute>
			</tier-attributes>
			<tier-keywords>
				<tier-keyword>tier_3</tier-keyword>
			</tier-keywords>
			<resources>
				<resource>
					<resource-name>Marinated Chicken</resource-name>
					<resource-skill>Cooking</resource-skill>
					<resource-min amount="12">400</resource-min>
					<resource-opt amount="6">550</resource-opt>
				</resource>
				<resource>
					<resource-name>Sliced Carrots</resource-name>
					<resource-skill>Cooking</resource-skill>
					<resource-min amount="6">400</resource-min>
					<resource-opt amount="3">550</resource-opt>
				</resource>
				<resource>
					<resource-name>Chopped Onion</resource-name>
					<resource-skill>Cooking</resource-skill>
					<resource-min amount="6">400</resource-min>
					<resource-opt amount="3">550</resource-opt>
				</resource>
				<resource>
					<resource-name>Barley</resource-name>
					<resource-skill>Cooking</resource-skill>
					<resource-min amount="4">400</resource-min>
					<resource-opt amount="1">550</resource-opt>
				</resource>
			</resources>
		</tier>
		<tier>
			<tier-name>Braised Roast Venison</tier-name>
			<tier-lvl levelName="Braised Roast Venison">3</tier-lvl>
			<tier-desc/>
			<tier-allowedtechniques>1</tier-allowedtechniques>
			<tier-attributes>
				<tier-attribute type="dpReduction">Advances Death Point fade time by 1:10:00</tier-attribute>
			</tier-attributes>
			<tier-keywords>
				<tier-keyword>tier_3</tier-keyword>
			</tier-keywords>
			<resources>
				<resource>
					<resource-name>Red Wine</resource-name>
					<resource-skill>Cooking</resource-skill>
					<resource-min amount="2">500</resource-min>
					<resource-opt amount="1">650</resource-opt>
				</resource>
				<resource>
					<resource-name>Marinated Venison</resource-name>
					<resource-skill>Cooking</resource-skill>
					<resource-min amount="12">500</resource-min>
					<resource-opt amount="6">650</resource-opt>
				</resource>
				<resource>
					<resource-name>Ground Salt</resource-name>
					<resource-skill>Cooking</resource-skill>
					<resource-min amount="8">500</resource-min>
					<resource-opt amount="4">650</resource-opt>
				</resource>
				<resource>
					<resource-name>Ground Pepper</resource-name>
					<resource-skill>Cooking</resource-skill>
					<resource-min amount="8">500</resource-min>
					<resource-opt amount="4">650</resource-opt>
				</resource>
			</resources>
		</tier>
		<tier>
			<tier-name>Granny Nuffle's Quiche</tier-name>
			<tier-lvl levelName="Granny Nuffle's Quiche">3</tier-lvl>
			<tier-desc/>
			<tier-allowedtechniques>1</tier-allowedtechniques>
			<tier-attributes>
				<tier-attribute type="dpReduction">Advances Death Point fade time by 46:00</tier-attribute>
			</tier-attributes>
			<tier-keywords>
				<tier-keyword>tier_3</tier-keyword>
			</tier-keywords>
			<resources>
				<resource>
					<resource-name>Pie Crust</resource-name>
					<resource-skill>Cooking</resource-skill>
					<resource-min amount="12">400</resource-min>
					<resource-opt amount="6">550</resource-opt>
				</resource>
				<resource>
					<resource-name>Cheese</resource-name>
					<resource-skill>Cooking</resource-skill>
					<resource-min amount="6">400</resource-min>
					<resource-opt amount="3">550</resource-opt>
				</resource>
				<resource>
					<resource-name>Milk</resource-name>
					<resource-skill>Cooking</resource-skill>
					<resource-min amount="4">400</resource-min>
					<resource-opt amount="1">550</resource-opt>
				</resource>
				<resource>
					<resource-name>Egg</resource-name>
					<resource-skill>Cooking</resource-skill>
					<resource-min amount="6">400</resource-min>
					<resource-opt amount="3">550</resource-opt>
				</resource>
			</resources>
		</tier>
		<tier>
			<tier-name>Spicy Venison Steak</tier-name>
			<tier-lvl levelName="Spicy Venison Steak">3</tier-lvl>
			<tier-desc/>
			<tier-allowedtechniques>1</tier-allowedtechniques>
			<tier-attributes>
				<tier-attribute type="dpReduction">Advances Death Point fade time by 1:00:00</tier-attribute>
			</tier-attributes>
			<tier-keywords>
				<tier-keyword>tier_3</tier-keyword>
			</tier-keywords>
			<resources>
				<resource>
					<resource-name>Marinated Venison</resource-name>
					<resource-skill>Cooking</resource-skill>
					<resource-min amount="12">500</resource-min>
					<resource-opt amount="6">650</resource-opt>
				</resource>
				<resource>
					<resource-name>Garlic Powder</resource-name>
					<resource-skill>Cooking</resource-skill>
					<resource-min amount="6">500</resource-min>
					<resource-opt amount="3">650</resource-opt>
				</resource>
				<resource>
					<resource-name>Ground Salt</resource-name>
					<resource-skill>Cooking</resource-skill>
					<resource-min amount="6">500</resource-min>
					<resource-opt amount="3">650</resource-opt>
				</resource>
				<resource>
					<resource-name>Ground Pepper</resource-name>
					<resource-skill>Cooking</resource-skill>
					<resource-min amount="6">500</resource-min>
					<resource-opt amount="3">650</resource-opt>
				</resource>
			</resources>
		</tier>
		<tier>
			<tier-name>Wild Sea Bass</tier-name>
			<tier-lvl levelName="Wild Sea Bass">3</tier-lvl>
			<tier-desc/>
			<tier-allowedtechniques>1</tier-allowedtechniques>
			<tier-attributes>
				<tier-attribute type="dpReduction">Advances Death Point fade time by 1:00:00</tier-attribute>
			</tier-attributes>
			<tier-keywords>
				<tier-keyword>tier_3</tier-keyword>
			</tier-keywords>
			<resources>
				<resource>
					<resource-name>Red Wine</resource-name>
					<resource-skill>Cooking</resource-skill>
					<resource-min amount="2">500</resource-min>
					<resource-opt amount="1">650</resource-opt>
				</resource>
				<resource>
					<resource-name>Bass Fillet</resource-name>
					<resource-skill>Cooking</resource-skill>
					<resource-min amount="12">500</resource-min>
					<resource-opt amount="6">650</resource-opt>
				</resource>
				<resource>
					<resource-name>Ground Salt</resource-name>
					<resource-skill>Cooking</resource-skill>
					<resource-min amount="8">500</resource-min>
					<resource-opt amount="4">650</resource-opt>
				</resource>
				<resource>
					<resource-name>Ground Pepper</resource-name>
					<resource-skill>Cooking</resource-skill>
					<resource-min amount="8">500</resource-min>
					<resource-opt amount="4">650</resource-opt>
				</resource>
			</resources>
		</tier>
	</item>
	<item>
		<item-name>Tier IV Main Dishes</item-name>
		<item-icon>icon_formula_f_03_01_11.png</item-icon>
		<item-batchqty>1</item-batchqty>
		<item-attributes>
			<item-attribute type="bulk">2</item-attribute>
			<item-attribute type="hoardValue">0</item-attribute>
			<item-attribute type="dpReductionReqLvl">Less effective if any level is higher than 80</item-attribute>
			<item-attribute type="dpReductionMinLvl">Less effective if potential rating is under 61</item-attribute>
		</item-attributes>
		<item-keywords>
			<item-keyword>food</item-keyword>
			<item-keyword>skill_use_cooking</item-keyword>
		</item-keywords>
		<tier>
			<tier-name>Baked Squirrel Pie</tier-name>
			<tier-lvl levelName="Baked Squirrel Pie">4</tier-lvl>
			<tier-desc/>
			<tier-allowedtechniques>1</tier-allowedtechniques>
			<tier-attributes>
				<tier-attribute type="dpReduction">Advances Death Point fade time by 1:30:00</tier-attribute>
			</tier-attributes>
			<tier-keywords>
				<tier-keyword>tier_4</tier-keyword>
			</tier-keywords>
			<resources>
				<resource>
					<resource-name>Marinated Squirrel</resource-name>
					<resource-skill>Cooking</resource-skill>
					<resource-min amount="10">700</resource-min>
					<resource-opt amount="5">900</resource-opt>
				</resource>
				<resource>
					<resource-name>Wheat Flour</resource-name>
					<resource-skill>Cooking</resource-skill>
					<resource-min amount="6">700</resource-min>
					<resource-opt amount="3">900</resource-opt>
				</resource>
				<resource>
					<resource-name>Sliced Potatoes</resource-name>
					<resource-skill>Cooking</resource-skill>
					<resource-min amount="4">700</resource-min>
					<resource-opt amount="2">900</resource-opt>
				</resource>
				<resource>
					<resource-name>Sliced Carrots</resource-name>
					<resource-skill>Cooking</resource-skill>
					<resource-min amount="4">700</resource-min>
					<resource-opt amount="2">900</resource-opt>
				</resource>
				<resource>
					<resource-name>Cheese</resource-name>
					<resource-skill>Cooking</resource-skill>
					<resource-min amount="6">700</resource-min>
					<resource-opt amount="3">900</resource-opt>
				</resource>
			</resources>
		</tier>
		<tier>
			<tier-name>Beef Shepherd Pie</tier-name>
			<tier-lvl levelName="Beef Shepherd Pie">4</tier-lvl>
			<tier-desc/>
			<tier-allowedtechniques>1</tier-allowedtechniques>
			<tier-attributes>
				<tier-attribute type="dpReduction">Advances Death Point fade time by 1:10:00</tier-attribute>
			</tier-attributes>
			<tier-keywords>
				<tier-keyword>tier_4</tier-keyword>
			</tier-keywords>
			<resources>
				<resource>
					<resource-name>Wheat Flour</resource-name>
					<resource-skill>Cooking</resource-skill>
					<resource-min amount="4">600</resource-min>
					<resource-opt amount="2">775</resource-opt>
				</resource>
				<resource>
					<resource-name>Trimmed Beef Flank</resource-name>
					<resource-skill>Cooking</resource-skill>
					<resource-min amount="10">600</resource-min>
					<resource-opt amount="5">775</resource-opt>
				</resource>
				<resource>
					<resource-name>Sliced Potatoes</resource-name>
					<resource-skill>Cooking</resource-skill>
					<resource-min amount="4">600</resource-min>
					<resource-opt amount="2">775</resource-opt>
				</resource>
				<resource>
					<resource-name>Sliced Carrots</resource-name>
					<resource-skill>Cooking</resource-skill>
					<resource-min amount="4">600</resource-min>
					<resource-opt amount="2">775</resource-opt>
				</resource>
				<resource>
					<resource-name>Cheese</resource-name>
					<resource-skill>Cooking</resource-skill>
					<resource-min amount="4">600</resource-min>
					<resource-opt amount="2">775</resource-opt>
				</resource>
			</resources>
		</tier>
		<tier>
			<tier-name>Glazed Roast Chicken</tier-name>
			<tier-lvl levelName="Glazed Roast Chicken">4</tier-lvl>
			<tier-desc/>
			<tier-allowedtechniques>1</tier-allowedtechniques>
			<tier-attributes>
				<tier-attribute type="dpReduction">Advances Death Point fade time by 1:35:00</tier-attribute>
			</tier-attributes>
			<tier-keywords>
				<tier-keyword>tier_4</tier-keyword>
			</tier-keywords>
			<resources>
				<resource>
					<resource-name>Red Wine</resource-name>
					<resource-skill>Cooking</resource-skill>
					<resource-min amount="4">700</resource-min>
					<resource-opt amount="2">900</resource-opt>
				</resource>
				<resource>
					<resource-name>Marinated Chicken</resource-name>
					<resource-skill>Cooking</resource-skill>
					<resource-min amount="10">700</resource-min>
					<resource-opt amount="5">900</resource-opt>
				</resource>
				<resource>
					<resource-name>Sugar</resource-name>
					<resource-skill>Cooking</resource-skill>
					<resource-min amount="4">700</resource-min>
					<resource-opt amount="2">900</resource-opt>
				</resource>
				<resource>
					<resource-name>Ground Salt</resource-name>
					<resource-skill>Cooking</resource-skill>
					<resource-min amount="6">700</resource-min>
					<resource-opt amount="3">900</resource-opt>
				</resource>
				<resource>
					<resource-name>Ground Pepper</resource-name>
					<resource-skill>Cooking</resource-skill>
					<resource-min amount="6">700</resource-min>
					<resource-opt amount="3">900</resource-opt>
				</resource>
			</resources>
		</tier>
		<tier>
			<tier-name>Glazed Roast Venison</tier-name>
			<tier-lvl levelName="Glazed Roast Venison">4</tier-lvl>
			<tier-desc/>
			<tier-allowedtechniques>1</tier-allowedtechniques>
			<tier-attributes>
				<tier-attribute type="dpReduction">Advances Death Point fade time by 1:25:00</tier-attribute>
			</tier-attributes>
			<tier-keywords>
				<tier-keyword>tier_4</tier-keyword>
			</tier-keywords>
			<resources>
				<resource>
					<resource-name>Marinated Venison</resource-name>
					<resource-skill>Cooking</resource-skill>
					<resource-min amount="10">600</resource-min>
					<resource-opt amount="5">775</resource-opt>
				</resource>
				<resource>
					<resource-name>Garlic Powder</resource-name>
					<resource-skill>Cooking</resource-skill>
					<resource-min amount="4">600</resource-min>
					<resource-opt amount="2">775</resource-opt>
				</resource>
				<resource>
					<resource-name>Sugar</resource-name>
					<resource-skill>Cooking</resource-skill>
					<resource-min amount="4">600</resource-min>
					<resource-opt amount="2">775</resource-opt>
				</resource>
				<resource>
					<resource-name>Ground Salt</resource-name>
					<resource-skill>Cooking</resource-skill>
					<resource-min amount="4">600</resource-min>
					<resource-opt amount="2">775</resource-opt>
				</resource>
				<resource>
					<resource-name>Ground Pepper</resource-name>
					<resource-skill>Cooking</resource-skill>
					<resource-min amount="4">600</resource-min>
					<resource-opt amount="2">775</resource-opt>
				</resource>
			</resources>
		</tier>
		<tier>
			<tier-name>Seared Arbotus Flank</tier-name>
			<tier-lvl levelName="Seared Arbotus Flank">4</tier-lvl>
			<tier-desc/>
			<tier-allowedtechniques>1</tier-allowedtechniques>
			<tier-attributes>
				<tier-attribute type="dpReduction">Advances Death Point fade time by 1:10:00</tier-attribute>
			</tier-attributes>
			<tier-keywords>
				<tier-keyword>tier_4</tier-keyword>
			</tier-keywords>
			<resources>
				<resource>
					<resource-name>Trimmed Arbotus Flank</resource-name>
					<resource-skill>Cooking</resource-skill>
					<resource-min amount="10">600</resource-min>
					<resource-opt amount="5">775</resource-opt>
				</resource>
				<resource>
					<resource-name>Onion Powder</resource-name>
					<resource-skill>Cooking</resource-skill>
					<resource-min amount="4">600</resource-min>
					<resource-opt amount="2">775</resource-opt>
				</resource>
				<resource>
					<resource-name>Butter</resource-name>
					<resource-skill>Cooking</resource-skill>
					<resource-min amount="4">600</resource-min>
					<resource-opt amount="2">775</resource-opt>
				</resource>
				<resource>
					<resource-name>Ground Salt</resource-name>
					<resource-skill>Cooking</resource-skill>
					<resource-min amount="4">600</resource-min>
					<resource-opt amount="2">775</resource-opt>
				</resource>
				<resource>
					<resource-name>Ground Pepper</resource-name>
					<resource-skill>Cooking</resource-skill>
					<resource-min amount="4">600</resource-min>
					<resource-opt amount="2">775</resource-opt>
				</resource>
			</resources>
		</tier>
		<tier>
			<tier-name>Seared Grilled Trout</tier-name>
			<tier-lvl levelName="Seared Grilled Trout">4</tier-lvl>
			<tier-desc/>
			<tier-allowedtechniques>1</tier-allowedtechniques>
			<tier-attributes>
				<tier-attribute type="dpReduction">Advances Death Point fade time by 1:35:00</tier-attribute>
			</tier-attributes>
			<tier-keywords>
				<tier-keyword>tier_4</tier-keyword>
			</tier-keywords>
			<resources>
				<resource>
					<resource-name>Red Wine</resource-name>
					<resource-skill>Cooking</resource-skill>
					<resource-min amount="4">700</resource-min>
					<resource-opt amount="2">900</resource-opt>
				</resource>
				<resource>
					<resource-name>Trout Fillet</resource-name>
					<resource-skill>Cooking</resource-skill>
					<resource-min amount="10">700</resource-min>
					<resource-opt amount="5">900</resource-opt>
				</resource>
				<resource>
					<resource-name>Butter</resource-name>
					<resource-skill>Cooking</resource-skill>
					<resource-min amount="4">700</resource-min>
					<resource-opt amount="2">900</resource-opt>
				</resource>
				<resource>
					<resource-name>Ground Salt</resource-name>
					<resource-skill>Cooking</resource-skill>
					<resource-min amount="6">700</resource-min>
					<resource-opt amount="3">900</resource-opt>
				</resource>
				<resource>
					<resource-name>Ground Pepper</resource-name>
					<resource-skill>Cooking</resource-skill>
					<resource-min amount="6">700</resource-min>
					<resource-opt amount="3">900</resource-opt>
				</resource>
			</resources>
		</tier>
	</item>
	<item>
		<item-name>Tier V Main Dishes</item-name>
		<item-icon>icon_formula_f_03_01_11.png</item-icon>
		<item-batchqty>1</item-batchqty>
		<item-attributes>
			<item-attribute type="dpReductionReqLvl">Less effective if any level is higher than 100</item-attribute>
			<item-attribute type="dpReductionMinLvl">Less effective if potential rating is under 81</item-attribute>
			<item-attribute type="bulk">2</item-attribute>
			<item-attribute type="hoardValue">0</item-attribute>
		</item-attributes>
		<item-keywords>
			<item-keyword>food</item-keyword>
			<item-keyword>tier_5</item-keyword>
			<item-keyword>skill_use_cooking</item-keyword>
		</item-keywords>
		<tier>
			<tier-name>Burgundy Beef Pie</tier-name>
			<tier-lvl levelName="Burgundy Beef Pie">5</tier-lvl>
			<tier-desc/>
			<tier-allowedtechniques>1</tier-allowedtechniques>
			<tier-attributes>
				<tier-attribute type="dpReduction">Advances Death Point fade time by 1:48:00</tier-attribute>
			</tier-attributes>
			<tier-keywords>
			</tier-keywords>
			<resources>
				<resource>
					<resource-name>Red Wine</resource-name>
					<resource-skill>Cooking</resource-skill>
					<resource-min amount="2">900</resource-min>
					<resource-opt amount="1">1125</resource-opt>
				</resource>
				<resource>
					<resource-name>Pie Crust</resource-name>
					<resource-skill>Cooking</resource-skill>
					<resource-min amount="8">900</resource-min>
					<resource-opt amount="4">1125</resource-opt>
				</resource>
				<resource>
					<resource-name>Marinated Beef</resource-name>
					<resource-skill>Cooking</resource-skill>
					<resource-min amount="8">900</resource-min>
					<resource-opt amount="4">1125</resource-opt>
				</resource>
				<resource>
					<resource-name>Sliced Carrots</resource-name>
					<resource-skill>Cooking</resource-skill>
					<resource-min amount="8">900</resource-min>
					<resource-opt amount="4">1125</resource-opt>
				</resource>
				<resource>
					<resource-name>Quinoa Flour</resource-name>
					<resource-skill>Cooking</resource-skill>
					<resource-min amount="2">900</resource-min>
					<resource-opt amount="1">1125</resource-opt>
				</resource>
				<resource>
					<resource-name>Onion Powder</resource-name>
					<resource-skill>Cooking</resource-skill>
					<resource-min amount="2">900</resource-min>
					<resource-opt amount="1">1125</resource-opt>
				</resource>
			</resources>
		</tier>
		<tier>
			<tier-name>Burgundy Chicken Pie</tier-name>
			<tier-lvl levelName="Burgundy Chicken Pie">5</tier-lvl>
			<tier-desc/>
			<tier-allowedtechniques>1</tier-allowedtechniques>
			<tier-attributes>
				<tier-attribute type="dpReduction">Advances Death Point fade time by 1:35:00</tier-attribute>
			</tier-attributes>
			<tier-keywords>
			</tier-keywords>
			<resources>
				<resource>
					<resource-name>Red Wine</resource-name>
					<resource-skill>Cooking</resource-skill>
					<resource-min amount="2">800</resource-min>
					<resource-opt amount="1">1025</resource-opt>
				</resource>
				<resource>
					<resource-name>Trimmed Chicken Breast</resource-name>
					<resource-skill>Cooking</resource-skill>
					<resource-min amount="8">800</resource-min>
					<resource-opt amount="4">1025</resource-opt>
				</resource>
				<resource>
					<resource-name>Sliced Carrots</resource-name>
					<resource-skill>Cooking</resource-skill>
					<resource-min amount="6">800</resource-min>
					<resource-opt amount="3">1025</resource-opt>
				</resource>
				<resource>
					<resource-name>Quinoa Flour</resource-name>
					<resource-skill>Cooking</resource-skill>
					<resource-min amount="6">800</resource-min>
					<resource-opt amount="3">1025</resource-opt>
				</resource>
				<resource>
					<resource-name>Onion Powder</resource-name>
					<resource-skill>Cooking</resource-skill>
					<resource-min amount="2">800</resource-min>
					<resource-opt amount="1">1025</resource-opt>
				</resource>
				<resource>
					<resource-name>Cheese</resource-name>
					<resource-skill>Cooking</resource-skill>
					<resource-min amount="2">800</resource-min>
					<resource-opt amount="1">1025</resource-opt>
				</resource>
			</resources>
		</tier>
		<tier>
			<tier-name>Cheesy Mutton &amp; Potato Pie</tier-name>
			<tier-lvl levelName="Cheesy Mutton &amp; Potato Pie">5</tier-lvl>
			<tier-desc/>
			<tier-allowedtechniques>1</tier-allowedtechniques>
			<tier-attributes>
				<tier-attribute type="dpReduction">Advances Death Point fade time by 1:25:00</tier-attribute>
			</tier-attributes>
			<tier-keywords>
			</tier-keywords>
			<resources>
				<resource>
					<resource-name>Trimmed Mutton Flank</resource-name>
					<resource-skill>Cooking</resource-skill>
					<resource-min amount="8">800</resource-min>
					<resource-opt amount="4">1025</resource-opt>
				</resource>
				<resource>
					<resource-name>Sliced Potatoes</resource-name>
					<resource-skill>Cooking</resource-skill>
					<resource-min amount="6">800</resource-min>
					<resource-opt amount="3">1025</resource-opt>
				</resource>
				<resource>
					<resource-name>Onion Powder</resource-name>
					<resource-skill>Cooking</resource-skill>
					<resource-min amount="2">800</resource-min>
					<resource-opt amount="1">1025</resource-opt>
				</resource>
				<resource>
					<resource-name>Cheese</resource-name>
					<resource-skill>Cooking</resource-skill>
					<resource-min amount="6">800</resource-min>
					<resource-opt amount="3">1025</resource-opt>
				</resource>
				<resource>
					<resource-name>Ground Salt</resource-name>
					<resource-skill>Cooking</resource-skill>
					<resource-min amount="2">800</resource-min>
					<resource-opt amount="1">1025</resource-opt>
				</resource>
				<resource>
					<resource-name>Ground Pepper</resource-name>
					<resource-skill>Cooking</resource-skill>
					<resource-min amount="2">800</resource-min>
					<resource-opt amount="1">1025</resource-opt>
				</resource>
			</resources>
		</tier>
		<tier>
			<tier-name>Lasagna</tier-name>
			<tier-lvl levelName="Lasagna">5</tier-lvl>
			<tier-desc/>
			<tier-allowedtechniques>1</tier-allowedtechniques>
			<tier-attributes>
				<tier-attribute type="dpReduction">Advances Death Point fade time by 2:00:00</tier-attribute>
			</tier-attributes>
			<tier-keywords>
			</tier-keywords>
			<resources>
				<resource>
					<resource-name>Tomato Basil Sauce</resource-name>
					<resource-skill>Cooking</resource-skill>
					<resource-min amount="8">900</resource-min>
					<resource-opt amount="4">1125</resource-opt>
				</resource>
				<resource>
					<resource-name>Spicy Sausage</resource-name>
					<resource-skill>Cooking</resource-skill>
					<resource-min amount="2">900</resource-min>
					<resource-opt amount="1">1125</resource-opt>
				</resource>
				<resource>
					<resource-name>Ground Beef</resource-name>
					<resource-skill>Cooking</resource-skill>
					<resource-min amount="8">900</resource-min>
					<resource-opt amount="4">1125</resource-opt>
				</resource>
				<resource>
					<resource-name>Sliced Tomatoes</resource-name>
					<resource-skill>Cooking</resource-skill>
					<resource-min amount="2">900</resource-min>
					<resource-opt amount="1">1125</resource-opt>
				</resource>
				<resource>
					<resource-name>Cheese</resource-name>
					<resource-skill>Cooking</resource-skill>
					<resource-min amount="2">900</resource-min>
					<resource-opt amount="1">1125</resource-opt>
				</resource>
				<resource>
					<resource-name>Noodles</resource-name>
					<resource-skill>Cooking</resource-skill>
					<resource-min amount="8">900</resource-min>
					<resource-opt amount="4">1125</resource-opt>
				</resource>
			</resources>
		</tier>
		<tier>
			<tier-name>Pan-Seared Red Snapper</tier-name>
			<tier-lvl levelName="Pan-Seared Red Snapper">5</tier-lvl>
			<tier-desc/>
			<tier-allowedtechniques>1</tier-allowedtechniques>
			<tier-attributes>
				<tier-attribute type="dpReduction">Advances Death Point fade time by 1:35:00</tier-attribute>
			</tier-attributes>
			<tier-keywords>
			</tier-keywords>
			<resources>
				<resource>
					<resource-name>Red Snapper Fillet</resource-name>
					<resource-skill>Cooking</resource-skill>
					<resource-min amount="8">800</resource-min>
					<resource-opt amount="4">1025</resource-opt>
				</resource>
				<resource>
					<resource-name>Sliced Ginger</resource-name>
					<resource-skill>Cooking</resource-skill>
					<resource-min amount="2">800</resource-min>
					<resource-opt amount="1">1025</resource-opt>
				</resource>
				<resource>
					<resource-name>Lemon Juice</resource-name>
					<resource-skill>Cooking</resource-skill>
					<resource-min amount="6">800</resource-min>
					<resource-opt amount="3">1025</resource-opt>
				</resource>
				<resource>
					<resource-name>Olive Oil</resource-name>
					<resource-skill>Cooking</resource-skill>
					<resource-min amount="6">800</resource-min>
					<resource-opt amount="3">1025</resource-opt>
				</resource>
				<resource>
					<resource-name>Honey</resource-name>
					<resource-skill>Cooking</resource-skill>
					<resource-min amount="2">800</resource-min>
					<resource-opt amount="1">1025</resource-opt>
				</resource>
				<resource>
					<resource-name>Vinegar</resource-name>
					<resource-skill>Cooking</resource-skill>
					<resource-min amount="2">800</resource-min>
					<resource-opt amount="1">1025</resource-opt>
				</resource>
			</resources>
		</tier>
	</item>
	<item>
		<item-name>Tier VI Main Dishes</item-name>
		<item-icon>icon_formula_f_03_01_11.png</item-icon>
		<item-batchqty>1</item-batchqty>
		<item-attributes>
			<item-attribute type="dpReductionReqLvl">Less effective if any level is higher than 120</item-attribute>
			<item-attribute type="dpReductionMinLvl">Less effective if potential rating is under 101</item-attribute>
			<item-attribute type="bulk">2</item-attribute>
			<item-attribute type="hoardValue">0</item-attribute>
		</item-attributes>
		<item-keywords>
			<item-keyword>food</item-keyword>
			<item-keyword>tier_6</item-keyword>
			<item-keyword>skill_use_cooking</item-keyword>
		</item-keywords>
		<tier>
			<tier-name>Beef Kirasanct</tier-name>
			<tier-lvl levelName="Beef Kirasanct">6</tier-lvl>
			<tier-desc/>
			<tier-allowedtechniques>1</tier-allowedtechniques>
			<tier-attributes>
				<tier-attribute type="dpReduction">Advances Death Point fade time by 2:20:00</tier-attribute>
			</tier-attributes>
			<tier-keywords>
			</tier-keywords>
			<resources>
				<resource>
					<resource-name>Heavy Cream</resource-name>
					<resource-skill>Cooking</resource-skill>
					<resource-min amount="4">1000</resource-min>
					<resource-opt amount="2">1250</resource-opt>
				</resource>
				<resource>
					<resource-name>Beef Stock</resource-name>
					<resource-skill>Cooking</resource-skill>
					<resource-min amount="2">1000</resource-min>
					<resource-opt amount="1">1250</resource-opt>
				</resource>
				<resource>
					<resource-name>Cleaned Blood Caps</resource-name>
					<resource-skill>Cooking</resource-skill>
					<resource-min amount="4">1000</resource-min>
					<resource-opt amount="2">1250</resource-opt>
				</resource>
				<resource>
					<resource-name>Trimmed Beef Flank</resource-name>
					<resource-skill>Cooking</resource-skill>
					<resource-min amount="8">1000</resource-min>
					<resource-opt amount="4">1250</resource-opt>
				</resource>
				<resource>
					<resource-name>Chopped Onion</resource-name>
					<resource-skill>Cooking</resource-skill>
					<resource-min amount="2">1000</resource-min>
					<resource-opt amount="1">1250</resource-opt>
				</resource>
				<resource>
					<resource-name>Ground Pepper</resource-name>
					<resource-skill>Cooking</resource-skill>
					<resource-min amount="2">1000</resource-min>
					<resource-opt amount="1">1250</resource-opt>
				</resource>
				<resource>
					<resource-name>Noodles</resource-name>
					<resource-skill>Cooking</resource-skill>
					<resource-min amount="4">1000</resource-min>
					<resource-opt amount="2">1250</resource-opt>
				</resource>
			</resources>
		</tier>
		<tier>
			<tier-name>Chicken Supreme</tier-name>
			<tier-lvl levelName="Chicken Supreme">6</tier-lvl>
			<tier-desc/>
			<tier-allowedtechniques>1</tier-allowedtechniques>
			<tier-attributes>
				<tier-attribute type="dpReduction">Advances Death Point fade time by 2:20:00</tier-attribute>
			</tier-attributes>
			<tier-keywords>
			</tier-keywords>
			<resources>
				<resource>
					<resource-name>Smoked Gruok</resource-name>
					<resource-skill>Cooking</resource-skill>
					<resource-min amount="2">1100</resource-min>
					<resource-opt amount="1">1350</resource-opt>
				</resource>
				<resource>
					<resource-name>Rubbed Rosemary</resource-name>
					<resource-skill>Cooking</resource-skill>
					<resource-min amount="4">1100</resource-min>
					<resource-opt amount="2">1350</resource-opt>
				</resource>
				<resource>
					<resource-name>Wheat Flour</resource-name>
					<resource-skill>Cooking</resource-skill>
					<resource-min amount="2">1100</resource-min>
					<resource-opt amount="1">1350</resource-opt>
				</resource>
				<resource>
					<resource-name>Trimmed Chicken Breast</resource-name>
					<resource-skill>Cooking</resource-skill>
					<resource-min amount="10">1100</resource-min>
					<resource-opt amount="5">1350</resource-opt>
				</resource>
				<resource>
					<resource-name>Beaten Eggs</resource-name>
					<resource-skill>Cooking</resource-skill>
					<resource-min amount="2">1100</resource-min>
					<resource-opt amount="1">1350</resource-opt>
				</resource>
				<resource>
					<resource-name>Butter</resource-name>
					<resource-skill>Cooking</resource-skill>
					<resource-min amount="4">1100</resource-min>
					<resource-opt amount="2">1350</resource-opt>
				</resource>
				<resource>
					<resource-name>Ground Pepper</resource-name>
					<resource-skill>Cooking</resource-skill>
					<resource-min amount="4">1100</resource-min>
					<resource-opt amount="2">1350</resource-opt>
				</resource>
			</resources>
		</tier>
		<tier>
			<tier-name>Chicken Tagine</tier-name>
			<tier-lvl levelName="Chicken Tagine">6</tier-lvl>
			<tier-desc/>
			<tier-allowedtechniques>1</tier-allowedtechniques>
			<tier-attributes>
				<tier-attribute type="dpReduction">Advances Death Point fade time by 2:20:00</tier-attribute>
			</tier-attributes>
			<tier-keywords>
			</tier-keywords>
			<resources>
				<resource>
					<resource-name>Pitted Dates</resource-name>
					<resource-skill>Cooking</resource-skill>
					<resource-min amount="2">1000</resource-min>
					<resource-opt amount="1">1250</resource-opt>
				</resource>
				<resource>
					<resource-name>Ground Cumin</resource-name>
					<resource-skill>Cooking</resource-skill>
					<resource-min amount="2">1000</resource-min>
					<resource-opt amount="1">1250</resource-opt>
				</resource>
				<resource>
					<resource-name>Chicken Stock</resource-name>
					<resource-skill>Cooking</resource-skill>
					<resource-min amount="2">1000</resource-min>
					<resource-opt amount="1">1250</resource-opt>
				</resource>
				<resource>
					<resource-name>Trimmed Chicken Breast</resource-name>
					<resource-skill>Cooking</resource-skill>
					<resource-min amount="8">1000</resource-min>
					<resource-opt amount="4">1250</resource-opt>
				</resource>
				<resource>
					<resource-name>Lemon Juice</resource-name>
					<resource-skill>Cooking</resource-skill>
					<resource-min amount="4">1000</resource-min>
					<resource-opt amount="2">1250</resource-opt>
				</resource>
				<resource>
					<resource-name>Hard Cooked Eggs</resource-name>
					<resource-skill>Cooking</resource-skill>
					<resource-min amount="4">1000</resource-min>
					<resource-opt amount="2">1250</resource-opt>
				</resource>
				<resource>
					<resource-name>Chopped Onion</resource-name>
					<resource-skill>Cooking</resource-skill>
					<resource-min amount="4">1000</resource-min>
					<resource-opt amount="2">1250</resource-opt>
				</resource>
			</resources>
		</tier>
		<tier>
			<tier-name>Gruok Mole</tier-name>
			<tier-lvl levelName="Gruok Mole">6</tier-lvl>
			<tier-desc/>
			<tier-allowedtechniques>1</tier-allowedtechniques>
			<tier-attributes>
				<tier-attribute type="dpReduction">Advances Death Point fade time by 2:20:00</tier-attribute>
			</tier-attributes>
			<tier-keywords>
			</tier-keywords>
			<resources>
				<resource>
					<resource-name>Beef Stock</resource-name>
					<resource-skill>Cooking</resource-skill>
					<resource-min amount="2">1100</resource-min>
					<resource-opt amount="1">1350</resource-opt>
				</resource>
				<resource>
					<resource-name>Trimmed Gruok Flank</resource-name>
					<resource-skill>Cooking</resource-skill>
					<resource-min amount="12">1100</resource-min>
					<resource-opt amount="6">1350</resource-opt>
				</resource>
				<resource>
					<resource-name>Diced Hot Peppers</resource-name>
					<resource-skill>Cooking</resource-skill>
					<resource-min amount="2">1100</resource-min>
					<resource-opt amount="1">1350</resource-opt>
				</resource>
				<resource>
					<resource-name>Chopped Onion</resource-name>
					<resource-skill>Cooking</resource-skill>
					<resource-min amount="4">1100</resource-min>
					<resource-opt amount="2">1350</resource-opt>
				</resource>
				<resource>
					<resource-name>Raisins</resource-name>
					<resource-skill>Cooking</resource-skill>
					<resource-min amount="2">1100</resource-min>
					<resource-opt amount="1">1350</resource-opt>
				</resource>
				<resource>
					<resource-name>Chocolate</resource-name>
					<resource-skill>Cooking</resource-skill>
					<resource-min amount="6">1100</resource-min>
					<resource-opt amount="3">1350</resource-opt>
				</resource>
				<resource>
					<resource-name>Ground Pepper</resource-name>
					<resource-skill>Cooking</resource-skill>
					<resource-min amount="2">1100</resource-min>
					<resource-opt amount="1">1350</resource-opt>
				</resource>
			</resources>
		</tier>
		<tier>
			<tier-name>Surf and Turf</tier-name>
			<tier-lvl levelName="Surf and Turf">6</tier-lvl>
			<tier-desc/>
			<tier-allowedtechniques>1</tier-allowedtechniques>
			<tier-attributes>
				<tier-attribute type="dpReduction">Advances Death Point fade time by 2:20:00</tier-attribute>
			</tier-attributes>
			<tier-keywords>
			</tier-keywords>
			<resources>
				<resource>
					<resource-name>Marinated Beef</resource-name>
					<resource-skill>Cooking</resource-skill>
					<resource-min amount="4">1000</resource-min>
					<resource-opt amount="2">1250</resource-opt>
				</resource>
				<resource>
					<resource-name>Cleaned Shadowstem Caps</resource-name>
					<resource-skill>Cooking</resource-skill>
					<resource-min amount="4">1000</resource-min>
					<resource-opt amount="2">1250</resource-opt>
				</resource>
				<resource>
					<resource-name>Shelled Lobster</resource-name>
					<resource-skill>Cooking</resource-skill>
					<resource-min amount="8">1000</resource-min>
					<resource-opt amount="4">1250</resource-opt>
				</resource>
				<resource>
					<resource-name>Lemon Juice</resource-name>
					<resource-skill>Cooking</resource-skill>
					<resource-min amount="2">1000</resource-min>
					<resource-opt amount="1">1250</resource-opt>
				</resource>
				<resource>
					<resource-name>Butter</resource-name>
					<resource-skill>Cooking</resource-skill>
					<resource-min amount="2">1000</resource-min>
					<resource-opt amount="1">1250</resource-opt>
				</resource>
				<resource>
					<resource-name>Balsamic Vinegar</resource-name>
					<resource-skill>Cooking</resource-skill>
					<resource-min amount="2">1000</resource-min>
					<resource-opt amount="1">1250</resource-opt>
				</resource>
				<resource>
					<resource-name>Ground Pepper</resource-name>
					<resource-skill>Cooking</resource-skill>
					<resource-min amount="4">1000</resource-min>
					<resource-opt amount="2">1250</resource-opt>
				</resource>
			</resources>
		</tier>
	</item>
</formulaset>
