<?xml version="1.0" encoding="ISO-8859-1"?>
<formulaset format="2.1">
	<formulaset-name>Food - Desserts</formulaset-name>
	<formulaset-categories>
		<formulaset-category>Food</formulaset-category>
	</formulaset-categories>
	<item>
		<item-name>Tier I Desserts</item-name>
		<item-icon>icon_formula_f_03_01_11.png</item-icon>
		<item-batchqty>1</item-batchqty>
		<item-attributes>
			<item-attribute type="dpReductionReqLvl">Less effective if any level is higher than 20</item-attribute>
			<item-attribute type="bulk">2</item-attribute>
			<item-attribute type="hoardValue">0</item-attribute>
		</item-attributes>
		<item-keywords>
			<item-keyword>food</item-keyword>
			<item-keyword>skill_use_cooking</item-keyword>
		</item-keywords>
		<tier>
			<tier-name>Sugared Apples</tier-name>
			<tier-lvl levelName="Sugared Apples">1</tier-lvl>
			<tier-desc/>
			<tier-allowedtechniques>1</tier-allowedtechniques>
			<tier-attributes>
				<tier-attribute type="dpReduction">Advances Death Point fade time by 10:00</tier-attribute>
			</tier-attributes>
			<tier-keywords>
				<tier-keyword>tier_1</tier-keyword>
			</tier-keywords>
			<resources>
				<resource>
					<resource-name>Sliced Apple</resource-name>
					<resource-skill>Cooking</resource-skill>
					<resource-min amount="12">100</resource-min>
					<resource-opt amount="6">200</resource-opt>
				</resource>
				<resource>
					<resource-name>Sugar</resource-name>
					<resource-skill>Cooking</resource-skill>
					<resource-min amount="10">100</resource-min>
					<resource-opt amount="5">200</resource-opt>
				</resource>
			</resources>
		</tier>
		<tier>
			<tier-name>Sugared Cranberries</tier-name>
			<tier-lvl levelName="Sugared Cranberries">1</tier-lvl>
			<tier-desc/>
			<tier-allowedtechniques>1</tier-allowedtechniques>
			<tier-attributes>
				<tier-attribute type="dpReduction">Advances Death Point fade time by 8:00</tier-attribute>
			</tier-attributes>
			<tier-keywords>
				<tier-keyword>tier_1</tier-keyword>
			</tier-keywords>
			<resources>
				<resource>
					<resource-name>Cranberry</resource-name>
					<resource-skill>Cooking</resource-skill>
					<resource-min amount="6">1</resource-min>
					<resource-opt amount="3">100</resource-opt>
				</resource>
				<resource>
					<resource-name>Sugar</resource-name>
					<resource-skill>Cooking</resource-skill>
					<resource-min amount="12">1</resource-min>
					<resource-opt amount="6">100</resource-opt>
				</resource>
			</resources>
		</tier>
		<tier>
			<tier-name>Sugared Pears</tier-name>
			<tier-lvl levelName="Sugared Pears">1</tier-lvl>
			<tier-desc/>
			<tier-allowedtechniques>1</tier-allowedtechniques>
			<tier-attributes>
				<tier-attribute type="dpReduction">Advances Death Point fade time by 10:00</tier-attribute>
			</tier-attributes>
			<tier-keywords>
				<tier-keyword>tier_1</tier-keyword>
			</tier-keywords>
			<resources>
				<resource>
					<resource-name>Sliced Pears</resource-name>
					<resource-skill>Cooking</resource-skill>
					<resource-min amount="12">100</resource-min>
					<resource-opt amount="6">200</resource-opt>
				</resource>
				<resource>
					<resource-name>Sugar</resource-name>
					<resource-skill>Cooking</resource-skill>
					<resource-min amount="10">100</resource-min>
					<resource-opt amount="5">200</resource-opt>
				</resource>
			</resources>
		</tier>
		<tier>
			<tier-name>Sugared Strawberries</tier-name>
			<tier-lvl levelName="Sugared Strawberries">1</tier-lvl>
			<tier-desc/>
			<tier-allowedtechniques>1</tier-allowedtechniques>
			<tier-attributes>
				<tier-attribute type="dpReduction">Advances Death Point fade time by 8:00</tier-attribute>
			</tier-attributes>
			<tier-keywords>
				<tier-keyword>tier_1</tier-keyword>
			</tier-keywords>
			<resources>
				<resource>
					<resource-name>Strawberry</resource-name>
					<resource-skill>Cooking</resource-skill>
					<resource-min amount="6">1</resource-min>
					<resource-opt amount="3">100</resource-opt>
				</resource>
				<resource>
					<resource-name>Sugar</resource-name>
					<resource-skill>Cooking</resource-skill>
					<resource-min amount="12">1</resource-min>
					<resource-opt amount="6">100</resource-opt>
				</resource>
			</resources>
		</tier>
		<tier>
			<tier-name>Vanilla Pudding</tier-name>
			<tier-lvl levelName="Vanilla Pudding">1</tier-lvl>
			<tier-desc/>
			<tier-allowedtechniques>1</tier-allowedtechniques>
			<tier-attributes>
				<tier-attribute type="dpReduction">Advances Death Point fade time by 15:00</tier-attribute>
			</tier-attributes>
			<tier-keywords>
				<tier-keyword>tier_1</tier-keyword>
			</tier-keywords>
			<resources>
				<resource>
					<resource-name>Heavy Cream</resource-name>
					<resource-skill>Cooking</resource-skill>
					<resource-min amount="12">100</resource-min>
					<resource-opt amount="6">200</resource-opt>
				</resource>
				<resource>
					<resource-name>Sugar</resource-name>
					<resource-skill>Cooking</resource-skill>
					<resource-min amount="10">100</resource-min>
					<resource-opt amount="5">200</resource-opt>
				</resource>
			</resources>
		</tier>
	</item>
	<item>
		<item-name>Tier II Desserts</item-name>
		<item-icon>icon_formula_f_03_01_11.png</item-icon>
		<item-batchqty>1</item-batchqty>
		<item-attributes>
			<item-attribute type="dpReductionReqLvl">Less effective if any level is higher than 40</item-attribute>
			<item-attribute type="dpReductionMinLvl">Less effective if potential rating is under 21</item-attribute>
			<item-attribute type="bulk">2</item-attribute>
			<item-attribute type="hoardValue">0</item-attribute>
		</item-attributes>
		<item-keywords>
			<item-keyword>food</item-keyword>
			<item-keyword>skill_use_cooking</item-keyword>
		</item-keywords>
		<tier>
			<tier-name>Applesauce</tier-name>
			<tier-lvl levelName="Applesauce">2</tier-lvl>
			<tier-desc/>
			<tier-allowedtechniques>1</tier-allowedtechniques>
			<tier-attributes>
				<tier-attribute type="dpReduction">Advances Death Point fade time by 22:00</tier-attribute>
			</tier-attributes>
			<tier-keywords>
				<tier-keyword>tier_2</tier-keyword>
			</tier-keywords>
			<resources>
				<resource>
					<resource-name>Sliced Apple</resource-name>
					<resource-skill>Cooking</resource-skill>
					<resource-min amount="6">200</resource-min>
					<resource-opt amount="3">325</resource-opt>
				</resource>
				<resource>
					<resource-name>Ground Cinnamon</resource-name>
					<resource-skill>Cooking</resource-skill>
					<resource-min amount="6">200</resource-min>
					<resource-opt amount="3">325</resource-opt>
				</resource>
				<resource>
					<resource-name>Sugar</resource-name>
					<resource-skill>Cooking</resource-skill>
					<resource-min amount="6">200</resource-min>
					<resource-opt amount="3">325</resource-opt>
				</resource>
			</resources>
		</tier>
		<tier>
			<tier-name>Berries Jubilee</tier-name>
			<tier-lvl levelName="Berries Jubilee">2</tier-lvl>
			<tier-desc/>
			<tier-allowedtechniques>1</tier-allowedtechniques>
			<tier-attributes>
				<tier-attribute type="dpReduction">Advances Death Point fade time by 30:00</tier-attribute>
			</tier-attributes>
			<tier-keywords>
				<tier-keyword>tier_2</tier-keyword>
			</tier-keywords>
			<resources>
				<resource>
					<resource-name>Heavy Cream</resource-name>
					<resource-skill>Cooking</resource-skill>
					<resource-min amount="2">300</resource-min>
					<resource-opt amount="1">425</resource-opt>
				</resource>
				<resource>
					<resource-name>Blueberry</resource-name>
					<resource-skill>Cooking</resource-skill>
					<resource-min amount="10">300</resource-min>
					<resource-opt amount="5">425</resource-opt>
				</resource>
				<resource>
					<resource-name>Strawberry</resource-name>
					<resource-skill>Cooking</resource-skill>
					<resource-min amount="10">300</resource-min>
					<resource-opt amount="5">425</resource-opt>
				</resource>
			</resources>
		</tier>
		<tier>
			<tier-name>Blackberry Cobbler</tier-name>
			<tier-lvl levelName="Blackberry Cobbler">2</tier-lvl>
			<tier-desc/>
			<tier-allowedtechniques>1</tier-allowedtechniques>
			<tier-attributes>
				<tier-attribute type="dpReduction">Advances Death Point fade time by 18:00</tier-attribute>
			</tier-attributes>
			<tier-keywords>
				<tier-keyword>tier_2</tier-keyword>
			</tier-keywords>
			<resources>
				<resource>
					<resource-name>Wheat Flour</resource-name>
					<resource-skill>Cooking</resource-skill>
					<resource-min amount="6">200</resource-min>
					<resource-opt amount="3">325</resource-opt>
				</resource>
				<resource>
					<resource-name>Mashed Blackberries</resource-name>
					<resource-skill>Cooking</resource-skill>
					<resource-min amount="6">200</resource-min>
					<resource-opt amount="3">325</resource-opt>
				</resource>
				<resource>
					<resource-name>Sugar</resource-name>
					<resource-skill>Cooking</resource-skill>
					<resource-min amount="6">200</resource-min>
					<resource-opt amount="3">325</resource-opt>
				</resource>
			</resources>
		</tier>
		<tier>
			<tier-name>Strawberry Crepe</tier-name>
			<tier-lvl levelName="Strawberry Crepe">2</tier-lvl>
			<tier-desc/>
			<tier-allowedtechniques>1</tier-allowedtechniques>
			<tier-attributes>
				<tier-attribute type="dpReduction">Advances Death Point fade time by 25:00</tier-attribute>
			</tier-attributes>
			<tier-keywords>
				<tier-keyword>tier_2</tier-keyword>
			</tier-keywords>
			<resources>
				<resource>
					<resource-name>Sliced Strawberries</resource-name>
					<resource-skill>Cooking</resource-skill>
					<resource-min amount="6">300</resource-min>
					<resource-opt amount="3">425</resource-opt>
				</resource>
				<resource>
					<resource-name>Sugar</resource-name>
					<resource-skill>Cooking</resource-skill>
					<resource-min amount="6">300</resource-min>
					<resource-opt amount="3">425</resource-opt>
				</resource>
				<resource>
					<resource-name>Wheat Dough</resource-name>
					<resource-skill>Cooking</resource-skill>
					<resource-min amount="10">300</resource-min>
					<resource-opt amount="5">425</resource-opt>
				</resource>
			</resources>
		</tier>
	</item>
	<item>
		<item-name>Tier III Desserts</item-name>
		<item-icon>icon_formula_f_03_01_11.png</item-icon>
		<item-batchqty>1</item-batchqty>
		<item-attributes>
			<item-attribute type="bulk">2</item-attribute>
			<item-attribute type="hoardValue">0</item-attribute>
		</item-attributes>
		<item-keywords>
			<item-keyword>food</item-keyword>
			<item-keyword>skill_use_cooking</item-keyword>
		</item-keywords>
		<tier>
			<tier-name>Banana Split</tier-name>
			<tier-lvl levelName="Banana Split">3</tier-lvl>
			<tier-desc/>
			<tier-allowedtechniques>1</tier-allowedtechniques>
			<tier-attributes>
				<tier-attribute type="dpReduction">Advances Death Point fade time by 35:00</tier-attribute>
				<tier-attribute type="dpReductionReqLvl">Less effective if any level is higher than 60</tier-attribute>
				<tier-attribute type="dpReductionMinLvl">Less effective if potential rating is under 41</tier-attribute>
			</tier-attributes>
			<tier-keywords>
				<tier-keyword>tier_3</tier-keyword>
			</tier-keywords>
			<resources>
				<resource>
					<resource-name>Sliced Bananas</resource-name>
					<resource-skill>Cooking</resource-skill>
					<resource-min amount="10">400</resource-min>
					<resource-opt amount="5">550</resource-opt>
				</resource>
				<resource>
					<resource-name>Vanilla</resource-name>
					<resource-skill>Cooking</resource-skill>
					<resource-min amount="2">400</resource-min>
					<resource-opt amount="2">400</resource-opt>
				</resource>
				<resource>
					<resource-name>Sugar</resource-name>
					<resource-skill>Cooking</resource-skill>
					<resource-min amount="3">400</resource-min>
					<resource-opt amount="1">550</resource-opt>
				</resource>
				<resource>
					<resource-name>Milk</resource-name>
					<resource-skill>Cooking</resource-skill>
					<resource-min amount="3">400</resource-min>
					<resource-opt amount="1">550</resource-opt>
				</resource>
			</resources>
		</tier>
		<tier>
			<tier-name>Cinnamon Bread</tier-name>
			<tier-lvl levelName="Cinnamon Bread">3</tier-lvl>
			<tier-desc/>
			<tier-allowedtechniques>1</tier-allowedtechniques>
			<tier-attributes>
				<tier-attribute type="dpReduction">Advances Death Point fade time by 50:00</tier-attribute>
				<tier-attribute type="dpReductionReqLvl">Less effective if any level is higher than 60</tier-attribute>
				<tier-attribute type="dpReductionMinLvl">Less effective if potential rating is under 41</tier-attribute>
			</tier-attributes>
			<tier-keywords>
				<tier-keyword>tier_3</tier-keyword>
			</tier-keywords>
			<resources>
				<resource>
					<resource-name>Ground Cinnamon</resource-name>
					<resource-skill>Cooking</resource-skill>
					<resource-min amount="2">500</resource-min>
					<resource-opt amount="1">650</resource-opt>
				</resource>
				<resource>
					<resource-name>Sugar</resource-name>
					<resource-skill>Cooking</resource-skill>
					<resource-min amount="6">500</resource-min>
					<resource-opt amount="3">650</resource-opt>
				</resource>
				<resource>
					<resource-name>Ground Salt</resource-name>
					<resource-skill>Cooking</resource-skill>
					<resource-min amount="8">500</resource-min>
					<resource-opt amount="4">650</resource-opt>
				</resource>
				<resource>
					<resource-name>Wheat Dough</resource-name>
					<resource-skill>Cooking</resource-skill>
					<resource-min amount="6">500</resource-min>
					<resource-opt amount="3">650</resource-opt>
				</resource>
			</resources>
		</tier>
		<tier>
			<tier-name>Granny Nuffle's Famous Scones</tier-name>
			<tier-lvl levelName="Granny Nuffle's Famous Scones">3</tier-lvl>
			<tier-desc/>
			<tier-allowedtechniques>1</tier-allowedtechniques>
			<tier-attributes>
				<tier-attribute type="dpReduction">Advances Death Point fade time by 45:00</tier-attribute>
				<tier-attribute type="dpReductionReqLvl">Less effective if any level is higher than 60</tier-attribute>
				<tier-attribute type="dpReductionMinLvl">Less effective if potential rating is under 41</tier-attribute>
			</tier-attributes>
			<tier-keywords>
				<tier-keyword>tier_3</tier-keyword>
			</tier-keywords>
			<resources>
				<resource>
					<resource-name>Raisins</resource-name>
					<resource-skill>Cooking</resource-skill>
					<resource-min amount="2">400</resource-min>
					<resource-opt amount="2">400</resource-opt>
				</resource>
				<resource>
					<resource-name>Butter</resource-name>
					<resource-skill>Cooking</resource-skill>
					<resource-min amount="3">400</resource-min>
					<resource-opt amount="1">550</resource-opt>
				</resource>
				<resource>
					<resource-name>Sugar</resource-name>
					<resource-skill>Cooking</resource-skill>
					<resource-min amount="3">400</resource-min>
					<resource-opt amount="1">550</resource-opt>
				</resource>
				<resource>
					<resource-name>Wheat Dough</resource-name>
					<resource-skill>Cooking</resource-skill>
					<resource-min amount="10">400</resource-min>
					<resource-opt amount="5">550</resource-opt>
				</resource>
			</resources>
		</tier>
		<tier>
			<tier-name>Granny Nuffle's Shortbread</tier-name>
			<tier-lvl levelName="Granny Nuffle's Shortbread">3</tier-lvl>
			<tier-desc/>
			<tier-allowedtechniques>1</tier-allowedtechniques>
			<tier-attributes>
				<tier-attribute type="dpReduction">Advances Death Point fade time by 40:00</tier-attribute>
				<tier-attribute type="dpReductionReqLvl">Less effective if any level is higher than 60</tier-attribute>
				<tier-attribute type="dpReductionMinLvl">Less effective if potential rating is under 41</tier-attribute>
			</tier-attributes>
			<tier-keywords>
				<tier-keyword>tier_3</tier-keyword>
			</tier-keywords>
			<resources>
				<resource>
					<resource-name>Wheat Flour</resource-name>
					<resource-skill>Cooking</resource-skill>
					<resource-min amount="10">400</resource-min>
					<resource-opt amount="5">550</resource-opt>
				</resource>
				<resource>
					<resource-name>Sliced Strawberries</resource-name>
					<resource-skill>Cooking</resource-skill>
					<resource-min amount="2">400</resource-min>
					<resource-opt amount="2">400</resource-opt>
				</resource>
				<resource>
					<resource-name>Butter</resource-name>
					<resource-skill>Cooking</resource-skill>
					<resource-min amount="3">400</resource-min>
					<resource-opt amount="1">550</resource-opt>
				</resource>
				<resource>
					<resource-name>Sugar</resource-name>
					<resource-skill>Cooking</resource-skill>
					<resource-min amount="3">400</resource-min>
					<resource-opt amount="1">550</resource-opt>
				</resource>
			</resources>
		</tier>
		<tier>
			<tier-name>Strawberry Cheesecake</tier-name>
			<tier-lvl levelName="Strawberry Cheesecake">3</tier-lvl>
			<tier-desc/>
			<tier-allowedtechniques>1</tier-allowedtechniques>
			<tier-attributes>
				<tier-attribute type="dpReduction">Advances Death Point fade time by 50:00</tier-attribute>
				<tier-attribute type="dpReductionReqLvl">Less effective if any level is higher than 60</tier-attribute>
				<tier-attribute type="dpReductionMinLvl">Less effective if potential rating is under 41</tier-attribute>
			</tier-attributes>
			<tier-keywords>
				<tier-keyword>tier_3</tier-keyword>
			</tier-keywords>
			<resources>
				<resource>
					<resource-name>Cream Cheese</resource-name>
					<resource-skill>Cooking</resource-skill>
					<resource-min amount="6">500</resource-min>
					<resource-opt amount="3">650</resource-opt>
				</resource>
				<resource>
					<resource-name>Wheat Flour</resource-name>
					<resource-skill>Cooking</resource-skill>
					<resource-min amount="6">500</resource-min>
					<resource-opt amount="3">650</resource-opt>
				</resource>
				<resource>
					<resource-name>Sliced Strawberries</resource-name>
					<resource-skill>Cooking</resource-skill>
					<resource-min amount="8">500</resource-min>
					<resource-opt amount="4">650</resource-opt>
				</resource>
				<resource>
					<resource-name>Vanilla</resource-name>
					<resource-skill>Cooking</resource-skill>
					<resource-min amount="2">500</resource-min>
					<resource-opt amount="1">650</resource-opt>
				</resource>
			</resources>
		</tier>
	</item>
	<item>
		<item-name>Tier IV Desserts</item-name>
		<item-icon>icon_formula_f_03_01_11.png</item-icon>
		<item-batchqty>1</item-batchqty>
		<item-attributes>
			<item-attribute type="bulk">2</item-attribute>
			<item-attribute type="hoardValue">0</item-attribute>
		</item-attributes>
		<item-keywords>
			<item-keyword>food</item-keyword>
			<item-keyword>skill_use_cooking</item-keyword>
		</item-keywords>
		<tier>
			<tier-name>Apple Cobbler</tier-name>
			<tier-lvl levelName="Apple Cobbler">4</tier-lvl>
			<tier-desc/>
			<tier-allowedtechniques>1</tier-allowedtechniques>
			<tier-attributes>
				<tier-attribute type="dpReduction">Advances Death Point fade time by 55:00</tier-attribute>
				<tier-attribute type="dpReductionReqLvl">Less effective if any level is higher than 80</tier-attribute>
				<tier-attribute type="dpReductionMinLvl">Less effective if potential rating is under 61</tier-attribute>
			</tier-attributes>
			<tier-keywords>
				<tier-keyword>tier_4</tier-keyword>
			</tier-keywords>
			<resources>
				<resource>
					<resource-name>Sliced Apple</resource-name>
					<resource-skill>Cooking</resource-skill>
					<resource-min amount="6">700</resource-min>
					<resource-opt amount="3">900</resource-opt>
				</resource>
				<resource>
					<resource-name>Ground Cinnamon</resource-name>
					<resource-skill>Cooking</resource-skill>
					<resource-min amount="2">700</resource-min>
					<resource-opt amount="1">900</resource-opt>
				</resource>
				<resource>
					<resource-name>Butter</resource-name>
					<resource-skill>Cooking</resource-skill>
					<resource-min amount="2">700</resource-min>
					<resource-opt amount="1">900</resource-opt>
				</resource>
				<resource>
					<resource-name>Sugar</resource-name>
					<resource-skill>Cooking</resource-skill>
					<resource-min amount="2">700</resource-min>
					<resource-opt amount="1">900</resource-opt>
				</resource>
				<resource>
					<resource-name>Wheat Dough</resource-name>
					<resource-skill>Cooking</resource-skill>
					<resource-min amount="6">700</resource-min>
					<resource-opt amount="3">900</resource-opt>
				</resource>
			</resources>
		</tier>
		<tier>
			<tier-name>Blueberry Muffin</tier-name>
			<tier-lvl levelName="Blueberry Muffin">4</tier-lvl>
			<tier-desc/>
			<tier-allowedtechniques>1</tier-allowedtechniques>
			<tier-attributes>
				<tier-attribute type="dpReduction">Advances Death Point fade time by 45:00</tier-attribute>
				<tier-attribute type="dpReductionReqLvl">Less effective if any level is higher than 80</tier-attribute>
				<tier-attribute type="dpReductionMinLvl">Less effective if potential rating is under 61</tier-attribute>
			</tier-attributes>
			<tier-keywords>
				<tier-keyword>tier_4</tier-keyword>
			</tier-keywords>
			<resources>
				<resource>
					<resource-name>Wheat Flour</resource-name>
					<resource-skill>Cooking</resource-skill>
					<resource-min amount="2">600</resource-min>
					<resource-opt amount="1">775</resource-opt>
				</resource>
				<resource>
					<resource-name>Ground Cinnamon</resource-name>
					<resource-skill>Cooking</resource-skill>
					<resource-min amount="2">600</resource-min>
					<resource-opt amount="1">775</resource-opt>
				</resource>
				<resource>
					<resource-name>Blueberry</resource-name>
					<resource-skill>Cooking</resource-skill>
					<resource-min amount="6">600</resource-min>
					<resource-opt amount="3">775</resource-opt>
				</resource>
				<resource>
					<resource-name>Honey</resource-name>
					<resource-skill>Cooking</resource-skill>
					<resource-min amount="2">600</resource-min>
					<resource-opt amount="1">775</resource-opt>
				</resource>
				<resource>
					<resource-name>Milk</resource-name>
					<resource-skill>Cooking</resource-skill>
					<resource-min amount="6">600</resource-min>
					<resource-opt amount="3">775</resource-opt>
				</resource>
			</resources>
		</tier>
		<tier>
			<tier-name>Fruit Medley</tier-name>
			<tier-lvl levelName="Fruit Medley">4</tier-lvl>
			<tier-desc/>
			<tier-allowedtechniques>1</tier-allowedtechniques>
			<tier-attributes>
				<tier-attribute type="dpReduction">Advances Death Point fade time by 45:00</tier-attribute>
				<tier-attribute type="dpReductionReqLvl">Less effective if any level is higher than 80</tier-attribute>
				<tier-attribute type="dpReductionMinLvl">Less effective if potential rating is under 61</tier-attribute>
			</tier-attributes>
			<tier-keywords>
				<tier-keyword>tier_4</tier-keyword>
			</tier-keywords>
			<resources>
				<resource>
					<resource-name>Sliced Bananas</resource-name>
					<resource-skill>Cooking</resource-skill>
					<resource-min amount="6">600</resource-min>
					<resource-opt amount="3">775</resource-opt>
				</resource>
				<resource>
					<resource-name>Sliced Apple</resource-name>
					<resource-skill>Cooking</resource-skill>
					<resource-min amount="6">600</resource-min>
					<resource-opt amount="3">775</resource-opt>
				</resource>
				<resource>
					<resource-name>Raspberry</resource-name>
					<resource-skill>Cooking</resource-skill>
					<resource-min amount="2">600</resource-min>
					<resource-opt amount="1">775</resource-opt>
				</resource>
				<resource>
					<resource-name>Blackberry</resource-name>
					<resource-skill>Cooking</resource-skill>
					<resource-min amount="2">600</resource-min>
					<resource-opt amount="1">775</resource-opt>
				</resource>
				<resource>
					<resource-name>Blueberry</resource-name>
					<resource-skill>Cooking</resource-skill>
					<resource-min amount="2">600</resource-min>
					<resource-opt amount="1">775</resource-opt>
				</resource>
			</resources>
		</tier>
		<tier>
			<tier-name>Lemon Cookies</tier-name>
			<tier-lvl levelName="Lemon Cookies">4</tier-lvl>
			<tier-desc/>
			<tier-allowedtechniques>1</tier-allowedtechniques>
			<tier-attributes>
				<tier-attribute type="dpReduction">Advances Death Point fade time by 50:00</tier-attribute>
				<tier-attribute type="dpReductionReqLvl">Less effective if any level is higher than 80</tier-attribute>
				<tier-attribute type="dpReductionMinLvl">Less effective if potential rating is under 61</tier-attribute>
			</tier-attributes>
			<tier-keywords>
				<tier-keyword>tier_4</tier-keyword>
			</tier-keywords>
			<resources>
				<resource>
					<resource-name>Lemon Zest</resource-name>
					<resource-skill>Cooking</resource-skill>
					<resource-min amount="6">700</resource-min>
					<resource-opt amount="3">900</resource-opt>
				</resource>
				<resource>
					<resource-name>Lemon Juice</resource-name>
					<resource-skill>Cooking</resource-skill>
					<resource-min amount="2">700</resource-min>
					<resource-opt amount="1">900</resource-opt>
				</resource>
				<resource>
					<resource-name>Butter</resource-name>
					<resource-skill>Cooking</resource-skill>
					<resource-min amount="2">700</resource-min>
					<resource-opt amount="1">900</resource-opt>
				</resource>
				<resource>
					<resource-name>Sugar</resource-name>
					<resource-skill>Cooking</resource-skill>
					<resource-min amount="2">700</resource-min>
					<resource-opt amount="1">900</resource-opt>
				</resource>
				<resource>
					<resource-name>Wheat Dough</resource-name>
					<resource-skill>Cooking</resource-skill>
					<resource-min amount="6">700</resource-min>
					<resource-opt amount="3">900</resource-opt>
				</resource>
			</resources>
		</tier>
	</item>
	<item>
		<item-name>Tier V Desserts</item-name>
		<item-icon>icon_formula_f_03_01_11.png</item-icon>
		<item-batchqty>1</item-batchqty>
		<item-attributes>
			<item-attribute type="dpReductionReqLvl">Less effective if any level is higher than 100</item-attribute>
			<item-attribute type="dpReductionMinLvl">Less effective if potential rating is under 81</item-attribute>
			<item-attribute type="bulk">2</item-attribute>
			<item-attribute type="hoardValue">0</item-attribute>
		</item-attributes>
		<item-keywords>
			<item-keyword>food</item-keyword>
			<item-keyword>tier_5</item-keyword>
			<item-keyword>skill_use_cooking</item-keyword>
		</item-keywords>
		<tier>
			<tier-name>Apple Pie</tier-name>
			<tier-lvl levelName="Apple Pie">5</tier-lvl>
			<tier-desc/>
			<tier-allowedtechniques>1</tier-allowedtechniques>
			<tier-attributes>
				<tier-attribute type="dpReduction">Advances Death Point fade time by 40:00</tier-attribute>
			</tier-attributes>
			<tier-keywords>
			</tier-keywords>
			<resources>
				<resource>
					<resource-name>Wheat Flour</resource-name>
					<resource-skill>Cooking</resource-skill>
					<resource-min amount="5">800</resource-min>
					<resource-opt amount="2">1025</resource-opt>
				</resource>
				<resource>
					<resource-name>Sliced Apple</resource-name>
					<resource-skill>Cooking</resource-skill>
					<resource-min amount="5">800</resource-min>
					<resource-opt amount="2">1025</resource-opt>
				</resource>
				<resource>
					<resource-name>Ground Cinnamon</resource-name>
					<resource-skill>Cooking</resource-skill>
					<resource-min amount="2">800</resource-min>
					<resource-opt amount="1">1025</resource-opt>
				</resource>
				<resource>
					<resource-name>Butter</resource-name>
					<resource-skill>Cooking</resource-skill>
					<resource-min amount="2">800</resource-min>
					<resource-opt amount="1">1025</resource-opt>
				</resource>
				<resource>
					<resource-name>Sugar</resource-name>
					<resource-skill>Cooking</resource-skill>
					<resource-min amount="2">800</resource-min>
					<resource-opt amount="1">1025</resource-opt>
				</resource>
				<resource>
					<resource-name>Ground Salt</resource-name>
					<resource-skill>Cooking</resource-skill>
					<resource-min amount="2">800</resource-min>
					<resource-opt amount="1">1025</resource-opt>
				</resource>
			</resources>
		</tier>
		<tier>
			<tier-name>Apricot Fruitcake</tier-name>
			<tier-lvl levelName="Apricot Fruitcake">5</tier-lvl>
			<tier-desc/>
			<tier-allowedtechniques>1</tier-allowedtechniques>
			<tier-attributes>
				<tier-attribute type="dpReduction">Advances Death Point fade time by 45:00</tier-attribute>
			</tier-attributes>
			<tier-keywords>
			</tier-keywords>
			<resources>
				<resource>
					<resource-name>Wheat Flour</resource-name>
					<resource-skill>Cooking</resource-skill>
					<resource-min amount="5">800</resource-min>
					<resource-opt amount="2">1025</resource-opt>
				</resource>
				<resource>
					<resource-name>Sliced Apricots</resource-name>
					<resource-skill>Cooking</resource-skill>
					<resource-min amount="5">800</resource-min>
					<resource-opt amount="2">1025</resource-opt>
				</resource>
				<resource>
					<resource-name>Raisins</resource-name>
					<resource-skill>Cooking</resource-skill>
					<resource-min amount="2">800</resource-min>
					<resource-opt amount="1">1025</resource-opt>
				</resource>
				<resource>
					<resource-name>Butter</resource-name>
					<resource-skill>Cooking</resource-skill>
					<resource-min amount="2">800</resource-min>
					<resource-opt amount="1">1025</resource-opt>
				</resource>
				<resource>
					<resource-name>Sugar</resource-name>
					<resource-skill>Cooking</resource-skill>
					<resource-min amount="2">800</resource-min>
					<resource-opt amount="1">1025</resource-opt>
				</resource>
				<resource>
					<resource-name>Egg</resource-name>
					<resource-skill>Cooking</resource-skill>
					<resource-min amount="2">800</resource-min>
					<resource-opt amount="1">1025</resource-opt>
				</resource>
			</resources>
		</tier>
		<tier>
			<tier-name>Banana Cream Pie</tier-name>
			<tier-lvl levelName="Banana Cream Pie">5</tier-lvl>
			<tier-desc/>
			<tier-allowedtechniques>1</tier-allowedtechniques>
			<tier-attributes>
				<tier-attribute type="dpReduction">Advances Death Point fade time by 40:00</tier-attribute>
			</tier-attributes>
			<tier-keywords>
			</tier-keywords>
			<resources>
				<resource>
					<resource-name>Wheat Flour</resource-name>
					<resource-skill>Cooking</resource-skill>
					<resource-min amount="5">800</resource-min>
					<resource-opt amount="2">1025</resource-opt>
				</resource>
				<resource>
					<resource-name>Sliced Bananas</resource-name>
					<resource-skill>Cooking</resource-skill>
					<resource-min amount="5">800</resource-min>
					<resource-opt amount="2">1025</resource-opt>
				</resource>
				<resource>
					<resource-name>Butter</resource-name>
					<resource-skill>Cooking</resource-skill>
					<resource-min amount="2">800</resource-min>
					<resource-opt amount="1">1025</resource-opt>
				</resource>
				<resource>
					<resource-name>Vanilla</resource-name>
					<resource-skill>Cooking</resource-skill>
					<resource-min amount="2">800</resource-min>
					<resource-opt amount="1">1025</resource-opt>
				</resource>
				<resource>
					<resource-name>Sugar</resource-name>
					<resource-skill>Cooking</resource-skill>
					<resource-min amount="2">800</resource-min>
					<resource-opt amount="1">1025</resource-opt>
				</resource>
				<resource>
					<resource-name>Ground Salt</resource-name>
					<resource-skill>Cooking</resource-skill>
					<resource-min amount="2">800</resource-min>
					<resource-opt amount="1">1025</resource-opt>
				</resource>
			</resources>
		</tier>
		<tier>
			<tier-name>Banana Nut Bread</tier-name>
			<tier-lvl levelName="Banana Nut Bread">5</tier-lvl>
			<tier-desc/>
			<tier-allowedtechniques>1</tier-allowedtechniques>
			<tier-attributes>
				<tier-attribute type="dpReduction">Advances Death Point fade time by 55:00</tier-attribute>
			</tier-attributes>
			<tier-keywords>
			</tier-keywords>
			<resources>
				<resource>
					<resource-name>Buttermilk</resource-name>
					<resource-skill>Cooking</resource-skill>
					<resource-min amount="5">900</resource-min>
					<resource-opt amount="2">1125</resource-opt>
				</resource>
				<resource>
					<resource-name>Sliced Bananas</resource-name>
					<resource-skill>Cooking</resource-skill>
					<resource-min amount="6">900</resource-min>
					<resource-opt amount="3">1125</resource-opt>
				</resource>
				<resource>
					<resource-name>Ground Cinnamon</resource-name>
					<resource-skill>Cooking</resource-skill>
					<resource-min amount="2">900</resource-min>
					<resource-opt amount="1">1125</resource-opt>
				</resource>
				<resource>
					<resource-name>Vanilla</resource-name>
					<resource-skill>Cooking</resource-skill>
					<resource-min amount="2">900</resource-min>
					<resource-opt amount="1">1125</resource-opt>
				</resource>
				<resource>
					<resource-name>Medjool Dates</resource-name>
					<resource-skill>Cooking</resource-skill>
					<resource-min amount="2">900</resource-min>
					<resource-opt amount="1">1125</resource-opt>
				</resource>
				<resource>
					<resource-name>Wheat Dough</resource-name>
					<resource-skill>Cooking</resource-skill>
					<resource-min amount="5">900</resource-min>
					<resource-opt amount="2">1125</resource-opt>
				</resource>
			</resources>
		</tier>
		<tier>
			<tier-name>Blueberry Scones</tier-name>
			<tier-lvl levelName="Blueberry Scones">5</tier-lvl>
			<tier-desc/>
			<tier-allowedtechniques>1</tier-allowedtechniques>
			<tier-attributes>
				<tier-attribute type="dpReduction">Advances Death Point fade time by 52:00</tier-attribute>
			</tier-attributes>
			<tier-keywords>
			</tier-keywords>
			<resources>
				<resource>
					<resource-name>Heavy Cream</resource-name>
					<resource-skill>Cooking</resource-skill>
					<resource-min amount="2">900</resource-min>
					<resource-opt amount="1">1125</resource-opt>
				</resource>
				<resource>
					<resource-name>Wheat Flour</resource-name>
					<resource-skill>Cooking</resource-skill>
					<resource-min amount="5">900</resource-min>
					<resource-opt amount="2">1125</resource-opt>
				</resource>
				<resource>
					<resource-name>Mashed Blueberries</resource-name>
					<resource-skill>Cooking</resource-skill>
					<resource-min amount="6">900</resource-min>
					<resource-opt amount="3">1125</resource-opt>
				</resource>
				<resource>
					<resource-name>Butter</resource-name>
					<resource-skill>Cooking</resource-skill>
					<resource-min amount="2">900</resource-min>
					<resource-opt amount="1">1125</resource-opt>
				</resource>
				<resource>
					<resource-name>Sugar</resource-name>
					<resource-skill>Cooking</resource-skill>
					<resource-min amount="2">900</resource-min>
					<resource-opt amount="1">1125</resource-opt>
				</resource>
				<resource>
					<resource-name>Egg</resource-name>
					<resource-skill>Cooking</resource-skill>
					<resource-min amount="5">900</resource-min>
					<resource-opt amount="2">1125</resource-opt>
				</resource>
			</resources>
		</tier>
		<tier>
			<tier-name>Chocolate Cheesecake</tier-name>
			<tier-lvl levelName="Chocolate Cheesecake">5</tier-lvl>
			<tier-desc/>
			<tier-allowedtechniques>1</tier-allowedtechniques>
			<tier-attributes>
				<tier-attribute type="dpReduction">Advances Death Point fade time by 1:05:00</tier-attribute>
			</tier-attributes>
			<tier-keywords>
			</tier-keywords>
			<resources>
				<resource>
					<resource-name>Heavy Cream</resource-name>
					<resource-skill>Cooking</resource-skill>
					<resource-min amount="2">900</resource-min>
					<resource-opt amount="1">1125</resource-opt>
				</resource>
				<resource>
					<resource-name>Cream Cheese</resource-name>
					<resource-skill>Cooking</resource-skill>
					<resource-min amount="5">900</resource-min>
					<resource-opt amount="2">1125</resource-opt>
				</resource>
				<resource>
					<resource-name>Wheat Flour</resource-name>
					<resource-skill>Cooking</resource-skill>
					<resource-min amount="5">900</resource-min>
					<resource-opt amount="2">1125</resource-opt>
				</resource>
				<resource>
					<resource-name>Ground Cinnamon</resource-name>
					<resource-skill>Cooking</resource-skill>
					<resource-min amount="2">900</resource-min>
					<resource-opt amount="1">1125</resource-opt>
				</resource>
				<resource>
					<resource-name>Chocolate</resource-name>
					<resource-skill>Cooking</resource-skill>
					<resource-min amount="6">900</resource-min>
					<resource-opt amount="3">1125</resource-opt>
				</resource>
				<resource>
					<resource-name>Vanilla</resource-name>
					<resource-skill>Cooking</resource-skill>
					<resource-min amount="2">900</resource-min>
					<resource-opt amount="1">1125</resource-opt>
				</resource>
			</resources>
		</tier>
		<tier>
			<tier-name>Chocolate-Chip Cookies</tier-name>
			<tier-lvl levelName="Chocolate-Chip Cookies">5</tier-lvl>
			<tier-desc/>
			<tier-allowedtechniques>1</tier-allowedtechniques>
			<tier-attributes>
				<tier-attribute type="dpReduction">Advances Death Point fade time by 52:00</tier-attribute>
			</tier-attributes>
			<tier-keywords>
			</tier-keywords>
			<resources>
				<resource>
					<resource-name>Beaten Eggs</resource-name>
					<resource-skill>Cooking</resource-skill>
					<resource-min amount="5">900</resource-min>
					<resource-opt amount="2">1125</resource-opt>
				</resource>
				<resource>
					<resource-name>Butter</resource-name>
					<resource-skill>Cooking</resource-skill>
					<resource-min amount="2">900</resource-min>
					<resource-opt amount="1">1125</resource-opt>
				</resource>
				<resource>
					<resource-name>Chocolate</resource-name>
					<resource-skill>Cooking</resource-skill>
					<resource-min amount="5">900</resource-min>
					<resource-opt amount="2">1125</resource-opt>
				</resource>
				<resource>
					<resource-name>Vanilla</resource-name>
					<resource-skill>Cooking</resource-skill>
					<resource-min amount="2">900</resource-min>
					<resource-opt amount="1">1125</resource-opt>
				</resource>
				<resource>
					<resource-name>Sugar</resource-name>
					<resource-skill>Cooking</resource-skill>
					<resource-min amount="2">900</resource-min>
					<resource-opt amount="1">1125</resource-opt>
				</resource>
				<resource>
					<resource-name>Wheat Dough</resource-name>
					<resource-skill>Cooking</resource-skill>
					<resource-min amount="6">900</resource-min>
					<resource-opt amount="3">1125</resource-opt>
				</resource>
			</resources>
		</tier>
		<tier>
			<tier-name>Pumpkin Bread</tier-name>
			<tier-lvl levelName="Pumpkin Bread">5</tier-lvl>
			<tier-desc/>
			<tier-allowedtechniques>1</tier-allowedtechniques>
			<tier-attributes>
				<tier-attribute type="dpReduction">Advances Death Point fade time by 52:00</tier-attribute>
			</tier-attributes>
			<tier-keywords>
			</tier-keywords>
			<resources>
				<resource>
					<resource-name>Pie Crust</resource-name>
					<resource-skill>Cooking</resource-skill>
					<resource-min amount="5">900</resource-min>
					<resource-opt amount="2">1125</resource-opt>
				</resource>
				<resource>
					<resource-name>Mashed Pumpkin</resource-name>
					<resource-skill>Cooking</resource-skill>
					<resource-min amount="6">900</resource-min>
					<resource-opt amount="3">1125</resource-opt>
				</resource>
				<resource>
					<resource-name>Ground Cinnamon</resource-name>
					<resource-skill>Cooking</resource-skill>
					<resource-min amount="2">900</resource-min>
					<resource-opt amount="1">1125</resource-opt>
				</resource>
				<resource>
					<resource-name>Nutmeg</resource-name>
					<resource-skill>Cooking</resource-skill>
					<resource-min amount="2">900</resource-min>
					<resource-opt amount="1">1125</resource-opt>
				</resource>
				<resource>
					<resource-name>Sugar</resource-name>
					<resource-skill>Cooking</resource-skill>
					<resource-min amount="5">900</resource-min>
					<resource-opt amount="2">1125</resource-opt>
				</resource>
				<resource>
					<resource-name>Ground Salt</resource-name>
					<resource-skill>Cooking</resource-skill>
					<resource-min amount="2">900</resource-min>
					<resource-opt amount="1">1125</resource-opt>
				</resource>
			</resources>
		</tier>
		<tier>
			<tier-name>Quinoa Pudding</tier-name>
			<tier-lvl levelName="Quinoa Pudding">5</tier-lvl>
			<tier-desc/>
			<tier-allowedtechniques>1</tier-allowedtechniques>
			<tier-attributes>
				<tier-attribute type="dpReduction">Advances Death Point fade time by 45:00</tier-attribute>
			</tier-attributes>
			<tier-keywords>
			</tier-keywords>
			<resources>
				<resource>
					<resource-name>Lemon Juice</resource-name>
					<resource-skill>Cooking</resource-skill>
					<resource-min amount="3">800</resource-min>
					<resource-opt amount="2">1025</resource-opt>
				</resource>
				<resource>
					<resource-name>Ground Cinnamon</resource-name>
					<resource-skill>Cooking</resource-skill>
					<resource-min amount="2">800</resource-min>
					<resource-opt amount="1">1025</resource-opt>
				</resource>
				<resource>
					<resource-name>Quinoa</resource-name>
					<resource-skill>Cooking</resource-skill>
					<resource-min amount="5">800</resource-min>
					<resource-opt amount="2">1025</resource-opt>
				</resource>
				<resource>
					<resource-name>Raisins</resource-name>
					<resource-skill>Cooking</resource-skill>
					<resource-min amount="5">800</resource-min>
					<resource-opt amount="2">1025</resource-opt>
				</resource>
				<resource>
					<resource-name>Vanilla</resource-name>
					<resource-skill>Cooking</resource-skill>
					<resource-min amount="2">800</resource-min>
					<resource-opt amount="1">1025</resource-opt>
				</resource>
				<resource>
					<resource-name>Water</resource-name>
					<resource-skill>Cooking</resource-skill>
					<resource-min amount="1">800</resource-min>
					<resource-opt amount="1">800</resource-opt>
				</resource>
			</resources>
		</tier>
		<tier>
			<tier-name>Salt Water Taffy</tier-name>
			<tier-lvl levelName="Salt Water Taffy">5</tier-lvl>
			<tier-desc/>
			<tier-allowedtechniques>1</tier-allowedtechniques>
			<tier-attributes>
				<tier-attribute type="dpReduction">Advances Death Point fade time by 55:00</tier-attribute>
			</tier-attributes>
			<tier-keywords>
			</tier-keywords>
			<resources>
				<resource>
					<resource-name>Maple Syrup</resource-name>
					<resource-skill>Cooking</resource-skill>
					<resource-min amount="6">900</resource-min>
					<resource-opt amount="3">1125</resource-opt>
				</resource>
				<resource>
					<resource-name>Rubbed Mint</resource-name>
					<resource-skill>Cooking</resource-skill>
					<resource-min amount="2">900</resource-min>
					<resource-opt amount="1">1125</resource-opt>
				</resource>
				<resource>
					<resource-name>Butter</resource-name>
					<resource-skill>Cooking</resource-skill>
					<resource-min amount="5">900</resource-min>
					<resource-opt amount="2">1125</resource-opt>
				</resource>
				<resource>
					<resource-name>Vanilla</resource-name>
					<resource-skill>Cooking</resource-skill>
					<resource-min amount="2">900</resource-min>
					<resource-opt amount="1">1125</resource-opt>
				</resource>
				<resource>
					<resource-name>Sugar</resource-name>
					<resource-skill>Cooking</resource-skill>
					<resource-min amount="5">900</resource-min>
					<resource-opt amount="2">1125</resource-opt>
				</resource>
				<resource>
					<resource-name>Ground Salt</resource-name>
					<resource-skill>Cooking</resource-skill>
					<resource-min amount="2">900</resource-min>
					<resource-opt amount="1">1125</resource-opt>
				</resource>
			</resources>
		</tier>
	</item>
	<item>
		<item-name>Tier VI Desserts</item-name>
		<item-icon>icon_formula_f_03_01_11.png</item-icon>
		<item-batchqty>1</item-batchqty>
		<item-attributes>
			<item-attribute type="dpReduction">Advances Death Point fade time by 1:10:00</item-attribute>
			<item-attribute type="dpReductionReqLvl">Less effective if any level is higher than 120</item-attribute>
			<item-attribute type="dpReductionMinLvl">Less effective if potential rating is under 101</item-attribute>
			<item-attribute type="bulk">2</item-attribute>
			<item-attribute type="hoardValue">0</item-attribute>
		</item-attributes>
		<item-keywords>
			<item-keyword>food</item-keyword>
			<item-keyword>tier_6</item-keyword>
			<item-keyword>skill_use_cooking</item-keyword>
		</item-keywords>
		<tier>
			<tier-name>Berry Tart</tier-name>
			<tier-lvl levelName="Berry Tart">6</tier-lvl>
			<tier-desc/>
			<tier-allowedtechniques>2</tier-allowedtechniques>
			<tier-attributes>
			</tier-attributes>
			<tier-keywords>
			</tier-keywords>
			<resources>
				<resource>
					<resource-name>Pie Crust</resource-name>
					<resource-skill>Cooking</resource-skill>
					<resource-min amount="4">1000</resource-min>
					<resource-opt amount="2">1250</resource-opt>
				</resource>
				<resource>
					<resource-name>Sliced Strawberries</resource-name>
					<resource-skill>Cooking</resource-skill>
					<resource-min amount="2">1000</resource-min>
					<resource-opt amount="1">1250</resource-opt>
				</resource>
				<resource>
					<resource-name>Mashed Raspberries</resource-name>
					<resource-skill>Cooking</resource-skill>
					<resource-min amount="2">1000</resource-min>
					<resource-opt amount="1">1250</resource-opt>
				</resource>
				<resource>
					<resource-name>Mashed Blueberries</resource-name>
					<resource-skill>Cooking</resource-skill>
					<resource-min amount="2">1000</resource-min>
					<resource-opt amount="1">1250</resource-opt>
				</resource>
				<resource>
					<resource-name>Mashed Blackberries</resource-name>
					<resource-skill>Cooking</resource-skill>
					<resource-min amount="2">1000</resource-min>
					<resource-opt amount="1">1250</resource-opt>
				</resource>
				<resource>
					<resource-name>Lemon Zest</resource-name>
					<resource-skill>Cooking</resource-skill>
					<resource-min amount="1">1000</resource-min>
					<resource-opt amount="1">1000</resource-opt>
				</resource>
				<resource>
					<resource-name>Sugar</resource-name>
					<resource-skill>Cooking</resource-skill>
					<resource-min amount="5">1000</resource-min>
					<resource-opt amount="2">1250</resource-opt>
				</resource>
			</resources>
		</tier>
		<tier>
			<tier-name>Chocolate Mousse</tier-name>
			<tier-lvl levelName="Chocolate Mousse">6</tier-lvl>
			<tier-desc/>
			<tier-allowedtechniques>2</tier-allowedtechniques>
			<tier-attributes>
			</tier-attributes>
			<tier-keywords>
			</tier-keywords>
			<resources>
				<resource>
					<resource-name>Cream</resource-name>
					<resource-skill>Cooking</resource-skill>
					<resource-min amount="2">1000</resource-min>
					<resource-opt amount="1">1250</resource-opt>
				</resource>
				<resource>
					<resource-name>Heavy Cream</resource-name>
					<resource-skill>Cooking</resource-skill>
					<resource-min amount="4">1000</resource-min>
					<resource-opt amount="2">1250</resource-opt>
				</resource>
				<resource>
					<resource-name>Mashed Raspberries</resource-name>
					<resource-skill>Cooking</resource-skill>
					<resource-min amount="2">1000</resource-min>
					<resource-opt amount="1">1250</resource-opt>
				</resource>
				<resource>
					<resource-name>Lemon Zest</resource-name>
					<resource-skill>Cooking</resource-skill>
					<resource-min amount="2">1000</resource-min>
					<resource-opt amount="1">1250</resource-opt>
				</resource>
				<resource>
					<resource-name>Chocolate</resource-name>
					<resource-skill>Cooking</resource-skill>
					<resource-min amount="4">1000</resource-min>
					<resource-opt amount="2">1250</resource-opt>
				</resource>
				<resource>
					<resource-name>Vanilla</resource-name>
					<resource-skill>Cooking</resource-skill>
					<resource-min amount="2">1000</resource-min>
					<resource-opt amount="1">1250</resource-opt>
				</resource>
				<resource>
					<resource-name>Sugar</resource-name>
					<resource-skill>Cooking</resource-skill>
					<resource-min amount="2">1000</resource-min>
					<resource-opt amount="1">1250</resource-opt>
				</resource>
			</resources>
		</tier>
		<tier>
			<tier-name>Fruit B'stella</tier-name>
			<tier-lvl levelName="Fruit B'stella">6</tier-lvl>
			<tier-desc/>
			<tier-allowedtechniques>2</tier-allowedtechniques>
			<tier-attributes>
			</tier-attributes>
			<tier-keywords>
			</tier-keywords>
			<resources>
				<resource>
					<resource-name>Sliced Pears</resource-name>
					<resource-skill>Cooking</resource-skill>
					<resource-min amount="4">1100</resource-min>
					<resource-opt amount="2">1350</resource-opt>
				</resource>
				<resource>
					<resource-name>Sliced Bananas</resource-name>
					<resource-skill>Cooking</resource-skill>
					<resource-min amount="4">1100</resource-min>
					<resource-opt amount="2">1350</resource-opt>
				</resource>
				<resource>
					<resource-name>Sliced Apricots</resource-name>
					<resource-skill>Cooking</resource-skill>
					<resource-min amount="4">1100</resource-min>
					<resource-opt amount="2">1350</resource-opt>
				</resource>
				<resource>
					<resource-name>Sliced Apple</resource-name>
					<resource-skill>Cooking</resource-skill>
					<resource-min amount="4">1100</resource-min>
					<resource-opt amount="2">1350</resource-opt>
				</resource>
				<resource>
					<resource-name>Ground Cinnamon</resource-name>
					<resource-skill>Cooking</resource-skill>
					<resource-min amount="2">1100</resource-min>
					<resource-opt amount="1">1350</resource-opt>
				</resource>
				<resource>
					<resource-name>Sugar</resource-name>
					<resource-skill>Cooking</resource-skill>
					<resource-min amount="2">1100</resource-min>
					<resource-opt amount="1">1350</resource-opt>
				</resource>
				<resource>
					<resource-name>Wheat Dough</resource-name>
					<resource-skill>Cooking</resource-skill>
					<resource-min amount="2">1100</resource-min>
					<resource-opt amount="1">1350</resource-opt>
				</resource>
			</resources>
		</tier>
		<tier>
			<tier-name>Maple Fudge</tier-name>
			<tier-lvl levelName="Maple Fudge">6</tier-lvl>
			<tier-desc/>
			<tier-allowedtechniques>2</tier-allowedtechniques>
			<tier-attributes>
			</tier-attributes>
			<tier-keywords>
			</tier-keywords>
			<resources>
				<resource>
					<resource-name>Maple Syrup</resource-name>
					<resource-skill>Cooking</resource-skill>
					<resource-min amount="4">1100</resource-min>
					<resource-opt amount="2">1350</resource-opt>
				</resource>
				<resource>
					<resource-name>Heavy Cream</resource-name>
					<resource-skill>Cooking</resource-skill>
					<resource-min amount="2">1100</resource-min>
					<resource-opt amount="1">1350</resource-opt>
				</resource>
				<resource>
					<resource-name>Sweet Condensed Milk</resource-name>
					<resource-skill>Cooking</resource-skill>
					<resource-min amount="2">1100</resource-min>
					<resource-opt amount="1">1350</resource-opt>
				</resource>
				<resource>
					<resource-name>Butter</resource-name>
					<resource-skill>Cooking</resource-skill>
					<resource-min amount="4">1100</resource-min>
					<resource-opt amount="2">1350</resource-opt>
				</resource>
				<resource>
					<resource-name>Vanilla</resource-name>
					<resource-skill>Cooking</resource-skill>
					<resource-min amount="2">1100</resource-min>
					<resource-opt amount="1">1350</resource-opt>
				</resource>
				<resource>
					<resource-name>Sugar</resource-name>
					<resource-skill>Cooking</resource-skill>
					<resource-min amount="6">1100</resource-min>
					<resource-opt amount="3">1350</resource-opt>
				</resource>
				<resource>
					<resource-name>Ground Salt</resource-name>
					<resource-skill>Cooking</resource-skill>
					<resource-min amount="2">1100</resource-min>
					<resource-opt amount="1">1350</resource-opt>
				</resource>
			</resources>
		</tier>
		<tier>
			<tier-name>Pumpkin Cheesecake</tier-name>
			<tier-lvl levelName="Pumpkin Cheesecake">6</tier-lvl>
			<tier-desc/>
			<tier-allowedtechniques>2</tier-allowedtechniques>
			<tier-attributes>
			</tier-attributes>
			<tier-keywords>
			</tier-keywords>
			<resources>
				<resource>
					<resource-name>Pie Crust</resource-name>
					<resource-skill>Cooking</resource-skill>
					<resource-min amount="2">1000</resource-min>
					<resource-opt amount="1">1250</resource-opt>
				</resource>
				<resource>
					<resource-name>Heavy Cream</resource-name>
					<resource-skill>Cooking</resource-skill>
					<resource-min amount="2">1000</resource-min>
					<resource-opt amount="1">1250</resource-opt>
				</resource>
				<resource>
					<resource-name>Cream Cheese</resource-name>
					<resource-skill>Cooking</resource-skill>
					<resource-min amount="2">1000</resource-min>
					<resource-opt amount="1">1250</resource-opt>
				</resource>
				<resource>
					<resource-name>Mashed Pumpkin</resource-name>
					<resource-skill>Cooking</resource-skill>
					<resource-min amount="6">1000</resource-min>
					<resource-opt amount="3">1250</resource-opt>
				</resource>
				<resource>
					<resource-name>Ground Cinnamon</resource-name>
					<resource-skill>Cooking</resource-skill>
					<resource-min amount="2">1000</resource-min>
					<resource-opt amount="1">1250</resource-opt>
				</resource>
				<resource>
					<resource-name>Nutmeg</resource-name>
					<resource-skill>Cooking</resource-skill>
					<resource-min amount="2">1000</resource-min>
					<resource-opt amount="1">1250</resource-opt>
				</resource>
				<resource>
					<resource-name>Vanilla</resource-name>
					<resource-skill>Cooking</resource-skill>
					<resource-min amount="2">1000</resource-min>
					<resource-opt amount="1">1250</resource-opt>
				</resource>
			</resources>
		</tier>
	</item>
</formulaset>
