<?xml version="1.0" encoding="ISO-8859-1"?>
<formulaset format="2.1">
	<formulaset-name>Rare Food - Main Dishes</formulaset-name>
	<formulaset-categories>
		<formulaset-category>Food</formulaset-category>
	</formulaset-categories>
	<item>
		<item-name>Tier I: Ariadni's Gruok Sausage</item-name>
		<item-icon>icon_formula_f_02_01_11.png</item-icon>
		<item-batchqty>1</item-batchqty>
		<item-attributes>
			<item-attribute type="dpReduction">Advances Death Point fade time by 40:00</item-attribute>
			<item-attribute type="dpReductionReqLvl">Less effective if any level is higher than 20</item-attribute>
			<item-attribute type="bulk">2</item-attribute>
			<item-attribute type="hoardValue">0</item-attribute>
		</item-attributes>
		<item-keywords>
			<item-keyword>food</item-keyword>
			<item-keyword>tier_1</item-keyword>
			<item-keyword>skill_use_cooking</item-keyword>
		</item-keywords>
		<tier>
			<tier-name>Ariadni's Gruok Sausage</tier-name>
			<tier-lvl>1</tier-lvl>
			<tier-desc>Calling All Cooks Contest Winner, Tier 1 - Submitted by Ariadni of Order - "I love the smell of gruok roasting in the morning. It's like... victory."</tier-desc>
			<tier-allowedtechniques>0</tier-allowedtechniques>
			<tier-attributes>
			</tier-attributes>
			<tier-keywords>
			</tier-keywords>
			<resources>
				<resource>
					<resource-name>Trimmed Gruok Flank</resource-name>
					<resource-skill>Cooking</resource-skill>
					<resource-opt amount="6">100</resource-opt>
					<resource-min amount="12">1</resource-min>
				</resource>
				<resource>
					<resource-name>Garlic Powder</resource-name>
					<resource-skill>Cooking</resource-skill>
					<resource-opt amount="7">100</resource-opt>
					<resource-min amount="14">1</resource-min>
				</resource>
			</resources>
		</tier>
	</item>
	<item>
		<item-name>Tier VI: Bitterroot Stew</item-name>
		<item-icon>icon_formula_f_09_01_11.png</item-icon>
		<item-batchqty>1</item-batchqty>
		<item-attributes>
			<item-attribute type="dpReduction">Advances Death Point fade time by 2:20:00</item-attribute>
			<item-attribute type="dpReductionReqLvl">Less effective if any level is higher than 120</item-attribute>
			<item-attribute type="dpReductionReqLvl">Less effective if potential rating is under 101</item-attribute>
			<item-attribute type="bulk">2</item-attribute>
			<item-attribute type="hoardValue">0</item-attribute>
		</item-attributes>
		<item-keywords>
			<item-keyword>food</item-keyword>
			<item-keyword>tier_6</item-keyword>
			<item-keyword>skill_use_cooking</item-keyword>
		</item-keywords>
		<tier>
			<tier-name>Bitterroot Stew</tier-name>
			<tier-lvl>6</tier-lvl>
			<tier-desc>Calling All Cooks Contest Winner, Tier 6 - Submitted by Samael of Order - Tastes great, remarkably filling.</tier-desc>
			<tier-allowedtechniques>0</tier-allowedtechniques>
			<tier-attributes>
			</tier-attributes>
			<tier-keywords>
			</tier-keywords>
			<resources>
				<resource>
					<resource-name>Ground Bitterroot</resource-name>
					<resource-skill>Cooking</resource-skill>
					<resource-opt amount="2">1250</resource-opt>
					<resource-min amount="4">1000</resource-min>
				</resource>
				<resource>
					<resource-name>Cleaned Blood Caps</resource-name>
					<resource-skill>Cooking</resource-skill>
					<resource-opt amount="2">1250</resource-opt>
					<resource-min amount="4">1000</resource-min>
				</resource>
				<resource>
					<resource-name>Rubbed Rosemary</resource-name>
					<resource-skill>Cooking</resource-skill>
					<resource-opt amount="1">1250</resource-opt>
					<resource-min amount="2">1000</resource-min>
				</resource>
				<resource>
					<resource-name>Rubbed Basil</resource-name>
					<resource-skill>Cooking</resource-skill>
					<resource-opt amount="1">1250</resource-opt>
					<resource-min amount="2">1000</resource-min>
				</resource>
				<resource>
					<resource-name>Dried Bay Leaf</resource-name>
					<resource-skill>Cooking</resource-skill>
					<resource-opt amount="1">1250</resource-opt>
					<resource-min amount="2">1000</resource-min>
				</resource>
				<resource>
					<resource-name>Trimmed Gruok Flank</resource-name>
					<resource-skill>Cooking</resource-skill>
					<resource-opt amount="3">1250</resource-opt>
					<resource-min amount="6">1000</resource-min>
				</resource>
				<resource>
					<resource-name>Water</resource-name>
					<resource-skill>Cooking</resource-skill>
					<resource-opt amount="3">1250</resource-opt>
					<resource-min amount="6">1000</resource-min>
				</resource>
			</resources>
		</tier>
	</item>
	<item>
		<item-name>Tier II: Deth's Roasted Gruok</item-name>
		<item-icon>icon_formula_f_02_01_11.png</item-icon>
		<item-batchqty>1</item-batchqty>
		<item-attributes>
			<item-attribute type="dpReduction">Advances Death Point fade time by 1:05:00</item-attribute>
			<item-attribute type="dpReductionReqLvl">Less effective if any level is higher than 40</item-attribute>
			<item-attribute type="dpReductionReqLvl">Less effective if potential rating is under 21</item-attribute>
			<item-attribute type="bulk">2</item-attribute>
			<item-attribute type="hoardValue">0</item-attribute>
		</item-attributes>
		<item-keywords>
			<item-keyword>food</item-keyword>
			<item-keyword>tier_2</item-keyword>
			<item-keyword>skill_use_cooking</item-keyword>
		</item-keywords>
		<tier>
			<tier-name>Deth's Roasted Gruok</tier-name>
			<tier-lvl>2</tier-lvl>
			<tier-desc>Calling All Cooks Contest Winner, Tier 2 - Submitted by Deth of Order - First learned when a confectioner-in-training watched a passing dragon swoop down and roast a gruok in a potato patch.</tier-desc>
			<tier-allowedtechniques>0</tier-allowedtechniques>
			<tier-attributes>
			</tier-attributes>
			<tier-keywords>
			</tier-keywords>
			<resources>
				<resource>
					<resource-name>Rubbed Rosemary</resource-name>
					<resource-skill>Cooking</resource-skill>
					<resource-opt amount="2">325</resource-opt>
					<resource-min amount="4">200</resource-min>
				</resource>
				<resource>
					<resource-name>Trimmed Gruok Flank</resource-name>
					<resource-skill>Cooking</resource-skill>
					<resource-opt amount="6">325</resource-opt>
					<resource-min amount="12">200</resource-min>
				</resource>
				<resource>
					<resource-name>Sliced Potatoes</resource-name>
					<resource-skill>Cooking</resource-skill>
					<resource-opt amount="5">325</resource-opt>
					<resource-min amount="10">200</resource-min>
				</resource>
			</resources>
		</tier>
	</item>
	<item>
		<item-name>Tier IV: Diput's Dwarf Bread</item-name>
		<item-icon>icon_formula_f_03_01_11.png</item-icon>
		<item-batchqty>1</item-batchqty>
		<item-attributes>
			<item-attribute type="dpReduction">Advances Death Point fade time by 1:10:00</item-attribute>
			<item-attribute type="dpReductionReqLvl">Less effective if any level is higher than 80</item-attribute>
			<item-attribute type="dpReductionReqLvl">Less effective if potential rating is under 61</item-attribute>
			<item-attribute type="bulk">2</item-attribute>
			<item-attribute type="hoardValue">0</item-attribute>
		</item-attributes>
		<item-keywords>
			<item-keyword>food</item-keyword>
			<item-keyword>tier_4</item-keyword>
			<item-keyword>skill_use_cooking</item-keyword>
		</item-keywords>
		<tier>
			<tier-name>Diput's Dwarf Bread</tier-name>
			<tier-lvl>4</tier-lvl>
			<tier-desc>Calling All Cooks Contest Winner, Tier 4 - Submitted by Diput - So good, you'll want to keep some in your beard for later.</tier-desc>
			<tier-allowedtechniques>0</tier-allowedtechniques>
			<tier-attributes>
			</tier-attributes>
			<tier-keywords>
			</tier-keywords>
			<resources>
				<resource>
					<resource-name>Beef Gravy</resource-name>
					<resource-skill>Cooking</resource-skill>
					<resource-opt amount="2">900</resource-opt>
					<resource-min amount="4">700</resource-min>
				</resource>
				<resource>
					<resource-name>Sliced Potatoes</resource-name>
					<resource-skill>Cooking</resource-skill>
					<resource-opt amount="4">900</resource-opt>
					<resource-min amount="8">700</resource-min>
				</resource>
				<resource>
					<resource-name>Mashed Cranberries</resource-name>
					<resource-skill>Cooking</resource-skill>
					<resource-opt amount="3">900</resource-opt>
					<resource-min amount="6">700</resource-min>
				</resource>
				<resource>
					<resource-name>Barley</resource-name>
					<resource-skill>Cooking</resource-skill>
					<resource-opt amount="4">900</resource-opt>
					<resource-min amount="8">700</resource-min>
				</resource>
				<resource>
					<resource-name>Wheat Dough</resource-name>
					<resource-skill>Cooking</resource-skill>
					<resource-opt amount="2">900</resource-opt>
					<resource-min amount="4">700</resource-min>
				</resource>
			</resources>
		</tier>
	</item>
	<item>
		<item-name>Tier III: Diput's Flamin' Eels</item-name>
		<item-icon>icon_formula_f_07_01_11.png</item-icon>
		<item-batchqty>1</item-batchqty>
		<item-attributes>
			<item-attribute type="dpReduction">Advances Death Point fade time by 1:00:00</item-attribute>
			<item-attribute type="dpReductionReqLvl">Less effective if any level is higher than 60</item-attribute>
			<item-attribute type="dpReductionReqLvl">Less effective if potential rating is under 41</item-attribute>
			<item-attribute type="bulk">2</item-attribute>
			<item-attribute type="hoardValue">0</item-attribute>
		</item-attributes>
		<item-keywords>
			<item-keyword>food</item-keyword>
			<item-keyword>tier_3</item-keyword>
			<item-keyword>skill_use_cooking</item-keyword>
		</item-keywords>
		<tier>
			<tier-name>Diput's Flamin' Eels</tier-name>
			<tier-lvl>3</tier-lvl>
			<tier-desc>Calling All Cooks Contest Winner, Tier 3 - Submitted by Diput - Hot enough for ya?</tier-desc>
			<tier-allowedtechniques>0</tier-allowedtechniques>
			<tier-attributes>
			</tier-attributes>
			<tier-keywords>
			</tier-keywords>
			<resources>
				<resource>
					<resource-name>Hot Sauce</resource-name>
					<resource-skill>Cooking</resource-skill>
					<resource-opt amount="1">550</resource-opt>
					<resource-min amount="2">400</resource-min>
				</resource>
				<resource>
					<resource-name>Sliced Eel</resource-name>
					<resource-skill>Cooking</resource-skill>
					<resource-opt amount="8">550</resource-opt>
					<resource-min amount="16">400</resource-min>
				</resource>
				<resource>
					<resource-name>Diced Hot Peppers</resource-name>
					<resource-skill>Cooking</resource-skill>
					<resource-opt amount="2">550</resource-opt>
					<resource-min amount="4">400</resource-min>
				</resource>
				<resource>
					<resource-name>Ground Pepper</resource-name>
					<resource-skill>Cooking</resource-skill>
					<resource-opt amount="2">550</resource-opt>
					<resource-min amount="4">400</resource-min>
				</resource>
			</resources>
		</tier>
	</item>
	<item>
		<item-name>Tier IV: Diput's Stone Squirrel Soup</item-name>
		<item-icon>icon_formula_f_11_01_11.png</item-icon>
		<item-batchqty>1</item-batchqty>
		<item-attributes>
			<item-attribute type="dpReduction">Advances Death Point fade time by 1:10:00</item-attribute>
			<item-attribute type="dpReductionReqLvl">Less effective if any level is higher than 80</item-attribute>
			<item-attribute type="dpReductionReqLvl">Less effective if potential rating is under 61</item-attribute>
			<item-attribute type="bulk">2</item-attribute>
			<item-attribute type="hoardValue">0</item-attribute>
		</item-attributes>
		<item-keywords>
			<item-keyword>food</item-keyword>
			<item-keyword>tier_4</item-keyword>
			<item-keyword>skill_use_cooking</item-keyword>
		</item-keywords>
		<tier>
			<tier-name>Diput's Stone Squirrel Soup</tier-name>
			<tier-lvl>4</tier-lvl>
			<tier-desc>Calling All Cooks Contest Winner, Tier 4 - Submitted by Diput - Out of the arbotus and into the stew pot...</tier-desc>
			<tier-allowedtechniques>0</tier-allowedtechniques>
			<tier-attributes>
			</tier-attributes>
			<tier-keywords>
			</tier-keywords>
			<resources>
				<resource>
					<resource-name>Dressed Squirrel</resource-name>
					<resource-skill>Cooking</resource-skill>
					<resource-opt amount="4">775</resource-opt>
					<resource-min amount="8">600</resource-min>
				</resource>
				<resource>
					<resource-name>Cleaned Stonespore Caps</resource-name>
					<resource-skill>Cooking</resource-skill>
					<resource-opt amount="4">775</resource-opt>
					<resource-min amount="8">600</resource-min>
				</resource>
				<resource>
					<resource-name>Dried Bay Leaf</resource-name>
					<resource-skill>Cooking</resource-skill>
					<resource-opt amount="1">775</resource-opt>
					<resource-min amount="2">600</resource-min>
				</resource>
				<resource>
					<resource-name>Sliced Carrots</resource-name>
					<resource-skill>Cooking</resource-skill>
					<resource-opt amount="2">775</resource-opt>
					<resource-min amount="4">600</resource-min>
				</resource>
				<resource>
					<resource-name>Barley</resource-name>
					<resource-skill>Cooking</resource-skill>
					<resource-opt amount="2">775</resource-opt>
					<resource-min amount="4">600</resource-min>
				</resource>
			</resources>
		</tier>
	</item>
	<item>
		<item-name>Tier VI: Jayne's Paincakes</item-name>
		<item-icon>icon_formula_f_10_01_11.png</item-icon>
		<item-batchqty>1</item-batchqty>
		<item-attributes>
			<item-attribute type="dpReduction">Advances Death Point fade time by 2:20:00</item-attribute>
			<item-attribute type="dpReductionReqLvl">Less effective if any level is higher than 120</item-attribute>
			<item-attribute type="dpReductionReqLvl">Less effective if potential rating is under 101</item-attribute>
			<item-attribute type="bulk">2</item-attribute>
			<item-attribute type="hoardValue">0</item-attribute>
		</item-attributes>
		<item-keywords>
			<item-keyword>food</item-keyword>
			<item-keyword>tier_6</item-keyword>
			<item-keyword>skill_use_cooking</item-keyword>
		</item-keywords>
		<tier>
			<tier-name>Jayne's Paincakes</tier-name>
			<tier-lvl>6</tier-lvl>
			<tier-desc>Calling All Cooks Contest Winner, Tier 6 - Submitted by Jayne of Chaos - "Jayne's Paincakes made me the man I am today." - Walker, Kirasanct Sentinal</tier-desc>
			<tier-allowedtechniques>0</tier-allowedtechniques>
			<tier-attributes>
			</tier-attributes>
			<tier-keywords>
			</tier-keywords>
			<resources>
				<resource>
					<resource-name>Ground Nightshade</resource-name>
					<resource-skill>Cooking</resource-skill>
					<resource-opt amount="2">1350</resource-opt>
					<resource-min amount="4">1100</resource-min>
				</resource>
				<resource>
					<resource-name>Maple Syrup</resource-name>
					<resource-skill>Cooking</resource-skill>
					<resource-opt amount="1">1350</resource-opt>
					<resource-min amount="2">1100</resource-min>
				</resource>
				<resource>
					<resource-name>Buttermilk</resource-name>
					<resource-skill>Cooking</resource-skill>
					<resource-opt amount="1">1350</resource-opt>
					<resource-min amount="2">1100</resource-min>
				</resource>
				<resource>
					<resource-name>Wheat Flour</resource-name>
					<resource-skill>Cooking</resource-skill>
					<resource-opt amount="4">1350</resource-opt>
					<resource-min amount="8">1100</resource-min>
				</resource>
				<resource>
					<resource-name>Mashed Blueberries</resource-name>
					<resource-skill>Cooking</resource-skill>
					<resource-opt amount="3">1350</resource-opt>
					<resource-min amount="6">1100</resource-min>
				</resource>
				<resource>
					<resource-name>Butter</resource-name>
					<resource-skill>Cooking</resource-skill>
					<resource-opt amount="2">1350</resource-opt>
					<resource-min amount="4">1100</resource-min>
				</resource>
				<resource>
					<resource-name>Egg</resource-name>
					<resource-skill>Cooking</resource-skill>
					<resource-opt amount="2">1350</resource-opt>
					<resource-min amount="4">1100</resource-min>
				</resource>
			</resources>
		</tier>
	</item>
	<item>
		<item-name>Tier III: Kakashi's Swordfish</item-name>
		<item-icon>icon_formula_f_07_01_11.png</item-icon>
		<item-batchqty>1</item-batchqty>
		<item-attributes>
			<item-attribute type="dpReduction">Advances Death Point fade time by 1:00:00</item-attribute>
			<item-attribute type="dpReductionReqLvl">Less effective if any level is higher than 60</item-attribute>
			<item-attribute type="dpReductionReqLvl">Less effective if potential rating is under 41</item-attribute>
			<item-attribute type="bulk">2</item-attribute>
			<item-attribute type="hoardValue">0</item-attribute>
		</item-attributes>
		<item-keywords>
			<item-keyword>food</item-keyword>
			<item-keyword>tier_3</item-keyword>
			<item-keyword>skill_use_cooking</item-keyword>
		</item-keywords>
		<tier>
			<tier-name>Kakashi's Swordfish</tier-name>
			<tier-lvl>3</tier-lvl>
			<tier-desc>Calling All Cooks Contest Winner, Tier 3 - Submitted by Kakashi of Unity - A thick swordfish steak, poached in white wine &amp; drizzled with olive oil, served on a bed of fennel.</tier-desc>
			<tier-allowedtechniques>0</tier-allowedtechniques>
			<tier-attributes>
			</tier-attributes>
			<tier-keywords>
			</tier-keywords>
			<resources>
				<resource>
					<resource-name>White Wine</resource-name>
					<resource-skill>Cooking</resource-skill>
					<resource-opt amount="2">650</resource-opt>
					<resource-min amount="4">500</resource-min>
				</resource>
				<resource>
					<resource-name>Swordfish Steak</resource-name>
					<resource-skill>Cooking</resource-skill>
					<resource-opt amount="8">650</resource-opt>
					<resource-min amount="16">500</resource-min>
				</resource>
				<resource>
					<resource-name>Ground Fennel</resource-name>
					<resource-skill>Cooking</resource-skill>
					<resource-opt amount="4">650</resource-opt>
					<resource-min amount="8">500</resource-min>
				</resource>
				<resource>
					<resource-name>Olive Oil</resource-name>
					<resource-skill>Cooking</resource-skill>
					<resource-opt amount="1">650</resource-opt>
					<resource-min amount="2">500</resource-min>
				</resource>
			</resources>
		</tier>
	</item>
	<item>
		<item-name>Tier V: Kitten Dreams</item-name>
		<item-icon>icon_formula_f_07_01_11.png</item-icon>
		<item-batchqty>1</item-batchqty>
		<item-attributes>
			<item-attribute type="dpReduction">Advances Death Point fade time by 2:00:00</item-attribute>
			<item-attribute type="dpReductionReqLvl">Less effective if any level is higher than 100</item-attribute>
			<item-attribute type="dpReductionReqLvl">Less effective if potential rating is under 81</item-attribute>
			<item-attribute type="bulk">2</item-attribute>
			<item-attribute type="hoardValue">0</item-attribute>
		</item-attributes>
		<item-keywords>
			<item-keyword>food</item-keyword>
			<item-keyword>tier_5</item-keyword>
			<item-keyword>skill_use_cooking</item-keyword>
		</item-keywords>
		<tier>
			<tier-name>Kitten Dreams</tier-name>
			<tier-lvl>5</tier-lvl>
			<tier-desc>Calling All Cooks Contest Winner, Tier 5 - Submitted by Nemesaris of Unity - The perfect dish to bring to a potluck in Kion.</tier-desc>
			<tier-allowedtechniques>0</tier-allowedtechniques>
			<tier-attributes>
			</tier-attributes>
			<tier-keywords>
			</tier-keywords>
			<resources>
				<resource>
					<resource-name>Swordfish Steak</resource-name>
					<resource-skill>Cooking</resource-skill>
					<resource-opt amount="3">1025</resource-opt>
					<resource-min amount="6">800</resource-min>
				</resource>
				<resource>
					<resource-name>Halibut Fillet</resource-name>
					<resource-skill>Cooking</resource-skill>
					<resource-opt amount="3">1025</resource-opt>
					<resource-min amount="6">800</resource-min>
				</resource>
				<resource>
					<resource-name>Red Snapper Fillet</resource-name>
					<resource-skill>Cooking</resource-skill>
					<resource-opt amount="2">1025</resource-opt>
					<resource-min amount="4">800</resource-min>
				</resource>
				<resource>
					<resource-name>Mackerel Fillet</resource-name>
					<resource-skill>Cooking</resource-skill>
					<resource-opt amount="2">1025</resource-opt>
					<resource-min amount="4">800</resource-min>
				</resource>
				<resource>
					<resource-name>Steamed Rice</resource-name>
					<resource-skill>Cooking</resource-skill>
					<resource-opt amount="2">1025</resource-opt>
					<resource-min amount="4">800</resource-min>
				</resource>
				<resource>
					<resource-name>Olive Oil</resource-name>
					<resource-skill>Cooking</resource-skill>
					<resource-opt amount="1">1025</resource-opt>
					<resource-min amount="2">800</resource-min>
				</resource>
			</resources>
		</tier>
	</item>
	<item>
		<item-name>Tier IV: Nellie's Urchin Linguini</item-name>
		<item-icon>icon_formula_f_07_01_11.png</item-icon>
		<item-batchqty>1</item-batchqty>
		<item-attributes>
			<item-attribute type="dpReduction">Advances Death Point fade time by 1:10:00</item-attribute>
			<item-attribute type="dpReductionReqLvl">Less effective if any level is higher than 80</item-attribute>
			<item-attribute type="dpReductionReqLvl">Less effective if potential rating is under 61</item-attribute>
			<item-attribute type="bulk">2</item-attribute>
			<item-attribute type="hoardValue">0</item-attribute>
		</item-attributes>
		<item-keywords>
			<item-keyword>food</item-keyword>
			<item-keyword>tier_4</item-keyword>
			<item-keyword>skill_use_cooking</item-keyword>
		</item-keywords>
		<tier>
			<tier-name>Nellie's Urchin Linguini</tier-name>
			<tier-lvl>4</tier-lvl>
			<tier-desc>Calling All Cooks Contest Winner, Tier 4 - Submitted by Nellie of Order - Sweet, tender chunks of sea urchin are lightly browned, then served over linguine tossed with a gentle saute' of tomatoes, onions, and chili peppers.</tier-desc>
			<tier-allowedtechniques>0</tier-allowedtechniques>
			<tier-attributes>
			</tier-attributes>
			<tier-keywords>
			</tier-keywords>
			<resources>
				<resource>
					<resource-name>Cleaned Urchin</resource-name>
					<resource-skill>Cooking</resource-skill>
					<resource-opt amount="6">900</resource-opt>
					<resource-min amount="12">700</resource-min>
				</resource>
				<resource>
					<resource-name>Sliced Tomatoes</resource-name>
					<resource-skill>Cooking</resource-skill>
					<resource-opt amount="2">900</resource-opt>
					<resource-min amount="4">700</resource-min>
				</resource>
				<resource>
					<resource-name>Diced Hot Peppers</resource-name>
					<resource-skill>Cooking</resource-skill>
					<resource-opt amount="2">900</resource-opt>
					<resource-min amount="4">700</resource-min>
				</resource>
				<resource>
					<resource-name>Chopped Onion</resource-name>
					<resource-skill>Cooking</resource-skill>
					<resource-opt amount="3">900</resource-opt>
					<resource-min amount="6">700</resource-min>
				</resource>
				<resource>
					<resource-name>Noodles</resource-name>
					<resource-skill>Cooking</resource-skill>
					<resource-opt amount="2">900</resource-opt>
					<resource-min amount="4">700</resource-min>
				</resource>
			</resources>
		</tier>
	</item>
	<item>
		<item-name>Tier IV: Shali's Pan Seared Trout</item-name>
		<item-icon>icon_formula_f_11_01_11.png</item-icon>
		<item-batchqty>1</item-batchqty>
		<item-attributes>
			<item-attribute type="dpReduction">Advances Death Point fade time by 1:10:00</item-attribute>
			<item-attribute type="dpReductionReqLvl">Less effective if any level is higher than 80</item-attribute>
			<item-attribute type="dpReductionReqLvl">Less effective if potential rating is under 61</item-attribute>
			<item-attribute type="bulk">2</item-attribute>
			<item-attribute type="hoardValue">0</item-attribute>
		</item-attributes>
		<item-keywords>
			<item-keyword>food</item-keyword>
			<item-keyword>tier_4</item-keyword>
			<item-keyword>skill_use_cooking</item-keyword>
		</item-keywords>
		<tier>
			<tier-name>Shali's Pan Seared Trout</tier-name>
			<tier-lvl>4</tier-lvl>
			<tier-desc>Calling All Cooks Contest Winner, Tier 4 - Submitted by Shalindra of Order - Searing over a very hot flame is the only way to ensure that the skin is crispy while the flesh stays tender &amp; flaky. Serve with a generous helping of lemon butter on the side.</tier-desc>
			<tier-allowedtechniques>0</tier-allowedtechniques>
			<tier-attributes>
			</tier-attributes>
			<tier-keywords>
			</tier-keywords>
			<resources>
				<resource>
					<resource-name>Trout Fillet</resource-name>
					<resource-skill>Cooking</resource-skill>
					<resource-opt amount="5">775</resource-opt>
					<resource-min amount="10">600</resource-min>
				</resource>
				<resource>
					<resource-name>Lemon Juice</resource-name>
					<resource-skill>Cooking</resource-skill>
					<resource-opt amount="2">775</resource-opt>
					<resource-min amount="4">600</resource-min>
				</resource>
				<resource>
					<resource-name>Butter</resource-name>
					<resource-skill>Cooking</resource-skill>
					<resource-opt amount="2">775</resource-opt>
					<resource-min amount="4">600</resource-min>
				</resource>
				<resource>
					<resource-name>Ground Salt</resource-name>
					<resource-skill>Cooking</resource-skill>
					<resource-opt amount="2">775</resource-opt>
					<resource-min amount="4">600</resource-min>
				</resource>
				<resource>
					<resource-name>Ground Pepper</resource-name>
					<resource-skill>Cooking</resource-skill>
					<resource-opt amount="2">775</resource-opt>
					<resource-min amount="4">600</resource-min>
				</resource>
			</resources>
		</tier>
	</item>
	<item>
		<item-name>Tier IV: Shalindra's Lamb Stew</item-name>
		<item-icon>icon_formula_f_09_01_11.png</item-icon>
		<item-batchqty>1</item-batchqty>
		<item-attributes>
			<item-attribute type="dpReduction">Advances Death Point fade time by 1:10:00</item-attribute>
			<item-attribute type="dpReductionReqLvl">Less effective if any level is higher than 80</item-attribute>
			<item-attribute type="dpReductionReqLvl">Less effective if potential rating is under 61</item-attribute>
			<item-attribute type="bulk">2</item-attribute>
			<item-attribute type="hoardValue">0</item-attribute>
		</item-attributes>
		<item-keywords>
			<item-keyword>food</item-keyword>
			<item-keyword>tier_4</item-keyword>
			<item-keyword>skill_use_cooking</item-keyword>
		</item-keywords>
		<tier>
			<tier-name>Shalindra's Lamb Stew</tier-name>
			<tier-lvl>4</tier-lvl>
			<tier-desc>Calling All Cooks Contest Winner, Tier 4 - Submitted by Shalindra of Order - This thick and hearty stew is a classic example of traditional Dalimond Bay cuisine.</tier-desc>
			<tier-allowedtechniques>0</tier-allowedtechniques>
			<tier-attributes>
			</tier-attributes>
			<tier-keywords>
			</tier-keywords>
			<resources>
				<resource>
					<resource-name>Beef Stock</resource-name>
					<resource-skill>Cooking</resource-skill>
					<resource-opt amount="2">775</resource-opt>
					<resource-min amount="4">600</resource-min>
				</resource>
				<resource>
					<resource-name>Trimmed Mutton Flank</resource-name>
					<resource-skill>Cooking</resource-skill>
					<resource-opt amount="5">775</resource-opt>
					<resource-min amount="10">600</resource-min>
				</resource>
				<resource>
					<resource-name>Sliced Potatoes</resource-name>
					<resource-skill>Cooking</resource-skill>
					<resource-opt amount="2">775</resource-opt>
					<resource-min amount="4">600</resource-min>
				</resource>
				<resource>
					<resource-name>Sliced Carrots</resource-name>
					<resource-skill>Cooking</resource-skill>
					<resource-opt amount="2">775</resource-opt>
					<resource-min amount="4">600</resource-min>
				</resource>
				<resource>
					<resource-name>Barley</resource-name>
					<resource-skill>Cooking</resource-skill>
					<resource-opt amount="2">775</resource-opt>
					<resource-min amount="4">600</resource-min>
				</resource>
			</resources>
		</tier>
	</item>
	<item>
		<item-name>Tier VI: Weston's Jambalaya</item-name>
		<item-icon>icon_formula_f_06_01_11.png</item-icon>
		<item-batchqty>1</item-batchqty>
		<item-attributes>
			<item-attribute type="dpReduction">Advances Death Point fade time by 2:20:00</item-attribute>
			<item-attribute type="dpReductionReqLvl">Less effective if any level is higher than 120</item-attribute>
			<item-attribute type="dpReductionReqLvl">Less effective if potential rating is under 101</item-attribute>
			<item-attribute type="bulk">2</item-attribute>
			<item-attribute type="hoardValue">0</item-attribute>
		</item-attributes>
		<item-keywords>
			<item-keyword>food</item-keyword>
			<item-keyword>tier_6</item-keyword>
			<item-keyword>skill_use_cooking</item-keyword>
		</item-keywords>
		<tier>
			<tier-name>Weston's Jambalaya</tier-name>
			<tier-lvl>6</tier-lvl>
			<tier-desc>Calling All Cooks Contest Winner, Tier 6 - Submitted by Weston of Chaos - "It make you feel good, Ah guar-ahn-tee!"</tier-desc>
			<tier-allowedtechniques>0</tier-allowedtechniques>
			<tier-attributes>
			</tier-attributes>
			<tier-keywords>
			</tier-keywords>
			<resources>
				<resource>
					<resource-name>Prepared Shrimp</resource-name>
					<resource-skill>Cooking</resource-skill>
					<resource-opt amount="3">1250</resource-opt>
					<resource-min amount="6">1000</resource-min>
				</resource>
				<resource>
					<resource-name>Trimmed Chicken Breast</resource-name>
					<resource-skill>Cooking</resource-skill>
					<resource-opt amount="2">1250</resource-opt>
					<resource-min amount="4">1000</resource-min>
				</resource>
				<resource>
					<resource-name>Sliced Tomatoes</resource-name>
					<resource-skill>Cooking</resource-skill>
					<resource-opt amount="2">1250</resource-opt>
					<resource-min amount="4">1000</resource-min>
				</resource>
				<resource>
					<resource-name>Diced Hot Peppers</resource-name>
					<resource-skill>Cooking</resource-skill>
					<resource-opt amount="1">1250</resource-opt>
					<resource-min amount="2">1000</resource-min>
				</resource>
				<resource>
					<resource-name>Chopped Onion</resource-name>
					<resource-skill>Cooking</resource-skill>
					<resource-opt amount="2">1250</resource-opt>
					<resource-min amount="4">1000</resource-min>
				</resource>
				<resource>
					<resource-name>Milled Rice</resource-name>
					<resource-skill>Cooking</resource-skill>
					<resource-opt amount="2">1250</resource-opt>
					<resource-min amount="4">1000</resource-min>
				</resource>
				<resource>
					<resource-name>Ground Pepper</resource-name>
					<resource-skill>Cooking</resource-skill>
					<resource-opt amount="1">1250</resource-opt>
					<resource-min amount="2">1000</resource-min>
				</resource>
			</resources>
		</tier>
	</item>
	<item>
		<item-name>Tier IV: Wind Dancer's Chicken Salad</item-name>
		<item-icon>icon_formula_f_06_01_11.png</item-icon>
		<item-batchqty>1</item-batchqty>
		<item-attributes>
			<item-attribute type="dpReduction">Advances Death Point fade time by 1:10:00</item-attribute>
			<item-attribute type="dpReductionReqLvl">Less effective if any level is higher than 80</item-attribute>
			<item-attribute type="dpReductionMinLvl">Less effective if potential rating is under 61</item-attribute>
			<item-attribute type="bulk">2</item-attribute>
			<item-attribute type="hoardValue">0</item-attribute>
		</item-attributes>
		<item-keywords>
			<item-keyword>food</item-keyword>
			<item-keyword>tier_4</item-keyword>
			<item-keyword>skill_use_cooking</item-keyword>
		</item-keywords>
		<tier>
			<tier-name>Wind Dancer's Chicken Salad</tier-name>
			<tier-lvl>4</tier-lvl>
			<tier-desc>Calling All Cooks Contest Winner, Tier 4 - Submitted by Wind Dancer of Order - A crisp, tangy dish that satisfies without weighing you down.</tier-desc>
			<tier-allowedtechniques>0</tier-allowedtechniques>
			<tier-attributes>
			</tier-attributes>
			<tier-keywords>
			</tier-keywords>
			<resources>
				<resource>
					<resource-name>Mayonnaise</resource-name>
					<resource-skill>Cooking</resource-skill>
					<resource-min amount="2">700</resource-min>
					<resource-opt amount="1">900</resource-opt>
				</resource>
				<resource>
					<resource-name>Trimmed Chicken Breast</resource-name>
					<resource-skill>Cooking</resource-skill>
					<resource-min amount="10">700</resource-min>
					<resource-opt amount="5">900</resource-opt>
				</resource>
				<resource>
					<resource-name>Sliced Green Peppers</resource-name>
					<resource-skill>Cooking</resource-skill>
					<resource-min amount="6">700</resource-min>
					<resource-opt amount="3">900</resource-opt>
				</resource>
				<resource>
					<resource-name>Sliced Apple</resource-name>
					<resource-skill>Cooking</resource-skill>
					<resource-min amount="6">700</resource-min>
					<resource-opt amount="3">900</resource-opt>
				</resource>
				<resource>
					<resource-name>Crushed Grapes</resource-name>
					<resource-skill>Cooking</resource-skill>
					<resource-min amount="6">700</resource-min>
					<resource-opt amount="3">900</resource-opt>
				</resource>
			</resources>
		</tier>
	</item>
	<item>
		<item-name>Tier VI: Wind Dancer's Halibut with Mixed Veggies</item-name>
		<item-icon>icon_formula_f_09_01_11.png</item-icon>
		<item-batchqty>1</item-batchqty>
		<item-attributes>
			<item-attribute type="dpReduction">Advances Death Point fade time by 2:20:00</item-attribute>
			<item-attribute type="dpReductionReqLvl">Less effective if any level is higher than 120</item-attribute>
			<item-attribute type="dpReductionMinLvl">Less effective if potential rating is under 101</item-attribute>
			<item-attribute type="bulk">2</item-attribute>
			<item-attribute type="hoardValue">0</item-attribute>
		</item-attributes>
		<item-keywords>
			<item-keyword>food</item-keyword>
			<item-keyword>tier_6</item-keyword>
			<item-keyword>skill_use_cooking</item-keyword>
		</item-keywords>
		<tier>
			<tier-name>Wind Dancer's Halibut with Mixed Veggies</tier-name>
			<tier-lvl>6</tier-lvl>
			<tier-desc>Submitted by Wind Dancer of Order - A cedar-smoked halibut filet accented with grilled mixed vegetables.</tier-desc>
			<tier-allowedtechniques>0</tier-allowedtechniques>
			<tier-attributes>
			</tier-attributes>
			<tier-keywords>
			</tier-keywords>
			<resources>
				<resource>
					<resource-name>Halibut Fillet</resource-name>
					<resource-skill>Cooking</resource-skill>
					<resource-min amount="8">1000</resource-min>
					<resource-opt amount="4">1250</resource-opt>
				</resource>
				<resource>
					<resource-name>Cleaned Buttercap Fungus</resource-name>
					<resource-skill>Cooking</resource-skill>
					<resource-min amount="4">1000</resource-min>
					<resource-opt amount="2">1250</resource-opt>
				</resource>
				<resource>
					<resource-name>Sliced Green Peppers</resource-name>
					<resource-skill>Cooking</resource-skill>
					<resource-min amount="2">1000</resource-min>
					<resource-opt amount="1">1250</resource-opt>
				</resource>
				<resource>
					<resource-name>Sliced Carrots</resource-name>
					<resource-skill>Cooking</resource-skill>
					<resource-min amount="4">1000</resource-min>
					<resource-opt amount="2">1250</resource-opt>
				</resource>
				<resource>
					<resource-name>Chopped Onion</resource-name>
					<resource-skill>Cooking</resource-skill>
					<resource-min amount="4">1000</resource-min>
					<resource-opt amount="2">1250</resource-opt>
				</resource>
				<resource>
					<resource-name>Ground Salt</resource-name>
					<resource-skill>Cooking</resource-skill>
					<resource-min amount="2">1000</resource-min>
					<resource-opt amount="1">1250</resource-opt>
				</resource>
				<resource>
					<resource-name>Ground Pepper</resource-name>
					<resource-skill>Cooking</resource-skill>
					<resource-min amount="2">1000</resource-min>
					<resource-opt amount="1">1250</resource-opt>
				</resource>
			</resources>
		</tier>
	</item>
	<item>
		<item-name>Tier VI: Kakashi's Jugged Squirrel</item-name>
		<item-icon>icon_formula_f_08_01_11.png</item-icon>
		<item-batchqty>1</item-batchqty>
		<item-attributes>
			<item-attribute type="dpReduction">Advances Death Point fade time by 2:20:00</item-attribute>
			<item-attribute type="dpReductionReqLvl">Less effective if any level is higher than 120</item-attribute>
			<item-attribute type="dpReductionMinLvl">Less effective if potential rating is under 101</item-attribute>
			<item-attribute type="bulk">2</item-attribute>
			<item-attribute type="hoardValue">0</item-attribute>
		</item-attributes>
		<item-keywords>
			<item-keyword>food</item-keyword>
			<item-keyword>tier_6</item-keyword>
			<item-keyword>skill_use_cooking</item-keyword>
		</item-keywords>
		<tier>
			<tier-name>Kakashi's Jugged Squirrel</tier-name>
			<tier-lvl>6</tier-lvl>
			<tier-desc>Calling All Cooks Contest Winner, Tier 6 - Submitted by Kakashi of Unity - Tastes so good you'll forget it came out of an arbotus.</tier-desc>
			<tier-allowedtechniques>0</tier-allowedtechniques>
			<tier-attributes>
			</tier-attributes>
			<tier-keywords>
			</tier-keywords>
			<resources>
				<resource>
					<resource-name>Red Wine</resource-name>
					<resource-skill>Cooking</resource-skill>
					<resource-min amount="4">1100</resource-min>
					<resource-opt amount="2">1350</resource-opt>
				</resource>
				<resource>
					<resource-name>Dressed Squirrel</resource-name>
					<resource-skill>Cooking</resource-skill>
					<resource-min amount="8">1100</resource-min>
					<resource-opt amount="4">1350</resource-opt>
				</resource>
				<resource>
					<resource-name>Chopped Onion</resource-name>
					<resource-skill>Cooking</resource-skill>
					<resource-min amount="8">1100</resource-min>
					<resource-opt amount="4">1350</resource-opt>
				</resource>
				<resource>
					<resource-name>Butter</resource-name>
					<resource-skill>Cooking</resource-skill>
					<resource-min amount="2">1100</resource-min>
					<resource-opt amount="1">1350</resource-opt>
				</resource>
				<resource>
					<resource-name>Ground Salt</resource-name>
					<resource-skill>Cooking</resource-skill>
					<resource-min amount="2">1100</resource-min>
					<resource-opt amount="1">1350</resource-opt>
				</resource>
				<resource>
					<resource-name>Ground Pepper</resource-name>
					<resource-skill>Cooking</resource-skill>
					<resource-min amount="2">1100</resource-min>
					<resource-opt amount="1">1350</resource-opt>
				</resource>
				<resource>
					<resource-name>Wheat Dough</resource-name>
					<resource-skill>Cooking</resource-skill>
					<resource-min amount="4">1100</resource-min>
					<resource-opt amount="2">1350</resource-opt>
				</resource>
			</resources>
		</tier>
	</item>
</formulaset>
