<?xml version="1.0" encoding="ISO-8859-1"?>
<formulaset format="2.1">
	<formulaset-name>Food - Sides</formulaset-name>
	<formulaset-categories>
		<formulaset-category>Food</formulaset-category>
	</formulaset-categories>
	<item>
		<item-name>Tier I Sides</item-name>
		<item-icon>icon_formula_f_03_01_11.png</item-icon>
		<item-batchqty>1</item-batchqty>
		<item-attributes>
			<item-attribute type="bulk">2</item-attribute>
			<item-attribute type="hoardValue">0</item-attribute>
			<item-attribute type="dpReductionReqLvl">Less effective if any level is higher than 20</item-attribute>
		</item-attributes>
		<item-keywords>
			<item-keyword>food</item-keyword>
			<item-keyword>skill_use_cooking</item-keyword>
		</item-keywords>
		<tier>
			<tier-name>Buttered Rice</tier-name>
			<tier-lvl levelName="Buttered Rice">1</tier-lvl>
			<tier-desc/>
			<tier-allowedtechniques>1</tier-allowedtechniques>
			<tier-attributes>
				<tier-attribute type="dpReduction">Advances Death Point fade time by 17:00</tier-attribute>
			</tier-attributes>
			<tier-keywords>
				<tier-keyword>tier_1</tier-keyword>
			</tier-keywords>
			<resources>
				<resource>
					<resource-name>Steamed Rice</resource-name>
					<resource-skill>Cooking</resource-skill>
					<resource-min amount="16">1</resource-min>
					<resource-opt amount="8">100</resource-opt>
				</resource>
				<resource>
					<resource-name>Butter</resource-name>
					<resource-skill>Cooking</resource-skill>
					<resource-min amount="6">1</resource-min>
					<resource-opt amount="3">100</resource-opt>
				</resource>
			</resources>
		</tier>
		<tier>
			<tier-name>Buttermilk Biscuits</tier-name>
			<tier-lvl levelName="Buttermilk Biscuits">1</tier-lvl>
			<tier-desc/>
			<tier-allowedtechniques>1</tier-allowedtechniques>
			<tier-attributes>
				<tier-attribute type="dpReduction">Advances Death Point fade time by 25:00</tier-attribute>
			</tier-attributes>
			<tier-keywords>
				<tier-keyword>tier_1</tier-keyword>
			</tier-keywords>
			<resources>
				<resource>
					<resource-name>Buttermilk</resource-name>
					<resource-skill>Cooking</resource-skill>
					<resource-min amount="10">100</resource-min>
					<resource-opt amount="5">200</resource-opt>
				</resource>
				<resource>
					<resource-name>Wheat Dough</resource-name>
					<resource-skill>Cooking</resource-skill>
					<resource-min amount="16">100</resource-min>
					<resource-opt amount="8">200</resource-opt>
				</resource>
			</resources>
		</tier>
		<tier>
			<tier-name>Chips</tier-name>
			<tier-lvl levelName="Chips">1</tier-lvl>
			<tier-desc/>
			<tier-allowedtechniques>1</tier-allowedtechniques>
			<tier-attributes>
				<tier-attribute type="dpReduction">Advances Death Point fade time by 17:00</tier-attribute>
			</tier-attributes>
			<tier-keywords>
				<tier-keyword>tier_1</tier-keyword>
			</tier-keywords>
			<resources>
				<resource>
					<resource-name>Sliced Potatoes</resource-name>
					<resource-skill>Cooking</resource-skill>
					<resource-min amount="16">1</resource-min>
					<resource-opt amount="8">100</resource-opt>
				</resource>
				<resource>
					<resource-name>Ground Salt</resource-name>
					<resource-skill>Cooking</resource-skill>
					<resource-min amount="6">1</resource-min>
					<resource-opt amount="3">100</resource-opt>
				</resource>
			</resources>
		</tier>
		<tier>
			<tier-name>Meatballs</tier-name>
			<tier-lvl levelName="Meatballs">1</tier-lvl>
			<tier-desc/>
			<tier-allowedtechniques>1</tier-allowedtechniques>
			<tier-attributes>
				<tier-attribute type="dpReduction">Advances Death Point fade time by 20:00</tier-attribute>
			</tier-attributes>
			<tier-keywords>
				<tier-keyword>tier_1</tier-keyword>
			</tier-keywords>
			<resources>
				<resource>
					<resource-name>Ground Beef</resource-name>
					<resource-skill>Cooking</resource-skill>
					<resource-min amount="16">100</resource-min>
					<resource-opt amount="8">200</resource-opt>
				</resource>
				<resource>
					<resource-name>Chopped Onion</resource-name>
					<resource-skill>Cooking</resource-skill>
					<resource-min amount="10">100</resource-min>
					<resource-opt amount="5">200</resource-opt>
				</resource>
			</resources>
		</tier>
		<tier>
			<tier-name>Stuffed Pepper</tier-name>
			<tier-lvl levelName="Stuffed Pepper">1</tier-lvl>
			<tier-desc/>
			<tier-allowedtechniques>1</tier-allowedtechniques>
			<tier-attributes>
				<tier-attribute type="dpReduction">Advances Death Point fade time by 15:00</tier-attribute>
			</tier-attributes>
			<tier-keywords>
				<tier-keyword>tier_1</tier-keyword>
			</tier-keywords>
			<resources>
				<resource>
					<resource-name>Steamed Rice</resource-name>
					<resource-skill>Cooking</resource-skill>
					<resource-min amount="16">1</resource-min>
					<resource-opt amount="8">100</resource-opt>
				</resource>
				<resource>
					<resource-name>Green Pepper</resource-name>
					<resource-skill>Cooking</resource-skill>
					<resource-min amount="6">1</resource-min>
					<resource-opt amount="3">100</resource-opt>
				</resource>
			</resources>
		</tier>
	</item>
	<item>
		<item-name>Tier II Sides</item-name>
		<item-icon>icon_formula_f_03_01_11.png</item-icon>
		<item-batchqty>1</item-batchqty>
		<item-attributes>
			<item-attribute type="bulk">2</item-attribute>
			<item-attribute type="hoardValue">0</item-attribute>
			<item-attribute type="dpReductionReqLvl">Less effective if any level is higher than 40</item-attribute>
			<item-attribute type="dpReductionMinLvl">Less effective if potential rating is under 21</item-attribute>
		</item-attributes>
		<item-keywords>
			<item-keyword>food</item-keyword>
			<item-keyword>skill_use_cooking</item-keyword>
		</item-keywords>
		<tier>
			<tier-name>Baked Potato</tier-name>
			<tier-lvl levelName="Baked Potato">2</tier-lvl>
			<tier-desc/>
			<tier-allowedtechniques>1</tier-allowedtechniques>
			<tier-attributes>
				<tier-attribute type="dpReduction">Advances Death Point fade time by 30:00</tier-attribute>
			</tier-attributes>
			<tier-keywords>
				<tier-keyword>tier_2</tier-keyword>
			</tier-keywords>
			<resources>
				<resource>
					<resource-name>Butter</resource-name>
					<resource-skill>Cooking</resource-skill>
					<resource-min amount="6">200</resource-min>
					<resource-opt amount="3">325</resource-opt>
				</resource>
				<resource>
					<resource-name>Potato</resource-name>
					<resource-skill>Cooking</resource-skill>
					<resource-min amount="3">200</resource-min>
					<resource-opt amount="3">200</resource-opt>
				</resource>
				<resource>
					<resource-name>Ground Pepper</resource-name>
					<resource-skill>Cooking</resource-skill>
					<resource-min amount="13">200</resource-min>
					<resource-opt amount="5">325</resource-opt>
				</resource>
			</resources>
		</tier>
		<tier>
			<tier-name>Fried Rice</tier-name>
			<tier-lvl levelName="Fried Rice">2</tier-lvl>
			<tier-desc/>
			<tier-allowedtechniques>1</tier-allowedtechniques>
			<tier-attributes>
				<tier-attribute type="dpReduction">Advances Death Point fade time by 25:00</tier-attribute>
			</tier-attributes>
			<tier-keywords>
				<tier-keyword>tier_2</tier-keyword>
			</tier-keywords>
			<resources>
				<resource>
					<resource-name>Chopped Onion</resource-name>
					<resource-skill>Cooking</resource-skill>
					<resource-min amount="13">200</resource-min>
					<resource-opt amount="5">325</resource-opt>
				</resource>
				<resource>
					<resource-name>Rice</resource-name>
					<resource-skill>Cooking</resource-skill>
					<resource-min amount="6">200</resource-min>
					<resource-opt amount="3">325</resource-opt>
				</resource>
				<resource>
					<resource-name>Egg</resource-name>
					<resource-skill>Cooking</resource-skill>
					<resource-min amount="3">200</resource-min>
					<resource-opt amount="3">200</resource-opt>
				</resource>
			</resources>
		</tier>
		<tier>
			<tier-name>Mashed Potatoes</tier-name>
			<tier-lvl levelName="Mashed Potatoes">2</tier-lvl>
			<tier-desc/>
			<tier-allowedtechniques>1</tier-allowedtechniques>
			<tier-attributes>
				<tier-attribute type="dpReduction">Advances Death Point fade time by 40:00</tier-attribute>
			</tier-attributes>
			<tier-keywords>
				<tier-keyword>tier_2</tier-keyword>
			</tier-keywords>
			<resources>
				<resource>
					<resource-name>Sliced Potatoes</resource-name>
					<resource-skill>Cooking</resource-skill>
					<resource-min amount="12">300</resource-min>
					<resource-opt amount="6">425</resource-opt>
				</resource>
				<resource>
					<resource-name>Butter</resource-name>
					<resource-skill>Cooking</resource-skill>
					<resource-min amount="4">300</resource-min>
					<resource-opt amount="2">425</resource-opt>
				</resource>
				<resource>
					<resource-name>Ground Salt</resource-name>
					<resource-skill>Cooking</resource-skill>
					<resource-min amount="10">300</resource-min>
					<resource-opt amount="5">425</resource-opt>
				</resource>
			</resources>
		</tier>
		<tier>
			<tier-name>Salad</tier-name>
			<tier-lvl levelName="Salad">2</tier-lvl>
			<tier-desc/>
			<tier-allowedtechniques>1</tier-allowedtechniques>
			<tier-attributes>
				<tier-attribute type="dpReduction">Advances Death Point fade time by 32:00</tier-attribute>
			</tier-attributes>
			<tier-keywords>
				<tier-keyword>tier_2</tier-keyword>
			</tier-keywords>
			<resources>
				<resource>
					<resource-name>Sliced Tomatoes</resource-name>
					<resource-skill>Cooking</resource-skill>
					<resource-min amount="13">200</resource-min>
					<resource-opt amount="5">325</resource-opt>
				</resource>
				<resource>
					<resource-name>Lettuce</resource-name>
					<resource-skill>Cooking</resource-skill>
					<resource-min amount="3">200</resource-min>
					<resource-opt amount="3">200</resource-opt>
				</resource>
				<resource>
					<resource-name>Vinegar</resource-name>
					<resource-skill>Cooking</resource-skill>
					<resource-min amount="6">200</resource-min>
					<resource-opt amount="3">325</resource-opt>
				</resource>
			</resources>
		</tier>
		<tier>
			<tier-name>Shrimp Salad</tier-name>
			<tier-lvl levelName="Shrimp Salad">2</tier-lvl>
			<tier-desc/>
			<tier-allowedtechniques>1</tier-allowedtechniques>
			<tier-attributes>
				<tier-attribute type="dpReduction">Advances Death Point fade time by 35:00</tier-attribute>
			</tier-attributes>
			<tier-keywords>
				<tier-keyword>tier_2</tier-keyword>
			</tier-keywords>
			<resources>
				<resource>
					<resource-name>Prepared Shrimp</resource-name>
					<resource-skill>Cooking</resource-skill>
					<resource-min amount="12">300</resource-min>
					<resource-opt amount="6">425</resource-opt>
				</resource>
				<resource>
					<resource-name>Lettuce</resource-name>
					<resource-skill>Cooking</resource-skill>
					<resource-min amount="10">300</resource-min>
					<resource-opt amount="5">425</resource-opt>
				</resource>
				<resource>
					<resource-name>Olive Oil</resource-name>
					<resource-skill>Cooking</resource-skill>
					<resource-min amount="4">300</resource-min>
					<resource-opt amount="2">425</resource-opt>
				</resource>
			</resources>
		</tier>
		<tier>
			<tier-name>Tomato Salad</tier-name>
			<tier-lvl levelName="Tomato Salad">2</tier-lvl>
			<tier-desc/>
			<tier-allowedtechniques>1</tier-allowedtechniques>
			<tier-attributes>
				<tier-attribute type="dpReduction">Advances Death Point fade time by 32:00</tier-attribute>
			</tier-attributes>
			<tier-keywords>
				<tier-keyword>tier_2</tier-keyword>
			</tier-keywords>
			<resources>
				<resource>
					<resource-name>Sliced Tomatoes</resource-name>
					<resource-skill>Cooking</resource-skill>
					<resource-min amount="12">300</resource-min>
					<resource-opt amount="6">425</resource-opt>
				</resource>
				<resource>
					<resource-name>Lettuce</resource-name>
					<resource-skill>Cooking</resource-skill>
					<resource-min amount="10">300</resource-min>
					<resource-opt amount="5">425</resource-opt>
				</resource>
				<resource>
					<resource-name>Olive Oil</resource-name>
					<resource-skill>Cooking</resource-skill>
					<resource-min amount="4">300</resource-min>
					<resource-opt amount="2">425</resource-opt>
				</resource>
			</resources>
		</tier>
	</item>
	<item>
		<item-name>Tier III Sides</item-name>
		<item-icon>icon_formula_f_03_01_11.png</item-icon>
		<item-batchqty>1</item-batchqty>
		<item-attributes>
			<item-attribute type="bulk">2</item-attribute>
			<item-attribute type="hoardValue">0</item-attribute>
			<item-attribute type="dpReductionReqLvl">Less effective if any level is higher than 60</item-attribute>
			<item-attribute type="dpReductionMinLvl">Less effective if potential rating is under 41</item-attribute>
		</item-attributes>
		<item-keywords>
			<item-keyword>food</item-keyword>
			<item-keyword>skill_use_cooking</item-keyword>
		</item-keywords>
		<tier>
			<tier-name>Baked Corn Casserole</tier-name>
			<tier-lvl levelName="Baked Corn Casserole">3</tier-lvl>
			<tier-desc/>
			<tier-allowedtechniques>1</tier-allowedtechniques>
			<tier-attributes>
				<tier-attribute type="dpReduction">Advances Death Point fade time by 1:10:00</tier-attribute>
			</tier-attributes>
			<tier-keywords>
				<tier-keyword>tier_3</tier-keyword>
			</tier-keywords>
			<resources>
				<resource>
					<resource-name>Cream Cheese</resource-name>
					<resource-skill>Cooking</resource-skill>
					<resource-min amount="4">500</resource-min>
					<resource-opt amount="2">650</resource-opt>
				</resource>
				<resource>
					<resource-name>Husked Corn</resource-name>
					<resource-skill>Cooking</resource-skill>
					<resource-min amount="12">500</resource-min>
					<resource-opt amount="6">650</resource-opt>
				</resource>
				<resource>
					<resource-name>Chopped Onion</resource-name>
					<resource-skill>Cooking</resource-skill>
					<resource-min amount="4">500</resource-min>
					<resource-opt amount="2">650</resource-opt>
				</resource>
				<resource>
					<resource-name>Butter</resource-name>
					<resource-skill>Cooking</resource-skill>
					<resource-min amount="6">500</resource-min>
					<resource-opt amount="3">650</resource-opt>
				</resource>
			</resources>
		</tier>
		<tier>
			<tier-name>Baked Mushrooms</tier-name>
			<tier-lvl levelName="Baked Mushrooms">3</tier-lvl>
			<tier-desc/>
			<tier-allowedtechniques>1</tier-allowedtechniques>
			<tier-attributes>
				<tier-attribute type="dpReduction">Advances Death Point fade time by 50:00</tier-attribute>
			</tier-attributes>
			<tier-keywords>
				<tier-keyword>tier_3</tier-keyword>
			</tier-keywords>
			<resources>
				<resource>
					<resource-name>Cleaned Roughcap Caps</resource-name>
					<resource-skill>Cooking</resource-skill>
					<resource-min amount="10">400</resource-min>
					<resource-opt amount="5">550</resource-opt>
				</resource>
				<resource>
					<resource-name>Butter</resource-name>
					<resource-skill>Cooking</resource-skill>
					<resource-min amount="4">400</resource-min>
					<resource-opt amount="2">550</resource-opt>
				</resource>
				<resource>
					<resource-name>Ground Salt</resource-name>
					<resource-skill>Cooking</resource-skill>
					<resource-min amount="4">400</resource-min>
					<resource-opt amount="2">550</resource-opt>
				</resource>
				<resource>
					<resource-name>Ground Pepper</resource-name>
					<resource-skill>Cooking</resource-skill>
					<resource-min amount="4">400</resource-min>
					<resource-opt amount="2">550</resource-opt>
				</resource>
			</resources>
		</tier>
		<tier>
			<tier-name>Macaroni and Cheese</tier-name>
			<tier-lvl levelName="Macaroni and Cheese">3</tier-lvl>
			<tier-desc/>
			<tier-allowedtechniques>1</tier-allowedtechniques>
			<tier-attributes>
				<tier-attribute type="dpReduction">Advances Death Point fade time by 1:05:00</tier-attribute>
			</tier-attributes>
			<tier-keywords>
				<tier-keyword>tier_3</tier-keyword>
			</tier-keywords>
			<resources>
				<resource>
					<resource-name>Cheese</resource-name>
					<resource-skill>Cooking</resource-skill>
					<resource-min amount="4">500</resource-min>
					<resource-opt amount="2">650</resource-opt>
				</resource>
				<resource>
					<resource-name>Butter</resource-name>
					<resource-skill>Cooking</resource-skill>
					<resource-min amount="4">500</resource-min>
					<resource-opt amount="2">650</resource-opt>
				</resource>
				<resource>
					<resource-name>Ground Salt</resource-name>
					<resource-skill>Cooking</resource-skill>
					<resource-min amount="6">500</resource-min>
					<resource-opt amount="3">650</resource-opt>
				</resource>
				<resource>
					<resource-name>Noodles</resource-name>
					<resource-skill>Cooking</resource-skill>
					<resource-min amount="12">500</resource-min>
					<resource-opt amount="6">650</resource-opt>
				</resource>
			</resources>
		</tier>
		<tier>
			<tier-name>Potatoes Au Gratin</tier-name>
			<tier-lvl levelName="Potatoes Au Gratin">3</tier-lvl>
			<tier-desc/>
			<tier-allowedtechniques>1</tier-allowedtechniques>
			<tier-attributes>
				<tier-attribute type="dpReduction">Advances Death Point fade time by 50:00</tier-attribute>
			</tier-attributes>
			<tier-keywords>
				<tier-keyword>tier_3</tier-keyword>
			</tier-keywords>
			<resources>
				<resource>
					<resource-name>Sliced Potatoes</resource-name>
					<resource-skill>Cooking</resource-skill>
					<resource-min amount="10">400</resource-min>
					<resource-opt amount="5">550</resource-opt>
				</resource>
				<resource>
					<resource-name>Chopped Onion</resource-name>
					<resource-skill>Cooking</resource-skill>
					<resource-min amount="4">400</resource-min>
					<resource-opt amount="2">550</resource-opt>
				</resource>
				<resource>
					<resource-name>Cheese</resource-name>
					<resource-skill>Cooking</resource-skill>
					<resource-min amount="4">400</resource-min>
					<resource-opt amount="2">550</resource-opt>
				</resource>
				<resource>
					<resource-name>Ground Salt</resource-name>
					<resource-skill>Cooking</resource-skill>
					<resource-min amount="4">400</resource-min>
					<resource-opt amount="2">550</resource-opt>
				</resource>
			</resources>
		</tier>
		<tier>
			<tier-name>Seafood Paella</tier-name>
			<tier-lvl levelName="Seafood Paella">3</tier-lvl>
			<tier-desc/>
			<tier-allowedtechniques>1</tier-allowedtechniques>
			<tier-attributes>
				<tier-attribute type="dpReduction">Advances Death Point fade time by 55:00</tier-attribute>
			</tier-attributes>
			<tier-keywords>
				<tier-keyword>tier_3</tier-keyword>
			</tier-keywords>
			<resources>
				<resource>
					<resource-name>Shucked Clam</resource-name>
					<resource-skill>Cooking</resource-skill>
					<resource-min amount="6">400</resource-min>
					<resource-opt amount="3">550</resource-opt>
				</resource>
				<resource>
					<resource-name>Minnow Fillet</resource-name>
					<resource-skill>Cooking</resource-skill>
					<resource-min amount="6">400</resource-min>
					<resource-opt amount="3">550</resource-opt>
				</resource>
				<resource>
					<resource-name>Steamed Rice</resource-name>
					<resource-skill>Cooking</resource-skill>
					<resource-min amount="4">400</resource-min>
					<resource-opt amount="2">550</resource-opt>
				</resource>
				<resource>
					<resource-name>Bass Fillet</resource-name>
					<resource-skill>Cooking</resource-skill>
					<resource-min amount="6">400</resource-min>
					<resource-opt amount="3">550</resource-opt>
				</resource>
			</resources>
		</tier>
	</item>
	<item>
		<item-name>Tier IV Sides</item-name>
		<item-icon>icon_formula_f_03_01_11.png</item-icon>
		<item-batchqty>1</item-batchqty>
		<item-attributes>
			<item-attribute type="bulk">2</item-attribute>
			<item-attribute type="hoardValue">0</item-attribute>
			<item-attribute type="dpReductionReqLvl">Less effective if any level is higher than 80</item-attribute>
			<item-attribute type="dpReductionMinLvl">Less effective if potential rating is under 61</item-attribute>
		</item-attributes>
		<item-keywords>
			<item-keyword>food</item-keyword>
			<item-keyword>skill_use_cooking</item-keyword>
		</item-keywords>
		<tier>
			<tier-name>Carrot Souffle</tier-name>
			<tier-lvl levelName="Carrot Souffle">4</tier-lvl>
			<tier-desc/>
			<tier-allowedtechniques>1</tier-allowedtechniques>
			<tier-attributes>
				<tier-attribute type="dpReduction">Advances Death Point fade time by 1:05:00</tier-attribute>
			</tier-attributes>
			<tier-keywords>
				<tier-keyword>tier_4</tier-keyword>
			</tier-keywords>
			<resources>
				<resource>
					<resource-name>Wheat Flour</resource-name>
					<resource-skill>Cooking</resource-skill>
					<resource-min amount="4">600</resource-min>
					<resource-opt amount="2">775</resource-opt>
				</resource>
				<resource>
					<resource-name>Sliced Carrots</resource-name>
					<resource-skill>Cooking</resource-skill>
					<resource-min amount="10">600</resource-min>
					<resource-opt amount="5">775</resource-opt>
				</resource>
				<resource>
					<resource-name>Butter</resource-name>
					<resource-skill>Cooking</resource-skill>
					<resource-min amount="2">600</resource-min>
					<resource-opt amount="1">775</resource-opt>
				</resource>
				<resource>
					<resource-name>Sugar</resource-name>
					<resource-skill>Cooking</resource-skill>
					<resource-min amount="4">600</resource-min>
					<resource-opt amount="2">775</resource-opt>
				</resource>
				<resource>
					<resource-name>Egg</resource-name>
					<resource-skill>Cooking</resource-skill>
					<resource-min amount="2">600</resource-min>
					<resource-opt amount="1">775</resource-opt>
				</resource>
			</resources>
		</tier>
		<tier>
			<tier-name>Loaded Baked Potato</tier-name>
			<tier-lvl levelName="Loaded Baked Potato">4</tier-lvl>
			<tier-desc/>
			<tier-allowedtechniques>1</tier-allowedtechniques>
			<tier-attributes>
				<tier-attribute type="dpReduction">Advances Death Point fade time by 1:15:00</tier-attribute>
			</tier-attributes>
			<tier-keywords>
				<tier-keyword>tier_4</tier-keyword>
			</tier-keywords>
			<resources>
				<resource>
					<resource-name>Chopped Chives</resource-name>
					<resource-skill>Cooking</resource-skill>
					<resource-min amount="3">700</resource-min>
					<resource-opt amount="2">900</resource-opt>
				</resource>
				<resource>
					<resource-name>Cheese</resource-name>
					<resource-skill>Cooking</resource-skill>
					<resource-min amount="3">700</resource-min>
					<resource-opt amount="2">900</resource-opt>
				</resource>
				<resource>
					<resource-name>Butter</resource-name>
					<resource-skill>Cooking</resource-skill>
					<resource-min amount="5">700</resource-min>
					<resource-opt amount="2">900</resource-opt>
				</resource>
				<resource>
					<resource-name>Potato</resource-name>
					<resource-skill>Cooking</resource-skill>
					<resource-min amount="10">700</resource-min>
					<resource-opt amount="5">900</resource-opt>
				</resource>
				<resource>
					<resource-name>Ground Salt</resource-name>
					<resource-skill>Cooking</resource-skill>
					<resource-min amount="5">700</resource-min>
					<resource-opt amount="2">900</resource-opt>
				</resource>
			</resources>
		</tier>
		<tier>
			<tier-name>Potato Salad</tier-name>
			<tier-lvl levelName="Potato Salad">4</tier-lvl>
			<tier-desc/>
			<tier-allowedtechniques>1</tier-allowedtechniques>
			<tier-attributes>
				<tier-attribute type="dpReduction">Advances Death Point fade time by 1:10:00</tier-attribute>
			</tier-attributes>
			<tier-keywords>
				<tier-keyword>tier_4</tier-keyword>
			</tier-keywords>
			<resources>
				<resource>
					<resource-name>Sliced Potatoes</resource-name>
					<resource-skill>Cooking</resource-skill>
					<resource-min amount="10">700</resource-min>
					<resource-opt amount="5">900</resource-opt>
				</resource>
				<resource>
					<resource-name>Onion Powder</resource-name>
					<resource-skill>Cooking</resource-skill>
					<resource-min amount="2">700</resource-min>
					<resource-opt amount="1">900</resource-opt>
				</resource>
				<resource>
					<resource-name>Beaten Eggs</resource-name>
					<resource-skill>Cooking</resource-skill>
					<resource-min amount="10">700</resource-min>
					<resource-opt amount="5">900</resource-opt>
				</resource>
				<resource>
					<resource-name>Ground Salt</resource-name>
					<resource-skill>Cooking</resource-skill>
					<resource-min amount="2">700</resource-min>
					<resource-opt amount="1">900</resource-opt>
				</resource>
				<resource>
					<resource-name>Ground Pepper</resource-name>
					<resource-skill>Cooking</resource-skill>
					<resource-min amount="2">700</resource-min>
					<resource-opt amount="1">900</resource-opt>
				</resource>
			</resources>
		</tier>
		<tier>
			<tier-name>Stuffed Stonespore</tier-name>
			<tier-lvl levelName="Stuffed Stonespore">4</tier-lvl>
			<tier-desc/>
			<tier-allowedtechniques>1</tier-allowedtechniques>
			<tier-attributes>
				<tier-attribute type="dpReduction">Advances Death Point fade time by 1:00:00</tier-attribute>
			</tier-attributes>
			<tier-keywords>
				<tier-keyword>tier_4</tier-keyword>
			</tier-keywords>
			<resources>
				<resource>
					<resource-name>Cleaned Stonespore Caps</resource-name>
					<resource-skill>Cooking</resource-skill>
					<resource-min amount="6">600</resource-min>
					<resource-opt amount="3">775</resource-opt>
				</resource>
				<resource>
					<resource-name>Trimmed Beef Flank</resource-name>
					<resource-skill>Cooking</resource-skill>
					<resource-min amount="6">600</resource-min>
					<resource-opt amount="3">775</resource-opt>
				</resource>
				<resource>
					<resource-name>Steamed Rice</resource-name>
					<resource-skill>Cooking</resource-skill>
					<resource-min amount="2">600</resource-min>
					<resource-opt amount="1">775</resource-opt>
				</resource>
				<resource>
					<resource-name>Sliced Tomatoes</resource-name>
					<resource-skill>Cooking</resource-skill>
					<resource-min amount="4">600</resource-min>
					<resource-opt amount="2">775</resource-opt>
				</resource>
				<resource>
					<resource-name>Sliced Green Peppers</resource-name>
					<resource-skill>Cooking</resource-skill>
					<resource-min amount="4">600</resource-min>
					<resource-opt amount="2">775</resource-opt>
				</resource>
			</resources>
		</tier>
	</item>
	<item>
		<item-name>Tier V Sides</item-name>
		<item-icon>icon_formula_f_03_01_11.png</item-icon>
		<item-batchqty>1</item-batchqty>
		<item-attributes>
			<item-attribute type="dpReductionReqLvl">Less effective if any level is higher than 100</item-attribute>
			<item-attribute type="dpReductionMinLvl">Less effective if potential rating is under 81</item-attribute>
			<item-attribute type="bulk">2</item-attribute>
			<item-attribute type="hoardValue">0</item-attribute>
		</item-attributes>
		<item-keywords>
			<item-keyword>food</item-keyword>
			<item-keyword>tier_5</item-keyword>
			<item-keyword>skill_use_cooking</item-keyword>
		</item-keywords>
		<tier>
			<tier-name>Broiled Mackerel</tier-name>
			<tier-lvl levelName="Broiled Mackerel">5</tier-lvl>
			<tier-desc/>
			<tier-allowedtechniques>1</tier-allowedtechniques>
			<tier-attributes>
				<tier-attribute type="dpReduction">Advances Death Point fade time by 1:05:00</tier-attribute>
			</tier-attributes>
			<tier-keywords>
			</tier-keywords>
			<resources>
				<resource>
					<resource-name>Mackerel Fillet</resource-name>
					<resource-skill>Cooking</resource-skill>
					<resource-min amount="6">800</resource-min>
					<resource-opt amount="3">1025</resource-opt>
				</resource>
				<resource>
					<resource-name>Lemon Zest</resource-name>
					<resource-skill>Cooking</resource-skill>
					<resource-min amount="2">800</resource-min>
					<resource-opt amount="1">1025</resource-opt>
				</resource>
				<resource>
					<resource-name>Garlic Powder</resource-name>
					<resource-skill>Cooking</resource-skill>
					<resource-min amount="5">800</resource-min>
					<resource-opt amount="2">1025</resource-opt>
				</resource>
				<resource>
					<resource-name>Butter</resource-name>
					<resource-skill>Cooking</resource-skill>
					<resource-min amount="2">800</resource-min>
					<resource-opt amount="1">1025</resource-opt>
				</resource>
				<resource>
					<resource-name>Vinegar</resource-name>
					<resource-skill>Cooking</resource-skill>
					<resource-min amount="2">800</resource-min>
					<resource-opt amount="1">1025</resource-opt>
				</resource>
				<resource>
					<resource-name>Ground Pepper</resource-name>
					<resource-skill>Cooking</resource-skill>
					<resource-min amount="5">800</resource-min>
					<resource-opt amount="2">1025</resource-opt>
				</resource>
			</resources>
		</tier>
		<tier>
			<tier-name>Chicken Side Salad</tier-name>
			<tier-lvl levelName="Chicken Side Salad">5</tier-lvl>
			<tier-desc/>
			<tier-allowedtechniques>1</tier-allowedtechniques>
			<tier-attributes>
				<tier-attribute type="dpReduction">Advances Death Point fade time by 1:15:00</tier-attribute>
			</tier-attributes>
			<tier-keywords>
			</tier-keywords>
			<resources>
				<resource>
					<resource-name>Mayonnaise</resource-name>
					<resource-skill>Cooking</resource-skill>
					<resource-min amount="2">800</resource-min>
					<resource-opt amount="1">1025</resource-opt>
				</resource>
				<resource>
					<resource-name>Trimmed Chicken Breast</resource-name>
					<resource-skill>Cooking</resource-skill>
					<resource-min amount="6">800</resource-min>
					<resource-opt amount="3">1025</resource-opt>
				</resource>
				<resource>
					<resource-name>Sliced Green Peppers</resource-name>
					<resource-skill>Cooking</resource-skill>
					<resource-min amount="5">800</resource-min>
					<resource-opt amount="2">1025</resource-opt>
				</resource>
				<resource>
					<resource-name>Hard Cooked Eggs</resource-name>
					<resource-skill>Cooking</resource-skill>
					<resource-min amount="5">800</resource-min>
					<resource-opt amount="2">1025</resource-opt>
				</resource>
				<resource>
					<resource-name>Butter</resource-name>
					<resource-skill>Cooking</resource-skill>
					<resource-min amount="2">800</resource-min>
					<resource-opt amount="1">1025</resource-opt>
				</resource>
				<resource>
					<resource-name>Ground Salt</resource-name>
					<resource-skill>Cooking</resource-skill>
					<resource-min amount="2">800</resource-min>
					<resource-opt amount="1">1025</resource-opt>
				</resource>
			</resources>
		</tier>
		<tier>
			<tier-name>Mutton Stuffing</tier-name>
			<tier-lvl levelName="Mutton Stuffing">5</tier-lvl>
			<tier-desc/>
			<tier-allowedtechniques>1</tier-allowedtechniques>
			<tier-attributes>
				<tier-attribute type="dpReduction">Advances Death Point fade time by 1:20:00</tier-attribute>
				<tier-attribute type="bulk">2</tier-attribute>
				<tier-attribute type="hoardValue">0</tier-attribute>
			</tier-attributes>
			<tier-keywords>
			</tier-keywords>
			<resources>
				<resource>
					<resource-name>Marinated Mutton</resource-name>
					<resource-skill>Cooking</resource-skill>
					<resource-min amount="8">900</resource-min>
					<resource-opt amount="4">1125</resource-opt>
				</resource>
				<resource>
					<resource-name>Cleaned Blood Caps</resource-name>
					<resource-skill>Cooking</resource-skill>
					<resource-min amount="6">900</resource-min>
					<resource-opt amount="3">1125</resource-opt>
				</resource>
				<resource>
					<resource-name>Garlic Powder</resource-name>
					<resource-skill>Cooking</resource-skill>
					<resource-min amount="2">900</resource-min>
					<resource-opt amount="1">1125</resource-opt>
				</resource>
				<resource>
					<resource-name>Chopped Onion</resource-name>
					<resource-skill>Cooking</resource-skill>
					<resource-min amount="6">900</resource-min>
					<resource-opt amount="3">1125</resource-opt>
				</resource>
				<resource>
					<resource-name>Ground Salt</resource-name>
					<resource-skill>Cooking</resource-skill>
					<resource-min amount="2">900</resource-min>
					<resource-opt amount="1">1125</resource-opt>
				</resource>
				<resource>
					<resource-name>Ground Pepper</resource-name>
					<resource-skill>Cooking</resource-skill>
					<resource-min amount="2">900</resource-min>
					<resource-opt amount="1">1125</resource-opt>
				</resource>
			</resources>
		</tier>
		<tier>
			<tier-name>Seafood Salad</tier-name>
			<tier-lvl levelName="Seafood Salad">5</tier-lvl>
			<tier-desc/>
			<tier-allowedtechniques>1</tier-allowedtechniques>
			<tier-attributes>
				<tier-attribute type="dpReduction">Advances Death Point fade time by 1:30:00</tier-attribute>
			</tier-attributes>
			<tier-keywords>
			</tier-keywords>
			<resources>
				<resource>
					<resource-name>Mayonnaise</resource-name>
					<resource-skill>Cooking</resource-skill>
					<resource-min amount="2">900</resource-min>
					<resource-opt amount="1">1125</resource-opt>
				</resource>
				<resource>
					<resource-name>Shelled Crab</resource-name>
					<resource-skill>Cooking</resource-skill>
					<resource-min amount="8">900</resource-min>
					<resource-opt amount="4">1125</resource-opt>
				</resource>
				<resource>
					<resource-name>Shelled Lobster</resource-name>
					<resource-skill>Cooking</resource-skill>
					<resource-min amount="6">900</resource-min>
					<resource-opt amount="3">1125</resource-opt>
				</resource>
				<resource>
					<resource-name>De-inked Squid</resource-name>
					<resource-skill>Cooking</resource-skill>
					<resource-min amount="6">900</resource-min>
					<resource-opt amount="3">1125</resource-opt>
				</resource>
				<resource>
					<resource-name>Chopped Onion</resource-name>
					<resource-skill>Cooking</resource-skill>
					<resource-min amount="2">900</resource-min>
					<resource-opt amount="1">1125</resource-opt>
				</resource>
				<resource>
					<resource-name>Cheese</resource-name>
					<resource-skill>Cooking</resource-skill>
					<resource-min amount="2">900</resource-min>
					<resource-opt amount="1">1125</resource-opt>
				</resource>
			</resources>
		</tier>
	</item>
	<item>
		<item-name>Tier VI Sides</item-name>
		<item-icon>icon_formula_f_03_01_11.png</item-icon>
		<item-batchqty>1</item-batchqty>
		<item-attributes>
			<item-attribute type="dpReductionReqLvl">Less effective if any level is higher than 120</item-attribute>
			<item-attribute type="dpReductionMinLvl">Less effective if potential rating is under 101</item-attribute>
			<item-attribute type="bulk">2</item-attribute>
			<item-attribute type="hoardValue">0</item-attribute>
		</item-attributes>
		<item-keywords>
			<item-keyword>food</item-keyword>
			<item-keyword>tier_6</item-keyword>
			<item-keyword>skill_use_cooking</item-keyword>
		</item-keywords>
		<tier>
			<tier-name>Feladanian Ratatouille</tier-name>
			<tier-lvl levelName="Feladanian Ratatouille">6</tier-lvl>
			<tier-desc/>
			<tier-allowedtechniques>3</tier-allowedtechniques>
			<tier-attributes>
				<tier-attribute type="dpReduction">Advances Death Point fade time by 2:00:00</tier-attribute>
			</tier-attributes>
			<tier-keywords>
			</tier-keywords>
			<resources>
				<resource>
					<resource-name>Cleaned Stonespore Caps</resource-name>
					<resource-skill>Cooking</resource-skill>
					<resource-min amount="6">1100</resource-min>
					<resource-opt amount="3">1350</resource-opt>
				</resource>
				<resource>
					<resource-name>Sliced Tomatoes</resource-name>
					<resource-skill>Cooking</resource-skill>
					<resource-min amount="6">1100</resource-min>
					<resource-opt amount="3">1350</resource-opt>
				</resource>
				<resource>
					<resource-name>Sliced Green Peppers</resource-name>
					<resource-skill>Cooking</resource-skill>
					<resource-min amount="6">1100</resource-min>
					<resource-opt amount="3">1350</resource-opt>
				</resource>
				<resource>
					<resource-name>Garlic Powder</resource-name>
					<resource-skill>Cooking</resource-skill>
					<resource-min amount="2">1100</resource-min>
					<resource-opt amount="1">1350</resource-opt>
				</resource>
				<resource>
					<resource-name>Chopped Onion</resource-name>
					<resource-skill>Cooking</resource-skill>
					<resource-min amount="2">1100</resource-min>
					<resource-opt amount="1">1350</resource-opt>
				</resource>
				<resource>
					<resource-name>Cheese</resource-name>
					<resource-skill>Cooking</resource-skill>
					<resource-min amount="2">1100</resource-min>
					<resource-opt amount="1">1350</resource-opt>
				</resource>
				<resource>
					<resource-name>Olive Oil</resource-name>
					<resource-skill>Cooking</resource-skill>
					<resource-min amount="2">1100</resource-min>
					<resource-opt amount="1">1350</resource-opt>
				</resource>
			</resources>
		</tier>
		<tier>
			<tier-name>Gnomish Pot Pie</tier-name>
			<tier-lvl levelName="Gnomish Pot Pie">6</tier-lvl>
			<tier-desc/>
			<tier-allowedtechniques>3</tier-allowedtechniques>
			<tier-attributes>
				<tier-attribute type="dpReduction">Advances Death Point fade time by 2:00:00</tier-attribute>
			</tier-attributes>
			<tier-keywords>
			</tier-keywords>
			<resources>
				<resource>
					<resource-name>Spicy Sausage</resource-name>
					<resource-skill>Cooking</resource-skill>
					<resource-min amount="2">1000</resource-min>
					<resource-opt amount="1">1250</resource-opt>
				</resource>
				<resource>
					<resource-name>Pie Crust</resource-name>
					<resource-skill>Cooking</resource-skill>
					<resource-min amount="2">1000</resource-min>
					<resource-opt amount="1">1250</resource-opt>
				</resource>
				<resource>
					<resource-name>Chicken Gravy</resource-name>
					<resource-skill>Cooking</resource-skill>
					<resource-min amount="2">1000</resource-min>
					<resource-opt amount="1">1250</resource-opt>
				</resource>
				<resource>
					<resource-name>Sliced Potatoes</resource-name>
					<resource-skill>Cooking</resource-skill>
					<resource-min amount="4">1000</resource-min>
					<resource-opt amount="2">1250</resource-opt>
				</resource>
				<resource>
					<resource-name>Sliced Carrots</resource-name>
					<resource-skill>Cooking</resource-skill>
					<resource-min amount="4">1000</resource-min>
					<resource-opt amount="2">1250</resource-opt>
				</resource>
				<resource>
					<resource-name>Shucked Peas</resource-name>
					<resource-skill>Cooking</resource-skill>
					<resource-min amount="4">1000</resource-min>
					<resource-opt amount="2">1250</resource-opt>
				</resource>
				<resource>
					<resource-name>Hard Cooked Eggs</resource-name>
					<resource-skill>Cooking</resource-skill>
					<resource-min amount="4">1000</resource-min>
					<resource-opt amount="2">1250</resource-opt>
				</resource>
			</resources>
		</tier>
		<tier>
			<tier-name>Lobster Roll</tier-name>
			<tier-lvl levelName="Lobster Roll">6</tier-lvl>
			<tier-desc/>
			<tier-allowedtechniques>3</tier-allowedtechniques>
			<tier-attributes>
				<tier-attribute type="dpReduction">Advances Death Point fade time by 2:00:00</tier-attribute>
			</tier-attributes>
			<tier-keywords>
			</tier-keywords>
			<resources>
				<resource>
					<resource-name>Mayonnaise</resource-name>
					<resource-skill>Cooking</resource-skill>
					<resource-min amount="2">1000</resource-min>
					<resource-opt amount="1">1250</resource-opt>
				</resource>
				<resource>
					<resource-name>Shelled Lobster</resource-name>
					<resource-skill>Cooking</resource-skill>
					<resource-min amount="6">1000</resource-min>
					<resource-opt amount="3">1250</resource-opt>
				</resource>
				<resource>
					<resource-name>Sliced Green Peppers</resource-name>
					<resource-skill>Cooking</resource-skill>
					<resource-min amount="4">1000</resource-min>
					<resource-opt amount="2">1250</resource-opt>
				</resource>
				<resource>
					<resource-name>Lemon Juice</resource-name>
					<resource-skill>Cooking</resource-skill>
					<resource-min amount="2">1000</resource-min>
					<resource-opt amount="1">1250</resource-opt>
				</resource>
				<resource>
					<resource-name>Chopped Lettuce</resource-name>
					<resource-skill>Cooking</resource-skill>
					<resource-min amount="4">1000</resource-min>
					<resource-opt amount="2">1250</resource-opt>
				</resource>
				<resource>
					<resource-name>Butter</resource-name>
					<resource-skill>Cooking</resource-skill>
					<resource-min amount="2">1000</resource-min>
					<resource-opt amount="1">1250</resource-opt>
				</resource>
				<resource>
					<resource-name>Wheat Dough</resource-name>
					<resource-skill>Cooking</resource-skill>
					<resource-min amount="2">1000</resource-min>
					<resource-opt amount="1">1250</resource-opt>
				</resource>
			</resources>
		</tier>
		<tier>
			<tier-name>Smoked Gruok Fried Rice</tier-name>
			<tier-lvl levelName="Smoked Gruok Fried Rice">6</tier-lvl>
			<tier-desc/>
			<tier-allowedtechniques>3</tier-allowedtechniques>
			<tier-attributes>
				<tier-attribute type="dpReduction">Advances Death Point fade time by 2:00:00</tier-attribute>
			</tier-attributes>
			<tier-keywords>
			</tier-keywords>
			<resources>
				<resource>
					<resource-name>Rubbed Cilantro</resource-name>
					<resource-skill>Cooking</resource-skill>
					<resource-min amount="2">1100</resource-min>
					<resource-opt amount="1">1350</resource-opt>
				</resource>
				<resource>
					<resource-name>Smoked Gruok</resource-name>
					<resource-skill>Cooking</resource-skill>
					<resource-min amount="2">1100</resource-min>
					<resource-opt amount="1">1350</resource-opt>
				</resource>
				<resource>
					<resource-name>Sliced Green Peppers</resource-name>
					<resource-skill>Cooking</resource-skill>
					<resource-min amount="4">1100</resource-min>
					<resource-opt amount="2">1350</resource-opt>
				</resource>
				<resource>
					<resource-name>Sliced Carrots</resource-name>
					<resource-skill>Cooking</resource-skill>
					<resource-min amount="4">1100</resource-min>
					<resource-opt amount="2">1350</resource-opt>
				</resource>
				<resource>
					<resource-name>Shucked Peas</resource-name>
					<resource-skill>Cooking</resource-skill>
					<resource-min amount="4">1100</resource-min>
					<resource-opt amount="2">1350</resource-opt>
				</resource>
				<resource>
					<resource-name>Beaten Eggs</resource-name>
					<resource-skill>Cooking</resource-skill>
					<resource-min amount="2">1100</resource-min>
					<resource-opt amount="1">1350</resource-opt>
				</resource>
				<resource>
					<resource-name>Milled Rice</resource-name>
					<resource-skill>Cooking</resource-skill>
					<resource-min amount="8">1100</resource-min>
					<resource-opt amount="4">1350</resource-opt>
				</resource>
			</resources>
		</tier>
		<tier>
			<tier-name>Spaghetti ala Carbonara</tier-name>
			<tier-lvl levelName="Spaghetti ala Carbonara">6</tier-lvl>
			<tier-desc/>
			<tier-allowedtechniques>3</tier-allowedtechniques>
			<tier-attributes>
				<tier-attribute type="dpReduction">Advances Death Point fade time by 2:00:00</tier-attribute>
			</tier-attributes>
			<tier-keywords>
			</tier-keywords>
			<resources>
				<resource>
					<resource-name>Cream</resource-name>
					<resource-skill>Cooking</resource-skill>
					<resource-min amount="6">1000</resource-min>
					<resource-opt amount="3">1250</resource-opt>
				</resource>
				<resource>
					<resource-name>Tomato Basil Sauce</resource-name>
					<resource-skill>Cooking</resource-skill>
					<resource-min amount="2">1000</resource-min>
					<resource-opt amount="1">1250</resource-opt>
				</resource>
				<resource>
					<resource-name>Red Wine</resource-name>
					<resource-skill>Cooking</resource-skill>
					<resource-min amount="2">1000</resource-min>
					<resource-opt amount="1">1250</resource-opt>
				</resource>
				<resource>
					<resource-name>Trimmed Gruok Flank</resource-name>
					<resource-skill>Cooking</resource-skill>
					<resource-min amount="4">1000</resource-min>
					<resource-opt amount="2">1250</resource-opt>
				</resource>
				<resource>
					<resource-name>Garlic Powder</resource-name>
					<resource-skill>Cooking</resource-skill>
					<resource-min amount="2">1000</resource-min>
					<resource-opt amount="1">1250</resource-opt>
				</resource>
				<resource>
					<resource-name>Beaten Eggs</resource-name>
					<resource-skill>Cooking</resource-skill>
					<resource-min amount="2">1000</resource-min>
					<resource-opt amount="1">1250</resource-opt>
				</resource>
				<resource>
					<resource-name>Noodles</resource-name>
					<resource-skill>Cooking</resource-skill>
					<resource-min amount="4">1000</resource-min>
					<resource-opt amount="2">1250</resource-opt>
				</resource>
			</resources>
		</tier>
	</item>
</formulaset>
