<?xml version="1.0" encoding="ISO-8859-1"?>
<formulaset format="2.1">
	<formulaset-name>Armor - Platemail</formulaset-name>
	<formulaset-categories>
		<formulaset-category>Armor</formulaset-category>
	</formulaset-categories>
	<item>
		<item-name>Invisible Platemail Helm</item-name>
		<item-icon>icon_formula_a_05_00_11.png</item-icon>
		<item-batchqty>1</item-batchqty>
		<item-attributes>
			<item-attribute type="equipSlot">Head</item-attribute>
			<item-attribute type="bulk">32</item-attribute>
			<item-attribute type="reqClass">CHSW, CRSB, KNOC, RVR, CLRC, BTLM, PLDN, WAR</item-attribute>
		</item-attributes>
		<item-keywords>
			<item-keyword>techclass_1</item-keyword>
			<item-keyword>armor_helm</item-keyword>
			<item-keyword>bodyslot_head</item-keyword>
			<item-keyword>resource_metal</item-keyword>
			<item-keyword>armor</item-keyword>
			<item-keyword>armortype_platemail</item-keyword>
		</item-keywords>
		<tier>
			<tier-name>Invisible Bronze Platemail Helm</tier-name>
			<tier-lvl>1</tier-lvl>
			<tier-allowedtechniques>1</tier-allowedtechniques>
			<tier-attributes>
				<tier-attribute type="hoardValue">50</tier-attribute>
				<tier-attribute type="reqAdvSkill">Armor Use (110)</tier-attribute>
				<tier-attribute type="reqCurrentAdvLevel">Current Adventure Level (11)</tier-attribute>
				<tier-attribute type="statBonus">+16 Armor</tier-attribute>
			</tier-attributes>
			<tier-keywords>
				<tier-keyword>tier_1</tier-keyword>
			</tier-keywords>
			<resources>
				<resource>
					<resource-name>Bronze Bar</resource-name>
					<resource-skill>Armorcraft</resource-skill>
					<resource-min amount="20">120</resource-min>
					<resource-opt amount="10">220</resource-opt>
				</resource>
			</resources>
		</tier>
		<tier>
			<tier-name>Invisible Iron Platemail Helm</tier-name>
			<tier-lvl>2</tier-lvl>
			<tier-allowedtechniques>1</tier-allowedtechniques>
			<tier-attributes>
				<tier-attribute type="hoardValue">90</tier-attribute>
				<tier-attribute type="reqAdvSkill">Armor Use (310)</tier-attribute>
				<tier-attribute type="reqCurrentAdvLevel">Current Adventure Level (31)</tier-attribute>
				<tier-attribute type="statBonus">+35 Armor</tier-attribute>
			</tier-attributes>
			<tier-keywords>
				<tier-keyword>techclass_2</tier-keyword>
				<tier-keyword>tier_2</tier-keyword>
			</tier-keywords>
			<resources>
				<resource>
					<resource-name>Iron Bar</resource-name>
					<resource-skill>Armorcraft</resource-skill>
					<resource-min amount="20">320</resource-min>
					<resource-opt amount="10">445</resource-opt>
				</resource>
			</resources>
		</tier>
		<tier>
			<tier-name>Invisible Steel Platemail Helm</tier-name>
			<tier-lvl>3</tier-lvl>
			<tier-allowedtechniques>2</tier-allowedtechniques>
			<tier-attributes>
				<tier-attribute type="hoardValue">180</tier-attribute>
				<tier-attribute type="reqAdvSkill">Armor Use (510)</tier-attribute>
				<tier-attribute type="reqCurrentAdvLevel">Current Adventure Level (51)</tier-attribute>
				<tier-attribute type="statBonus">+58 Armor</tier-attribute>
			</tier-attributes>
			<tier-keywords>
				<tier-keyword>techclass_3</tier-keyword>
				<tier-keyword>techclass_2</tier-keyword>
				<tier-keyword>tier_3</tier-keyword>
			</tier-keywords>
			<resources>
				<resource>
					<resource-name>Steel Bar</resource-name>
					<resource-skill>Armorcraft</resource-skill>
					<resource-min amount="20">520</resource-min>
					<resource-opt amount="10">670</resource-opt>
				</resource>
			</resources>
		</tier>
		<tier>
			<tier-name>Invisible Cobalt Platemail Helm</tier-name>
			<tier-lvl>4</tier-lvl>
			<tier-allowedtechniques>2</tier-allowedtechniques>
			<tier-attributes>
				<tier-attribute type="hoardValue">360</tier-attribute>
				<tier-attribute type="reqAdvSkill">Armor Use (710)</tier-attribute>
				<tier-attribute type="reqCurrentAdvLevel">Current Adventure Level (71)</tier-attribute>
				<tier-attribute type="statBonus">+85 Armor</tier-attribute>
			</tier-attributes>
			<tier-keywords>
				<tier-keyword>techclass_4</tier-keyword>
				<tier-keyword>techclass_3</tier-keyword>
				<tier-keyword>techclass_2</tier-keyword>
				<tier-keyword>tier_4</tier-keyword>
			</tier-keywords>
			<resources>
				<resource>
					<resource-name>Cobalt Bar</resource-name>
					<resource-skill>Armorcraft</resource-skill>
					<resource-min amount="20">720</resource-min>
					<resource-opt amount="10">895</resource-opt>
				</resource>
			</resources>
		</tier>
		<tier>
			<tier-name>Invisible Mithril Platemail Helm</tier-name>
			<tier-lvl>5</tier-lvl>
			<tier-allowedtechniques>3</tier-allowedtechniques>
			<tier-attributes>
				<tier-attribute type="hoardValue">720</tier-attribute>
				<tier-attribute type="reqAdvSkill">Armor Use (910)</tier-attribute>
				<tier-attribute type="reqCurrentAdvLevel">Current Adventure Level (91)</tier-attribute>
				<tier-attribute type="statBonus">+116 Armor</tier-attribute>
			</tier-attributes>
			<tier-keywords>
				<tier-keyword>techclass_5</tier-keyword>
				<tier-keyword>techclass_4</tier-keyword>
				<tier-keyword>techclass_3</tier-keyword>
				<tier-keyword>techclass_2</tier-keyword>
				<tier-keyword>tier_5</tier-keyword>
			</tier-keywords>
			<resources>
				<resource>
					<resource-name>Mithril Bar</resource-name>
					<resource-skill>Armorcraft</resource-skill>
					<resource-min amount="20">920</resource-min>
					<resource-opt amount="10">1120</resource-opt>
				</resource>
			</resources>
		</tier>
	</item>
	<item>
		<item-name>Invisible Platemail Mask</item-name>
		<item-icon>icon_formula_a_06_00_11.png</item-icon>
		<item-batchqty>1</item-batchqty>
		<item-attributes>
			<item-attribute type="equipSlot">Face</item-attribute>
			<item-attribute type="bulk">16</item-attribute>
			<item-attribute type="reqClass">CHSW, CRSB, KNOC, RVR, CLRC, BTLM, PLDN, WAR</item-attribute>
		</item-attributes>
		<item-keywords>
			<item-keyword>techclass_1</item-keyword>
			<item-keyword>bodyslot_face</item-keyword>
			<item-keyword>resource_metal</item-keyword>
			<item-keyword>armor</item-keyword>
			<item-keyword>armortype_platemail</item-keyword>
		</item-keywords>
		<tier>
			<tier-name>Invisible Bronze Platemail Mask</tier-name>
			<tier-lvl>1</tier-lvl>
			<tier-desc>Platemail is designed like a solid shell, constructed from forged sheets of various metals. Although offering unsurpassed protection, platemail does have the disadvantage of being extremely heavy and cumbersome.</tier-desc>
			<tier-allowedtechniques>1</tier-allowedtechniques>
			<tier-attributes>
				<tier-attribute type="hoardValue">60</tier-attribute>
				<tier-attribute type="reqAdvSkill">Armor Use (110)</tier-attribute>
				<tier-attribute type="reqCurrentAdvLevel">Current Adventure Level (11)</tier-attribute>
				<tier-attribute type="statBonus">+16 Armor</tier-attribute>
			</tier-attributes>
			<tier-keywords>
				<tier-keyword>tier_1</tier-keyword>
			</tier-keywords>
			<resources>
				<resource>
					<resource-name>Bronze Bar</resource-name>
					<resource-skill>Armorcraft</resource-skill>
					<resource-min amount="24">160</resource-min>
					<resource-opt amount="12">260</resource-opt>
				</resource>
			</resources>
		</tier>
		<tier>
			<tier-name>Invisible Iron Platemail Mask</tier-name>
			<tier-lvl>2</tier-lvl>
			<tier-desc>Platemail is designed like a solid shell, constructed from forged sheets of various metals. Although offering unsurpassed protection, platemail does have the disadvantage of being extremely heavy and cumbersome.</tier-desc>
			<tier-allowedtechniques>1</tier-allowedtechniques>
			<tier-attributes>
				<tier-attribute type="hoardValue">108</tier-attribute>
				<tier-attribute type="reqAdvSkill">Armor Use (310)</tier-attribute>
				<tier-attribute type="reqCurrentAdvLevel">Current Adventure Level (31)</tier-attribute>
				<tier-attribute type="statBonus">+35 Armor</tier-attribute>
			</tier-attributes>
			<tier-keywords>
				<tier-keyword>techclass_2</tier-keyword>
				<tier-keyword>tier_2</tier-keyword>
			</tier-keywords>
			<resources>
				<resource>
					<resource-name>Iron Bar</resource-name>
					<resource-skill>Armorcraft</resource-skill>
					<resource-min amount="24">360</resource-min>
					<resource-opt amount="12">485</resource-opt>
				</resource>
			</resources>
		</tier>
		<tier>
			<tier-name>Invisible Steel Platemail Mask</tier-name>
			<tier-lvl>3</tier-lvl>
			<tier-desc>Platemail is designed like a solid shell, constructed from forged sheets of various metals. Although offering unsurpassed protection, platemail does have the disadvantage of being extremely heavy and cumbersome.</tier-desc>
			<tier-allowedtechniques>2</tier-allowedtechniques>
			<tier-attributes>
				<tier-attribute type="hoardValue">216</tier-attribute>
				<tier-attribute type="reqAdvSkill">Armor Use (510)</tier-attribute>
				<tier-attribute type="reqCurrentAdvLevel">Current Adventure Level (51)</tier-attribute>
				<tier-attribute type="statBonus">+58 Armor</tier-attribute>
			</tier-attributes>
			<tier-keywords>
				<tier-keyword>techclass_3</tier-keyword>
				<tier-keyword>techclass_2</tier-keyword>
				<tier-keyword>tier_3</tier-keyword>
			</tier-keywords>
			<resources>
				<resource>
					<resource-name>Steel Bar</resource-name>
					<resource-skill>Armorcraft</resource-skill>
					<resource-min amount="24">560</resource-min>
					<resource-opt amount="12">710</resource-opt>
				</resource>
			</resources>
		</tier>
		<tier>
			<tier-name>Invisible Cobalt Platemail Mask</tier-name>
			<tier-lvl>4</tier-lvl>
			<tier-desc>Platemail is designed like a solid shell, constructed from forged sheets of various metals. Although offering unsurpassed protection, platemail does have the disadvantage of being extremely heavy and cumbersome.</tier-desc>
			<tier-allowedtechniques>2</tier-allowedtechniques>
			<tier-attributes>
				<tier-attribute type="hoardValue">432</tier-attribute>
				<tier-attribute type="reqAdvSkill">Armor Use (710)</tier-attribute>
				<tier-attribute type="reqCurrentAdvLevel">Current Adventure Level (71)</tier-attribute>
				<tier-attribute type="statBonus">+85 Armor</tier-attribute>
			</tier-attributes>
			<tier-keywords>
				<tier-keyword>techclass_4</tier-keyword>
				<tier-keyword>techclass_3</tier-keyword>
				<tier-keyword>techclass_2</tier-keyword>
				<tier-keyword>tier_4</tier-keyword>
			</tier-keywords>
			<resources>
				<resource>
					<resource-name>Cobalt Bar</resource-name>
					<resource-skill>Armorcraft</resource-skill>
					<resource-min amount="24">760</resource-min>
					<resource-opt amount="12">935</resource-opt>
				</resource>
			</resources>
		</tier>
		<tier>
			<tier-name>Invisible Mithril Platemail Mask</tier-name>
			<tier-lvl>5</tier-lvl>
			<tier-desc>Platemail is designed like a solid shell, constructed from forged sheets of various metals. Although offering unsurpassed protection, platemail does have the disadvantage of being extremely heavy and cumbersome.</tier-desc>
			<tier-allowedtechniques>3</tier-allowedtechniques>
			<tier-attributes>
				<tier-attribute type="hoardValue">864</tier-attribute>
				<tier-attribute type="reqAdvSkill">Armor Use (910)</tier-attribute>
				<tier-attribute type="reqCurrentAdvLevel">Current Adventure Level (91)</tier-attribute>
				<tier-attribute type="statBonus">+116 Armor</tier-attribute>
			</tier-attributes>
			<tier-keywords>
				<tier-keyword>techclass_5</tier-keyword>
				<tier-keyword>techclass_4</tier-keyword>
				<tier-keyword>techclass_3</tier-keyword>
				<tier-keyword>techclass_2</tier-keyword>
				<tier-keyword>tier_5</tier-keyword>
			</tier-keywords>
			<resources>
				<resource>
					<resource-name>Mithril Bar</resource-name>
					<resource-skill>Armorcraft</resource-skill>
					<resource-min amount="24">960</resource-min>
					<resource-opt amount="12">1160</resource-opt>
				</resource>
			</resources>
		</tier>
	</item>
	<item>
		<item-name>Platemail Armguards</item-name>
		<item-icon>icon_formula_a_25_09_11.png</item-icon>
		<item-batchqty>1</item-batchqty>
		<item-attributes>
			<item-attribute type="equipSlot">Arms</item-attribute>
			<item-attribute type="bulk">32</item-attribute>
			<item-attribute type="reqClass">CHSW, CRSB, KNOC, RVR, CLRC, BTLM, PLDN, WAR</item-attribute>
		</item-attributes>
		<item-keywords>
			<item-keyword>techclass_1</item-keyword>
			<item-keyword>armor_armguard</item-keyword>
			<item-keyword>bodyslot_arms</item-keyword>
			<item-keyword>resource_metal</item-keyword>
			<item-keyword>armor</item-keyword>
			<item-keyword>armortype_platemail</item-keyword>
		</item-keywords>
		<tier>
			<tier-name>Bronze Platemail Armguards</tier-name>
			<tier-lvl>1</tier-lvl>
			<tier-desc>Platemail is designed like a solid shell, constructed from forged sheets of various metals. Although offering unsurpassed protection, platemail does have the disadvantage of being extremely heavy and cumbersome.</tier-desc>
			<tier-allowedtechniques>1</tier-allowedtechniques>
			<tier-attributes>
				<tier-attribute type="hoardValue">60</tier-attribute>
				<tier-attribute type="reqAdvSkill">Armor Use (110)</tier-attribute>
				<tier-attribute type="reqCurrentAdvLevel">Current Adventure Level (11)</tier-attribute>
				<tier-attribute type="statBonus">+16 Armor</tier-attribute>
			</tier-attributes>
			<tier-keywords>
				<tier-keyword>tier_1</tier-keyword>
			</tier-keywords>
			<resources>
				<resource>
					<resource-name>Bronze Bar</resource-name>
					<resource-skill>Armorcraft</resource-skill>
					<resource-min amount="24">170</resource-min>
					<resource-opt amount="12">270</resource-opt>
				</resource>
			</resources>
		</tier>
		<tier>
			<tier-name>Iron Platemail Armguards</tier-name>
			<tier-lvl>2</tier-lvl>
			<tier-desc>Platemail is designed like a solid shell, constructed from forged sheets of various metals. Although offering unsurpassed protection, platemail does have the disadvantage of being extremely heavy and cumbersome.</tier-desc>
			<tier-allowedtechniques>1</tier-allowedtechniques>
			<tier-attributes>
				<tier-attribute type="hoardValue">108</tier-attribute>
				<tier-attribute type="reqAdvSkill">Armor Use (310)</tier-attribute>
				<tier-attribute type="reqCurrentAdvLevel">Current Adventure Level (31)</tier-attribute>
				<tier-attribute type="statBonus">+35 Armor</tier-attribute>
			</tier-attributes>
			<tier-keywords>
				<tier-keyword>techclass_2</tier-keyword>
				<tier-keyword>tier_2</tier-keyword>
			</tier-keywords>
			<resources>
				<resource>
					<resource-name>Iron Bar</resource-name>
					<resource-skill>Armorcraft</resource-skill>
					<resource-min amount="24">370</resource-min>
					<resource-opt amount="12">495</resource-opt>
				</resource>
			</resources>
		</tier>
		<tier>
			<tier-name>Steel Platemail Armguards</tier-name>
			<tier-lvl>3</tier-lvl>
			<tier-desc>Platemail is designed like a solid shell, constructed from forged sheets of various metals. Although offering unsurpassed protection, platemail does have the disadvantage of being extremely heavy and cumbersome.</tier-desc>
			<tier-allowedtechniques>2</tier-allowedtechniques>
			<tier-attributes>
				<tier-attribute type="hoardValue">216</tier-attribute>
				<tier-attribute type="reqAdvSkill">Armor Use (510)</tier-attribute>
				<tier-attribute type="reqCurrentAdvLevel">Current Adventure Level (51)</tier-attribute>
				<tier-attribute type="statBonus">+58 Armor</tier-attribute>
			</tier-attributes>
			<tier-keywords>
				<tier-keyword>techclass_3</tier-keyword>
				<tier-keyword>techclass_2</tier-keyword>
				<tier-keyword>tier_3</tier-keyword>
			</tier-keywords>
			<resources>
				<resource>
					<resource-name>Steel Bar</resource-name>
					<resource-skill>Armorcraft</resource-skill>
					<resource-min amount="24">570</resource-min>
					<resource-opt amount="12">720</resource-opt>
				</resource>
			</resources>
		</tier>
		<tier>
			<tier-name>Cobalt Platemail Armguards</tier-name>
			<tier-lvl>4</tier-lvl>
			<tier-desc>Platemail is designed like a solid shell, constructed from forged sheets of various metals. Although offering unsurpassed protection, platemail does have the disadvantage of being extremely heavy and cumbersome.</tier-desc>
			<tier-allowedtechniques>2</tier-allowedtechniques>
			<tier-attributes>
				<tier-attribute type="hoardValue">432</tier-attribute>
				<tier-attribute type="reqAdvSkill">Armor Use (710)</tier-attribute>
				<tier-attribute type="reqCurrentAdvLevel">Current Adventure Level (71)</tier-attribute>
				<tier-attribute type="statBonus">+85 Armor</tier-attribute>
			</tier-attributes>
			<tier-keywords>
				<tier-keyword>techclass_4</tier-keyword>
				<tier-keyword>techclass_3</tier-keyword>
				<tier-keyword>techclass_2</tier-keyword>
				<tier-keyword>tier_4</tier-keyword>
			</tier-keywords>
			<resources>
				<resource>
					<resource-name>Cobalt Bar</resource-name>
					<resource-skill>Armorcraft</resource-skill>
					<resource-min amount="24">770</resource-min>
					<resource-opt amount="12">945</resource-opt>
				</resource>
			</resources>
		</tier>
		<tier>
			<tier-name>Mithril Platemail Armguards</tier-name>
			<tier-lvl>5</tier-lvl>
			<tier-desc>Platemail is designed like a solid shell, constructed from forged sheets of various metals. Although offering unsurpassed protection, platemail does have the disadvantage of being extremely heavy and cumbersome.</tier-desc>
			<tier-allowedtechniques>3</tier-allowedtechniques>
			<tier-attributes>
				<tier-attribute type="hoardValue">864</tier-attribute>
				<tier-attribute type="reqAdvSkill">Armor Use (910)</tier-attribute>
				<tier-attribute type="reqCurrentAdvLevel">Current Adventure Level (91)</tier-attribute>
				<tier-attribute type="statBonus">+116 Armor</tier-attribute>
			</tier-attributes>
			<tier-keywords>
				<tier-keyword>techclass_5</tier-keyword>
				<tier-keyword>techclass_4</tier-keyword>
				<tier-keyword>techclass_3</tier-keyword>
				<tier-keyword>techclass_2</tier-keyword>
				<tier-keyword>tier_5</tier-keyword>
			</tier-keywords>
			<resources>
				<resource>
					<resource-name>Mithril Bar</resource-name>
					<resource-skill>Armorcraft</resource-skill>
					<resource-min amount="24">970</resource-min>
					<resource-opt amount="12">1170</resource-opt>
				</resource>
			</resources>
		</tier>
	</item>
	<item>
		<item-name>Platemail Belt</item-name>
		<item-icon>icon_formula_a_09_09_11.png</item-icon>
		<item-batchqty>1</item-batchqty>
		<item-attributes>
			<item-attribute type="equipSlot">Waist</item-attribute>
			<item-attribute type="bulk">32</item-attribute>
			<item-attribute type="reqClass">CHSW, CRSB, KNOC, RVR, CLRC, BTLM, PLDN, WAR</item-attribute>
		</item-attributes>
		<item-keywords>
			<item-keyword>techclass_1</item-keyword>
			<item-keyword>armor_belt</item-keyword>
			<item-keyword>bodyslot_waist</item-keyword>
			<item-keyword>resource_metal</item-keyword>
			<item-keyword>armor</item-keyword>
			<item-keyword>armortype_platemail</item-keyword>
		</item-keywords>
		<tier>
			<tier-name>Bronze Platemail Belt</tier-name>
			<tier-lvl>1</tier-lvl>
			<tier-desc>Platemail is designed like a solid shell, constructed from forged sheets of various metals. Although offering unsurpassed protection, platemail does have the disadvantage of being extremely heavy and cumbersome.</tier-desc>
			<tier-allowedtechniques>1</tier-allowedtechniques>
			<tier-attributes>
				<tier-attribute type="hoardValue">45</tier-attribute>
				<tier-attribute type="reqAdvSkill">Armor Use (110)</tier-attribute>
				<tier-attribute type="reqCurrentAdvLevel">Current Adventure Level (11)</tier-attribute>
				<tier-attribute type="statBonus">+16 Armor</tier-attribute>
			</tier-attributes>
			<tier-keywords>
				<tier-keyword>tier_1</tier-keyword>
			</tier-keywords>
			<resources>
				<resource>
					<resource-name>Bronze Bar</resource-name>
					<resource-skill>Armorcraft</resource-skill>
					<resource-min amount="18">100</resource-min>
					<resource-opt amount="9">200</resource-opt>
				</resource>
			</resources>
		</tier>
		<tier>
			<tier-name>Iron Platemail Belt</tier-name>
			<tier-lvl>2</tier-lvl>
			<tier-desc>Platemail is designed like a solid shell, constructed from forged sheets of various metals. Although offering unsurpassed protection, platemail does have the disadvantage of being extremely heavy and cumbersome.</tier-desc>
			<tier-allowedtechniques>1</tier-allowedtechniques>
			<tier-attributes>
				<tier-attribute type="hoardValue">81</tier-attribute>
				<tier-attribute type="reqAdvSkill">Armor Use (310)</tier-attribute>
				<tier-attribute type="reqCurrentAdvLevel">Current Adventure Level (31)</tier-attribute>
				<tier-attribute type="statBonus">+35 Armor</tier-attribute>
			</tier-attributes>
			<tier-keywords>
				<tier-keyword>techclass_2</tier-keyword>
				<tier-keyword>tier_2</tier-keyword>
			</tier-keywords>
			<resources>
				<resource>
					<resource-name>Iron Bar</resource-name>
					<resource-skill>Armorcraft</resource-skill>
					<resource-min amount="18">300</resource-min>
					<resource-opt amount="9">425</resource-opt>
				</resource>
			</resources>
		</tier>
		<tier>
			<tier-name>Steel Platemail Belt</tier-name>
			<tier-lvl>3</tier-lvl>
			<tier-desc>Platemail is designed like a solid shell, constructed from forged sheets of various metals. Although offering unsurpassed protection, platemail does have the disadvantage of being extremely heavy and cumbersome.</tier-desc>
			<tier-allowedtechniques>2</tier-allowedtechniques>
			<tier-attributes>
				<tier-attribute type="hoardValue">162</tier-attribute>
				<tier-attribute type="reqAdvSkill">Armor Use (510)</tier-attribute>
				<tier-attribute type="reqCurrentAdvLevel">Current Adventure Level (51)</tier-attribute>
				<tier-attribute type="statBonus">+58 Armor</tier-attribute>
			</tier-attributes>
			<tier-keywords>
				<tier-keyword>techclass_3</tier-keyword>
				<tier-keyword>techclass_2</tier-keyword>
				<tier-keyword>tier_3</tier-keyword>
			</tier-keywords>
			<resources>
				<resource>
					<resource-name>Steel Bar</resource-name>
					<resource-skill>Armorcraft</resource-skill>
					<resource-min amount="18">500</resource-min>
					<resource-opt amount="9">650</resource-opt>
				</resource>
			</resources>
		</tier>
		<tier>
			<tier-name>Cobalt Platemail Belt</tier-name>
			<tier-lvl>4</tier-lvl>
			<tier-desc>Platemail is designed like a solid shell, constructed from forged sheets of various metals. Although offering unsurpassed protection, platemail does have the disadvantage of being extremely heavy and cumbersome.</tier-desc>
			<tier-allowedtechniques>2</tier-allowedtechniques>
			<tier-attributes>
				<tier-attribute type="hoardValue">324</tier-attribute>
				<tier-attribute type="reqAdvSkill">Armor Use (710)</tier-attribute>
				<tier-attribute type="reqCurrentAdvLevel">Current Adventure Level (71)</tier-attribute>
				<tier-attribute type="statBonus">+85 Armor</tier-attribute>
			</tier-attributes>
			<tier-keywords>
				<tier-keyword>techclass_4</tier-keyword>
				<tier-keyword>techclass_3</tier-keyword>
				<tier-keyword>techclass_2</tier-keyword>
				<tier-keyword>tier_4</tier-keyword>
			</tier-keywords>
			<resources>
				<resource>
					<resource-name>Cobalt Bar</resource-name>
					<resource-skill>Armorcraft</resource-skill>
					<resource-min amount="18">700</resource-min>
					<resource-opt amount="9">875</resource-opt>
				</resource>
			</resources>
		</tier>
		<tier>
			<tier-name>Mithril Platemail Belt</tier-name>
			<tier-lvl>5</tier-lvl>
			<tier-desc>Platemail is designed like a solid shell, constructed from forged sheets of various metals. Although offering unsurpassed protection, platemail does have the disadvantage of being extremely heavy and cumbersome.</tier-desc>
			<tier-allowedtechniques>3</tier-allowedtechniques>
			<tier-attributes>
				<tier-attribute type="hoardValue">648</tier-attribute>
				<tier-attribute type="reqAdvSkill">Armor Use (910)</tier-attribute>
				<tier-attribute type="reqCurrentAdvLevel">Current Adventure Level (91)</tier-attribute>
				<tier-attribute type="statBonus">+116 Armor</tier-attribute>
			</tier-attributes>
			<tier-keywords>
				<tier-keyword>techclass_5</tier-keyword>
				<tier-keyword>techclass_4</tier-keyword>
				<tier-keyword>techclass_3</tier-keyword>
				<tier-keyword>techclass_2</tier-keyword>
				<tier-keyword>tier_5</tier-keyword>
			</tier-keywords>
			<resources>
				<resource>
					<resource-name>Mithril Bar</resource-name>
					<resource-skill>Armorcraft</resource-skill>
					<resource-min amount="18">900</resource-min>
					<resource-opt amount="9">1100</resource-opt>
				</resource>
			</resources>
		</tier>
	</item>
	<item>
		<item-name>Platemail Boots</item-name>
		<item-icon>icon_formula_a_11_09_11.png</item-icon>
		<item-batchqty>1</item-batchqty>
		<item-attributes>
			<item-attribute type="equipSlot">Feet</item-attribute>
			<item-attribute type="bulk">32</item-attribute>
			<item-attribute type="reqClass">CHSW, CRSB, KNOC, RVR, CLRC, BTLM, PLDN, WAR</item-attribute>
		</item-attributes>
		<item-keywords>
			<item-keyword>techclass_1</item-keyword>
			<item-keyword>armor_boots</item-keyword>
			<item-keyword>bodyslot_feet</item-keyword>
			<item-keyword>resource_metal</item-keyword>
			<item-keyword>armor</item-keyword>
			<item-keyword>armortype_platemail</item-keyword>
		</item-keywords>
		<tier>
			<tier-name>Bronze Platemail Boots</tier-name>
			<tier-lvl>1</tier-lvl>
			<tier-desc>Platemail is designed like a solid shell, constructed from forged sheets of various metals. Although offering unsurpassed protection, platemail does have the disadvantage of being extremely heavy and cumbersome.</tier-desc>
			<tier-allowedtechniques>1</tier-allowedtechniques>
			<tier-attributes>
				<tier-attribute type="hoardValue">55</tier-attribute>
				<tier-attribute type="reqAdvSkill">Armor Use (110)</tier-attribute>
				<tier-attribute type="reqCurrentAdvLevel">Current Adventure Level (11)</tier-attribute>
				<tier-attribute type="statBonus">+16 Armor</tier-attribute>
			</tier-attributes>
			<tier-keywords>
				<tier-keyword>tier_1</tier-keyword>
			</tier-keywords>
			<resources>
				<resource>
					<resource-name>Bronze Bar</resource-name>
					<resource-skill>Armorcraft</resource-skill>
					<resource-min amount="22">140</resource-min>
					<resource-opt amount="11">240</resource-opt>
				</resource>
			</resources>
		</tier>
		<tier>
			<tier-name>Iron Platemail Boots</tier-name>
			<tier-lvl>2</tier-lvl>
			<tier-desc>Platemail is designed like a solid shell, constructed from forged sheets of various metals. Although offering unsurpassed protection, platemail does have the disadvantage of being extremely heavy and cumbersome.</tier-desc>
			<tier-allowedtechniques>1</tier-allowedtechniques>
			<tier-attributes>
				<tier-attribute type="hoardValue">99</tier-attribute>
				<tier-attribute type="reqAdvSkill">Armor Use (310)</tier-attribute>
				<tier-attribute type="reqCurrentAdvLevel">Current Adventure Level (31)</tier-attribute>
				<tier-attribute type="statBonus">+35 Armor</tier-attribute>
			</tier-attributes>
			<tier-keywords>
				<tier-keyword>techclass_2</tier-keyword>
				<tier-keyword>tier_2</tier-keyword>
			</tier-keywords>
			<resources>
				<resource>
					<resource-name>Iron Bar</resource-name>
					<resource-skill>Armorcraft</resource-skill>
					<resource-min amount="22">340</resource-min>
					<resource-opt amount="11">465</resource-opt>
				</resource>
			</resources>
		</tier>
		<tier>
			<tier-name>Steel Platemail Boots</tier-name>
			<tier-lvl>3</tier-lvl>
			<tier-desc>Platemail is designed like a solid shell, constructed from forged sheets of various metals. Although offering unsurpassed protection, platemail does have the disadvantage of being extremely heavy and cumbersome.</tier-desc>
			<tier-allowedtechniques>2</tier-allowedtechniques>
			<tier-attributes>
				<tier-attribute type="hoardValue">198</tier-attribute>
				<tier-attribute type="reqAdvSkill">Armor Use (510)</tier-attribute>
				<tier-attribute type="reqCurrentAdvLevel">Current Adventure Level (51)</tier-attribute>
				<tier-attribute type="statBonus">+58 Armor</tier-attribute>
			</tier-attributes>
			<tier-keywords>
				<tier-keyword>techclass_3</tier-keyword>
				<tier-keyword>techclass_2</tier-keyword>
				<tier-keyword>tier_3</tier-keyword>
			</tier-keywords>
			<resources>
				<resource>
					<resource-name>Steel Bar</resource-name>
					<resource-skill>Armorcraft</resource-skill>
					<resource-min amount="22">540</resource-min>
					<resource-opt amount="11">690</resource-opt>
				</resource>
			</resources>
		</tier>
		<tier>
			<tier-name>Cobalt Platemail Boots</tier-name>
			<tier-lvl>4</tier-lvl>
			<tier-desc>Platemail is designed like a solid shell, constructed from forged sheets of various metals. Although offering unsurpassed protection, platemail does have the disadvantage of being extremely heavy and cumbersome.</tier-desc>
			<tier-allowedtechniques>2</tier-allowedtechniques>
			<tier-attributes>
				<tier-attribute type="hoardValue">396</tier-attribute>
				<tier-attribute type="reqAdvSkill">Armor Use (710)</tier-attribute>
				<tier-attribute type="reqCurrentAdvLevel">Current Adventure Level (71)</tier-attribute>
				<tier-attribute type="statBonus">+85 Armor</tier-attribute>
			</tier-attributes>
			<tier-keywords>
				<tier-keyword>techclass_4</tier-keyword>
				<tier-keyword>techclass_3</tier-keyword>
				<tier-keyword>techclass_2</tier-keyword>
				<tier-keyword>tier_4</tier-keyword>
			</tier-keywords>
			<resources>
				<resource>
					<resource-name>Cobalt Bar</resource-name>
					<resource-skill>Armorcraft</resource-skill>
					<resource-min amount="22">740</resource-min>
					<resource-opt amount="11">915</resource-opt>
				</resource>
			</resources>
		</tier>
		<tier>
			<tier-name>Mithril Platemail Boots</tier-name>
			<tier-lvl>5</tier-lvl>
			<tier-desc>Platemail is designed like a solid shell, constructed from forged sheets of various metals. Although offering unsurpassed protection, platemail does have the disadvantage of being extremely heavy and cumbersome.</tier-desc>
			<tier-allowedtechniques>3</tier-allowedtechniques>
			<tier-attributes>
				<tier-attribute type="hoardValue">792</tier-attribute>
				<tier-attribute type="reqAdvSkill">Armor Use (910)</tier-attribute>
				<tier-attribute type="reqCurrentAdvLevel">Current Adventure Level (91)</tier-attribute>
				<tier-attribute type="statBonus">+116 Armor</tier-attribute>
			</tier-attributes>
			<tier-keywords>
				<tier-keyword>techclass_5</tier-keyword>
				<tier-keyword>techclass_4</tier-keyword>
				<tier-keyword>techclass_3</tier-keyword>
				<tier-keyword>techclass_2</tier-keyword>
				<tier-keyword>tier_5</tier-keyword>
			</tier-keywords>
			<resources>
				<resource>
					<resource-name>Mithril Bar</resource-name>
					<resource-skill>Armorcraft</resource-skill>
					<resource-min amount="22">940</resource-min>
					<resource-opt amount="11">1140</resource-opt>
				</resource>
			</resources>
		</tier>
	</item>
	<item>
		<item-name>Platemail Bracer</item-name>
		<item-icon>icon_formula_a_13_09_11.png</item-icon>
		<item-batchqty>1</item-batchqty>
		<item-attributes>
			<item-attribute type="equipSlot">Forearm</item-attribute>
			<item-attribute type="bulk">16</item-attribute>
			<item-attribute type="reqClass">CHSW, CRSB, KNOC, RVR, CLRC, BTLM, PLDN, WAR</item-attribute>
		</item-attributes>
		<item-keywords>
			<item-keyword>techclass_1</item-keyword>
			<item-keyword>armor_bracer</item-keyword>
			<item-keyword>bodyslot_forearm</item-keyword>
			<item-keyword>resource_metal</item-keyword>
			<item-keyword>armor</item-keyword>
			<item-keyword>armortype_platemail</item-keyword>
		</item-keywords>
		<tier>
			<tier-name>Bronze Platemail Bracer</tier-name>
			<tier-lvl>1</tier-lvl>
			<tier-desc>Platemail is designed like a solid shell, constructed from forged sheets of various metals. Although offering unsurpassed protection, platemail does have the disadvantage of being extremely heavy and cumbersome.</tier-desc>
			<tier-allowedtechniques>1</tier-allowedtechniques>
			<tier-attributes>
				<tier-attribute type="hoardValue">45</tier-attribute>
				<tier-attribute type="reqAdvSkill">Armor Use (110)</tier-attribute>
				<tier-attribute type="reqCurrentAdvLevel">Current Adventure Level (11)</tier-attribute>
				<tier-attribute type="statBonus">+16 Armor</tier-attribute>
			</tier-attributes>
			<tier-keywords>
				<tier-keyword>tier_1</tier-keyword>
			</tier-keywords>
			<resources>
				<resource>
					<resource-name>Bronze Bar</resource-name>
					<resource-skill>Armorcraft</resource-skill>
					<resource-min amount="18">110</resource-min>
					<resource-opt amount="9">210</resource-opt>
				</resource>
			</resources>
		</tier>
		<tier>
			<tier-name>Iron Platemail Bracer</tier-name>
			<tier-lvl>2</tier-lvl>
			<tier-desc>Platemail is designed like a solid shell, constructed from forged sheets of various metals. Although offering unsurpassed protection, platemail does have the disadvantage of being extremely heavy and cumbersome.</tier-desc>
			<tier-allowedtechniques>1</tier-allowedtechniques>
			<tier-attributes>
				<tier-attribute type="hoardValue">81</tier-attribute>
				<tier-attribute type="reqAdvSkill">Armor Use (310)</tier-attribute>
				<tier-attribute type="reqCurrentAdvLevel">Current Adventure Level (31)</tier-attribute>
				<tier-attribute type="statBonus">+35 Armor</tier-attribute>
			</tier-attributes>
			<tier-keywords>
				<tier-keyword>techclass_2</tier-keyword>
				<tier-keyword>tier_2</tier-keyword>
			</tier-keywords>
			<resources>
				<resource>
					<resource-name>Iron Bar</resource-name>
					<resource-skill>Armorcraft</resource-skill>
					<resource-min amount="18">310</resource-min>
					<resource-opt amount="9">435</resource-opt>
				</resource>
			</resources>
		</tier>
		<tier>
			<tier-name>Steel Platemail Bracer</tier-name>
			<tier-lvl>3</tier-lvl>
			<tier-desc>Platemail is designed like a solid shell, constructed from forged sheets of various metals. Although offering unsurpassed protection, platemail does have the disadvantage of being extremely heavy and cumbersome.</tier-desc>
			<tier-allowedtechniques>2</tier-allowedtechniques>
			<tier-attributes>
				<tier-attribute type="hoardValue">162</tier-attribute>
				<tier-attribute type="reqAdvSkill">Armor Use (510)</tier-attribute>
				<tier-attribute type="reqCurrentAdvLevel">Current Adventure Level (51)</tier-attribute>
				<tier-attribute type="statBonus">+58 Armor</tier-attribute>
			</tier-attributes>
			<tier-keywords>
				<tier-keyword>techclass_3</tier-keyword>
				<tier-keyword>techclass_2</tier-keyword>
				<tier-keyword>tier_3</tier-keyword>
			</tier-keywords>
			<resources>
				<resource>
					<resource-name>Steel Bar</resource-name>
					<resource-skill>Armorcraft</resource-skill>
					<resource-min amount="18">510</resource-min>
					<resource-opt amount="9">660</resource-opt>
				</resource>
			</resources>
		</tier>
		<tier>
			<tier-name>Cobalt Platemail Bracer</tier-name>
			<tier-lvl>4</tier-lvl>
			<tier-desc>Platemail is designed like a solid shell, constructed from forged sheets of various metals. Although offering unsurpassed protection, platemail does have the disadvantage of being extremely heavy and cumbersome.</tier-desc>
			<tier-allowedtechniques>2</tier-allowedtechniques>
			<tier-attributes>
				<tier-attribute type="hoardValue">324</tier-attribute>
				<tier-attribute type="reqAdvSkill">Armor Use (710)</tier-attribute>
				<tier-attribute type="reqCurrentAdvLevel">Current Adventure Level (71)</tier-attribute>
				<tier-attribute type="statBonus">+85 Armor</tier-attribute>
			</tier-attributes>
			<tier-keywords>
				<tier-keyword>techclass_4</tier-keyword>
				<tier-keyword>techclass_3</tier-keyword>
				<tier-keyword>techclass_2</tier-keyword>
				<tier-keyword>tier_4</tier-keyword>
			</tier-keywords>
			<resources>
				<resource>
					<resource-name>Cobalt Bar</resource-name>
					<resource-skill>Armorcraft</resource-skill>
					<resource-min amount="18">710</resource-min>
					<resource-opt amount="9">885</resource-opt>
				</resource>
			</resources>
		</tier>
		<tier>
			<tier-name>Mithril Platemail Bracer</tier-name>
			<tier-lvl>5</tier-lvl>
			<tier-desc>Platemail is designed like a solid shell, constructed from forged sheets of various metals. Although offering unsurpassed protection, platemail does have the disadvantage of being extremely heavy and cumbersome.</tier-desc>
			<tier-allowedtechniques>3</tier-allowedtechniques>
			<tier-attributes>
				<tier-attribute type="hoardValue">648</tier-attribute>
				<tier-attribute type="reqAdvSkill">Armor Use (910)</tier-attribute>
				<tier-attribute type="reqCurrentAdvLevel">Current Adventure Level (91)</tier-attribute>
				<tier-attribute type="statBonus">+116 Armor</tier-attribute>
			</tier-attributes>
			<tier-keywords>
				<tier-keyword>techclass_5</tier-keyword>
				<tier-keyword>techclass_4</tier-keyword>
				<tier-keyword>techclass_3</tier-keyword>
				<tier-keyword>techclass_2</tier-keyword>
				<tier-keyword>tier_5</tier-keyword>
			</tier-keywords>
			<resources>
				<resource>
					<resource-name>Mithril Bar</resource-name>
					<resource-skill>Armorcraft</resource-skill>
					<resource-min amount="18">910</resource-min>
					<resource-opt amount="9">1110</resource-opt>
				</resource>
			</resources>
		</tier>
	</item>
	<item>
		<item-name>Platemail Chestguard</item-name>
		<item-icon>icon_formula_a_01_09_11.png</item-icon>
		<item-batchqty>1</item-batchqty>
		<item-attributes>
			<item-attribute type="equipSlot">Chest</item-attribute>
			<item-attribute type="bulk">128</item-attribute>
			<item-attribute type="reqClass">CHSW, CRSB, KNOC, RVR, CLRC, BTLM, PLDN, WAR</item-attribute>
		</item-attributes>
		<item-keywords>
			<item-keyword>techclass_1</item-keyword>
			<item-keyword>armor_chestguard</item-keyword>
			<item-keyword>bodyslot_chest</item-keyword>
			<item-keyword>resource_metal</item-keyword>
			<item-keyword>armor</item-keyword>
			<item-keyword>armortype_platemail</item-keyword>
		</item-keywords>
		<tier>
			<tier-name>Bronze Platemail Chestguard</tier-name>
			<tier-lvl>1</tier-lvl>
			<tier-desc>Platemail is designed like a solid shell, constructed from forged sheets of various metals. Although offering unsurpassed protection, platemail does have the disadvantage of being extremely heavy and cumbersome.</tier-desc>
			<tier-allowedtechniques>1</tier-allowedtechniques>
			<tier-attributes>
				<tier-attribute type="hoardValue">75</tier-attribute>
				<tier-attribute type="reqAdvSkill">Armor Use (110)</tier-attribute>
				<tier-attribute type="reqCurrentAdvLevel">Current Adventure Level (11)</tier-attribute>
				<tier-attribute type="statBonus">+16 Armor</tier-attribute>
			</tier-attributes>
			<tier-keywords>
				<tier-keyword>tier_1</tier-keyword>
			</tier-keywords>
			<resources>
				<resource>
					<resource-name>Bronze Bar</resource-name>
					<resource-skill>Armorcraft</resource-skill>
					<resource-min amount="30">190</resource-min>
					<resource-opt amount="15">290</resource-opt>
				</resource>
			</resources>
		</tier>
		<tier>
			<tier-name>Iron Platemail Chestguard</tier-name>
			<tier-lvl>2</tier-lvl>
			<tier-desc>Platemail is designed like a solid shell, constructed from forged sheets of various metals. Although offering unsurpassed protection, platemail does have the disadvantage of being extremely heavy and cumbersome.</tier-desc>
			<tier-allowedtechniques>1</tier-allowedtechniques>
			<tier-attributes>
				<tier-attribute type="hoardValue">135</tier-attribute>
				<tier-attribute type="reqAdvSkill">Armor Use (310)</tier-attribute>
				<tier-attribute type="reqCurrentAdvLevel">Current Adventure Level (31)</tier-attribute>
				<tier-attribute type="statBonus">+35 Armor</tier-attribute>
			</tier-attributes>
			<tier-keywords>
				<tier-keyword>techclass_2</tier-keyword>
				<tier-keyword>tier_2</tier-keyword>
			</tier-keywords>
			<resources>
				<resource>
					<resource-name>Iron Bar</resource-name>
					<resource-skill>Armorcraft</resource-skill>
					<resource-min amount="30">390</resource-min>
					<resource-opt amount="15">515</resource-opt>
				</resource>
			</resources>
		</tier>
		<tier>
			<tier-name>Steel Platemail Chestguard</tier-name>
			<tier-lvl>3</tier-lvl>
			<tier-desc>Platemail is designed like a solid shell, constructed from forged sheets of various metals. Although offering unsurpassed protection, platemail does have the disadvantage of being extremely heavy and cumbersome.</tier-desc>
			<tier-allowedtechniques>2</tier-allowedtechniques>
			<tier-attributes>
				<tier-attribute type="hoardValue">270</tier-attribute>
				<tier-attribute type="reqAdvSkill">Armor Use (510)</tier-attribute>
				<tier-attribute type="reqCurrentAdvLevel">Current Adventure Level (51)</tier-attribute>
				<tier-attribute type="statBonus">+58 Armor</tier-attribute>
			</tier-attributes>
			<tier-keywords>
				<tier-keyword>techclass_3</tier-keyword>
				<tier-keyword>techclass_2</tier-keyword>
				<tier-keyword>tier_3</tier-keyword>
			</tier-keywords>
			<resources>
				<resource>
					<resource-name>Steel Bar</resource-name>
					<resource-skill>Armorcraft</resource-skill>
					<resource-min amount="30">590</resource-min>
					<resource-opt amount="15">740</resource-opt>
				</resource>
			</resources>
		</tier>
		<tier>
			<tier-name>Cobalt Platemail Chestguard</tier-name>
			<tier-lvl>4</tier-lvl>
			<tier-desc>Platemail is designed like a solid shell, constructed from forged sheets of various metals. Although offering unsurpassed protection, platemail does have the disadvantage of being extremely heavy and cumbersome.</tier-desc>
			<tier-allowedtechniques>2</tier-allowedtechniques>
			<tier-attributes>
				<tier-attribute type="hoardValue">540</tier-attribute>
				<tier-attribute type="reqAdvSkill">Armor Use (710)</tier-attribute>
				<tier-attribute type="reqCurrentAdvLevel">Current Adventure Level (71)</tier-attribute>
				<tier-attribute type="statBonus">+85 Armor</tier-attribute>
			</tier-attributes>
			<tier-keywords>
				<tier-keyword>techclass_4</tier-keyword>
				<tier-keyword>techclass_3</tier-keyword>
				<tier-keyword>techclass_2</tier-keyword>
				<tier-keyword>tier_4</tier-keyword>
			</tier-keywords>
			<resources>
				<resource>
					<resource-name>Cobalt Bar</resource-name>
					<resource-skill>Armorcraft</resource-skill>
					<resource-min amount="30">790</resource-min>
					<resource-opt amount="15">955</resource-opt>
				</resource>
			</resources>
		</tier>
		<tier>
			<tier-name>Mithril Platemail Chestguard</tier-name>
			<tier-lvl>5</tier-lvl>
			<tier-desc>Platemail is designed like a solid shell, constructed from forged sheets of various metals. Although offering unsurpassed protection, platemail does have the disadvantage of being extremely heavy and cumbersome.</tier-desc>
			<tier-allowedtechniques>3</tier-allowedtechniques>
			<tier-attributes>
				<tier-attribute type="hoardValue">1080</tier-attribute>
				<tier-attribute type="reqAdvSkill">Armor Use (910)</tier-attribute>
				<tier-attribute type="reqCurrentAdvLevel">Current Adventure Level (91)</tier-attribute>
				<tier-attribute type="statBonus">+116 Armor</tier-attribute>
			</tier-attributes>
			<tier-keywords>
				<tier-keyword>techclass_5</tier-keyword>
				<tier-keyword>techclass_4</tier-keyword>
				<tier-keyword>techclass_3</tier-keyword>
				<tier-keyword>techclass_2</tier-keyword>
				<tier-keyword>tier_5</tier-keyword>
			</tier-keywords>
			<resources>
				<resource>
					<resource-name>Mithril Bar</resource-name>
					<resource-skill>Armorcraft</resource-skill>
					<resource-min amount="30">990</resource-min>
					<resource-opt amount="15">1180</resource-opt>
				</resource>
			</resources>
		</tier>
	</item>
	<item>
		<item-name>Platemail Gauntlets</item-name>
		<item-icon>icon_formula_a_24_09_11.png</item-icon>
		<item-batchqty>1</item-batchqty>
		<item-attributes>
			<item-attribute type="equipSlot">Hands</item-attribute>
			<item-attribute type="bulk">32</item-attribute>
			<item-attribute type="reqClass">CHSW, CRSB, KNOC, RVR, CLRC, BTLM, PLDN, WAR</item-attribute>
		</item-attributes>
		<item-keywords>
			<item-keyword>techclass_1</item-keyword>
			<item-keyword>armor_gauntlets</item-keyword>
			<item-keyword>bodyslot_hands</item-keyword>
			<item-keyword>resource_metal</item-keyword>
			<item-keyword>armor</item-keyword>
			<item-keyword>armortype_platemail</item-keyword>
		</item-keywords>
		<tier>
			<tier-name>Bronze Platemail Gauntlets</tier-name>
			<tier-lvl>1</tier-lvl>
			<tier-desc>Platemail is designed like a solid shell, constructed from forged sheets of various metals. Although offering unsurpassed protection, platemail does have the disadvantage of being extremely heavy and cumbersome.</tier-desc>
			<tier-allowedtechniques>1</tier-allowedtechniques>
			<tier-attributes>
				<tier-attribute type="hoardValue">55</tier-attribute>
				<tier-attribute type="reqAdvSkill">Armor Use (110)</tier-attribute>
				<tier-attribute type="reqCurrentAdvLevel">Current Adventure Level (11)</tier-attribute>
				<tier-attribute type="statBonus">+16 Armor</tier-attribute>
			</tier-attributes>
			<tier-keywords>
				<tier-keyword>tier_1</tier-keyword>
			</tier-keywords>
			<resources>
				<resource>
					<resource-name>Bronze Bar</resource-name>
					<resource-skill>Armorcraft</resource-skill>
					<resource-min amount="22">150</resource-min>
					<resource-opt amount="11">250</resource-opt>
				</resource>
			</resources>
		</tier>
		<tier>
			<tier-name>Iron Platemail Gauntlets</tier-name>
			<tier-lvl>2</tier-lvl>
			<tier-desc>Platemail is designed like a solid shell, constructed from forged sheets of various metals. Although offering unsurpassed protection, platemail does have the disadvantage of being extremely heavy and cumbersome.</tier-desc>
			<tier-allowedtechniques>1</tier-allowedtechniques>
			<tier-attributes>
				<tier-attribute type="hoardValue">99</tier-attribute>
				<tier-attribute type="reqAdvSkill">Armor Use (310)</tier-attribute>
				<tier-attribute type="reqCurrentAdvLevel">Current Adventure Level (31)</tier-attribute>
				<tier-attribute type="statBonus">+35 Armor</tier-attribute>
			</tier-attributes>
			<tier-keywords>
				<tier-keyword>techclass_2</tier-keyword>
				<tier-keyword>tier_2</tier-keyword>
			</tier-keywords>
			<resources>
				<resource>
					<resource-name>Iron Bar</resource-name>
					<resource-skill>Armorcraft</resource-skill>
					<resource-min amount="22">350</resource-min>
					<resource-opt amount="11">475</resource-opt>
				</resource>
			</resources>
		</tier>
		<tier>
			<tier-name>Steel Platemail Gauntlets</tier-name>
			<tier-lvl>3</tier-lvl>
			<tier-desc>Platemail is designed like a solid shell, constructed from forged sheets of various metals. Although offering unsurpassed protection, platemail does have the disadvantage of being extremely heavy and cumbersome.</tier-desc>
			<tier-allowedtechniques>2</tier-allowedtechniques>
			<tier-attributes>
				<tier-attribute type="hoardValue">198</tier-attribute>
				<tier-attribute type="reqAdvSkill">Armor Use (510)</tier-attribute>
				<tier-attribute type="reqCurrentAdvLevel">Current Adventure Level (51)</tier-attribute>
				<tier-attribute type="statBonus">+58 Armor</tier-attribute>
			</tier-attributes>
			<tier-keywords>
				<tier-keyword>techclass_3</tier-keyword>
				<tier-keyword>techclass_2</tier-keyword>
				<tier-keyword>tier_3</tier-keyword>
			</tier-keywords>
			<resources>
				<resource>
					<resource-name>Steel Bar</resource-name>
					<resource-skill>Armorcraft</resource-skill>
					<resource-min amount="22">550</resource-min>
					<resource-opt amount="11">700</resource-opt>
				</resource>
			</resources>
		</tier>
		<tier>
			<tier-name>Cobalt Platemail Gauntlets</tier-name>
			<tier-lvl>4</tier-lvl>
			<tier-desc>Platemail is designed like a solid shell, constructed from forged sheets of various metals. Although offering unsurpassed protection, platemail does have the disadvantage of being extremely heavy and cumbersome.</tier-desc>
			<tier-allowedtechniques>2</tier-allowedtechniques>
			<tier-attributes>
				<tier-attribute type="hoardValue">396</tier-attribute>
				<tier-attribute type="reqAdvSkill">Armor Use (710)</tier-attribute>
				<tier-attribute type="reqCurrentAdvLevel">Current Adventure Level (71)</tier-attribute>
				<tier-attribute type="statBonus">+85 Armor</tier-attribute>
			</tier-attributes>
			<tier-keywords>
				<tier-keyword>techclass_4</tier-keyword>
				<tier-keyword>techclass_3</tier-keyword>
				<tier-keyword>techclass_2</tier-keyword>
				<tier-keyword>tier_4</tier-keyword>
			</tier-keywords>
			<resources>
				<resource>
					<resource-name>Cobalt Bar</resource-name>
					<resource-skill>Armorcraft</resource-skill>
					<resource-min amount="22">750</resource-min>
					<resource-opt amount="11">925</resource-opt>
				</resource>
			</resources>
		</tier>
		<tier>
			<tier-name>Mithril Platemail Gauntlets</tier-name>
			<tier-lvl>5</tier-lvl>
			<tier-desc>Platemail is designed like a solid shell, constructed from forged sheets of various metals. Although offering unsurpassed protection, platemail does have the disadvantage of being extremely heavy and cumbersome.</tier-desc>
			<tier-allowedtechniques>3</tier-allowedtechniques>
			<tier-attributes>
				<tier-attribute type="hoardValue">792</tier-attribute>
				<tier-attribute type="reqAdvSkill">Armor Use (910)</tier-attribute>
				<tier-attribute type="reqCurrentAdvLevel">Current Adventure Level (91)</tier-attribute>
				<tier-attribute type="statBonus">+116 Armor</tier-attribute>
			</tier-attributes>
			<tier-keywords>
				<tier-keyword>techclass_5</tier-keyword>
				<tier-keyword>techclass_4</tier-keyword>
				<tier-keyword>techclass_3</tier-keyword>
				<tier-keyword>techclass_2</tier-keyword>
				<tier-keyword>tier_5</tier-keyword>
			</tier-keywords>
			<resources>
				<resource>
					<resource-name>Mithril Bar</resource-name>
					<resource-skill>Armorcraft</resource-skill>
					<resource-min amount="22">950</resource-min>
					<resource-opt amount="11">1150</resource-opt>
				</resource>
			</resources>
		</tier>
	</item>
	<item>
		<item-name>Platemail Greaves</item-name>
		<item-icon>icon_formula_a_10_09_11.png</item-icon>
		<item-batchqty>1</item-batchqty>
		<item-attributes>
			<item-attribute type="equipSlot">Legs</item-attribute>
			<item-attribute type="bulk">64</item-attribute>
			<item-attribute type="reqClass">CHSW, CRSB, KNOC, RVR, CLRC, BTLM, PLDN, WAR</item-attribute>
		</item-attributes>
		<item-keywords>
			<item-keyword>techclass_1</item-keyword>
			<item-keyword>armor_leggings</item-keyword>
			<item-keyword>bodyslot_legs</item-keyword>
			<item-keyword>resource_metal</item-keyword>
			<item-keyword>armor</item-keyword>
			<item-keyword>armortype_platemail</item-keyword>
		</item-keywords>
		<tier>
			<tier-name>Bronze Platemail Greaves</tier-name>
			<tier-lvl>1</tier-lvl>
			<tier-desc>Platemail is designed like a solid shell, constructed from forged sheets of various metals. Although offering unsurpassed protection, platemail does have the disadvantage of being extremely heavy and cumbersome.</tier-desc>
			<tier-allowedtechniques>1</tier-allowedtechniques>
			<tier-attributes>
				<tier-attribute type="hoardValue">70</tier-attribute>
				<tier-attribute type="reqAdvSkill">Armor Use (110)</tier-attribute>
				<tier-attribute type="reqCurrentAdvLevel">Current Adventure Level (11)</tier-attribute>
				<tier-attribute type="statBonus">+16 Armor</tier-attribute>
			</tier-attributes>
			<tier-keywords>
				<tier-keyword>tier_1</tier-keyword>
			</tier-keywords>
			<resources>
				<resource>
					<resource-name>Bronze Bar</resource-name>
					<resource-skill>Armorcraft</resource-skill>
					<resource-min amount="28">180</resource-min>
					<resource-opt amount="14">280</resource-opt>
				</resource>
			</resources>
		</tier>
		<tier>
			<tier-name>Iron Platemail Greaves</tier-name>
			<tier-lvl>2</tier-lvl>
			<tier-desc>Platemail is designed like a solid shell, constructed from forged sheets of various metals. Although offering unsurpassed protection, platemail does have the disadvantage of being extremely heavy and cumbersome.</tier-desc>
			<tier-allowedtechniques>1</tier-allowedtechniques>
			<tier-attributes>
				<tier-attribute type="hoardValue">126</tier-attribute>
				<tier-attribute type="reqAdvSkill">Armor Use (310)</tier-attribute>
				<tier-attribute type="reqCurrentAdvLevel">Current Adventure Level (31)</tier-attribute>
				<tier-attribute type="statBonus">+35 Armor</tier-attribute>
			</tier-attributes>
			<tier-keywords>
				<tier-keyword>techclass_2</tier-keyword>
				<tier-keyword>tier_2</tier-keyword>
			</tier-keywords>
			<resources>
				<resource>
					<resource-name>Iron Bar</resource-name>
					<resource-skill>Armorcraft</resource-skill>
					<resource-min amount="28">380</resource-min>
					<resource-opt amount="14">505</resource-opt>
				</resource>
			</resources>
		</tier>
		<tier>
			<tier-name>Steel Platemail Greaves</tier-name>
			<tier-lvl>3</tier-lvl>
			<tier-desc>Platemail is designed like a solid shell, constructed from forged sheets of various metals. Although offering unsurpassed protection, platemail does have the disadvantage of being extremely heavy and cumbersome.</tier-desc>
			<tier-allowedtechniques>2</tier-allowedtechniques>
			<tier-attributes>
				<tier-attribute type="hoardValue">252</tier-attribute>
				<tier-attribute type="reqAdvSkill">Armor Use (510)</tier-attribute>
				<tier-attribute type="reqCurrentAdvLevel">Current Adventure Level (51)</tier-attribute>
				<tier-attribute type="statBonus">+58 Armor</tier-attribute>
			</tier-attributes>
			<tier-keywords>
				<tier-keyword>techclass_3</tier-keyword>
				<tier-keyword>techclass_2</tier-keyword>
				<tier-keyword>tier_3</tier-keyword>
			</tier-keywords>
			<resources>
				<resource>
					<resource-name>Steel Bar</resource-name>
					<resource-skill>Armorcraft</resource-skill>
					<resource-min amount="28">580</resource-min>
					<resource-opt amount="14">730</resource-opt>
				</resource>
			</resources>
		</tier>
		<tier>
			<tier-name>Cobalt Platemail Greaves</tier-name>
			<tier-lvl>4</tier-lvl>
			<tier-desc>Platemail is designed like a solid shell, constructed from forged sheets of various metals. Although offering unsurpassed protection, platemail does have the disadvantage of being extremely heavy and cumbersome.</tier-desc>
			<tier-allowedtechniques>2</tier-allowedtechniques>
			<tier-attributes>
				<tier-attribute type="hoardValue">504</tier-attribute>
				<tier-attribute type="reqAdvSkill">Armor Use (710)</tier-attribute>
				<tier-attribute type="reqCurrentAdvLevel">Current Adventure Level (71)</tier-attribute>
				<tier-attribute type="statBonus">+85 Armor</tier-attribute>
			</tier-attributes>
			<tier-keywords>
				<tier-keyword>techclass_4</tier-keyword>
				<tier-keyword>techclass_3</tier-keyword>
				<tier-keyword>techclass_2</tier-keyword>
				<tier-keyword>tier_4</tier-keyword>
			</tier-keywords>
			<resources>
				<resource>
					<resource-name>Cobalt Bar</resource-name>
					<resource-skill>Armorcraft</resource-skill>
					<resource-min amount="28">780</resource-min>
					<resource-opt amount="14">955</resource-opt>
				</resource>
			</resources>
		</tier>
		<tier>
			<tier-name>Mithril Platemail Greaves</tier-name>
			<tier-lvl>5</tier-lvl>
			<tier-desc>Platemail is designed like a solid shell, constructed from forged sheets of various metals. Although offering unsurpassed protection, platemail does have the disadvantage of being extremely heavy and cumbersome.</tier-desc>
			<tier-allowedtechniques>3</tier-allowedtechniques>
			<tier-attributes>
				<tier-attribute type="hoardValue">1008</tier-attribute>
				<tier-attribute type="reqAdvSkill">Armor Use (910)</tier-attribute>
				<tier-attribute type="reqCurrentAdvLevel">Current Adventure Level (91)</tier-attribute>
				<tier-attribute type="statBonus">+116 Armor</tier-attribute>
			</tier-attributes>
			<tier-keywords>
				<tier-keyword>techclass_5</tier-keyword>
				<tier-keyword>techclass_4</tier-keyword>
				<tier-keyword>techclass_3</tier-keyword>
				<tier-keyword>techclass_2</tier-keyword>
				<tier-keyword>tier_5</tier-keyword>
			</tier-keywords>
			<resources>
				<resource>
					<resource-name>Mithril Bar</resource-name>
					<resource-skill>Armorcraft</resource-skill>
					<resource-min amount="28">980</resource-min>
					<resource-opt amount="14">1180</resource-opt>
				</resource>
			</resources>
		</tier>
	</item>
	<item>
		<item-name>Platemail Helm</item-name>
		<item-icon>icon_formula_a_05_09_11.png</item-icon>
		<item-batchqty>1</item-batchqty>
		<item-attributes>
			<item-attribute type="equipSlot">Head</item-attribute>
			<item-attribute type="bulk">32</item-attribute>
			<item-attribute type="reqClass">CHSW, CRSB, KNOC, RVR, CLRC, BTLM, PLDN, WAR</item-attribute>
		</item-attributes>
		<item-keywords>
			<item-keyword>techclass_1</item-keyword>
			<item-keyword>armor_helm</item-keyword>
			<item-keyword>bodyslot_head</item-keyword>
			<item-keyword>resource_metal</item-keyword>
			<item-keyword>armor</item-keyword>
			<item-keyword>armortype_platemail</item-keyword>
		</item-keywords>
		<tier>
			<tier-name>Bronze Platemail Helm</tier-name>
			<tier-lvl>1</tier-lvl>
			<tier-desc>Platemail is designed like a solid shell, constructed from forged sheets of various metals. Although offering unsurpassed protection, platemail does have the disadvantage of being extremely heavy and cumbersome.</tier-desc>
			<tier-allowedtechniques>1</tier-allowedtechniques>
			<tier-attributes>
				<tier-attribute type="hoardValue">50</tier-attribute>
				<tier-attribute type="reqAdvSkill">Armor Use (110)</tier-attribute>
				<tier-attribute type="reqCurrentAdvLevel">Current Adventure Level (11)</tier-attribute>
				<tier-attribute type="statBonus">+16 Armor</tier-attribute>
			</tier-attributes>
			<tier-keywords>
				<tier-keyword>tier_1</tier-keyword>
			</tier-keywords>
			<resources>
				<resource>
					<resource-name>Bronze Bar</resource-name>
					<resource-skill>Armorcraft</resource-skill>
					<resource-min amount="20">120</resource-min>
					<resource-opt amount="10">220</resource-opt>
				</resource>
			</resources>
		</tier>
		<tier>
			<tier-name>Iron Platemail Helm</tier-name>
			<tier-lvl>2</tier-lvl>
			<tier-desc>Platemail is designed like a solid shell, constructed from forged sheets of various metals. Although offering unsurpassed protection, platemail does have the disadvantage of being extremely heavy and cumbersome.</tier-desc>
			<tier-allowedtechniques>1</tier-allowedtechniques>
			<tier-attributes>
				<tier-attribute type="hoardValue">90</tier-attribute>
				<tier-attribute type="reqAdvSkill">Armor Use (310)</tier-attribute>
				<tier-attribute type="reqCurrentAdvLevel">Current Adventure Level (31)</tier-attribute>
				<tier-attribute type="statBonus">+35 Armor</tier-attribute>
			</tier-attributes>
			<tier-keywords>
				<tier-keyword>techclass_2</tier-keyword>
				<tier-keyword>tier_2</tier-keyword>
			</tier-keywords>
			<resources>
				<resource>
					<resource-name>Iron Bar</resource-name>
					<resource-skill>Armorcraft</resource-skill>
					<resource-min amount="20">320</resource-min>
					<resource-opt amount="10">445</resource-opt>
				</resource>
			</resources>
		</tier>
		<tier>
			<tier-name>Steel Platemail Helm</tier-name>
			<tier-lvl>3</tier-lvl>
			<tier-desc>Platemail is designed like a solid shell, constructed from forged sheets of various metals. Although offering unsurpassed protection, platemail does have the disadvantage of being extremely heavy and cumbersome.</tier-desc>
			<tier-allowedtechniques>2</tier-allowedtechniques>
			<tier-attributes>
				<tier-attribute type="hoardValue">180</tier-attribute>
				<tier-attribute type="reqAdvSkill">Armor Use (510)</tier-attribute>
				<tier-attribute type="reqCurrentAdvLevel">Current Adventure Level (51)</tier-attribute>
				<tier-attribute type="statBonus">+58 Armor</tier-attribute>
			</tier-attributes>
			<tier-keywords>
				<tier-keyword>techclass_3</tier-keyword>
				<tier-keyword>techclass_2</tier-keyword>
				<tier-keyword>tier_3</tier-keyword>
			</tier-keywords>
			<resources>
				<resource>
					<resource-name>Steel Bar</resource-name>
					<resource-skill>Armorcraft</resource-skill>
					<resource-min amount="20">520</resource-min>
					<resource-opt amount="10">670</resource-opt>
				</resource>
			</resources>
		</tier>
		<tier>
			<tier-name>Cobalt Platemail Helm</tier-name>
			<tier-lvl>4</tier-lvl>
			<tier-desc>Platemail is designed like a solid shell, constructed from forged sheets of various metals. Although offering unsurpassed protection, platemail does have the disadvantage of being extremely heavy and cumbersome.</tier-desc>
			<tier-allowedtechniques>2</tier-allowedtechniques>
			<tier-attributes>
				<tier-attribute type="hoardValue">360</tier-attribute>
				<tier-attribute type="reqAdvSkill">Armor Use (710)</tier-attribute>
				<tier-attribute type="reqCurrentAdvLevel">Current Adventure Level (71)</tier-attribute>
				<tier-attribute type="statBonus">+85 Armor</tier-attribute>
			</tier-attributes>
			<tier-keywords>
				<tier-keyword>techclass_4</tier-keyword>
				<tier-keyword>techclass_3</tier-keyword>
				<tier-keyword>techclass_2</tier-keyword>
				<tier-keyword>tier_4</tier-keyword>
			</tier-keywords>
			<resources>
				<resource>
					<resource-name>Cobalt Bar</resource-name>
					<resource-skill>Armorcraft</resource-skill>
					<resource-min amount="20">720</resource-min>
					<resource-opt amount="10">895</resource-opt>
				</resource>
			</resources>
		</tier>
		<tier>
			<tier-name>Mithril Platemail Helm</tier-name>
			<tier-lvl>5</tier-lvl>
			<tier-desc>Platemail is designed like a solid shell, constructed from forged sheets of various metals. Although offering unsurpassed protection, platemail does have the disadvantage of being extremely heavy and cumbersome.</tier-desc>
			<tier-allowedtechniques>3</tier-allowedtechniques>
			<tier-attributes>
				<tier-attribute type="hoardValue">720</tier-attribute>
				<tier-attribute type="reqAdvSkill">Armor Use (910)</tier-attribute>
				<tier-attribute type="reqCurrentAdvLevel">Current Adventure Level (91)</tier-attribute>
				<tier-attribute type="statBonus">+116 Armor</tier-attribute>
			</tier-attributes>
			<tier-keywords>
				<tier-keyword>techclass_5</tier-keyword>
				<tier-keyword>techclass_4</tier-keyword>
				<tier-keyword>techclass_3</tier-keyword>
				<tier-keyword>techclass_2</tier-keyword>
				<tier-keyword>tier_5</tier-keyword>
			</tier-keywords>
			<resources>
				<resource>
					<resource-name>Mithril Bar</resource-name>
					<resource-skill>Armorcraft</resource-skill>
					<resource-min amount="20">920</resource-min>
					<resource-opt amount="10">1120</resource-opt>
				</resource>
			</resources>
		</tier>
	</item>
	<item>
		<item-name>Platemail Mask</item-name>
		<item-icon>icon_formula_a_06_09_11.png</item-icon>
		<item-batchqty>1</item-batchqty>
		<item-attributes>
			<item-attribute type="equipSlot">Face</item-attribute>
			<item-attribute type="bulk">16</item-attribute>
			<item-attribute type="reqClass">CHSW, CRSB, KNOC, RVR, CLRC, BTLM, PLDN, WAR</item-attribute>
		</item-attributes>
		<item-keywords>
			<item-keyword>techclass_1</item-keyword>
			<item-keyword>bodyslot_face</item-keyword>
			<item-keyword>resource_metal</item-keyword>
			<item-keyword>armor</item-keyword>
			<item-keyword>armortype_platemail</item-keyword>
		</item-keywords>
		<tier>
			<tier-name>Bronze Platemail Mask</tier-name>
			<tier-lvl>1</tier-lvl>
			<tier-desc>Platemail is designed like a solid shell, constructed from forged sheets of various metals. Although offering unsurpassed protection, platemail does have the disadvantage of being extremely heavy and cumbersome.</tier-desc>
			<tier-allowedtechniques>1</tier-allowedtechniques>
			<tier-attributes>
				<tier-attribute type="hoardValue">60</tier-attribute>
				<tier-attribute type="reqAdvSkill">Armor Use (110)</tier-attribute>
				<tier-attribute type="reqCurrentAdvLevel">Current Adventure Level (11)</tier-attribute>
				<tier-attribute type="statBonus">+16 Armor</tier-attribute>
			</tier-attributes>
			<tier-keywords>
				<tier-keyword>tier_1</tier-keyword>
			</tier-keywords>
			<resources>
				<resource>
					<resource-name>Bronze Bar</resource-name>
					<resource-skill>Armorcraft</resource-skill>
					<resource-min amount="24">160</resource-min>
					<resource-opt amount="12">260</resource-opt>
				</resource>
			</resources>
		</tier>
		<tier>
			<tier-name>Iron Platemail Mask</tier-name>
			<tier-lvl>2</tier-lvl>
			<tier-desc>Platemail is designed like a solid shell, constructed from forged sheets of various metals. Although offering unsurpassed protection, platemail does have the disadvantage of being extremely heavy and cumbersome.</tier-desc>
			<tier-allowedtechniques>1</tier-allowedtechniques>
			<tier-attributes>
				<tier-attribute type="hoardValue">108</tier-attribute>
				<tier-attribute type="reqAdvSkill">Armor Use (310)</tier-attribute>
				<tier-attribute type="reqCurrentAdvLevel">Current Adventure Level (31)</tier-attribute>
				<tier-attribute type="statBonus">+35 Armor</tier-attribute>
			</tier-attributes>
			<tier-keywords>
				<tier-keyword>techclass_2</tier-keyword>
				<tier-keyword>tier_2</tier-keyword>
			</tier-keywords>
			<resources>
				<resource>
					<resource-name>Iron Bar</resource-name>
					<resource-skill>Armorcraft</resource-skill>
					<resource-min amount="24">360</resource-min>
					<resource-opt amount="12">485</resource-opt>
				</resource>
			</resources>
		</tier>
		<tier>
			<tier-name>Steel Platemail Mask</tier-name>
			<tier-lvl>3</tier-lvl>
			<tier-desc>Platemail is designed like a solid shell, constructed from forged sheets of various metals. Although offering unsurpassed protection, platemail does have the disadvantage of being extremely heavy and cumbersome.</tier-desc>
			<tier-allowedtechniques>2</tier-allowedtechniques>
			<tier-attributes>
				<tier-attribute type="hoardValue">216</tier-attribute>
				<tier-attribute type="reqAdvSkill">Armor Use (510)</tier-attribute>
				<tier-attribute type="reqCurrentAdvLevel">Current Adventure Level (51)</tier-attribute>
				<tier-attribute type="statBonus">+58 Armor</tier-attribute>
			</tier-attributes>
			<tier-keywords>
				<tier-keyword>techclass_3</tier-keyword>
				<tier-keyword>techclass_2</tier-keyword>
				<tier-keyword>tier_3</tier-keyword>
			</tier-keywords>
			<resources>
				<resource>
					<resource-name>Steel Bar</resource-name>
					<resource-skill>Armorcraft</resource-skill>
					<resource-min amount="24">560</resource-min>
					<resource-opt amount="12">710</resource-opt>
				</resource>
			</resources>
		</tier>
		<tier>
			<tier-name>Cobalt Platemail Mask</tier-name>
			<tier-lvl>4</tier-lvl>
			<tier-desc>Platemail is designed like a solid shell, constructed from forged sheets of various metals. Although offering unsurpassed protection, platemail does have the disadvantage of being extremely heavy and cumbersome.</tier-desc>
			<tier-allowedtechniques>2</tier-allowedtechniques>
			<tier-attributes>
				<tier-attribute type="hoardValue">432</tier-attribute>
				<tier-attribute type="reqAdvSkill">Armor Use (710)</tier-attribute>
				<tier-attribute type="reqCurrentAdvLevel">Current Adventure Level (71)</tier-attribute>
				<tier-attribute type="statBonus">+85 Armor</tier-attribute>
			</tier-attributes>
			<tier-keywords>
				<tier-keyword>techclass_4</tier-keyword>
				<tier-keyword>techclass_3</tier-keyword>
				<tier-keyword>techclass_2</tier-keyword>
				<tier-keyword>tier_4</tier-keyword>
			</tier-keywords>
			<resources>
				<resource>
					<resource-name>Cobalt Bar</resource-name>
					<resource-skill>Armorcraft</resource-skill>
					<resource-min amount="24">760</resource-min>
					<resource-opt amount="12">835</resource-opt>
				</resource>
			</resources>
		</tier>
		<tier>
			<tier-name>Mithril Platemail Mask</tier-name>
			<tier-lvl>5</tier-lvl>
			<tier-desc>Platemail is designed like a solid shell, constructed from forged sheets of various metals. Although offering unsurpassed protection, platemail does have the disadvantage of being extremely heavy and cumbersome.</tier-desc>
			<tier-allowedtechniques>3</tier-allowedtechniques>
			<tier-attributes>
				<tier-attribute type="hoardValue">840</tier-attribute>
				<tier-attribute type="reqAdvSkill">Armor Use (910)</tier-attribute>
				<tier-attribute type="reqCurrentAdvLevel">Current Adventure Level (91)</tier-attribute>
				<tier-attribute type="statBonus">+116 Armor</tier-attribute>
			</tier-attributes>
			<tier-keywords>
				<tier-keyword>techclass_5</tier-keyword>
				<tier-keyword>techclass_4</tier-keyword>
				<tier-keyword>techclass_3</tier-keyword>
				<tier-keyword>techclass_2</tier-keyword>
				<tier-keyword>tier_5</tier-keyword>
			</tier-keywords>
			<resources>
				<resource>
					<resource-name>Mithril Bar</resource-name>
					<resource-skill>Armorcraft</resource-skill>
					<resource-min amount="24">960</resource-min>
					<resource-opt amount="12">1160</resource-opt>
				</resource>
			</resources>
		</tier>
	</item>
	<item>
		<item-name>Platemail Shoulderpad</item-name>
		<item-icon>icon_formula_a_12_09_11.png</item-icon>
		<item-batchqty>1</item-batchqty>
		<item-attributes>
			<item-attribute type="equipSlot">Shoulder</item-attribute>
			<item-attribute type="bulk">16</item-attribute>
			<item-attribute type="reqClass">CHSW, CRSB, KNOC, RVR, CLRC, BTLM, PLDN, WAR</item-attribute>
		</item-attributes>
		<item-keywords>
			<item-keyword>techclass_1</item-keyword>
			<item-keyword>armor_shoulderpad</item-keyword>
			<item-keyword>bodyslot_shoulder</item-keyword>
			<item-keyword>resource_metal</item-keyword>
			<item-keyword>armor</item-keyword>
			<item-keyword>armortype_platemail</item-keyword>
		</item-keywords>
		<tier>
			<tier-name>Bronze Platemail Shoulderpad</tier-name>
			<tier-lvl>1</tier-lvl>
			<tier-desc>Platemail is designed like a solid shell, constructed from forged sheets of various metals. Although offering unsurpassed protection, platemail does have the disadvantage of being extremely heavy and cumbersome.</tier-desc>
			<tier-allowedtechniques>1</tier-allowedtechniques>
			<tier-attributes>
				<tier-attribute type="hoardValue">50</tier-attribute>
				<tier-attribute type="reqAdvSkill">Armor Use (110)</tier-attribute>
				<tier-attribute type="reqCurrentAdvLevel">Current Adventure Level (11)</tier-attribute>
				<tier-attribute type="statBonus">+16 Armor</tier-attribute>
			</tier-attributes>
			<tier-keywords>
				<tier-keyword>tier_1</tier-keyword>
			</tier-keywords>
			<resources>
				<resource>
					<resource-name>Bronze Bar</resource-name>
					<resource-skill>Armorcraft</resource-skill>
					<resource-min amount="20">130</resource-min>
					<resource-opt amount="10">230</resource-opt>
				</resource>
			</resources>
		</tier>
		<tier>
			<tier-name>Iron Platemail Shoulderpad</tier-name>
			<tier-lvl>2</tier-lvl>
			<tier-desc>Platemail is designed like a solid shell, constructed from forged sheets of various metals. Although offering unsurpassed protection, platemail does have the disadvantage of being extremely heavy and cumbersome.</tier-desc>
			<tier-allowedtechniques>1</tier-allowedtechniques>
			<tier-attributes>
				<tier-attribute type="hoardValue">90</tier-attribute>
				<tier-attribute type="reqAdvSkill">Armor Use (310)</tier-attribute>
				<tier-attribute type="reqCurrentAdvLevel">Current Adventure Level (31)</tier-attribute>
				<tier-attribute type="statBonus">+35 Armor</tier-attribute>
			</tier-attributes>
			<tier-keywords>
				<tier-keyword>techclass_2</tier-keyword>
				<tier-keyword>tier_2</tier-keyword>
			</tier-keywords>
			<resources>
				<resource>
					<resource-name>Iron Bar</resource-name>
					<resource-skill>Armorcraft</resource-skill>
					<resource-min amount="20">330</resource-min>
					<resource-opt amount="10">455</resource-opt>
				</resource>
			</resources>
		</tier>
		<tier>
			<tier-name>Steel Platemail Shoulderpad</tier-name>
			<tier-lvl>3</tier-lvl>
			<tier-desc>Platemail is designed like a solid shell, constructed from forged sheets of various metals. Although offering unsurpassed protection, platemail does have the disadvantage of being extremely heavy and cumbersome.</tier-desc>
			<tier-allowedtechniques>2</tier-allowedtechniques>
			<tier-attributes>
				<tier-attribute type="hoardValue">180</tier-attribute>
				<tier-attribute type="reqAdvSkill">Armor Use (510)</tier-attribute>
				<tier-attribute type="reqCurrentAdvLevel">Current Adventure Level (51)</tier-attribute>
				<tier-attribute type="statBonus">+58 Armor</tier-attribute>
			</tier-attributes>
			<tier-keywords>
				<tier-keyword>techclass_3</tier-keyword>
				<tier-keyword>techclass_2</tier-keyword>
				<tier-keyword>tier_3</tier-keyword>
			</tier-keywords>
			<resources>
				<resource>
					<resource-name>Steel Bar</resource-name>
					<resource-skill>Armorcraft</resource-skill>
					<resource-min amount="20">530</resource-min>
					<resource-opt amount="10">680</resource-opt>
				</resource>
			</resources>
		</tier>
		<tier>
			<tier-name>Cobalt Platemail Shoulderpad</tier-name>
			<tier-lvl>4</tier-lvl>
			<tier-desc>Platemail is designed like a solid shell, constructed from forged sheets of various metals. Although offering unsurpassed protection, platemail does have the disadvantage of being extremely heavy and cumbersome.</tier-desc>
			<tier-allowedtechniques>2</tier-allowedtechniques>
			<tier-attributes>
				<tier-attribute type="hoardValue">360</tier-attribute>
				<tier-attribute type="reqAdvSkill">Armor Use (710)</tier-attribute>
				<tier-attribute type="reqCurrentAdvLevel">Current Adventure Level (71)</tier-attribute>
				<tier-attribute type="statBonus">+85 Armor</tier-attribute>
			</tier-attributes>
			<tier-keywords>
				<tier-keyword>techclass_4</tier-keyword>
				<tier-keyword>techclass_3</tier-keyword>
				<tier-keyword>techclass_2</tier-keyword>
				<tier-keyword>tier_4</tier-keyword>
			</tier-keywords>
			<resources>
				<resource>
					<resource-name>Cobalt Bar</resource-name>
					<resource-skill>Armorcraft</resource-skill>
					<resource-min amount="20">730</resource-min>
					<resource-opt amount="10">905</resource-opt>
				</resource>
			</resources>
		</tier>
		<tier>
			<tier-name>Mithril Platemail Shoulderpad</tier-name>
			<tier-lvl>5</tier-lvl>
			<tier-desc>Platemail is designed like a solid shell, constructed from forged sheets of various metals. Although offering unsurpassed protection, platemail does have the disadvantage of being extremely heavy and cumbersome.</tier-desc>
			<tier-allowedtechniques>3</tier-allowedtechniques>
			<tier-attributes>
				<tier-attribute type="hoardValue">1584</tier-attribute>
				<tier-attribute type="reqAdvSkill">Armor Use (910)</tier-attribute>
				<tier-attribute type="reqCurrentAdvLevel">Current Adventure Level (91)</tier-attribute>
				<tier-attribute type="statBonus">+116 Armor</tier-attribute>
			</tier-attributes>
			<tier-keywords>
				<tier-keyword>techclass_5</tier-keyword>
				<tier-keyword>techclass_4</tier-keyword>
				<tier-keyword>techclass_3</tier-keyword>
				<tier-keyword>techclass_2</tier-keyword>
				<tier-keyword>tier_5</tier-keyword>
			</tier-keywords>
			<resources>
				<resource>
					<resource-name>Mithril Bar</resource-name>
					<resource-skill>Armorcraft</resource-skill>
					<resource-min amount="20">930</resource-min>
					<resource-opt amount="10">1130</resource-opt>
				</resource>
			</resources>
		</tier>
	</item>
	<item>
		<item-name>Platemail Skilts</item-name>
		<item-icon>icon_formula_a_10_09_02_11.png</item-icon>
		<item-batchqty>1</item-batchqty>
		<item-attributes>
			<item-attribute type="equipSlot">Legs</item-attribute>
			<item-attribute type="bulk">64</item-attribute>
			<item-attribute type="reqClass">CHSW, CRSB, KNOC, RVR, CLRC, BTLM, PLDN, WAR</item-attribute>
		</item-attributes>
		<item-keywords>
			<item-keyword>techclass_1</item-keyword>
			<item-keyword>bodyslot_legs</item-keyword>
			<item-keyword>resource_metal</item-keyword>
			<item-keyword>armor</item-keyword>
			<item-keyword>armortype_platemail</item-keyword>
		</item-keywords>
		<tier>
			<tier-name>Bronze Platemail Skilts</tier-name>
			<tier-lvl>1</tier-lvl>
			<tier-allowedtechniques>1</tier-allowedtechniques>
			<tier-attributes>
				<tier-attribute type="hoardValue">70</tier-attribute>
				<tier-attribute type="reqAdvSkill">Armor Use (110)</tier-attribute>
				<tier-attribute type="reqCurrentAdvLevel">Current Adventure Level (11)</tier-attribute>
				<tier-attribute type="statBonus">+16 Armor</tier-attribute>
			</tier-attributes>
			<tier-keywords>
				<tier-keyword>tier_1</tier-keyword>
			</tier-keywords>
			<resources>
				<resource>
					<resource-name>Bronze Bar</resource-name>
					<resource-skill>Armorcraft</resource-skill>
					<resource-min amount="28">180</resource-min>
					<resource-opt amount="14">280</resource-opt>
				</resource>
			</resources>
		</tier>
		<tier>
			<tier-name>Iron Platemail Skilts</tier-name>
			<tier-lvl>2</tier-lvl>
			<tier-allowedtechniques>1</tier-allowedtechniques>
			<tier-attributes>
				<tier-attribute type="hoardValue">126</tier-attribute>
				<tier-attribute type="reqAdvSkill">Armor Use (310)</tier-attribute>
				<tier-attribute type="reqCurrentAdvLevel">Current Adventure Level (31)</tier-attribute>
				<tier-attribute type="statBonus">+35 Armor</tier-attribute>
			</tier-attributes>
			<tier-keywords>
				<tier-keyword>techclass_2</tier-keyword>
				<tier-keyword>tier_2</tier-keyword>
			</tier-keywords>
			<resources>
				<resource>
					<resource-name>Iron Bar</resource-name>
					<resource-skill>Armorcraft</resource-skill>
					<resource-min amount="28">380</resource-min>
					<resource-opt amount="14">505</resource-opt>
				</resource>
			</resources>
		</tier>
		<tier>
			<tier-name>Steel Platemail Skilts</tier-name>
			<tier-lvl>3</tier-lvl>
			<tier-allowedtechniques>2</tier-allowedtechniques>
			<tier-attributes>
				<tier-attribute type="hoardValue">252</tier-attribute>
				<tier-attribute type="reqAdvSkill">Armor Use (510)</tier-attribute>
				<tier-attribute type="reqCurrentAdvLevel">Current Adventure Level (51)</tier-attribute>
				<tier-attribute type="statBonus">+58 Armor</tier-attribute>
			</tier-attributes>
			<tier-keywords>
				<tier-keyword>techclass_3</tier-keyword>
				<tier-keyword>techclass_2</tier-keyword>
				<tier-keyword>tier_3</tier-keyword>
			</tier-keywords>
			<resources>
				<resource>
					<resource-name>Steel Bar</resource-name>
					<resource-skill>Armorcraft</resource-skill>
					<resource-min amount="28">580</resource-min>
					<resource-opt amount="14">730</resource-opt>
				</resource>
			</resources>
		</tier>
		<tier>
			<tier-name>Cobalt Platemail Skilts</tier-name>
			<tier-lvl>4</tier-lvl>
			<tier-allowedtechniques>2</tier-allowedtechniques>
			<tier-attributes>
				<tier-attribute type="hoardValue">504</tier-attribute>
				<tier-attribute type="reqAdvSkill">Armor Use (710)</tier-attribute>
				<tier-attribute type="reqCurrentAdvLevel">Current Adventure Level (71)</tier-attribute>
				<tier-attribute type="statBonus">+85 Armor</tier-attribute>
			</tier-attributes>
			<tier-keywords>
				<tier-keyword>techclass_4</tier-keyword>
				<tier-keyword>techclass_3</tier-keyword>
				<tier-keyword>techclass_2</tier-keyword>
				<tier-keyword>tier_4</tier-keyword>
			</tier-keywords>
			<resources>
				<resource>
					<resource-name>Cobalt Bar</resource-name>
					<resource-skill>Armorcraft</resource-skill>
					<resource-min amount="28">780</resource-min>
					<resource-opt amount="14">955</resource-opt>
				</resource>
			</resources>
		</tier>
		<tier>
			<tier-name>Mithril Platemail Skilts</tier-name>
			<tier-lvl>5</tier-lvl>
			<tier-allowedtechniques>3</tier-allowedtechniques>
			<tier-attributes>
				<tier-attribute type="hoardValue">1008</tier-attribute>
				<tier-attribute type="reqAdvSkill">Armor Use (910)</tier-attribute>
				<tier-attribute type="reqCurrentAdvLevel">Current Adventure Level (91)</tier-attribute>
				<tier-attribute type="statBonus">+116 Armor</tier-attribute>
			</tier-attributes>
			<tier-keywords>
				<tier-keyword>techclass_5</tier-keyword>
				<tier-keyword>techclass_4</tier-keyword>
				<tier-keyword>techclass_3</tier-keyword>
				<tier-keyword>techclass_2</tier-keyword>
				<tier-keyword>tier_5</tier-keyword>
			</tier-keywords>
			<resources>
				<resource>
					<resource-name>Mithril Bar</resource-name>
					<resource-skill>Armorcraft</resource-skill>
					<resource-min amount="28">980</resource-min>
					<resource-opt amount="14">1180</resource-opt>
				</resource>
			</resources>
		</tier>
	</item>
</formulaset>
