<?xml version="1.0" encoding="ISO-8859-1"?>
<formulaset format="2.1">
	<formulaset-name>Fashion Wear</formulaset-name>
	<formulaset-categories>
		<formulaset-category>Armor</formulaset-category>
	</formulaset-categories>
	<item>
		<item-name>Gnomekindle Holiday Clothing</item-name>
		<item-icon>icon_formula_a_01_01_11.png</item-icon>
		<item-batchqty>1</item-batchqty>
		<item-attributes>
			<item-attribute type="equipSlot">Chest</item-attribute>
			<item-attribute type="bulk">1</item-attribute>
			<item-attribute type="reqRace">Human, Dwarf, Fiend, Saris, Elf, Sslik, Half-Giant, Gnome, Satyr, Dryad</item-attribute>
			<item-attribute type="hoardValue">0</item-attribute>
		</item-attributes>
		<item-keywords>
			<item-keyword>tier_1</item-keyword>
		</item-keywords>
		<tier>
			<tier-name>Ruby Celestial Robes</tier-name>
			<tier-lvl name="Ruby Celestial Robes">1</tier-lvl>
			<tier-desc/>
			<tier-allowedtechniques>0</tier-allowedtechniques>
			<tier-attributes>
			</tier-attributes>
			<tier-keywords>
			</tier-keywords>
			<resources>
				<resource>
					<resource-name>Garnet Dye</resource-name>
					<resource-skill>Tailoring</resource-skill>
					<resource-min amount="4">1</resource-min>
					<resource-opt amount="2">100</resource-opt>
				</resource>
				<resource>
					<resource-name>Flax Spool</resource-name>
					<resource-skill>Tailoring</resource-skill>
					<resource-min amount="24">1</resource-min>
					<resource-opt amount="12">100</resource-opt>
				</resource>
			</resources>
		</tier>
		<tier>
			<tier-name>Jasper Celestial Robes</tier-name>
			<tier-lvl name="Jasper Celestial Robes">1</tier-lvl>
			<tier-desc/>
			<tier-allowedtechniques>0</tier-allowedtechniques>
			<tier-attributes>
			</tier-attributes>
			<tier-keywords>
			</tier-keywords>
			<resources>
				<resource>
					<resource-name>Light Red Dye</resource-name>
					<resource-skill>Tailoring</resource-skill>
					<resource-min amount="4">1</resource-min>
					<resource-opt amount="2">100</resource-opt>
				</resource>
				<resource>
					<resource-name>Flax Spool</resource-name>
					<resource-skill>Tailoring</resource-skill>
					<resource-min amount="24">1</resource-min>
					<resource-opt amount="12">100</resource-opt>
				</resource>
			</resources>
		</tier>
		<tier>
			<tier-name>Gold Celestial Robes</tier-name>
			<tier-lvl name="Gold Celestial Robes">1</tier-lvl>
			<tier-desc/>
			<tier-allowedtechniques>0</tier-allowedtechniques>
			<tier-attributes>
			</tier-attributes>
			<tier-keywords>
			</tier-keywords>
			<resources>
				<resource>
					<resource-name>Gold Dye</resource-name>
					<resource-skill>Tailoring</resource-skill>
					<resource-min amount="4">1</resource-min>
					<resource-opt amount="2">100</resource-opt>
				</resource>
				<resource>
					<resource-name>Flax Spool</resource-name>
					<resource-skill>Tailoring</resource-skill>
					<resource-min amount="24">1</resource-min>
					<resource-opt amount="12">100</resource-opt>
				</resource>
			</resources>
		</tier>
		<tier>
			<tier-name>Emerald Celestial Robes</tier-name>
			<tier-lvl name="Emerald Celestial Robes">1</tier-lvl>
			<tier-desc/>
			<tier-allowedtechniques>0</tier-allowedtechniques>
			<tier-attributes>
			</tier-attributes>
			<tier-keywords>
			</tier-keywords>
			<resources>
				<resource>
					<resource-name>Green Dye</resource-name>
					<resource-skill>Tailoring</resource-skill>
					<resource-min amount="4">1</resource-min>
					<resource-opt amount="2">100</resource-opt>
				</resource>
				<resource>
					<resource-name>Flax Spool</resource-name>
					<resource-skill>Tailoring</resource-skill>
					<resource-min amount="24">1</resource-min>
					<resource-opt amount="12">100</resource-opt>
				</resource>
			</resources>
		</tier>
		<tier>
			<tier-name>Sapphire Celestial Robes</tier-name>
			<tier-lvl name="Sapphire Celestial Robes">1</tier-lvl>
			<tier-desc/>
			<tier-allowedtechniques>0</tier-allowedtechniques>
			<tier-attributes>
			</tier-attributes>
			<tier-keywords>
			</tier-keywords>
			<resources>
				<resource>
					<resource-name>Light Blue Dye</resource-name>
					<resource-skill>Tailoring</resource-skill>
					<resource-min amount="4">1</resource-min>
					<resource-opt amount="2">100</resource-opt>
				</resource>
				<resource>
					<resource-name>Flax Spool</resource-name>
					<resource-skill>Tailoring</resource-skill>
					<resource-min amount="24">1</resource-min>
					<resource-opt amount="12">100</resource-opt>
				</resource>
			</resources>
		</tier>
	</item>
</formulaset>
