<?xml version="1.0" encoding="ISO-8859-1"?>
<formulaset>
	<formulaset-name>Plot - Fiendish Structures</formulaset-name>
	<formulaset-categories>
		<formulaset-category>Construction</formulaset-category>
	</formulaset-categories>
	<item>
		<item-name>Fiendish Shop</item-name>
		<item-icon>Internal_shop_fiendish.png</item-icon>
		<tier>
			<tier-name>Fiendish Consignment Shop</tier-name>
			<tier-lvl name="Consignment">1</tier-lvl>
			<tier-desc>A small fiendish shop with a pawn broker and consigner.</tier-desc>
			<tier-attributes>
				<tier-attribute type="structurenpc">Player Structure: Consignment</tier-attribute>
				<tier-attribute type="structurenpc">Player Structure: Pawn Broker</tier-attribute>
			</tier-attributes>
			<resources>
				<resource>
					<resource-name>Elm Construction Timber</resource-name>
					<resource-skill>Carpentry</resource-skill>
					<resource-units>75</resource-units>
					<resource-min amount="3">200</resource-min>
					<resource-opt amount="2">400</resource-opt>
				</resource>
				<resource>
					<resource-name>Granite Construction Block</resource-name>
					<resource-skill>Masonry</resource-skill>
					<resource-units>75</resource-units>
					<resource-min amount="3">400</resource-min>
					<resource-opt amount="2">600</resource-opt>
				</resource>
				<resource>
					<resource-name>Iron Construction Sheeting</resource-name>
					<resource-skill>Fitting</resource-skill>
					<resource-units>200</resource-units>
					<resource-min amount="3">200</resource-min>
					<resource-opt amount="2">400</resource-opt>
				</resource>
				<resource>
					<resource-name>Pale Essence Construction Sphere</resource-name>
					<resource-skill>Essence Structuring</resource-skill>
					<resource-units>275</resource-units>
					<resource-min amount="3">200</resource-min>
					<resource-opt amount="2">400</resource-opt>
				</resource>
				<resource>
					<resource-name>Sandstone Construction Keystones</resource-name>
					<resource-skill>Masonry</resource-skill>
					<resource-units>250</resource-units>
					<resource-min amount="3">100</resource-min>
					<resource-opt amount="2">300</resource-opt>
				</resource>
				<resource>
					<resource-name>Slate Construction Block</resource-name>
					<resource-skill>Masonry</resource-skill>
					<resource-units>200</resource-units>
					<resource-min amount="3">200</resource-min>
					<resource-opt amount="2">400</resource-opt>
				</resource>
				<resource>
					<resource-name>Steel Construction Sheeting</resource-name>
					<resource-skill>Fitting</resource-skill>
					<resource-units>75</resource-units>
					<resource-min amount="3">400</resource-min>
					<resource-opt amount="2">600</resource-opt>
				</resource>
			</resources>
		</tier>
		<tier>
			<tier-name>Fiendish Pawn Shop</tier-name>
			<tier-lvl name="Pawn Shop">1</tier-lvl>
			<tier-desc>A small fiendish shop with a pawn broker</tier-desc>
			<tier-attributes>
				<tier-attribute type="structurenpc">Player Structure: Pawn Broker</tier-attribute>
			</tier-attributes>
			<resources>
				<resource>
					<resource-name>Elm Construction Timber</resource-name>
					<resource-skill>Carpentry</resource-skill>
					<resource-units>75</resource-units>
					<resource-min amount="3">200</resource-min>
					<resource-opt amount="2">400</resource-opt>
				</resource>
				<resource>
					<resource-name>Iron Construction Sheeting</resource-name>
					<resource-skill>Fitting</resource-skill>
					<resource-units>125</resource-units>
					<resource-min amount="3">200</resource-min>
					<resource-opt amount="2">400</resource-opt>
				</resource>
				<resource>
					<resource-name>Pale Essence Construction Sphere</resource-name>
					<resource-skill>Essence Structuring</resource-skill>
					<resource-units>275</resource-units>
					<resource-min amount="3">200</resource-min>
					<resource-opt amount="2">400</resource-opt>
				</resource>
				<resource>
					<resource-name>Sandstone Construction Keystones</resource-name>
					<resource-skill>Masonry</resource-skill>
					<resource-units>150</resource-units>
					<resource-min amount="3">100</resource-min>
					<resource-opt amount="2">300</resource-opt>
				</resource>
				<resource>
					<resource-name>Slate Construction Block</resource-name>
					<resource-skill>Masonry</resource-skill>
					<resource-units>200</resource-units>
					<resource-min amount="3">200</resource-min>
					<resource-opt amount="2">400</resource-opt>
				</resource>
			</resources>
		</tier>
	</item>
	<item>
		<item-name>Fiendish House</item-name>
		<item-icon>Internal_house_fiendish.png</item-icon>
		<tier>
			<tier-name>Fiendish Large House</tier-name>
			<tier-lvl name="Large">1</tier-lvl>
			<tier-desc>A large fiendish house with an upper balcony</tier-desc>
			<tier-attributes>
				<tier-attribute type="structurebulk">7200</tier-attribute>
				<tier-attribute type="structurestacks">60</tier-attribute>
			</tier-attributes>
			<resources>
				<resource>
					<resource-name>Elm Construction Timber</resource-name>
					<resource-skill>Carpentry</resource-skill>
					<resource-units>75</resource-units>
					<resource-min amount="3">200</resource-min>
					<resource-opt amount="2">400</resource-opt>
				</resource>
				<resource>
					<resource-name>Iron Construction Sheeting</resource-name>
					<resource-skill>Fitting</resource-skill>
					<resource-units>175</resource-units>
					<resource-min amount="3">200</resource-min>
					<resource-opt amount="2">400</resource-opt>
				</resource>
				<resource>
					<resource-name>Pale Essence Construction Sphere</resource-name>
					<resource-skill>Essence Structuring</resource-skill>
					<resource-units>175</resource-units>
					<resource-min amount="3">200</resource-min>
					<resource-opt amount="2">400</resource-opt>
				</resource>
				<resource>
					<resource-name>Sandstone Construction Keystones</resource-name>
					<resource-skill>Masonry</resource-skill>
					<resource-units>175</resource-units>
					<resource-min amount="3">100</resource-min>
					<resource-opt amount="2">300</resource-opt>
				</resource>
				<resource>
					<resource-name>Slate Construction Block</resource-name>
					<resource-skill>Masonry</resource-skill>
					<resource-units>150</resource-units>
					<resource-min amount="3">200</resource-min>
					<resource-opt amount="2">400</resource-opt>
				</resource>
			</resources>
		</tier>
	</item>
	<item>
		<item-name>Fiendish Walls</item-name>
		<item-icon>Internal_wall_fiendish.png</item-icon>
		<tier>
			<tier-name>Fiendish Pillar</tier-name>
			<tier-lvl name="Pillar">1</tier-lvl>
			<tier-desc>A fiendish pillar with bladelike decorations at the top</tier-desc>
			<tier-attributes>
			</tier-attributes>
			<resources>
				<resource>
					<resource-name>Bronze Construction Sheeting</resource-name>
					<resource-skill>Fitting</resource-skill>
					<resource-units>15</resource-units>
					<resource-min amount="3">1</resource-min>
					<resource-opt amount="2">201</resource-opt>
				</resource>
				<resource>
					<resource-name>Dim Essence Construction Sphere</resource-name>
					<resource-skill>Essence Structuring</resource-skill>
					<resource-units>10</resource-units>
					<resource-min amount="3">1</resource-min>
					<resource-opt amount="2">201</resource-opt>
				</resource>
				<resource>
					<resource-name>Sandstone Construction Block</resource-name>
					<resource-skill>Masonry</resource-skill>
					<resource-units>20</resource-units>
					<resource-min amount="3">1</resource-min>
					<resource-opt amount="2">201</resource-opt>
				</resource>
				<resource>
					<resource-name>Sandstone Construction Keystones</resource-name>
					<resource-skill>Masonry</resource-skill>
					<resource-units>30</resource-units>
					<resource-min amount="3">100</resource-min>
					<resource-opt amount="2">300</resource-opt>
				</resource>
			</resources>
		</tier>
		<tier>
			<tier-name>Fiendish Wall Corner</tier-name>
			<tier-lvl name="Corner">1</tier-lvl>
			<tier-desc>A fiendish pillar with bladelike decorations at the top</tier-desc>
			<tier-attributes>
			</tier-attributes>
			<resources>
				<resource>
					<resource-name>Bronze Construction Sheeting</resource-name>
					<resource-skill>Fitting</resource-skill>
					<resource-units>15</resource-units>
					<resource-min amount="3">1</resource-min>
					<resource-opt amount="2">201</resource-opt>
				</resource>
				<resource>
					<resource-name>Dim Essence Construction Sphere</resource-name>
					<resource-skill>Essence Structuring</resource-skill>
					<resource-units>10</resource-units>
					<resource-min amount="3">1</resource-min>
					<resource-opt amount="2">201</resource-opt>
				</resource>
				<resource>
					<resource-name>Sandstone Construction Block</resource-name>
					<resource-skill>Masonry</resource-skill>
					<resource-units>30</resource-units>
					<resource-min amount="3">1</resource-min>
					<resource-opt amount="2">201</resource-opt>
				</resource>
				<resource>
					<resource-name>Sandstone Construction Keystones</resource-name>
					<resource-skill>Masonry</resource-skill>
					<resource-units>15</resource-units>
					<resource-min amount="3">100</resource-min>
					<resource-opt amount="2">300</resource-opt>
				</resource>
			</resources>
		</tier>
		<tier>
			<tier-name>Fiendish Wall, 8 meters</tier-name>
			<tier-lvl name="8m Wall">1</tier-lvl>
			<tier-desc>A fiendish pillar with bladelike decorations at the top</tier-desc>
			<tier-attributes>
			</tier-attributes>
			<resources>
				<resource>
					<resource-name>Bronze Construction Sheeting</resource-name>
					<resource-skill>Fitting</resource-skill>
					<resource-units>35</resource-units>
					<resource-min amount="3">1</resource-min>
					<resource-opt amount="2">201</resource-opt>
				</resource>
				<resource>
					<resource-name>Dim Essence Construction Sphere</resource-name>
					<resource-skill>Essence Structuring</resource-skill>
					<resource-units>25</resource-units>
					<resource-min amount="3">1</resource-min>
					<resource-opt amount="2">201</resource-opt>
				</resource>
				<resource>
					<resource-name>Sandstone Construction Block</resource-name>
					<resource-skill>Masonry</resource-skill>
					<resource-units>20</resource-units>
					<resource-min amount="3">1</resource-min>
					<resource-opt amount="2">201</resource-opt>
				</resource>
				<resource>
					<resource-name>Sandstone Construction Keystones</resource-name>
					<resource-skill>Masonry</resource-skill>
					<resource-units>20</resource-units>
					<resource-min amount="3">100</resource-min>
					<resource-opt amount="2">300</resource-opt>
				</resource>
			</resources>
		</tier>
	</item>
</formulaset>
