<?xml version="1.0" encoding="ISO-8859-1"?>
<formulaset>
	<formulaset-name>Plot - Pathways &amp; Walls</formulaset-name>
	<formulaset-categories>
		<formulaset-category>Construction</formulaset-category>
	</formulaset-categories>
	<item>
		<item-name>Sandstone Wall</item-name>
		<item-icon>Internal_wall_sandstone.png</item-icon>
		<tier>
			<tier-name>Sandstone Wall, 5 meters</tier-name>
			<tier-lvl name="5 meters">1</tier-lvl>
			<tier-desc>A short segment of sandstone wall, suitable for piecing together into a larger wall.</tier-desc>
			<tier-attributes>
			</tier-attributes>
			<resources>
				<resource>
					<resource-name>Sandstone Construction Block</resource-name>
					<resource-skill>Masonry</resource-skill>
					<resource-units>15</resource-units>
					<resource-min amount="3">1</resource-min>
					<resource-opt amount="2">201</resource-opt>
				</resource>
				<resource>
					<resource-name>Sandstone Construction Keystones</resource-name>
					<resource-skill>Masonry</resource-skill>
					<resource-units>5</resource-units>
					<resource-min amount="3">100</resource-min>
					<resource-opt amount="2">300</resource-opt>
				</resource>
				<resource>
					<resource-name>Slate Construction Block</resource-name>
					<resource-skill>Masonry</resource-skill>
					<resource-units>7</resource-units>
					<resource-min amount="3">200</resource-min>
					<resource-opt amount="2">400</resource-opt>
				</resource>
			</resources>
		</tier>
		<tier>
			<tier-name>Sandstone Wall, 10 meters</tier-name>
			<tier-lvl name="10 meters">1</tier-lvl>
			<tier-desc>A short segment of stone wall, suitable for piecing together into a larger wall.</tier-desc>
			<tier-attributes>
			</tier-attributes>
			<resources>
				<resource>
					<resource-name>Sandstone Construction Block</resource-name>
					<resource-skill>Masonry</resource-skill>
					<resource-units>30</resource-units>
					<resource-min amount="3">1</resource-min>
					<resource-opt amount="2">201</resource-opt>
				</resource>
				<resource>
					<resource-name>Sandstone Construction Keystones</resource-name>
					<resource-skill>Masonry</resource-skill>
					<resource-units>10</resource-units>
					<resource-min amount="3">100</resource-min>
					<resource-opt amount="2">300</resource-opt>
				</resource>
				<resource>
					<resource-name>Slate Construction Block</resource-name>
					<resource-skill>Masonry</resource-skill>
					<resource-units>15</resource-units>
					<resource-min amount="3">200</resource-min>
					<resource-opt amount="2">400</resource-opt>
				</resource>
			</resources>
		</tier>
		<tier>
			<tier-name>Sandstone Wall, 20 meters</tier-name>
			<tier-lvl name="20 meters">1</tier-lvl>
			<tier-desc>A short segment of stone wall, suitable for piecing together into a larger wall.</tier-desc>
			<tier-attributes>
			</tier-attributes>
			<resources>
				<resource>
					<resource-name>Sandstone Construction Block</resource-name>
					<resource-skill>Masonry</resource-skill>
					<resource-units>60</resource-units>
					<resource-min amount="3">1</resource-min>
					<resource-opt amount="2">201</resource-opt>
				</resource>
				<resource>
					<resource-name>Sandstone Construction Keystones</resource-name>
					<resource-skill>Masonry</resource-skill>
					<resource-units>20</resource-units>
					<resource-min amount="3">100</resource-min>
					<resource-opt amount="2">300</resource-opt>
				</resource>
				<resource>
					<resource-name>Slate Construction Block</resource-name>
					<resource-skill>Masonry</resource-skill>
					<resource-units>30</resource-units>
					<resource-min amount="3">200</resource-min>
					<resource-opt amount="2">400</resource-opt>
				</resource>
			</resources>
		</tier>
		<tier>
			<tier-name>Sandstone Wall, Archway</tier-name>
			<tier-lvl name="Archway">1</tier-lvl>
			<tier-desc>A sandstone archway, suitable for piecing together into a larger wall's entry point</tier-desc>
			<tier-attributes>
			</tier-attributes>
			<resources>
				<resource>
					<resource-name>Sandstone Construction Block</resource-name>
					<resource-skill>Masonry</resource-skill>
					<resource-units>50</resource-units>
					<resource-min amount="3">1</resource-min>
					<resource-opt amount="2">201</resource-opt>
				</resource>
				<resource>
					<resource-name>Sandstone Construction Keystones</resource-name>
					<resource-skill>Masonry</resource-skill>
					<resource-units>40</resource-units>
					<resource-min amount="3">100</resource-min>
					<resource-opt amount="2">300</resource-opt>
				</resource>
				<resource>
					<resource-name>Slate Construction Block</resource-name>
					<resource-skill>Masonry</resource-skill>
					<resource-units>25</resource-units>
					<resource-min amount="3">200</resource-min>
					<resource-opt amount="2">400</resource-opt>
				</resource>
			</resources>
		</tier>
		<tier>
			<tier-name>Sandstone Wall, Corner Pillar</tier-name>
			<tier-lvl name="Corner Pillar">1</tier-lvl>
			<tier-desc>A short segment of sandstone wall, suitable for piecing together into a larger wall.</tier-desc>
			<tier-attributes>
			</tier-attributes>
			<resources>
				<resource>
					<resource-name>Sandstone Construction Block</resource-name>
					<resource-skill>Masonry</resource-skill>
					<resource-units>15</resource-units>
					<resource-min amount="3">1</resource-min>
					<resource-opt amount="2">201</resource-opt>
				</resource>
				<resource>
					<resource-name>Sandstone Construction Keystones</resource-name>
					<resource-skill>Masonry</resource-skill>
					<resource-units>20</resource-units>
					<resource-min amount="3">100</resource-min>
					<resource-opt amount="2">300</resource-opt>
				</resource>
				<resource>
					<resource-name>Slate Construction Block</resource-name>
					<resource-skill>Masonry</resource-skill>
					<resource-units>10</resource-units>
					<resource-min amount="3">200</resource-min>
					<resource-opt amount="2">400</resource-opt>
				</resource>
			</resources>
		</tier>
	</item>
	<item>
		<item-name>Stone Flooring - Blue</item-name>
		<item-icon>Internal_floor_blue.png</item-icon>
		<tier>
			<tier-name>Stone Flooring Blue, 3x3</tier-name>
			<tier-lvl name="3x3">1</tier-lvl>
			<tier-desc>A short length of stone flooring</tier-desc>
			<tier-attributes>
			</tier-attributes>
			<resources>
				<resource>
					<resource-name>Sandstone Construction Block</resource-name>
					<resource-skill>Masonry</resource-skill>
					<resource-units>15</resource-units>
					<resource-min amount="3">1</resource-min>
					<resource-opt amount="2">201</resource-opt>
				</resource>
				<resource>
					<resource-name>Slate Construction Block</resource-name>
					<resource-skill>Masonry</resource-skill>
					<resource-units>10</resource-units>
					<resource-min amount="3">200</resource-min>
					<resource-opt amount="2">400</resource-opt>
				</resource>
			</resources>
		</tier>
		<tier>
			<tier-name>Stone Flooring Blue, 9x3</tier-name>
			<tier-lvl name="9x3">1</tier-lvl>
			<tier-desc>A length of stone flooring</tier-desc>
			<tier-attributes>
			</tier-attributes>
			<resources>
				<resource>
					<resource-name>Sandstone Construction Block</resource-name>
					<resource-skill>Masonry</resource-skill>
					<resource-units>30</resource-units>
					<resource-min amount="3">1</resource-min>
					<resource-opt amount="2">201</resource-opt>
				</resource>
				<resource>
					<resource-name>Slate Construction Block</resource-name>
					<resource-skill>Masonry</resource-skill>
					<resource-units>20</resource-units>
					<resource-min amount="3">200</resource-min>
					<resource-opt amount="2">400</resource-opt>
				</resource>
			</resources>
		</tier>
		<tier>
			<tier-name>Stone Flooring Blue, 9x9</tier-name>
			<tier-lvl name="9x9">1</tier-lvl>
			<tier-desc>A 9 meter by 9 meter square of stone blocks</tier-desc>
			<tier-attributes>
			</tier-attributes>
			<resources>
				<resource>
					<resource-name>Sandstone Construction Block</resource-name>
					<resource-skill>Masonry</resource-skill>
					<resource-units>50</resource-units>
					<resource-min amount="3">1</resource-min>
					<resource-opt amount="2">201</resource-opt>
				</resource>
				<resource>
					<resource-name>Slate Construction Block</resource-name>
					<resource-skill>Masonry</resource-skill>
					<resource-units>40</resource-units>
					<resource-min amount="3">200</resource-min>
					<resource-opt amount="2">400</resource-opt>
				</resource>
			</resources>
		</tier>
	</item>
	<item>
		<item-name>Stone Flooring - Grey</item-name>
		<item-icon>Internal_floor_grey.png</item-icon>
		<tier>
			<tier-name>Stone Flooring Grey, 3x3</tier-name>
			<tier-lvl name="3x3">1</tier-lvl>
			<tier-desc>A short length of stone flooring</tier-desc>
			<tier-attributes>
			</tier-attributes>
			<resources>
				<resource>
					<resource-name>Sandstone Construction Block</resource-name>
					<resource-skill>Masonry</resource-skill>
					<resource-units>15</resource-units>
					<resource-min amount="3">1</resource-min>
					<resource-opt amount="2">201</resource-opt>
				</resource>
				<resource>
					<resource-name>Slate Construction Block</resource-name>
					<resource-skill>Masonry</resource-skill>
					<resource-units>10</resource-units>
					<resource-min amount="3">200</resource-min>
					<resource-opt amount="2">400</resource-opt>
				</resource>
			</resources>
		</tier>
		<tier>
			<tier-name>Stone Flooring Grey, 9x3</tier-name>
			<tier-lvl name="9x3">1</tier-lvl>
			<tier-desc>A length of stone flooring</tier-desc>
			<tier-attributes>
			</tier-attributes>
			<resources>
				<resource>
					<resource-name>Sandstone Construction Block</resource-name>
					<resource-skill>Masonry</resource-skill>
					<resource-units>30</resource-units>
					<resource-min amount="3">1</resource-min>
					<resource-opt amount="2">201</resource-opt>
				</resource>
				<resource>
					<resource-name>Slate Construction Block</resource-name>
					<resource-skill>Masonry</resource-skill>
					<resource-units>20</resource-units>
					<resource-min amount="3">200</resource-min>
					<resource-opt amount="2">400</resource-opt>
				</resource>
			</resources>
		</tier>
		<tier>
			<tier-name>Stone Flooring Grey, 9x9</tier-name>
			<tier-lvl name="9x9">1</tier-lvl>
			<tier-desc>A 9 meter by 9 meter square of stone blocks</tier-desc>
			<tier-attributes>
			</tier-attributes>
			<resources>
				<resource>
					<resource-name>Sandstone Construction Block</resource-name>
					<resource-skill>Masonry</resource-skill>
					<resource-units>50</resource-units>
					<resource-min amount="3">1</resource-min>
					<resource-opt amount="2">201</resource-opt>
				</resource>
				<resource>
					<resource-name>Slate Construction Block</resource-name>
					<resource-skill>Masonry</resource-skill>
					<resource-units>40</resource-units>
					<resource-min amount="3">200</resource-min>
					<resource-opt amount="2">400</resource-opt>
				</resource>
			</resources>
		</tier>
	</item>
	<item>
		<item-name>Stone Flooring - Red</item-name>
		<item-icon>Internal_floor_red.png</item-icon>
		<tier>
			<tier-name>Stone Flooring Red, 3x3</tier-name>
			<tier-lvl name="3x3">1</tier-lvl>
			<tier-desc>A short length of stone flooring</tier-desc>
			<tier-attributes>
			</tier-attributes>
			<resources>
				<resource>
					<resource-name>Sandstone Construction Block</resource-name>
					<resource-skill>Masonry</resource-skill>
					<resource-units>15</resource-units>
					<resource-min amount="3">1</resource-min>
					<resource-opt amount="2">201</resource-opt>
				</resource>
				<resource>
					<resource-name>Slate Construction Block</resource-name>
					<resource-skill>Masonry</resource-skill>
					<resource-units>10</resource-units>
					<resource-min amount="3">200</resource-min>
					<resource-opt amount="2">400</resource-opt>
				</resource>
			</resources>
		</tier>
		<tier>
			<tier-name>Stone Flooring Red, 9x3</tier-name>
			<tier-lvl name="9x3">1</tier-lvl>
			<tier-desc>A length of stone flooring</tier-desc>
			<tier-attributes>
			</tier-attributes>
			<resources>
				<resource>
					<resource-name>Sandstone Construction Block</resource-name>
					<resource-skill>Masonry</resource-skill>
					<resource-units>30</resource-units>
					<resource-min amount="3">1</resource-min>
					<resource-opt amount="2">201</resource-opt>
				</resource>
				<resource>
					<resource-name>Slate Construction Block</resource-name>
					<resource-skill>Masonry</resource-skill>
					<resource-units>20</resource-units>
					<resource-min amount="3">200</resource-min>
					<resource-opt amount="2">400</resource-opt>
				</resource>
			</resources>
		</tier>
		<tier>
			<tier-name>Stone Flooring Red, 9x9</tier-name>
			<tier-lvl name="9x9">1</tier-lvl>
			<tier-desc>A 9 meter by 9 meter square of stone blocks</tier-desc>
			<tier-attributes>
			</tier-attributes>
			<resources>
				<resource>
					<resource-name>Sandstone Construction Block</resource-name>
					<resource-skill>Masonry</resource-skill>
					<resource-units>50</resource-units>
					<resource-min amount="3">1</resource-min>
					<resource-opt amount="2">201</resource-opt>
				</resource>
				<resource>
					<resource-name>Slate Construction Block</resource-name>
					<resource-skill>Masonry</resource-skill>
					<resource-units>40</resource-units>
					<resource-min amount="3">200</resource-min>
					<resource-opt amount="2">400</resource-opt>
				</resource>
			</resources>
		</tier>
	</item>
	<item>
		<item-name>Stone Flooring - Tan</item-name>
		<item-icon>Internal_floor_tan.png</item-icon>
		<tier>
			<tier-name>Stone Flooring Tan, 3x3</tier-name>
			<tier-lvl name="3x3">1</tier-lvl>
			<tier-desc>A short length of stone flooring</tier-desc>
			<tier-attributes>
			</tier-attributes>
			<resources>
				<resource>
					<resource-name>Sandstone Construction Block</resource-name>
					<resource-skill>Masonry</resource-skill>
					<resource-units>15</resource-units>
					<resource-min amount="3">1</resource-min>
					<resource-opt amount="2">201</resource-opt>
				</resource>
				<resource>
					<resource-name>Slate Construction Block</resource-name>
					<resource-skill>Masonry</resource-skill>
					<resource-units>10</resource-units>
					<resource-min amount="3">200</resource-min>
					<resource-opt amount="2">400</resource-opt>
				</resource>
			</resources>
		</tier>
		<tier>
			<tier-name>Stone Flooring Tan, 9x3</tier-name>
			<tier-lvl name="9x3">1</tier-lvl>
			<tier-desc>A length of stone flooring</tier-desc>
			<tier-attributes>
			</tier-attributes>
			<resources>
				<resource>
					<resource-name>Sandstone Construction Block</resource-name>
					<resource-skill>Masonry</resource-skill>
					<resource-units>30</resource-units>
					<resource-min amount="3">1</resource-min>
					<resource-opt amount="2">201</resource-opt>
				</resource>
				<resource>
					<resource-name>Slate Construction Block</resource-name>
					<resource-skill>Masonry</resource-skill>
					<resource-units>25</resource-units>
					<resource-min amount="3">200</resource-min>
					<resource-opt amount="2">400</resource-opt>
				</resource>
			</resources>
		</tier>
		<tier>
			<tier-name>Stone Flooring Tan, 9x9</tier-name>
			<tier-lvl name="9x9">1</tier-lvl>
			<tier-desc>A 9 meter by 9 meter square of stone blocks</tier-desc>
			<tier-attributes>
			</tier-attributes>
			<resources>
				<resource>
					<resource-name>Sandstone Construction Block</resource-name>
					<resource-skill>Masonry</resource-skill>
					<resource-units>50</resource-units>
					<resource-min amount="3">1</resource-min>
					<resource-opt amount="2">201</resource-opt>
				</resource>
				<resource>
					<resource-name>Slate Construction Block</resource-name>
					<resource-skill>Masonry</resource-skill>
					<resource-units>40</resource-units>
					<resource-min amount="3">200</resource-min>
					<resource-opt amount="2">400</resource-opt>
				</resource>
			</resources>
		</tier>
	</item>
	<item>
		<item-name>Stone Walkway</item-name>
		<item-icon>Internal_floor_walkway.png</item-icon>
		<tier>
			<tier-name>Stone Walkway, 3 Meters</tier-name>
			<tier-lvl name="3 meters">1</tier-lvl>
			<tier-desc>A short length of stone walkway</tier-desc>
			<tier-attributes>
			</tier-attributes>
			<resources>
				<resource>
					<resource-name>Sandstone Construction Block</resource-name>
					<resource-skill>Masonry</resource-skill>
					<resource-units>5</resource-units>
					<resource-min amount="3">1</resource-min>
					<resource-opt amount="2">201</resource-opt>
				</resource>
				<resource>
					<resource-name>Sandstone Construction Keystones</resource-name>
					<resource-skill>Masonry</resource-skill>
					<resource-units>15</resource-units>
					<resource-min amount="3">100</resource-min>
					<resource-opt amount="2">300</resource-opt>
				</resource>
				<resource>
					<resource-name>Slate Construction Block</resource-name>
					<resource-skill>Masonry</resource-skill>
					<resource-units>10</resource-units>
					<resource-min amount="3">200</resource-min>
					<resource-opt amount="2">400</resource-opt>
				</resource>
			</resources>
		</tier>
		<tier>
			<tier-name>Stone Walkway, 9 meters</tier-name>
			<tier-lvl name="9 meters">1</tier-lvl>
			<tier-desc>A short segment of stone wall, suitable for piecing together into a larger wall.</tier-desc>
			<tier-attributes>
			</tier-attributes>
			<resources>
				<resource>
					<resource-name>Sandstone Construction Block</resource-name>
					<resource-skill>Masonry</resource-skill>
					<resource-units>15</resource-units>
					<resource-min amount="3">1</resource-min>
					<resource-opt amount="2">201</resource-opt>
				</resource>
				<resource>
					<resource-name>Sandstone Construction Keystones</resource-name>
					<resource-skill>Masonry</resource-skill>
					<resource-units>25</resource-units>
					<resource-min amount="3">100</resource-min>
					<resource-opt amount="2">300</resource-opt>
				</resource>
				<resource>
					<resource-name>Slate Construction Block</resource-name>
					<resource-skill>Masonry</resource-skill>
					<resource-units>20</resource-units>
					<resource-min amount="3">200</resource-min>
					<resource-opt amount="2">400</resource-opt>
				</resource>
			</resources>
		</tier>
		<tier>
			<tier-name>Stone Walkway, 18 meters</tier-name>
			<tier-lvl name="18 meters">1</tier-lvl>
			<tier-desc>A short length of stone walkway</tier-desc>
			<tier-attributes>
			</tier-attributes>
			<resources>
				<resource>
					<resource-name>Sandstone Construction Block</resource-name>
					<resource-skill>Masonry</resource-skill>
					<resource-units>30</resource-units>
					<resource-min amount="3">1</resource-min>
					<resource-opt amount="2">201</resource-opt>
				</resource>
				<resource>
					<resource-name>Sandstone Construction Keystones</resource-name>
					<resource-skill>Masonry</resource-skill>
					<resource-units>50</resource-units>
					<resource-min amount="3">100</resource-min>
					<resource-opt amount="2">300</resource-opt>
				</resource>
				<resource>
					<resource-name>Slate Construction Block</resource-name>
					<resource-skill>Masonry</resource-skill>
					<resource-units>40</resource-units>
					<resource-min amount="3">200</resource-min>
					<resource-opt amount="2">400</resource-opt>
				</resource>
			</resources>
		</tier>
		<tier>
			<tier-name>Stone Walkway, Corner</tier-name>
			<tier-lvl name="Corner">1</tier-lvl>
			<tier-desc>A short segment of stone wall, suitable for piecing together into a larger wall.</tier-desc>
			<tier-attributes>
			</tier-attributes>
			<resources>
				<resource>
					<resource-name>Sandstone Construction Block</resource-name>
					<resource-skill>Masonry</resource-skill>
					<resource-units>20</resource-units>
					<resource-min amount="3">1</resource-min>
					<resource-opt amount="2">201</resource-opt>
				</resource>
				<resource>
					<resource-name>Sandstone Construction Keystones</resource-name>
					<resource-skill>Masonry</resource-skill>
					<resource-units>30</resource-units>
					<resource-min amount="3">100</resource-min>
					<resource-opt amount="2">300</resource-opt>
				</resource>
				<resource>
					<resource-name>Slate Construction Block</resource-name>
					<resource-skill>Masonry</resource-skill>
					<resource-units>25</resource-units>
					<resource-min amount="3">200</resource-min>
					<resource-opt amount="2">400</resource-opt>
				</resource>
			</resources>
		</tier>
		<tier>
			<tier-name>Stone Walkway, Corner Small</tier-name>
			<tier-lvl name="Small Corner">1</tier-lvl>
			<tier-desc>A smaller version of a walkway corner, taking up only three meters of available space</tier-desc>
			<tier-attributes>
			</tier-attributes>
			<resources>
				<resource>
					<resource-name>Sandstone Construction Block</resource-name>
					<resource-skill>Masonry</resource-skill>
					<resource-units>10</resource-units>
					<resource-min amount="3">1</resource-min>
					<resource-opt amount="2">201</resource-opt>
				</resource>
				<resource>
					<resource-name>Sandstone Construction Keystones</resource-name>
					<resource-skill>Masonry</resource-skill>
					<resource-units>20</resource-units>
					<resource-min amount="3">100</resource-min>
					<resource-opt amount="2">300</resource-opt>
				</resource>
				<resource>
					<resource-name>Slate Construction Block</resource-name>
					<resource-skill>Masonry</resource-skill>
					<resource-units>15</resource-units>
					<resource-min amount="3">200</resource-min>
					<resource-opt amount="2">400</resource-opt>
				</resource>
			</resources>
		</tier>
		<tier>
			<tier-name>Stone Walkway, Endcap</tier-name>
			<tier-lvl name="Endcap">1</tier-lvl>
			<tier-desc/>
			<tier-attributes>
			</tier-attributes>
			<resources>
				<resource>
					<resource-name>Sandstone Construction Block</resource-name>
					<resource-skill>Masonry</resource-skill>
					<resource-units>10</resource-units>
					<resource-min amount="3">1</resource-min>
					<resource-opt amount="2">201</resource-opt>
				</resource>
				<resource>
					<resource-name>Sandstone Construction Keystones</resource-name>
					<resource-skill>Masonry</resource-skill>
					<resource-units>20</resource-units>
					<resource-min amount="3">100</resource-min>
					<resource-opt amount="2">300</resource-opt>
				</resource>
				<resource>
					<resource-name>Slate Construction Block</resource-name>
					<resource-skill>Masonry</resource-skill>
					<resource-units>15</resource-units>
					<resource-min amount="3">200</resource-min>
					<resource-opt amount="2">400</resource-opt>
				</resource>
			</resources>
		</tier>
		<tier>
			<tier-name>Stone Walkway, Intersection Small</tier-name>
			<tier-lvl name="Intersection">1</tier-lvl>
			<tier-desc>A 3x3 meter square, suitable for connecting pathways in four different directions.</tier-desc>
			<tier-attributes>
			</tier-attributes>
			<resources>
				<resource>
					<resource-name>Sandstone Construction Block</resource-name>
					<resource-skill>Masonry</resource-skill>
					<resource-units>10</resource-units>
					<resource-min amount="3">1</resource-min>
					<resource-opt amount="2">201</resource-opt>
				</resource>
				<resource>
					<resource-name>Sandstone Construction Keystones</resource-name>
					<resource-skill>Masonry</resource-skill>
					<resource-units>20</resource-units>
					<resource-min amount="3">100</resource-min>
					<resource-opt amount="2">300</resource-opt>
				</resource>
				<resource>
					<resource-name>Slate Construction Block</resource-name>
					<resource-skill>Masonry</resource-skill>
					<resource-units>15</resource-units>
					<resource-min amount="3">200</resource-min>
					<resource-opt amount="2">400</resource-opt>
				</resource>
			</resources>
		</tier>
		<tier>
			<tier-name>Stone Walkway, T Junction</tier-name>
			<tier-lvl name="T Junction">1</tier-lvl>
			<tier-desc>A short length of stone walkway shaped like a T</tier-desc>
			<tier-attributes>
			</tier-attributes>
			<resources>
				<resource>
					<resource-name>Sandstone Construction Block</resource-name>
					<resource-skill>Masonry</resource-skill>
					<resource-units>20</resource-units>
					<resource-min amount="3">1</resource-min>
					<resource-opt amount="2">201</resource-opt>
				</resource>
				<resource>
					<resource-name>Sandstone Construction Keystones</resource-name>
					<resource-skill>Masonry</resource-skill>
					<resource-units>40</resource-units>
					<resource-min amount="3">100</resource-min>
					<resource-opt amount="2">300</resource-opt>
				</resource>
				<resource>
					<resource-name>Slate Construction Block</resource-name>
					<resource-skill>Masonry</resource-skill>
					<resource-units>30</resource-units>
					<resource-min amount="3">200</resource-min>
					<resource-opt amount="2">400</resource-opt>
				</resource>
			</resources>
		</tier>
		<tier>
			<tier-name>Stone Walkway, T Junction Small</tier-name>
			<tier-lvl name="Small T Junction">1</tier-lvl>
			<tier-desc>A 3x3 meter square, suitable for connecting pathways in three different directions.</tier-desc>
			<tier-attributes>
			</tier-attributes>
			<resources>
				<resource>
					<resource-name>Sandstone Construction Block</resource-name>
					<resource-skill>Masonry</resource-skill>
					<resource-units>10</resource-units>
					<resource-min amount="3">1</resource-min>
					<resource-opt amount="2">201</resource-opt>
				</resource>
				<resource>
					<resource-name>Sandstone Construction Keystones</resource-name>
					<resource-skill>Masonry</resource-skill>
					<resource-units>20</resource-units>
					<resource-min amount="3">100</resource-min>
					<resource-opt amount="2">300</resource-opt>
				</resource>
				<resource>
					<resource-name>Slate Construction Block</resource-name>
					<resource-skill>Masonry</resource-skill>
					<resource-units>15</resource-units>
					<resource-min amount="3">200</resource-min>
					<resource-opt amount="2">400</resource-opt>
				</resource>
			</resources>
		</tier>
	</item>
	<item>
		<item-name>Stone Wall</item-name>
		<item-icon>Internal_wall_stone.png</item-icon>
		<tier>
			<tier-name>Stone Wall, 3 meters</tier-name>
			<tier-lvl name="3 meters">1</tier-lvl>
			<tier-desc>A short segment of stone wall, suitable for piecing together into a larger wall.</tier-desc>
			<tier-attributes>
			</tier-attributes>
			<resources>
				<resource>
					<resource-name>Sandstone Construction Block</resource-name>
					<resource-skill>Masonry</resource-skill>
					<resource-units>8</resource-units>
					<resource-min amount="3">1</resource-min>
					<resource-opt amount="2">201</resource-opt>
				</resource>
				<resource>
					<resource-name>Sandstone Construction Keystones</resource-name>
					<resource-skill>Masonry</resource-skill>
					<resource-units>5</resource-units>
					<resource-min amount="3">100</resource-min>
					<resource-opt amount="2">300</resource-opt>
				</resource>
				<resource>
					<resource-name>Slate Construction Block</resource-name>
					<resource-skill>Masonry</resource-skill>
					<resource-units>10</resource-units>
					<resource-min amount="3">200</resource-min>
					<resource-opt amount="2">400</resource-opt>
				</resource>
			</resources>
		</tier>
		<tier>
			<tier-name>Stone Wall, 5 meters</tier-name>
			<tier-lvl name="5 meters">1</tier-lvl>
			<tier-desc>A short segment of stone wall, suitable for piecing together into a larger wall.</tier-desc>
			<tier-attributes>
			</tier-attributes>
			<resources>
				<resource>
					<resource-name>Sandstone Construction Block</resource-name>
					<resource-skill>Masonry</resource-skill>
					<resource-units>15</resource-units>
					<resource-min amount="3">1</resource-min>
					<resource-opt amount="2">201</resource-opt>
				</resource>
				<resource>
					<resource-name>Sandstone Construction Keystones</resource-name>
					<resource-skill>Masonry</resource-skill>
					<resource-units>10</resource-units>
					<resource-min amount="3">100</resource-min>
					<resource-opt amount="2">300</resource-opt>
				</resource>
				<resource>
					<resource-name>Slate Construction Block</resource-name>
					<resource-skill>Masonry</resource-skill>
					<resource-units>20</resource-units>
					<resource-min amount="3">200</resource-min>
					<resource-opt amount="2">400</resource-opt>
				</resource>
			</resources>
		</tier>
		<tier>
			<tier-name>Stone Wall, 10 meters</tier-name>
			<tier-lvl name="10 meters">1</tier-lvl>
			<tier-desc>A short segment of stone wall, suitable for piecing together into a larger wall.</tier-desc>
			<tier-attributes>
			</tier-attributes>
			<resources>
				<resource>
					<resource-name>Sandstone Construction Block</resource-name>
					<resource-skill>Masonry</resource-skill>
					<resource-units>30</resource-units>
					<resource-min amount="3">1</resource-min>
					<resource-opt amount="2">201</resource-opt>
				</resource>
				<resource>
					<resource-name>Sandstone Construction Keystones</resource-name>
					<resource-skill>Masonry</resource-skill>
					<resource-units>20</resource-units>
					<resource-min amount="3">100</resource-min>
					<resource-opt amount="2">300</resource-opt>
				</resource>
				<resource>
					<resource-name>Slate Construction Block</resource-name>
					<resource-skill>Masonry</resource-skill>
					<resource-units>35</resource-units>
					<resource-min amount="3">200</resource-min>
					<resource-opt amount="2">400</resource-opt>
				</resource>
			</resources>
		</tier>
		<tier>
			<tier-name>Stone Wall, 20 meters</tier-name>
			<tier-lvl name="20 meters">1</tier-lvl>
			<tier-desc>A short segment of stone wall, suitable for piecing together into a larger wall.</tier-desc>
			<tier-attributes>
			</tier-attributes>
			<resources>
				<resource>
					<resource-name>Sandstone Construction Block</resource-name>
					<resource-skill>Masonry</resource-skill>
					<resource-units>60</resource-units>
					<resource-min amount="3">1</resource-min>
					<resource-opt amount="2">201</resource-opt>
				</resource>
				<resource>
					<resource-name>Sandstone Construction Keystones</resource-name>
					<resource-skill>Masonry</resource-skill>
					<resource-units>40</resource-units>
					<resource-min amount="3">100</resource-min>
					<resource-opt amount="2">300</resource-opt>
				</resource>
				<resource>
					<resource-name>Slate Construction Block</resource-name>
					<resource-skill>Masonry</resource-skill>
					<resource-units>70</resource-units>
					<resource-min amount="3">200</resource-min>
					<resource-opt amount="2">400</resource-opt>
				</resource>
			</resources>
		</tier>
		<tier>
			<tier-name>Stone Wall, Corner Pillar</tier-name>
			<tier-lvl name="Corner Pillar">1</tier-lvl>
			<tier-desc>A short segment of stone wall, suitable for piecing together into a larger wall.</tier-desc>
			<tier-attributes>
			</tier-attributes>
			<resources>
				<resource>
					<resource-name>Sandstone Construction Block</resource-name>
					<resource-skill>Masonry</resource-skill>
					<resource-units>10</resource-units>
					<resource-min amount="3">1</resource-min>
					<resource-opt amount="2">201</resource-opt>
				</resource>
				<resource>
					<resource-name>Sandstone Construction Keystones</resource-name>
					<resource-skill>Masonry</resource-skill>
					<resource-units>15</resource-units>
					<resource-min amount="3">100</resource-min>
					<resource-opt amount="2">300</resource-opt>
				</resource>
				<resource>
					<resource-name>Slate Construction Block</resource-name>
					<resource-skill>Masonry</resource-skill>
					<resource-units>20</resource-units>
					<resource-min amount="3">200</resource-min>
					<resource-opt amount="2">400</resource-opt>
				</resource>
			</resources>
		</tier>
	</item>
</formulaset>
