<?xml version="1.0" encoding="ISO-8859-1"?>
<formulaset>
	<formulaset-name>Plot - Simple Workshops</formulaset-name>
	<formulaset-categories>
		<formulaset-category>Construction</formulaset-category>
	</formulaset-categories>
	<item>
		<item-name>Clothworking Center</item-name>
		<item-icon>Internal_plot_clothworking.png</item-icon>
		<tier>
			<tier-name>Clothworking Center</tier-name>
			<tier-lvl name="Standard">1</tier-lvl>
			<tier-desc>A structure suited for the creation and display of cloth</tier-desc>
			<tier-attributes>
				<tier-attribute type="structuremachine">Fabric Distaff</tier-attribute>
				<tier-attribute type="structuremachine">Loom</tier-attribute>
			</tier-attributes>
			<resources>
				<resource>
					<resource-name>Bronze Construction Sheeting</resource-name>
					<resource-skill>Fitting</resource-skill>
					<resource-units>50</resource-units>
					<resource-min amount="3">1</resource-min>
					<resource-opt amount="2">201</resource-opt>
				</resource>
				<resource>
					<resource-name>Cedar Construction Braces</resource-name>
					<resource-skill>Carpentry</resource-skill>
					<resource-units>300</resource-units>
					<resource-min amount="3">100</resource-min>
					<resource-opt amount="2">300</resource-opt>
				</resource>
				<resource>
					<resource-name>Cedar Construction Timber</resource-name>
					<resource-skill>Carpentry</resource-skill>
					<resource-units>500</resource-units>
					<resource-min amount="3">1</resource-min>
					<resource-opt amount="2">201</resource-opt>
				</resource>
				<resource>
					<resource-name>Dim Essence Construction Sphere</resource-name>
					<resource-skill>Essence Structuring</resource-skill>
					<resource-units>50</resource-units>
					<resource-min amount="3">1</resource-min>
					<resource-opt amount="2">201</resource-opt>
				</resource>
				<resource>
					<resource-name>Elm Construction Timber</resource-name>
					<resource-skill>Carpentry</resource-skill>
					<resource-units>100</resource-units>
					<resource-min amount="3">200</resource-min>
					<resource-opt amount="2">400</resource-opt>
				</resource>
				<resource>
					<resource-name>Flax Construction Bolt</resource-name>
					<resource-skill>Weaving</resource-skill>
					<resource-units>200</resource-units>
					<resource-min amount="3">1</resource-min>
					<resource-opt amount="2">201</resource-opt>
				</resource>
				<resource>
					<resource-name>Sandstone Construction Block</resource-name>
					<resource-skill>Masonry</resource-skill>
					<resource-units>50</resource-units>
					<resource-min amount="3">1</resource-min>
					<resource-opt amount="2">201</resource-opt>
				</resource>
				<resource>
					<resource-name>Sandstone Construction Keystones</resource-name>
					<resource-skill>Masonry</resource-skill>
					<resource-units>50</resource-units>
					<resource-min amount="3">100</resource-min>
					<resource-opt amount="2">300</resource-opt>
				</resource>
			</resources>
		</tier>
	</item>
	<item>
		<item-name>Essence Circle</item-name>
		<item-icon>Internal_plot_essencecircle.png</item-icon>
		<tier>
			<tier-name>Essence Circle</tier-name>
			<tier-lvl name="Standard">1</tier-lvl>
			<tier-desc>A stone structure suitable for focusing the energies of an Essence Channeler</tier-desc>
			<tier-attributes>
				<tier-attribute type="structuremachine">Essence Channeler</tier-attribute>
			</tier-attributes>
			<resources>
				<resource>
					<resource-name>Bronze Construction Jointing</resource-name>
					<resource-skill>Fitting</resource-skill>
					<resource-units>50</resource-units>
					<resource-min amount="3">100</resource-min>
					<resource-opt amount="2">300</resource-opt>
				</resource>
				<resource>
					<resource-name>Dim Essence Construction Source</resource-name>
					<resource-skill>Essence Structuring</resource-skill>
					<resource-units>250</resource-units>
					<resource-min amount="3">100</resource-min>
					<resource-opt amount="2">300</resource-opt>
				</resource>
				<resource>
					<resource-name>Dim Essence Construction Sphere</resource-name>
					<resource-skill>Essence Structuring</resource-skill>
					<resource-units>250</resource-units>
					<resource-min amount="3">1</resource-min>
					<resource-opt amount="2">201</resource-opt>
				</resource>
				<resource>
					<resource-name>Pale Essence Construction Sphere</resource-name>
					<resource-skill>Essence Structuring</resource-skill>
					<resource-units>100</resource-units>
					<resource-min amount="3">200</resource-min>
					<resource-opt amount="2">400</resource-opt>
				</resource>
				<resource>
					<resource-name>Sandstone Construction Block</resource-name>
					<resource-skill>Masonry</resource-skill>
					<resource-units>200</resource-units>
					<resource-min amount="3">1</resource-min>
					<resource-opt amount="2">201</resource-opt>
				</resource>
				<resource>
					<resource-name>Sandstone Construction Keystones</resource-name>
					<resource-skill>Masonry</resource-skill>
					<resource-units>200</resource-units>
					<resource-min amount="3">100</resource-min>
					<resource-opt amount="2">300</resource-opt>
				</resource>
				<resource>
					<resource-name>Slate Construction Block</resource-name>
					<resource-skill>Masonry</resource-skill>
					<resource-units>100</resource-units>
					<resource-min amount="3">200</resource-min>
					<resource-opt amount="2">400</resource-opt>
				</resource>
			</resources>
		</tier>
	</item>
	<item>
		<item-name>Gemcutting Structure</item-name>
		<item-icon>Internal_plot_gemcutter.png</item-icon>
		<tier>
			<tier-name>Gemcutting Structure</tier-name>
			<tier-lvl name="Standard">1</tier-lvl>
			<tier-desc>A structure suitable for the cutting and working of gems.</tier-desc>
			<tier-attributes>
				<tier-attribute type="structuremachine">Jeweler's Table</tier-attribute>
				<tier-attribute type="structuremachine">Gem Cutting Bench</tier-attribute>
				<tier-attribute type="structuremachine">Gem Cutting Bench</tier-attribute>
			</tier-attributes>
			<resources>
				<resource>
					<resource-name>Bronze Construction Jointing</resource-name>
					<resource-skill>Fitting</resource-skill>
					<resource-units>150</resource-units>
					<resource-min amount="3">100</resource-min>
					<resource-opt amount="2">300</resource-opt>
				</resource>
				<resource>
					<resource-name>Bronze Construction Sheeting</resource-name>
					<resource-skill>Fitting</resource-skill>
					<resource-units>150</resource-units>
					<resource-min amount="3">1</resource-min>
					<resource-opt amount="2">201</resource-opt>
				</resource>
				<resource>
					<resource-name>Cedar Construction Braces</resource-name>
					<resource-skill>Carpentry</resource-skill>
					<resource-units>250</resource-units>
					<resource-min amount="3">100</resource-min>
					<resource-opt amount="2">300</resource-opt>
				</resource>
				<resource>
					<resource-name>Cedar Construction Timber</resource-name>
					<resource-skill>Carpentry</resource-skill>
					<resource-units>250</resource-units>
					<resource-min amount="3">1</resource-min>
					<resource-opt amount="2">201</resource-opt>
				</resource>
				<resource>
					<resource-name>Elm Construction Timber</resource-name>
					<resource-skill>Carpentry</resource-skill>
					<resource-units>150</resource-units>
					<resource-min amount="3">200</resource-min>
					<resource-opt amount="2">400</resource-opt>
				</resource>
				<resource>
					<resource-name>Pale Essence Construction Sphere</resource-name>
					<resource-skill>Essence Structuring</resource-skill>
					<resource-units>75</resource-units>
					<resource-min amount="3">200</resource-min>
					<resource-opt amount="2">400</resource-opt>
				</resource>
				<resource>
					<resource-name>Sandstone Construction Block</resource-name>
					<resource-skill>Masonry</resource-skill>
					<resource-units>50</resource-units>
					<resource-min amount="3">1</resource-min>
					<resource-opt amount="2">201</resource-opt>
				</resource>
				<resource>
					<resource-name>Sandstone Construction Keystones</resource-name>
					<resource-skill>Masonry</resource-skill>
					<resource-units>50</resource-units>
					<resource-min amount="3">100</resource-min>
					<resource-opt amount="2">300</resource-opt>
				</resource>
			</resources>
		</tier>
	</item>
	<item>
		<item-name>Ore Refinery</item-name>
		<item-icon>Internal_plot_refinery.png</item-icon>
		<tier>
			<tier-name>Ore Refinery</tier-name>
			<tier-lvl name="Standard">1</tier-lvl>
			<tier-desc>An ore refinery, housing two each of an anvil and a smelter.</tier-desc>
			<tier-attributes>
				<tier-attribute type="structuremachine">Anvil</tier-attribute>
				<tier-attribute type="structuremachine">Anvil</tier-attribute>
				<tier-attribute type="structuremachine">Smelter</tier-attribute>
				<tier-attribute type="structuremachine">Smelter</tier-attribute>
			</tier-attributes>
			<resources>
				<resource>
					<resource-name>Bronze Construction Jointing</resource-name>
					<resource-skill>Fitting</resource-skill>
					<resource-units>150</resource-units>
					<resource-min amount="3">100</resource-min>
					<resource-opt amount="2">300</resource-opt>
				</resource>
				<resource>
					<resource-name>Bronze Construction Sheeting</resource-name>
					<resource-skill>Fitting</resource-skill>
					<resource-units>250</resource-units>
					<resource-min amount="3">1</resource-min>
					<resource-opt amount="2">201</resource-opt>
				</resource>
				<resource>
					<resource-name>Cedar Construction Braces</resource-name>
					<resource-skill>Carpentry</resource-skill>
					<resource-units>200</resource-units>
					<resource-min amount="3">100</resource-min>
					<resource-opt amount="2">300</resource-opt>
				</resource>
				<resource>
					<resource-name>Cedar Construction Timber</resource-name>
					<resource-skill>Carpentry</resource-skill>
					<resource-units>400</resource-units>
					<resource-min amount="3">1</resource-min>
					<resource-opt amount="2">201</resource-opt>
				</resource>
				<resource>
					<resource-name>Dim Essence Construction Source</resource-name>
					<resource-skill>Essence Structuring</resource-skill>
					<resource-units>25</resource-units>
					<resource-min amount="3">100</resource-min>
					<resource-opt amount="2">300</resource-opt>
				</resource>
				<resource>
					<resource-name>Dim Essence Construction Sphere</resource-name>
					<resource-skill>Essence Structuring</resource-skill>
					<resource-units>25</resource-units>
					<resource-min amount="3">1</resource-min>
					<resource-opt amount="2">201</resource-opt>
				</resource>
				<resource>
					<resource-name>Sandstone Construction Block</resource-name>
					<resource-skill>Masonry</resource-skill>
					<resource-units>100</resource-units>
					<resource-min amount="3">1</resource-min>
					<resource-opt amount="2">201</resource-opt>
				</resource>
				<resource>
					<resource-name>Sandstone Construction Keystones</resource-name>
					<resource-skill>Masonry</resource-skill>
					<resource-units>75</resource-units>
					<resource-min amount="3">100</resource-min>
					<resource-opt amount="2">300</resource-opt>
				</resource>
			</resources>
		</tier>
	</item>
	<item>
		<item-name>Tannery</item-name>
		<item-icon>Internal_plot_tannery.png</item-icon>
		<tier>
			<tier-name>Tannery</tier-name>
			<tier-lvl name="Standard">1</tier-lvl>
			<tier-desc>A leatherworking structure and associated tanning equipment.</tier-desc>
			<tier-attributes>
				<tier-attribute type="structuremachine">Mannequin</tier-attribute>
				<tier-attribute type="structuremachine">Tanning Rack</tier-attribute>
				<tier-attribute type="structuremachine">Tanning Rack</tier-attribute>
			</tier-attributes>
			<resources>
				<resource>
					<resource-name>Bronze Construction Jointing</resource-name>
					<resource-skill>Fitting</resource-skill>
					<resource-units>50</resource-units>
					<resource-min amount="3">100</resource-min>
					<resource-opt amount="2">300</resource-opt>
				</resource>
				<resource>
					<resource-name>Bronze Construction Sheeting</resource-name>
					<resource-skill>Fitting</resource-skill>
					<resource-units>250</resource-units>
					<resource-min amount="3">1</resource-min>
					<resource-opt amount="2">201</resource-opt>
				</resource>
				<resource>
					<resource-name>Cedar Construction Braces</resource-name>
					<resource-skill>Carpentry</resource-skill>
					<resource-units>250</resource-units>
					<resource-min amount="3">100</resource-min>
					<resource-opt amount="2">300</resource-opt>
				</resource>
				<resource>
					<resource-name>Cedar Construction Timber</resource-name>
					<resource-skill>Carpentry</resource-skill>
					<resource-units>250</resource-units>
					<resource-min amount="3">1</resource-min>
					<resource-opt amount="2">201</resource-opt>
				</resource>
				<resource>
					<resource-name>Sandstone Construction Block</resource-name>
					<resource-skill>Masonry</resource-skill>
					<resource-units>100</resource-units>
					<resource-min amount="3">1</resource-min>
					<resource-opt amount="2">201</resource-opt>
				</resource>
				<resource>
					<resource-name>Sandstone Construction Keystones</resource-name>
					<resource-skill>Masonry</resource-skill>
					<resource-units>50</resource-units>
					<resource-min amount="3">100</resource-min>
					<resource-opt amount="2">300</resource-opt>
				</resource>
			</resources>
		</tier>
	</item>
</formulaset>
