<?xml version="1.0" encoding="ISO-8859-1"?>
<formulaset format="2.1">
	<formulaset-name>Food</formulaset-name>
	<formulaset-categories>
		<formulaset-category>Epic / Rare</formulaset-category>
	</formulaset-categories>
	<item>
		<item-name>Candied Apple</item-name>
		<item-icon>icon_formula_s_04_12_11.png</item-icon>
		<item-batchqty>3</item-batchqty>
		<item-attributes>
			<item-attribute type="equipSlot">All</item-attribute>
			<item-attribute type="bulk">2</item-attribute>
			<item-attribute type="range">Self Only</item-attribute>
			<item-attribute type="castDelay">50</item-attribute>
			<item-attribute type="effect">Apple Power</item-attribute>
		</item-attributes>
		<item-keywords>
			<item-keyword>food</item-keyword>
			<item-keyword>tier_1</item-keyword>
			<item-keyword>skill_use_cooking</item-keyword>
		</item-keywords>
		<tier>
			<tier-name>Candied Apple</tier-name>
			<tier-lvl>1</tier-lvl>
			<tier-desc>Candied applie goodness!</tier-desc>
			<tier-allowedtechniques>0</tier-allowedtechniques>
			<tier-attributes>
				<tier-attribute type="effectDescription">Powered by the Candied Apples you feel semi-invincible!</tier-attribute>
				<tier-attribute type="effectStatBonusVariable">+10 to +15 Dexterity</tier-attribute>
				<tier-attribute type="effectStatBonusVariable">+5 to +15 Evasion</tier-attribute>
				<tier-attribute type="effectDuration">02:00:00</tier-attribute>
			</tier-attributes>
			<resources>
				<resource>
					<resource-name>Ground Cinnamon</resource-name>
					<resource-skill>Cooking</resource-skill>
					<resource-min amount="4">50</resource-min>
					<resource-opt amount="1">425</resource-opt>
				</resource>
				<resource>
					<resource-name>Apple</resource-name>
					<resource-skill>Cooking</resource-skill>
					<resource-min amount="6">50</resource-min>
					<resource-opt amount="3">250</resource-opt>
				</resource>
				<resource>
					<resource-name>Adobe Cooking Skewer</resource-name>
					<resource-skill>Cooking</resource-skill>
					<resource-min amount="5">50</resource-min>
					<resource-opt amount="2">250</resource-opt>
				</resource>
				<resource>
					<resource-name>Sugar</resource-name>
					<resource-skill>Cooking</resource-skill>
					<resource-min amount="5">50</resource-min>
					<resource-opt amount="2">425</resource-opt>
				</resource>
			</resources>
		</tier>
	</item>
	<item>
		<item-name>Pumpkin Pie</item-name>
		<item-icon>icon_formula_s_04_12_11.png</item-icon>
		<item-batchqty>1</item-batchqty>
		<item-attributes>
			<item-attribute type="equipSlot">All</item-attribute>
			<item-attribute type="bulk">2</item-attribute>
			<item-attribute type="range">Self Only</item-attribute>
			<item-attribute type="castDelay">50</item-attribute>
			<item-attribute type="effect">Gift of Pie</item-attribute>
		</item-attributes>
		<item-keywords>
			<item-keyword>food</item-keyword>
			<item-keyword>tier_1</item-keyword>
			<item-keyword>skill_use_cooking</item-keyword>
		</item-keywords>
		<tier>
			<tier-name>Pumpkin Pie</tier-name>
			<tier-lvl>1</tier-lvl>
			<tier-desc>Sweet Pumpkin Pie !</tier-desc>
			<tier-allowedtechniques>0</tier-allowedtechniques>
			<tier-attributes>
				<tier-attribute type="effectDescription">When is pie not a gift?</tier-attribute>
				<tier-attribute type="effectStatBonusVariable">+10 to +25 Health</tier-attribute>
				<tier-attribute type="effectDuration">02:00:00</tier-attribute>
			</tier-attributes>
			<resources>
				<resource>
					<resource-name>Sweet Condensed Milk</resource-name>
					<resource-skill>Cooking</resource-skill>
					<resource-min amount="4">250</resource-min>
					<resource-opt amount="1">425</resource-opt>
				</resource>
				<resource>
					<resource-name>Ginger</resource-name>
					<resource-skill>Cooking</resource-skill>
					<resource-min amount="4">250</resource-min>
					<resource-opt amount="1">425</resource-opt>
				</resource>
				<resource>
					<resource-name>Ground Cinnamon</resource-name>
					<resource-skill>Cooking</resource-skill>
					<resource-min amount="4">50</resource-min>
					<resource-opt amount="1">425</resource-opt>
				</resource>
				<resource>
					<resource-name>Pumpkin</resource-name>
					<resource-skill>Cooking</resource-skill>
					<resource-min amount="6">250</resource-min>
					<resource-opt amount="3">425</resource-opt>
				</resource>
				<resource>
					<resource-name>Adobe Cooking Pie Pan</resource-name>
					<resource-skill>Cooking</resource-skill>
					<resource-min amount="5">250</resource-min>
					<resource-opt amount="2">425</resource-opt>
				</resource>
				<resource>
					<resource-name>Sugar</resource-name>
					<resource-skill>Cooking</resource-skill>
					<resource-min amount="5">50</resource-min>
					<resource-opt amount="2">425</resource-opt>
				</resource>
				<resource>
					<resource-name>Ground Salt</resource-name>
					<resource-skill>Cooking</resource-skill>
					<resource-min amount="5">250</resource-min>
					<resource-opt amount="2">425</resource-opt>
				</resource>
				<resource>
					<resource-name>Wheat Dough</resource-name>
					<resource-skill>Cooking</resource-skill>
					<resource-min amount="5">250</resource-min>
					<resource-opt amount="2">425</resource-opt>
				</resource>
				<resource>
					<resource-name>Egg</resource-name>
					<resource-skill>Cooking</resource-skill>
					<resource-min amount="5">250</resource-min>
					<resource-opt amount="2">425</resource-opt>
				</resource>
			</resources>
		</tier>
	</item>
	<item>
		<item-name>Candied Carrots</item-name>
		<item-icon>icon_formula_f_03_01_11.png</item-icon>
		<item-batchqty>1</item-batchqty>
		<item-attributes>
			<item-attribute type="equipSlot">All</item-attribute>
			<item-attribute type="bulk">1</item-attribute>
			<item-attribute type="range">Self Only</item-attribute>
			<item-attribute type="delay">50</item-attribute>
			<item-attribute type="effect">Surge of Focus I</item-attribute>
		</item-attributes>
		<item-keywords>
			<item-keyword>tier_0</item-keyword>
			<item-keyword>food</item-keyword>
		</item-keywords>
		<tier>
			<tier-name>Candied Carrots</tier-name>
			<tier-lvl>1</tier-lvl>
			<tier-desc>Carrots that have been candied with carmelized sugar.</tier-desc>
			<tier-allowedtechniques>0</tier-allowedtechniques>
			<tier-attributes>
				<tier-attribute type="effectDescription">Surges the character's focus statistic.</tier-attribute>
				<tier-attribute type="effectReq">Current School Level (1)</tier-attribute>
				<tier-attribute type="effectStatBonus">+19 Focus</tier-attribute>
				<tier-attribute type="effectDuration">03:00</tier-attribute>
			</tier-attributes>
			<resources>
				<resource>
					<resource-name>Carrot</resource-name>
					<resource-skill>Cooking</resource-skill>
					<resource-min amount="6">1</resource-min>
					<resource-opt amount="2">325</resource-opt>
				</resource>
				<resource>
					<resource-name>Sugar</resource-name>
					<resource-skill>Cooking</resource-skill>
					<resource-min amount="5">1</resource-min>
					<resource-opt amount="2">100</resource-opt>
				</resource>
				<resource>
					<resource-name>Water</resource-name>
					<resource-skill>Cooking</resource-skill>
					<resource-min amount="5">1</resource-min>
					<resource-opt amount="3">100</resource-opt>
				</resource>
			</resources>
		</tier>
	</item>
	<item>
		<item-name>Spun Sugar</item-name>
		<item-icon>icon_formula_f_03_01_11.png</item-icon>
		<item-batchqty>1</item-batchqty>
		<item-attributes>
			<item-attribute type="equipSlot">All</item-attribute>
			<item-attribute type="bulk">1</item-attribute>
			<item-attribute type="range">Self Only</item-attribute>
			<item-attribute type="delay">50</item-attribute>
			<item-attribute type="effect">Swift Feet II</item-attribute>
		</item-attributes>
		<item-keywords>
			<item-keyword>tier_0</item-keyword>
			<item-keyword>food</item-keyword>
		</item-keywords>
		<tier>
			<tier-name>Spun Sugar</tier-name>
			<tier-lvl>1</tier-lvl>
			<tier-desc>Sugar that has been boiled and cooled into threads, and gathered into clouds of sweetness.</tier-desc>
			<tier-allowedtechniques>0</tier-allowedtechniques>
			<tier-attributes>
				<tier-attribute type="effectDescription">Increases runspeed</tier-attribute>
				<tier-attribute type="effectReq">Current School Level (20)</tier-attribute>
				<tier-attribute type="effectStatBonus">+8 Speed</tier-attribute>
				<tier-attribute type="effectDuration">03:00</tier-attribute>
			</tier-attributes>
			<resources>
				<resource>
					<resource-name>Sugar</resource-name>
					<resource-skill>Cooking</resource-skill>
					<resource-min amount="5">1</resource-min>
					<resource-opt amount="2">100</resource-opt>
				</resource>
				<resource>
					<resource-name>Water</resource-name>
					<resource-skill>Cooking</resource-skill>
					<resource-min amount="5">1</resource-min>
					<resource-opt amount="3">100</resource-opt>
				</resource>
			</resources>
		</tier>
	</item>
	<item>
		<item-name>Beef Pasty</item-name>
		<item-icon>icon_formula_f_01_01_11.png</item-icon>
		<item-batchqty>1</item-batchqty>
		<item-attributes>
			<item-attribute type="equipSlot">All</item-attribute>
			<item-attribute type="bulk">1</item-attribute>
			<item-attribute type="range">Self Only</item-attribute>
			<item-attribute type="delay">50</item-attribute>
			<item-attribute type="effect">Surge of Strength I</item-attribute>
		</item-attributes>
		<item-keywords>
			<item-keyword>tier_0</item-keyword>
			<item-keyword>food</item-keyword>
		</item-keywords>
		<tier>
			<tier-name>Beef Pasty</tier-name>
			<tier-lvl>1</tier-lvl>
			<tier-desc>A fluffy, meat-filled pasty.</tier-desc>
			<tier-allowedtechniques>0</tier-allowedtechniques>
			<tier-attributes>
				<tier-attribute type="effectDescription">Surges the character's strength statistic.</tier-attribute>
				<tier-attribute type="effectReq">Current School Level (1)</tier-attribute>
				<tier-attribute type="effectStatBonus">+19 Strength</tier-attribute>
				<tier-attribute type="effectDuration">03:00</tier-attribute>
			</tier-attributes>
			<resources>
				<resource>
					<resource-name>Ground Salt</resource-name>
					<resource-skill>Cooking</resource-skill>
					<resource-min amount="10">100</resource-min>
					<resource-opt amount="5">425</resource-opt>
				</resource>
				<resource>
					<resource-name>Wheat Dough</resource-name>
					<resource-skill>Cooking</resource-skill>
					<resource-min amount="1">1</resource-min>
					<resource-opt amount="1">100</resource-opt>
				</resource>
				<resource>
					<resource-name>Raw Beef</resource-name>
					<resource-skill>Cooking</resource-skill>
					<resource-min amount="1">200</resource-min>
					<resource-opt amount="1">525</resource-opt>
				</resource>
			</resources>
		</tier>
	</item>
	<item>
		<item-name>Gruok Wurst</item-name>
		<item-icon>icon_formula_f_01_01_11.png</item-icon>
		<item-batchqty>1</item-batchqty>
		<item-attributes>
			<item-attribute type="equipSlot">All</item-attribute>
			<item-attribute type="bulk">1</item-attribute>
			<item-attribute type="range">Self Only</item-attribute>
			<item-attribute type="delay">50</item-attribute>
			<item-attribute type="effect">Surge of Dexterity I</item-attribute>
		</item-attributes>
		<item-keywords>
			<item-keyword>tier_0</item-keyword>
			<item-keyword>food</item-keyword>
		</item-keywords>
		<tier>
			<tier-name>Gruok Wurst</tier-name>
			<tier-lvl>1</tier-lvl>
			<tier-desc>Links of spicy sausage, made from gruoks.</tier-desc>
			<tier-allowedtechniques>0</tier-allowedtechniques>
			<tier-attributes>
				<tier-attribute type="effectDescription">Surges the character's dexterity statistic.</tier-attribute>
				<tier-attribute type="effectReq">Current School Level (1)</tier-attribute>
				<tier-attribute type="effectStatBonus">+19 Dexterity</tier-attribute>
				<tier-attribute type="effectDuration">03:00</tier-attribute>
			</tier-attributes>
			<resources>
				<resource>
					<resource-name>Raw Gruok</resource-name>
					<resource-skill>Cooking</resource-skill>
					<resource-min amount="4">100</resource-min>
					<resource-opt amount="2">425</resource-opt>
				</resource>
				<resource>
					<resource-name>Ground Salt</resource-name>
					<resource-skill>Cooking</resource-skill>
					<resource-min amount="10">100</resource-min>
					<resource-opt amount="5">425</resource-opt>
				</resource>
				<resource>
					<resource-name>Ground Pepper</resource-name>
					<resource-skill>Cooking</resource-skill>
					<resource-min amount="6">100</resource-min>
					<resource-opt amount="3">425</resource-opt>
				</resource>
			</resources>
		</tier>
	</item>
	<item>
		<item-name>Granny Nuffle's Festival Cookies</item-name>
		<item-icon>icon_formula_s_04_12_11.png</item-icon>
		<item-batchqty>1</item-batchqty>
		<item-attributes>
			<item-attribute type="equipSlot">All</item-attribute>
			<item-attribute type="bulk">2</item-attribute>
			<item-attribute type="range">Self Only</item-attribute>
			<item-attribute type="castDelay">50</item-attribute>
			<item-attribute type="effect">Taste of Home</item-attribute>
		</item-attributes>
		<item-keywords>
			<item-keyword>food</item-keyword>
			<item-keyword>tier_5</item-keyword>
			<item-keyword>skill_use_cooking</item-keyword>
		</item-keywords>
		<tier>
			<tier-name>Granny Nuffle's Festival Cookies</tier-name>
			<tier-lvl>5</tier-lvl>
			<tier-desc>A famous recipe throughout Istaria, these cookies are tasty and chocolaty!	Made from Granny Nuffle's personal recipe.</tier-desc>
			<tier-allowedtechniques>0</tier-allowedtechniques>
			<tier-attributes>
				<tier-attribute type="effectDescription">Fresh cookies!	Almost as good as mum's.</tier-attribute>
				<tier-attribute type="effectStatBonusVariable">+50 to +75 Power</tier-attribute>
				<tier-attribute type="effectStatBonusVariable">+50 to +75 Focus</tier-attribute>
				<tier-attribute type="effectDuration">02:00:00</tier-attribute>
			</tier-attributes>
			<resources>
				<resource>
					<resource-name>Raisins</resource-name>
					<resource-skill>Cooking</resource-skill>
					<resource-min amount="4">850</resource-min>
					<resource-opt amount="1">1150</resource-opt>
				</resource>
				<resource>
					<resource-name>Butter</resource-name>
					<resource-skill>Cooking</resource-skill>
					<resource-min amount="4">850</resource-min>
					<resource-opt amount="1">1150</resource-opt>
				</resource>
				<resource>
					<resource-name>Vanilla</resource-name>
					<resource-skill>Cooking</resource-skill>
					<resource-min amount="4">850</resource-min>
					<resource-opt amount="1">1150</resource-opt>
				</resource>
				<resource>
					<resource-name>Sugar</resource-name>
					<resource-skill>Cooking</resource-skill>
					<resource-min amount="5">850</resource-min>
					<resource-opt amount="2">1150</resource-opt>
				</resource>
				<resource>
					<resource-name>Wheat Dough</resource-name>
					<resource-skill>Cooking</resource-skill>
					<resource-min amount="6">850</resource-min>
					<resource-opt amount="3">1150</resource-opt>
				</resource>
				<resource>
					<resource-name>Egg</resource-name>
					<resource-skill>Cooking</resource-skill>
					<resource-min amount="5">850</resource-min>
					<resource-opt amount="2">1150</resource-opt>
				</resource>
			</resources>
		</tier>
	</item>
	<item>
		<item-name>Granny Nuffle's Festival Punch</item-name>
		<item-icon>icon_formula_s_04_12_11.png</item-icon>
		<item-batchqty>1</item-batchqty>
		<item-attributes>
			<item-attribute type="equipSlot">All</item-attribute>
			<item-attribute type="bulk">2</item-attribute>
			<item-attribute type="range">Self Only</item-attribute>
			<item-attribute type="castDelay">50</item-attribute>
			<item-attribute type="effect">Granny Nuffle's Festival Punch</item-attribute>
		</item-attributes>
		<item-keywords>
			<item-keyword>food</item-keyword>
			<item-keyword>tier_5</item-keyword>
			<item-keyword>skill_use_cooking</item-keyword>
		</item-keywords>
		<tier>
			<tier-name>Granny Nuffle's Festival Punch</tier-name>
			<tier-lvl>5</tier-lvl>
			<tier-desc>A tasty punch mix popular throughout Istaria.	The punch is as quirky as Granny Nuffle.</tier-desc>
			<tier-allowedtechniques>0</tier-allowedtechniques>
			<tier-attributes>
				<tier-attribute type="effectDescription">A refreshing dose of Granny Nuffle's famous Festival Punch, soothes and heals.</tier-attribute>
				<tier-attribute type="effectReq">Current School Level (80)</tier-attribute>
				<tier-attribute type="effectFrequency">0:10</tier-attribute>
				<tier-attribute type="effectDuration">10:00</tier-attribute>
			</tier-attributes>
			<resources>
				<resource>
					<resource-name>Red Licorice</resource-name>
					<resource-skill>Cooking</resource-skill>
					<resource-min amount="4">850</resource-min>
					<resource-opt amount="1">1150</resource-opt>
				</resource>
				<resource>
					<resource-name>Apple</resource-name>
					<resource-skill>Cooking</resource-skill>
					<resource-min amount="6">850</resource-min>
					<resource-opt amount="3">1150</resource-opt>
				</resource>
				<resource>
					<resource-name>Glass Bottle</resource-name>
					<resource-skill>Cooking</resource-skill>
					<resource-min amount="5">850</resource-min>
					<resource-opt amount="2">1150</resource-opt>
				</resource>
				<resource>
					<resource-name>Sugar</resource-name>
					<resource-skill>Cooking</resource-skill>
					<resource-min amount="5">850</resource-min>
					<resource-opt amount="2">1150</resource-opt>
				</resource>
				<resource>
					<resource-name>Water</resource-name>
					<resource-skill>Cooking</resource-skill>
					<resource-min amount="5">850</resource-min>
					<resource-opt amount="2">1150</resource-opt>
				</resource>
			</resources>
		</tier>
	</item>
	<item>
		<item-name>Gummy Maggot</item-name>
		<item-icon>icon_formula_s_04_12_11.png</item-icon>
		<item-batchqty>3</item-batchqty>
		<item-attributes>
			<item-attribute type="equipSlot">All</item-attribute>
			<item-attribute type="bulk">2</item-attribute>
			<item-attribute type="range">Self Only</item-attribute>
			<item-attribute type="castDelay">50</item-attribute>
			<item-attribute type="effect">Hastened V</item-attribute>
		</item-attributes>
		<item-keywords>
			<item-keyword>food</item-keyword>
			<item-keyword>tier_5</item-keyword>
			<item-keyword>skill_use_cooking</item-keyword>
		</item-keywords>
		<tier>
			<tier-name>Gummy Maggot</tier-name>
			<tier-lvl>5</tier-lvl>
			<tier-desc>A green piece of candy that looks very similar to a maggot.	It is squishy to the touch.</tier-desc>
			<tier-allowedtechniques>0</tier-allowedtechniques>
			<tier-attributes>
				<tier-attribute type="effectDescription">Haste reduces your melee delay and speeds up your attacks.</tier-attribute>
				<tier-attribute type="effectInfo">Cannot be dispelled</tier-attribute>
				<tier-attribute type="effectDelayMod">Modifies delay by -25 /Ranged only/Spells only</tier-attribute>
			</tier-attributes>
			<resources>
				<resource>
					<resource-name>Gelatin</resource-name>
					<resource-skill>Cooking</resource-skill>
					<resource-min amount="6">850</resource-min>
					<resource-opt amount="3">1150</resource-opt>
				</resource>
				<resource>
					<resource-name>Green Licorice</resource-name>
					<resource-skill>Cooking</resource-skill>
					<resource-min amount="4">850</resource-min>
					<resource-opt amount="1">1150</resource-opt>
				</resource>
				<resource>
					<resource-name>Geostone Cooking Bowl</resource-name>
					<resource-skill>Cooking</resource-skill>
					<resource-min amount="5">850</resource-min>
					<resource-opt amount="2">1150</resource-opt>
				</resource>
				<resource>
					<resource-name>Sugar</resource-name>
					<resource-skill>Cooking</resource-skill>
					<resource-min amount="5">850</resource-min>
					<resource-opt amount="2">1150</resource-opt>
				</resource>
				<resource>
					<resource-name>Water</resource-name>
					<resource-skill>Cooking</resource-skill>
					<resource-min amount="5">850</resource-min>
					<resource-opt amount="2">1150</resource-opt>
				</resource>
			</resources>
		</tier>
	</item>
	<item>
		<item-name>Caramel Apple</item-name>
		<item-icon>icon_formula_s_04_12_11.png</item-icon>
		<item-batchqty>3</item-batchqty>
		<item-attributes>
			<item-attribute type="equipSlot">All</item-attribute>
			<item-attribute type="bulk">2</item-attribute>
			<item-attribute type="range">Self Only</item-attribute>
			<item-attribute type="castDelay">50</item-attribute>
			<item-attribute type="effect">Caramel Goodness</item-attribute>
		</item-attributes>
		<item-keywords>
			<item-keyword>food</item-keyword>
			<item-keyword>tier_3</item-keyword>
			<item-keyword>skill_use_cooking</item-keyword>
		</item-keywords>
		<tier>
			<tier-name>Caramel Apple</tier-name>
			<tier-lvl>3</tier-lvl>
			<tier-desc>A tasty apple smothered in gooey, warm caramel!</tier-desc>
			<tier-allowedtechniques>0</tier-allowedtechniques>
			<tier-attributes>
				<tier-attribute type="effectStatBonusVariable">+10 to +15 Flame Resistance</tier-attribute>
				<tier-attribute type="effectStatBonusVariable">+10 to +15 Ice Resistance</tier-attribute>
				<tier-attribute type="effectStatBonusVariable">+10 to +15 Energy Resistance</tier-attribute>
				<tier-attribute type="effectDuration">02:00:00</tier-attribute>
			</tier-attributes>
			<resources>
				<resource>
					<resource-name>Caramel</resource-name>
					<resource-skill>Cooking</resource-skill>
					<resource-min amount="4">450</resource-min>
					<resource-opt amount="1">700</resource-opt>
				</resource>
				<resource>
					<resource-name>Apple</resource-name>
					<resource-skill>Cooking</resource-skill>
					<resource-min amount="6">450</resource-min>
					<resource-opt amount="3">700</resource-opt>
				</resource>
				<resource>
					<resource-name>Terra Cotta Cooking Skewer</resource-name>
					<resource-skill>Cooking</resource-skill>
					<resource-min amount="5">450</resource-min>
					<resource-opt amount="2">700</resource-opt>
				</resource>
			</resources>
		</tier>
	</item>
	<item>
		<item-name>Roasted Pumpkin Seeds</item-name>
		<item-icon>icon_formula_s_04_12_11.png</item-icon>
		<item-batchqty>3</item-batchqty>
		<item-attributes>
			<item-attribute type="equipSlot">All</item-attribute>
			<item-attribute type="bulk">2</item-attribute>
			<item-attribute type="range">Self Only</item-attribute>
			<item-attribute type="castDelay">50</item-attribute>
			<item-attribute type="effect">Power of the Pumpkin</item-attribute>
		</item-attributes>
		<item-keywords>
			<item-keyword>food</item-keyword>
			<item-keyword>tier_3</item-keyword>
			<item-keyword>skill_use_cooking</item-keyword>
		</item-keywords>
		<tier>
			<tier-name>Roasted Pumpkin Seeds</tier-name>
			<tier-lvl>3</tier-lvl>
			<tier-desc>Roasted Pumpkin Seeds!	Oh the memories!</tier-desc>
			<tier-allowedtechniques>0</tier-allowedtechniques>
			<tier-attributes>
				<tier-attribute type="effectDescription">Feel the protective power of the pumpkin!</tier-attribute>
				<tier-attribute type="effectStatBonusVariable">+10 to +25 Armor</tier-attribute>
				<tier-attribute type="effectDuration">02:00:00</tier-attribute>
			</tier-attributes>
			<resources>
				<resource>
					<resource-name>Pumpkin Seeds</resource-name>
					<resource-skill>Cooking</resource-skill>
					<resource-min amount="6">450</resource-min>
					<resource-opt amount="3">700</resource-opt>
				</resource>
				<resource>
					<resource-name>Terra Cotta Cooking Sheet</resource-name>
					<resource-skill>Cooking</resource-skill>
					<resource-min amount="5">450</resource-min>
					<resource-opt amount="2">700</resource-opt>
				</resource>
				<resource>
					<resource-name>Ground Salt</resource-name>
					<resource-skill>Cooking</resource-skill>
					<resource-min amount="4">450</resource-min>
					<resource-opt amount="1">700</resource-opt>
				</resource>
			</resources>
		</tier>
	</item>
	<item>
		<item-name>Chocolate Mouse</item-name>
		<item-icon>icon_formula_s_04_12_11.png</item-icon>
		<item-batchqty>3</item-batchqty>
		<item-attributes>
			<item-attribute type="equipSlot">All</item-attribute>
			<item-attribute type="bulk">2</item-attribute>
			<item-attribute type="range">Self Only</item-attribute>
			<item-attribute type="castDelay">50</item-attribute>
			<item-attribute type="effect">Mouse Power</item-attribute>
		</item-attributes>
		<item-keywords>
			<item-keyword>food</item-keyword>
			<item-keyword>tier_4</item-keyword>
			<item-keyword>skill_use_cooking</item-keyword>
		</item-keywords>
		<tier>
			<tier-name>Chocolate Mouse</tier-name>
			<tier-lvl>4</tier-lvl>
			<tier-desc>A furry mouse dipped in warm chocolate... YUM!</tier-desc>
			<tier-allowedtechniques>0</tier-allowedtechniques>
			<tier-attributes>
				<tier-attribute type="effectReq">Saris, Adult Dragon, Hatchling Dragon, Ancient Dragon, Sslik, Khutit</tier-attribute>
				<tier-attribute type="effectStatBonusVariable">+15 to +30 Evasion</tier-attribute>
				<tier-attribute type="effectDuration">02:00:00</tier-attribute>
			</tier-attributes>
			<resources>
				<resource>
					<resource-name>Chocolate</resource-name>
					<resource-skill>Cooking</resource-skill>
					<resource-min amount="4">650</resource-min>
					<resource-opt amount="1">925</resource-opt>
				</resource>
				<resource>
					<resource-name>a dead mouse</resource-name>
					<resource-skill>Cooking</resource-skill>
					<resource-min amount="6">650</resource-min>
					<resource-opt amount="3">925</resource-opt>
				</resource>
				<resource>
					<resource-name>Stoneware Cooking Skewer</resource-name>
					<resource-skill>Cooking</resource-skill>
					<resource-min amount="5">650</resource-min>
					<resource-opt amount="2">925</resource-opt>
				</resource>
			</resources>
		</tier>
	</item>
	<item>
		<item-name>Chocolate Spider</item-name>
		<item-icon>icon_formula_s_04_12_11.png</item-icon>
		<item-batchqty>3</item-batchqty>
		<item-attributes>
			<item-attribute type="equipSlot">All</item-attribute>
			<item-attribute type="bulk">2</item-attribute>
			<item-attribute type="range">Self Only</item-attribute>
			<item-attribute type="castDelay">50</item-attribute>
			<item-attribute type="effect">Spider Goo</item-attribute>
		</item-attributes>
		<item-keywords>
			<item-keyword>food</item-keyword>
			<item-keyword>tier_4</item-keyword>
			<item-keyword>skill_use_cooking</item-keyword>
		</item-keywords>
		<tier>
			<tier-name>Chocolate Spider</tier-name>
			<tier-lvl>4</tier-lvl>
			<tier-desc>A crunchy spider hatchling smothered in chocolate!</tier-desc>
			<tier-allowedtechniques>0</tier-allowedtechniques>
			<tier-attributes>
				<tier-attribute type="effectDescription">The innards of a crunchy chocolate spider, it fills you with a great strength but you feel rather ill at the same time.</tier-attribute>
				<tier-attribute type="effectStatBonusVariable">+10 to +100 Strength</tier-attribute>
				<tier-attribute type="effectFrequency">01:00</tier-attribute>
				<tier-attribute type="effectDuration">02:00:00</tier-attribute>
			</tier-attributes>
			<resources>
				<resource>
					<resource-name>a dead spider</resource-name>
					<resource-skill>Cooking</resource-skill>
					<resource-min amount="6">650</resource-min>
					<resource-opt amount="3">925</resource-opt>
				</resource>
				<resource>
					<resource-name>Chocolate</resource-name>
					<resource-skill>Cooking</resource-skill>
					<resource-min amount="4">650</resource-min>
					<resource-opt amount="1">925</resource-opt>
				</resource>
				<resource>
					<resource-name>Stoneware Cooking Skewer</resource-name>
					<resource-skill>Cooking</resource-skill>
					<resource-min amount="5">650</resource-min>
					<resource-opt amount="2">925</resource-opt>
				</resource>
			</resources>
		</tier>
	</item>
	<item>
		<item-name>Draconic Celebration Cake</item-name>
		<item-icon>icon_simple_scroll_03_11.png</item-icon>
		<item-batchqty>1</item-batchqty>
		<item-attributes>
			<item-attribute type="bulk">20</item-attribute>
			<item-attribute type="hoardValue">0</item-attribute>
		</item-attributes>
		<item-keywords>
			<item-keyword>food</item-keyword>
			<item-keyword>tier_3</item-keyword>
			<item-keyword>skill_use_cooking</item-keyword>
		</item-keywords>
		<tier>
			<tier-name>Draconic Celebration Cake</tier-name>
			<tier-lvl>3</tier-lvl>
			<tier-desc>This cake is made of layers of beef and mutton topped with rich chocolate buttercream frosting, and is only edible by Dragons, Saris, or Sslik. Serves eight.</tier-desc>
			<tier-allowedtechniques>0</tier-allowedtechniques>
			<tier-attributes>
			</tier-attributes>
			<tier-keywords>
			</tier-keywords>
			<resources>
				<resource>
					<resource-name>Cream Cheese</resource-name>
					<resource-skill>Cooking</resource-skill>
					<resource-min amount="2">500</resource-min>
					<resource-opt amount="1">700</resource-opt>
				</resource>
				<resource>
					<resource-name>Trimmed Mutton Flank</resource-name>
					<resource-skill>Cooking</resource-skill>
					<resource-min amount="6">500</resource-min>
					<resource-opt amount="3">700</resource-opt>
				</resource>
				<resource>
					<resource-name>Trimmed Beef Flank</resource-name>
					<resource-skill>Cooking</resource-skill>
					<resource-min amount="6">500</resource-min>
					<resource-opt amount="3">700</resource-opt>
				</resource>
				<resource>
					<resource-name>Chocolate</resource-name>
					<resource-skill>Cooking</resource-skill>
					<resource-min amount="4">500</resource-min>
					<resource-opt amount="2">700</resource-opt>
				</resource>
			</resources>
		</tier>
	</item>
	<item>
		<item-name>Mrs. Clause's Gingerbread Gnome</item-name>
		<item-icon>icon_formula_f_03_01_11.png</item-icon>
		<item-batchqty>1</item-batchqty>
		<item-attributes>
			<item-attribute type="bulk">2</item-attribute>
			<item-attribute type="hoardValue">0</item-attribute>
		</item-attributes>
		<item-keywords>
			<item-keyword>tier_1</item-keyword>
			<item-keyword>skill_use_cooking</item-keyword>
		</item-keywords>
		<tier>
			<tier-name>Mrs. Clause's Gingerbread Gnome</tier-name>
			<tier-lvl>1</tier-lvl>
			<tier-desc>These special bits of gingerbread are shaped like small gnomes.  Her special recipe should make even the most finicky of dragons smile for a moment.</tier-desc>
			<tier-allowedtechniques>0</tier-allowedtechniques>
			<tier-attributes>
				<tier-attribute type="effect">Gingerbread Gnome</tier-attribute>
				<tier-attribute type="effectduration">30:00</tier-attribute>
				<tier-attribute type="effectstatBonus">+10 Strength</tier-attribute>
			</tier-attributes>
			<tier-keywords>
			</tier-keywords>
			<resources>
				<resource>
					<resource-name>Sliced Ginger</resource-name>
					<resource-skill>Cooking</resource-skill>
					<resource-min amount="1">1</resource-min>
					<resource-opt amount="1">100</resource-opt>
				</resource>
				<resource>
					<resource-name>Sugar</resource-name>
					<resource-skill>Cooking</resource-skill>
					<resource-min amount="2">1</resource-min>
					<resource-opt amount="2">100</resource-opt>
				</resource>
				<resource>
					<resource-name>Wheat Dough</resource-name>
					<resource-skill>Cooking</resource-skill>
					<resource-min amount="1">1</resource-min>
					<resource-opt amount="1">100</resource-opt>
				</resource>
			</resources>
		</tier>
	</item>
	<item>
		<item-name>Mrs. Clause's Special Hot Cocoa</item-name>
		<item-icon>icon_formula_f_03_01_11.png</item-icon>
		<item-batchqty>1</item-batchqty>
		<item-attributes>
			<item-attribute type="bulk">2</item-attribute>
			<item-attribute type="hoardValue">0</item-attribute>
		</item-attributes>
		<item-keywords>
			<item-keyword>tier_1</item-keyword>
			<item-keyword>skill_use_cooking</item-keyword>
		</item-keywords>
		<tier>
			<tier-name>Mrs. Clause's Special Hot Cocoa</tier-name>
			<tier-lvl>1</tier-lvl>
			<tier-desc>Mrs. Clause promises that her special hot cocoa will keep you warm from the inside out in the coldest of climates.</tier-desc>
			<tier-allowedtechniques>0</tier-allowedtechniques>
			<tier-attributes>
				<tier-attribute type="effect">Mrs. Clause's Hot Chocolate Warmth</tier-attribute>
				<tier-attribute type="effectduration">10:00</tier-attribute>
				<tier-attribute type="effectstatBonus">+15 Dexterity</tier-attribute>
			</tier-attributes>
			<tier-keywords>
			</tier-keywords>
			<resources>
				<resource>
					<resource-name>Cocoa Nibs</resource-name>
					<resource-skill>Cooking</resource-skill>
					<resource-min amount="1">1</resource-min>
					<resource-opt amount="1">100</resource-opt>
				</resource>
				<resource>
					<resource-name>Sugar</resource-name>
					<resource-skill>Cooking</resource-skill>
					<resource-min amount="2">1</resource-min>
					<resource-opt amount="2">100</resource-opt>
				</resource>
				<resource>
					<resource-name>Milk</resource-name>
					<resource-skill>Cooking</resource-skill>
					<resource-min amount="3">1</resource-min>
					<resource-opt amount="3">100</resource-opt>
				</resource>
			</resources>
		</tier>
	</item>
</formulaset>
