<?xml version="1.0" encoding="ISO-8859-1"?>
<formulaset format="2.1">
	<formulaset-name>Regal Weaponry (metal)</formulaset-name>
	<formulaset-categories>
		<formulaset-category>Epic / Rare</formulaset-category>
	</formulaset-categories>
	<item>
		<item-name>Deteriorated Thundering Maul</item-name>
		<item-icon>icon_formula_w_2hs_01_11.png</item-icon>
		<item-batchqty>1</item-batchqty>
		<item-attributes>
			<item-attribute type="equipSlot">Right Palm</item-attribute>
		</item-attributes>
		<item-keywords>
			<item-keyword>bodyslot_rightpalm</item-keyword>
			<item-keyword>weapon</item-keyword>
		</item-keywords>
		<tier>
			<tier-name>Deteriorated Thundering Maul</tier-name>
			<tier-lvl>1</tier-lvl>
			<tier-desc/>
			<tier-allowedtechniques>-1</tier-allowedtechniques>
			<tier-attributes>
				<tier-attribute type="bulk">64</tier-attribute>
				<tier-attribute type="hoardValue">2500</tier-attribute>
				<tier-attribute type="damage">26-29</tier-attribute>
				<tier-attribute type="skill">Two Hand Crush</tier-attribute>
				<tier-attribute type="statBonus">+15 Strength</tier-attribute>
				<tier-attribute type="reqAdvSkill">Two Hand Crush (150)</tier-attribute>
				<tier-attribute type="reqCurrentAdvLevel">Current Adventure Level (15)</tier-attribute>
				<tier-attribute type="reqAdvSchool">GRDN, CHSW, CLRC, SHMN, WAR</tier-attribute>
			</tier-attributes>
			<tier-keywords>
				<tier-keyword>weaponstyle_mace</tier-keyword>
				<tier-keyword>weapon_maul</tier-keyword>
				<tier-keyword>skill_use_twohandcrush</tier-keyword>
			</tier-keywords>
			<resources>
				<resource>
					<resource-name>Cracked Regal Maul Pieces</resource-name>
					<resource-skill>Weaponcraft</resource-skill>
					<resource-min amount="1">180</resource-min>
					<resource-opt amount="1">180</resource-opt>
				</resource>
				<resource>
					<resource-name>Cracked Regal Maul Bits</resource-name>
					<resource-skill>Weaponcraft</resource-skill>
					<resource-min amount="1">180</resource-min>
					<resource-opt amount="1">180</resource-opt>
				</resource>
				<resource>
					<resource-name>Weaker Ghost Vapor</resource-name>
					<resource-skill>Weaponcraft</resource-skill>
					<resource-min amount="1">180</resource-min>
					<resource-opt amount="1">180</resource-opt>
				</resource>
				<resource>
					<resource-name>Dim Essence Orb</resource-name>
					<resource-skill>Weaponcraft</resource-skill>
					<resource-min amount="10">180</resource-min>
					<resource-opt amount="3">500</resource-opt>
				</resource>
				<resource>
					<resource-name>Bronze Bar</resource-name>
					<resource-skill>Weaponcraft</resource-skill>
					<resource-min amount="5">180</resource-min>
					<resource-opt amount="2">400</resource-opt>
				</resource>
			</resources>
		</tier>
	</item>
	<item>
		<item-name>Priceless Shrieking Battle Axe</item-name>
		<item-icon>icon_formula_w_2hs_01_11.png</item-icon>
		<item-batchqty>1</item-batchqty>
		<item-attributes>
			<item-attribute type="equipSlot">Right Palm</item-attribute>
		</item-attributes>
		<item-keywords>
			<item-keyword>bodyslot_rightpalm</item-keyword>
			<item-keyword>weapon</item-keyword>
		</item-keywords>
		<tier>
			<tier-name>Priceless Shrieking Battle Axe</tier-name>
			<tier-lvl>3</tier-lvl>
			<tier-desc>An pristinely kept battle-axe with a haunted black sheen. It is rumored in legend that the souls of mortals who challenged Daggarth , the God of Malice and Strength, were entombed into this axe. If one is to listen closely enough, it is said you can hear them shriek.</tier-desc>
			<tier-allowedtechniques>-1</tier-allowedtechniques>
			<tier-attributes>
				<tier-attribute type="bulk">64</tier-attribute>
				<tier-attribute type="hoardValue">10000</tier-attribute>
				<tier-attribute type="damage">49-74</tier-attribute>
				<tier-attribute type="skill">Two Hand Slash</tier-attribute>
				<tier-attribute type="statBonus">+50 Health</tier-attribute>
				<tier-attribute type="statBonus">+20 Strength</tier-attribute>
				<tier-attribute type="reqAdvSkill">Two Hand Slash (450)</tier-attribute>
				<tier-attribute type="reqCurrentAdvLevel">Current Adventure Level (45)</tier-attribute>
				<tier-attribute type="reqAdvSchool">BRSK, RVR, WAR</tier-attribute>
			</tier-attributes>
			<tier-keywords>
				<tier-keyword>weapon_battleaxe</tier-keyword>
				<tier-keyword>weaponstyle_axe</tier-keyword>
				<tier-keyword>skill_use_twohandslash</tier-keyword>
			</tier-keywords>
			<resources>
				<resource>
					<resource-name>Shattered Regal Battle Axe Pieces</resource-name>
					<resource-skill>Weaponcraft</resource-skill>
					<resource-min amount="1">480</resource-min>
					<resource-opt amount="1">480</resource-opt>
				</resource>
				<resource>
					<resource-name>Shattered Regal Battle Axe Bits</resource-name>
					<resource-skill>Weaponcraft</resource-skill>
					<resource-min amount="1">480</resource-min>
					<resource-opt amount="1">480</resource-opt>
				</resource>
				<resource>
					<resource-name>Greater Ghost Vapor</resource-name>
					<resource-skill>Weaponcraft</resource-skill>
					<resource-min amount="4">480</resource-min>
					<resource-opt amount="4">480</resource-opt>
				</resource>
				<resource>
					<resource-name>Glowing Essence Orb</resource-name>
					<resource-skill>Weaponcraft</resource-skill>
					<resource-min amount="10">480</resource-min>
					<resource-opt amount="3">800</resource-opt>
				</resource>
				<resource>
					<resource-name>Steel Bar</resource-name>
					<resource-skill>Weaponcraft</resource-skill>
					<resource-min amount="5">480</resource-min>
					<resource-opt amount="2">700</resource-opt>
				</resource>
			</resources>
		</tier>
	</item>
	<item>
		<item-name>Deteriorated Zhurian Dagger</item-name>
		<item-icon>icon_formula_w_2hs_01_11.png</item-icon>
		<item-batchqty>1</item-batchqty>
		<item-attributes>
			<item-attribute type="equipSlot">Right Palm</item-attribute>
		</item-attributes>
		<item-keywords>
			<item-keyword>bodyslot_rightpalm</item-keyword>
			<item-keyword>weapon</item-keyword>
		</item-keywords>
		<tier>
			<tier-name>Deteriorated Zhurian Dagger</tier-name>
			<tier-lvl>1</tier-lvl>
			<tier-desc/>
			<tier-allowedtechniques>-1</tier-allowedtechniques>
			<tier-attributes>
				<tier-attribute type="bulk">8</tier-attribute>
				<tier-attribute type="hoardValue">2500</tier-attribute>
				<tier-attribute type="damage">10-15</tier-attribute>
				<tier-attribute type="skill">One Hand Pierce</tier-attribute>
				<tier-attribute type="statBonus">+6 Evasion</tier-attribute>
				<tier-attribute type="reqAdvSkill">One Hand Pierce (200)</tier-attribute>
				<tier-attribute type="reqCurrentAdvLevel">Current Adventure Level (20)</tier-attribute>
				<tier-attribute type="reqAdvSchool">ELAR, CRSB, BLDM, RNGR, CONJ, SORC, WIZ, SHMN, SPRT, SCT, MAGE, WAR</tier-attribute>
			</tier-attributes>
			<tier-keywords>
				<tier-keyword>weaponstyle_dagger</tier-keyword>
				<tier-keyword>weapon_dagger</tier-keyword>
				<tier-keyword>skill_use_onehandpierce</tier-keyword>
			</tier-keywords>
			<resources>
				<resource>
					<resource-name>Cracked Regal Dagger Pieces</resource-name>
					<resource-skill>Weaponcraft</resource-skill>
					<resource-min amount="1">180</resource-min>
					<resource-opt amount="1">180</resource-opt>
				</resource>
				<resource>
					<resource-name>Cracked Regal Dagger Bits</resource-name>
					<resource-skill>Weaponcraft</resource-skill>
					<resource-min amount="1">180</resource-min>
					<resource-opt amount="1">180</resource-opt>
				</resource>
				<resource>
					<resource-name>Weaker Ghost Vapor</resource-name>
					<resource-skill>Weaponcraft</resource-skill>
					<resource-min amount="1">180</resource-min>
					<resource-opt amount="1">180</resource-opt>
				</resource>
				<resource>
					<resource-name>Dim Essence Orb</resource-name>
					<resource-skill>Weaponcraft</resource-skill>
					<resource-min amount="10">180</resource-min>
					<resource-opt amount="3">500</resource-opt>
				</resource>
				<resource>
					<resource-name>Bronze Bar</resource-name>
					<resource-skill>Weaponcraft</resource-skill>
					<resource-min amount="5">180</resource-min>
					<resource-opt amount="2">400</resource-opt>
				</resource>
			</resources>
		</tier>
	</item>
	<item>
		<item-name>Priceless Glimmel Lake Two-Handed Sword</item-name>
		<item-icon>icon_formula_w_2hs_01_11.png</item-icon>
		<item-batchqty>1</item-batchqty>
		<item-attributes>
			<item-attribute type="equipSlot">Right Palm</item-attribute>
		</item-attributes>
		<item-keywords>
			<item-keyword>bodyslot_rightpalm</item-keyword>
			<item-keyword>weapon</item-keyword>
		</item-keywords>
		<tier>
			<tier-name>Priceless Glimmel Lake Two-Handed Sword</tier-name>
			<tier-lvl>3</tier-lvl>
			<tier-desc>This pristinely kept Two-Handed Sword has a light blue tint that scholars claim only occurs in swords forged near Glimmel Lake. It is said that cooling a sword in the lake during the forging process enchants the sword with the mystical powers of the lost lake.</tier-desc>
			<tier-allowedtechniques>-1</tier-allowedtechniques>
			<tier-attributes>
				<tier-attribute type="bulk">64</tier-attribute>
				<tier-attribute type="hoardValue">10000</tier-attribute>
				<tier-attribute type="damage">45-70</tier-attribute>
				<tier-attribute type="skill">Two Hand Slash</tier-attribute>
				<tier-attribute type="statBonus">+50 Health</tier-attribute>
				<tier-attribute type="statBonus">+50 Dexterity</tier-attribute>
				<tier-attribute type="reqAdvSkill">Two Hand Slash (450)</tier-attribute>
				<tier-attribute type="reqCurrentAdvLevel">Current Adventure Level (45)</tier-attribute>
				<tier-attribute type="reqAdvSchool">KNOC, RVR, PLDN, WAR</tier-attribute>
			</tier-attributes>
			<tier-keywords>
				<tier-keyword>weapon_twohandsword</tier-keyword>
				<tier-keyword>weaponstyle_sword</tier-keyword>
				<tier-keyword>skill_use_twohandslash</tier-keyword>
			</tier-keywords>
			<resources>
				<resource>
					<resource-name>Shattered Regal Two-Handed Sword Pieces</resource-name>
					<resource-skill>Weaponcraft</resource-skill>
					<resource-min amount="1">480</resource-min>
					<resource-opt amount="1">480</resource-opt>
				</resource>
				<resource>
					<resource-name>Shattered Regal Two-Handed Sword Bits</resource-name>
					<resource-skill>Weaponcraft</resource-skill>
					<resource-min amount="1">480</resource-min>
					<resource-opt amount="1">480</resource-opt>
				</resource>
				<resource>
					<resource-name>Storm Essence</resource-name>
					<resource-skill>Weaponcraft</resource-skill>
					<resource-min amount="4">480</resource-min>
					<resource-opt amount="4">480</resource-opt>
				</resource>
				<resource>
					<resource-name>Glowing Essence Orb</resource-name>
					<resource-skill>Weaponcraft</resource-skill>
					<resource-min amount="10">480</resource-min>
					<resource-opt amount="3">800</resource-opt>
				</resource>
				<resource>
					<resource-name>Steel Bar</resource-name>
					<resource-skill>Weaponcraft</resource-skill>
					<resource-min amount="5">480</resource-min>
					<resource-opt amount="2">700</resource-opt>
				</resource>
			</resources>
		</tier>
	</item>
	<item>
		<item-name>Exceptional Glimmel Lake Two-Handed Sword</item-name>
		<item-icon>icon_formula_w_2hs_01_11.png</item-icon>
		<item-batchqty>1</item-batchqty>
		<item-attributes>
			<item-attribute type="equipSlot">Right Palm</item-attribute>
		</item-attributes>
		<item-keywords>
			<item-keyword>bodyslot_rightpalm</item-keyword>
			<item-keyword>weapon</item-keyword>
		</item-keywords>
		<tier>
			<tier-name>Exceptional Glimmel Lake Two-Handed Sword</tier-name>
			<tier-lvl>2</tier-lvl>
			<tier-desc>This exceptionally kept Two-Handed Sword has a light blue tint that scholars claim only occurs in swords forged near Glimmel Lake. It is said that cooling a sword in the lake during the forging process enchants the sword with the mystical powers of the lost lake.</tier-desc>
			<tier-allowedtechniques>-1</tier-allowedtechniques>
			<tier-attributes>
				<tier-attribute type="bulk">64</tier-attribute>
				<tier-attribute type="hoardValue">7500</tier-attribute>
				<tier-attribute type="damage">36-56</tier-attribute>
				<tier-attribute type="skill">Two Hand Slash</tier-attribute>
				<tier-attribute type="statBonus">+40 Health</tier-attribute>
				<tier-attribute type="statBonus">+16 Dexterity</tier-attribute>
				<tier-attribute type="reqAdvSkill">Two Hand Slash (350)</tier-attribute>
				<tier-attribute type="reqCurrentAdvLevel">Current Adventure Level (35)</tier-attribute>
				<tier-attribute type="reqAdvSchool">KNOC, RVR, PLDN, WAR</tier-attribute>
			</tier-attributes>
			<tier-keywords>
				<tier-keyword>weapon_twohandsword</tier-keyword>
				<tier-keyword>weaponstyle_sword</tier-keyword>
				<tier-keyword>skill_use_twohandslash</tier-keyword>
			</tier-keywords>
			<resources>
				<resource>
					<resource-name>Ruined Regal Two-Handed Sword Pieces</resource-name>
					<resource-skill>Weaponcraft</resource-skill>
					<resource-min amount="1">380</resource-min>
					<resource-opt amount="1">380</resource-opt>
				</resource>
				<resource>
					<resource-name>Ruined Regal Two-Handed Sword Bits</resource-name>
					<resource-skill>Weaponcraft</resource-skill>
					<resource-min amount="1">380</resource-min>
					<resource-opt amount="1">380</resource-opt>
				</resource>
				<resource>
					<resource-name>Storm Essence</resource-name>
					<resource-skill>Weaponcraft</resource-skill>
					<resource-min amount="3">380</resource-min>
					<resource-opt amount="3">380</resource-opt>
				</resource>
				<resource>
					<resource-name>Pale Essence Orb</resource-name>
					<resource-skill>Weaponcraft</resource-skill>
					<resource-min amount="10">380</resource-min>
					<resource-opt amount="3">700</resource-opt>
				</resource>
				<resource>
					<resource-name>Iron Bar</resource-name>
					<resource-skill>Weaponcraft</resource-skill>
					<resource-min amount="5">380</resource-min>
					<resource-opt amount="2">600</resource-opt>
				</resource>
			</resources>
		</tier>
	</item>
	<item>
		<item-name>Exceptional Shrieking Battle Axe</item-name>
		<item-icon>icon_formula_w_2hs_01_11.png</item-icon>
		<item-batchqty>1</item-batchqty>
		<item-attributes>
			<item-attribute type="equipSlot">Right Palm</item-attribute>
		</item-attributes>
		<item-keywords>
			<item-keyword>bodyslot_rightpalm</item-keyword>
			<item-keyword>weapon</item-keyword>
		</item-keywords>
		<tier>
			<tier-name>Exceptional Shrieking Battle Axe</tier-name>
			<tier-lvl>2</tier-lvl>
			<tier-desc>An exceptional battle-axe with a haunted black sheen. It is rumored in legend that the souls of mortals who challenged Daggarth , the God of Malice and Strength, were entombed into this axe. If one is to listen closely enough, it is said you can hear them shriek.</tier-desc>
			<tier-allowedtechniques>-1</tier-allowedtechniques>
			<tier-attributes>
				<tier-attribute type="bulk">64</tier-attribute>
				<tier-attribute type="hoardValue">7500</tier-attribute>
				<tier-attribute type="damage">39-59</tier-attribute>
				<tier-attribute type="skill">Two Hand Slash</tier-attribute>
				<tier-attribute type="statBonus">+40 Health</tier-attribute>
				<tier-attribute type="statBonus">+16 Strength</tier-attribute>
				<tier-attribute type="reqAdvSkill">Two Hand Slash (350)</tier-attribute>
				<tier-attribute type="reqCurrentAdvLevel">Current Adventure Level (35)</tier-attribute>
				<tier-attribute type="reqAdvSchool">BRSK, RVR, WAR</tier-attribute>
			</tier-attributes>
			<tier-keywords>
				<tier-keyword>weapon_battleaxe</tier-keyword>
				<tier-keyword>weaponstyle_axe</tier-keyword>
				<tier-keyword>skill_use_twohandslash</tier-keyword>
			</tier-keywords>
			<resources>
				<resource>
					<resource-name>Ruined Regal Battle Axe Pieces</resource-name>
					<resource-skill>Weaponcraft</resource-skill>
					<resource-min amount="1">380</resource-min>
					<resource-opt amount="1">380</resource-opt>
				</resource>
				<resource>
					<resource-name>Ruined Regal Battle Axe Bits</resource-name>
					<resource-skill>Weaponcraft</resource-skill>
					<resource-min amount="1">380</resource-min>
					<resource-opt amount="1">380</resource-opt>
				</resource>
				<resource>
					<resource-name>Lesser Ghost Vapor</resource-name>
					<resource-skill>Weaponcraft</resource-skill>
					<resource-min amount="3">380</resource-min>
					<resource-opt amount="3">380</resource-opt>
				</resource>
				<resource>
					<resource-name>Pale Essence Orb</resource-name>
					<resource-skill>Weaponcraft</resource-skill>
					<resource-min amount="10">380</resource-min>
					<resource-opt amount="3">700</resource-opt>
				</resource>
				<resource>
					<resource-name>Iron Bar</resource-name>
					<resource-skill>Weaponcraft</resource-skill>
					<resource-min amount="5">380</resource-min>
					<resource-opt amount="2">600</resource-opt>
				</resource>
			</resources>
		</tier>
	</item>
	<item>
		<item-name>Worn Shrieking Battle Axe</item-name>
		<item-icon>icon_formula_w_2hs_01_11.png</item-icon>
		<item-batchqty>1</item-batchqty>
		<item-attributes>
			<item-attribute type="equipSlot">Right Palm</item-attribute>
		</item-attributes>
		<item-keywords>
			<item-keyword>bodyslot_rightpalm</item-keyword>
			<item-keyword>weapon</item-keyword>
		</item-keywords>
		<tier>
			<tier-name>Worn Shrieking Battle Axe</tier-name>
			<tier-lvl>2</tier-lvl>
			<tier-desc>An old worn battle-axe with a haunted black sheen. It is rumored in legend that the souls of mortals who challenged Daggarth , the God of Malice and Strength, were entombed into this axe. If one is to listen closely enough, it is said you can hear them shriek.</tier-desc>
			<tier-allowedtechniques>-1</tier-allowedtechniques>
			<tier-attributes>
				<tier-attribute type="bulk">64</tier-attribute>
				<tier-attribute type="hoardValue">5000</tier-attribute>
				<tier-attribute type="damage">30-45</tier-attribute>
				<tier-attribute type="skill">Two Hand Slash</tier-attribute>
				<tier-attribute type="statBonus">+30 Health</tier-attribute>
				<tier-attribute type="statBonus">+12 Strength</tier-attribute>
				<tier-attribute type="reqAdvSkill">Two Hand Slash (250)</tier-attribute>
				<tier-attribute type="reqCurrentAdvLevel">Current Adventure Level (25)</tier-attribute>
				<tier-attribute type="reqAdvSchool">BRSK, RVR, WAR</tier-attribute>
			</tier-attributes>
			<tier-keywords>
				<tier-keyword>weapon_battleaxe</tier-keyword>
				<tier-keyword>weaponstyle_axe</tier-keyword>
				<tier-keyword>skill_use_twohandslash</tier-keyword>
			</tier-keywords>
			<resources>
				<resource>
					<resource-name>Rusted Regal Battle Axe Pieces</resource-name>
					<resource-skill>Weaponcraft</resource-skill>
					<resource-min amount="1">280</resource-min>
					<resource-opt amount="1">280</resource-opt>
				</resource>
				<resource>
					<resource-name>Rusted Regal Battle Axe Bits</resource-name>
					<resource-skill>Weaponcraft</resource-skill>
					<resource-min amount="1">280</resource-min>
					<resource-opt amount="1">280</resource-opt>
				</resource>
				<resource>
					<resource-name>Lesser Ghost Vapor</resource-name>
					<resource-skill>Weaponcraft</resource-skill>
					<resource-min amount="2">280</resource-min>
					<resource-opt amount="2">280</resource-opt>
				</resource>
				<resource>
					<resource-name>Pale Essence Orb</resource-name>
					<resource-skill>Weaponcraft</resource-skill>
					<resource-min amount="10">380</resource-min>
					<resource-opt amount="3">700</resource-opt>
				</resource>
				<resource>
					<resource-name>Iron Bar</resource-name>
					<resource-skill>Weaponcraft</resource-skill>
					<resource-min amount="5">380</resource-min>
					<resource-opt amount="2">600</resource-opt>
				</resource>
			</resources>
		</tier>
	</item>
	<item>
		<item-name>Deteriorated Barasavian Long Spear</item-name>
		<item-icon>icon_formula_w_2hs_01_11.png</item-icon>
		<item-batchqty>1</item-batchqty>
		<item-attributes>
			<item-attribute type="equipSlot">Right Palm</item-attribute>
		</item-attributes>
		<item-keywords>
			<item-keyword>bodyslot_rightpalm</item-keyword>
			<item-keyword>weapon</item-keyword>
		</item-keywords>
		<tier>
			<tier-name>Deteriorated Barasavian Long Spear</tier-name>
			<tier-lvl>2</tier-lvl>
			<tier-desc>An old deteriorated spear rumored to have been crafted by a tribe of nomads called the Baramorians. Special techniques known only to their tribe have made their spears extremely desired, and sought after. Sadly, none live today to recreate these masterpieces from scratch.</tier-desc>
			<tier-allowedtechniques>-1</tier-allowedtechniques>
			<tier-attributes>
				<tier-attribute type="bulk">64</tier-attribute>
				<tier-attribute type="hoardValue">2500</tier-attribute>
				<tier-attribute type="damage">10-14</tier-attribute>
				<tier-attribute type="skill">One Hand Pierce</tier-attribute>
				<tier-attribute type="statBonus">+8 Strength</tier-attribute>
				<tier-attribute type="statBonus">+8 Dexterity</tier-attribute>
				<tier-attribute type="reqAdvSkill">One Hand Pierce (150)</tier-attribute>
				<tier-attribute type="reqCurrentAdvLevel">Current Adventure Level (15)</tier-attribute>
				<tier-attribute type="reqAdvSchool">ELAR, CRSB, SPRM, RNGR, SHMN, SPRT, SCT, WAR</tier-attribute>
			</tier-attributes>
			<tier-keywords>
				<tier-keyword>weapon_longspear</tier-keyword>
				<tier-keyword>weaponstyle_spear</tier-keyword>
				<tier-keyword>skill_use_onehandpierce</tier-keyword>
			</tier-keywords>
			<resources>
				<resource>
					<resource-name>Cracked Regal Spear Pieces</resource-name>
					<resource-skill>Weaponcraft</resource-skill>
					<resource-min amount="1">180</resource-min>
					<resource-opt amount="1">180</resource-opt>
				</resource>
				<resource>
					<resource-name>Cracked Regal Spear Bits</resource-name>
					<resource-skill>Weaponcraft</resource-skill>
					<resource-min amount="1">180</resource-min>
					<resource-opt amount="1">180</resource-opt>
				</resource>
				<resource>
					<resource-name>Spiderling Silk</resource-name>
					<resource-skill>Weaponcraft</resource-skill>
					<resource-min amount="9">380</resource-min>
					<resource-opt amount="9">380</resource-opt>
				</resource>
				<resource>
					<resource-name>Dim Essence Orb</resource-name>
					<resource-skill>Weaponcraft</resource-skill>
					<resource-min amount="10">180</resource-min>
					<resource-opt amount="3">500</resource-opt>
				</resource>
				<resource>
					<resource-name>Bronze Bar</resource-name>
					<resource-skill>Weaponcraft</resource-skill>
					<resource-min amount="5">180</resource-min>
					<resource-opt amount="2">400</resource-opt>
				</resource>
			</resources>
		</tier>
	</item>
	<item>
		<item-name>Deteriorated Sword of Embers</item-name>
		<item-icon>icon_formula_w_2hs_01_11.png</item-icon>
		<item-batchqty>1</item-batchqty>
		<item-attributes>
			<item-attribute type="equipSlot">Right Palm</item-attribute>
		</item-attributes>
		<item-keywords>
			<item-keyword>bodyslot_rightpalm</item-keyword>
			<item-keyword>weapon</item-keyword>
		</item-keywords>
		<tier>
			<tier-name>Deteriorated Sword of Embers</tier-name>
			<tier-lvl>2</tier-lvl>
			<tier-desc>An old deteriorated sword of what appears to be living embers. It is rumored that the ember blade is actually a tooth of Drulkar, the first dragon and god of fire.</tier-desc>
			<tier-allowedtechniques>-1</tier-allowedtechniques>
			<tier-attributes>
				<tier-attribute type="bulk">32</tier-attribute>
				<tier-attribute type="hoardValue">2500</tier-attribute>
				<tier-attribute type="damage">10-18</tier-attribute>
				<tier-attribute type="skill">One Hand Slash</tier-attribute>
				<tier-attribute type="statBonus">+2 Block Bonus</tier-attribute>
				<tier-attribute type="statBonus">+8 Strength</tier-attribute>
				<tier-attribute type="reqAdvSkill">One Hand Slash (150)</tier-attribute>
				<tier-attribute type="reqCurrentAdvLevel">Current Adventure Level (15)</tier-attribute>
				<tier-attribute type="reqAdvSchool">ELAR, CRSB, KNOC, RVR, RNGR, BTLM, PLDN, SCT, WAR</tier-attribute>
			</tier-attributes>
			<tier-keywords>
				<tier-keyword>weapon_longsword</tier-keyword>
				<tier-keyword>weaponstyle_sword</tier-keyword>
				<tier-keyword>skill_use_onehandslash</tier-keyword>
			</tier-keywords>
			<resources>
				<resource>
					<resource-name>Cracked Regal Long Sword Bits</resource-name>
					<resource-skill>Weaponcraft</resource-skill>
					<resource-min amount="1">180</resource-min>
					<resource-opt amount="1">180</resource-opt>
				</resource>
				<resource>
					<resource-name>Cracked Regal Long Sword Pieces</resource-name>
					<resource-skill>Weaponcraft</resource-skill>
					<resource-min amount="1">180</resource-min>
					<resource-opt amount="1">180</resource-opt>
				</resource>
				<resource>
					<resource-name>Splinter of Flame-Bone</resource-name>
					<resource-skill>Weaponcraft</resource-skill>
					<resource-min amount="3">380</resource-min>
					<resource-opt amount="3">380</resource-opt>
				</resource>
				<resource>
					<resource-name>Dim Essence Orb</resource-name>
					<resource-skill>Weaponcraft</resource-skill>
					<resource-min amount="10">180</resource-min>
					<resource-opt amount="3">500</resource-opt>
				</resource>
				<resource>
					<resource-name>Bronze Bar</resource-name>
					<resource-skill>Weaponcraft</resource-skill>
					<resource-min amount="5">180</resource-min>
					<resource-opt amount="2">400</resource-opt>
				</resource>
			</resources>
		</tier>
	</item>
	<item>
		<item-name>Worn Glimmel Lake Two-Handed Sword</item-name>
		<item-icon>icon_formula_w_2hs_01_11.png</item-icon>
		<item-batchqty>1</item-batchqty>
		<item-attributes>
			<item-attribute type="equipSlot">Right Palm</item-attribute>
		</item-attributes>
		<item-keywords>
			<item-keyword>bodyslot_rightpalm</item-keyword>
			<item-keyword>weapon</item-keyword>
		</item-keywords>
		<tier>
			<tier-name>Worn Glimmel Lake Two-Handed Sword</tier-name>
			<tier-lvl>2</tier-lvl>
			<tier-desc>This old worn Two-Handed Sword has a light blue tint that scholars claim only occurs in swords forged near Glimmel Lake. It is said that cooling a sword in the lake during the forging process enchants the sword with the mystical powers of the lost lake.</tier-desc>
			<tier-allowedtechniques>-1</tier-allowedtechniques>
			<tier-attributes>
				<tier-attribute type="bulk">64</tier-attribute>
				<tier-attribute type="hoardValue">5000</tier-attribute>
				<tier-attribute type="damage">28-43</tier-attribute>
				<tier-attribute type="skill">Two Hand Slash</tier-attribute>
				<tier-attribute type="statBonus">+30 Health</tier-attribute>
				<tier-attribute type="statBonus">+12 Dexterity</tier-attribute>
				<tier-attribute type="reqAdvSkill">Two Hand Slash (250)</tier-attribute>
				<tier-attribute type="reqCurrentAdvLevel">Current Adventure Level (25)</tier-attribute>
				<tier-attribute type="reqAdvSchool">KNOC, RVR, PLDN, WAR</tier-attribute>
			</tier-attributes>
			<tier-keywords>
				<tier-keyword>weapon_twohandsword</tier-keyword>
				<tier-keyword>weaponstyle_sword</tier-keyword>
				<tier-keyword>skill_use_twohandslash</tier-keyword>
			</tier-keywords>
			<resources>
				<resource>
					<resource-name>Rusted Regal Two-Handed Sword Pieces</resource-name>
					<resource-skill>Weaponcraft</resource-skill>
					<resource-min amount="1">280</resource-min>
					<resource-opt amount="1">280</resource-opt>
				</resource>
				<resource>
					<resource-name>Rusted Regal Two-Handed Sword Bits</resource-name>
					<resource-skill>Weaponcraft</resource-skill>
					<resource-min amount="1">280</resource-min>
					<resource-opt amount="1">280</resource-opt>
				</resource>
				<resource>
					<resource-name>Storm Essence</resource-name>
					<resource-skill>Weaponcraft</resource-skill>
					<resource-min amount="3">380</resource-min>
					<resource-opt amount="3">380</resource-opt>
				</resource>
				<resource>
					<resource-name>Pale Essence Orb</resource-name>
					<resource-skill>Weaponcraft</resource-skill>
					<resource-min amount="10">380</resource-min>
					<resource-opt amount="3">700</resource-opt>
				</resource>
				<resource>
					<resource-name>Iron Bar</resource-name>
					<resource-skill>Weaponcraft</resource-skill>
					<resource-min amount="5">380</resource-min>
					<resource-opt amount="2">600</resource-opt>
				</resource>
			</resources>
		</tier>
	</item>
	<item>
		<item-name>Deteriorated Glimmel Lake Two-Handed Sword</item-name>
		<item-icon>icon_formula_w_2hs_01_11.png</item-icon>
		<item-batchqty>1</item-batchqty>
		<item-attributes>
			<item-attribute type="equipSlot">Right Palm</item-attribute>
		</item-attributes>
		<item-keywords>
			<item-keyword>bodyslot_rightpalm</item-keyword>
			<item-keyword>weapon</item-keyword>
		</item-keywords>
		<tier>
			<tier-name>Deteriorated Glimmel Lake Two-Handed Sword</tier-name>
			<tier-lvl>1</tier-lvl>
			<tier-desc>This deteriorated Two-Handed Sword has a light blue tint that scholars claim only occurs in swords forged near Glimmel Lake. It is said that cooling a sword in the lake during the forging process enchants the sword with the mystical powers of the lost lake.</tier-desc>
			<tier-allowedtechniques>-1</tier-allowedtechniques>
			<tier-attributes>
				<tier-attribute type="bulk">64</tier-attribute>
				<tier-attribute type="hoardValue">2500</tier-attribute>
				<tier-attribute type="damage">19-28</tier-attribute>
				<tier-attribute type="skill">Two Hand Slash</tier-attribute>
				<tier-attribute type="statBonus">+20 Health</tier-attribute>
				<tier-attribute type="statBonus">+8 Dexterity</tier-attribute>
				<tier-attribute type="reqAdvSkill">Two Hand Slash (150)</tier-attribute>
				<tier-attribute type="reqCurrentAdvLevel">Current Adventure Level (15)</tier-attribute>
				<tier-attribute type="reqAdvSchool">KNOC, RVR, PLDN, WAR</tier-attribute>
			</tier-attributes>
			<tier-keywords>
				<tier-keyword>weapon_twohandsword</tier-keyword>
				<tier-keyword>weaponstyle_sword</tier-keyword>
				<tier-keyword>skill_use_twohandslash</tier-keyword>
			</tier-keywords>
			<resources>
				<resource>
					<resource-name>Cracked Regal Two-Handed Sword Bits</resource-name>
					<resource-skill>Weaponcraft</resource-skill>
					<resource-min amount="1">180</resource-min>
					<resource-opt amount="1">180</resource-opt>
				</resource>
				<resource>
					<resource-name>Cracked Regal Two-Handed Sword Pieces</resource-name>
					<resource-skill>Weaponcraft</resource-skill>
					<resource-min amount="1">180</resource-min>
					<resource-opt amount="1">180</resource-opt>
				</resource>
				<resource>
					<resource-name>Dim Essence Orb</resource-name>
					<resource-skill>Weaponcraft</resource-skill>
					<resource-min amount="10">180</resource-min>
					<resource-opt amount="3">500</resource-opt>
				</resource>
				<resource>
					<resource-name>Bronze Bar</resource-name>
					<resource-skill>Weaponcraft</resource-skill>
					<resource-min amount="5">180</resource-min>
					<resource-opt amount="2">400</resource-opt>
				</resource>
			</resources>
		</tier>
	</item>
	<item>
		<item-name>Deteriorated Thurin Hatchet</item-name>
		<item-icon>icon_formula_w_2hs_01_11.png</item-icon>
		<item-batchqty>1</item-batchqty>
		<item-attributes>
			<item-attribute type="equipSlot">Right Palm</item-attribute>
		</item-attributes>
		<item-keywords>
			<item-keyword>bodyslot_rightpalm</item-keyword>
			<item-keyword>weapon</item-keyword>
		</item-keywords>
		<tier>
			<tier-name>Deteriorated Thurin Hatchet</tier-name>
			<tier-lvl>2</tier-lvl>
			<tier-desc/>
			<tier-allowedtechniques>-1</tier-allowedtechniques>
			<tier-attributes>
				<tier-attribute type="bulk">16</tier-attribute>
				<tier-attribute type="hoardValue">2500</tier-attribute>
				<tier-attribute type="damage">13-23</tier-attribute>
				<tier-attribute type="skill">One Hand Slash</tier-attribute>
				<tier-attribute type="damage">13-23</tier-attribute>
				<tier-attribute type="skill">One Hand Slash</tier-attribute>
				<tier-attribute type="statBonus">+8 Dexterity</tier-attribute>
				<tier-attribute type="statBonus">+2 Block Bonus</tier-attribute>
				<tier-attribute type="reqAdvSkill">One Hand Slash (200)</tier-attribute>
				<tier-attribute type="reqCurrentAdvLevel">Current Adventure Level (20)</tier-attribute>
				<tier-attribute type="reqAdvSchool">ELAR, CRSB, BRSK, RVR, RNGR, SCT, WAR</tier-attribute>
			</tier-attributes>
			<tier-keywords>
				<tier-keyword>weapon_hatchet</tier-keyword>
				<tier-keyword>weaponstyle_axe</tier-keyword>
				<tier-keyword>skill_use_onehandslash</tier-keyword>
			</tier-keywords>
			<resources>
				<resource>
					<resource-name>Cracked Regal Hatchet Bits</resource-name>
					<resource-skill>Weaponcraft</resource-skill>
					<resource-min amount="1">180</resource-min>
					<resource-opt amount="1">180</resource-opt>
				</resource>
				<resource>
					<resource-name>Cracked Regal Hatchet Pieces</resource-name>
					<resource-skill>Weaponcraft</resource-skill>
					<resource-min amount="1">180</resource-min>
					<resource-opt amount="1">180</resource-opt>
				</resource>
				<resource>
					<resource-name>Splinter of Flame-Bone</resource-name>
					<resource-skill>Weaponcraft</resource-skill>
					<resource-min amount="3">380</resource-min>
					<resource-opt amount="3">380</resource-opt>
				</resource>
				<resource>
					<resource-name>Dim Essence Orb</resource-name>
					<resource-skill>Weaponcraft</resource-skill>
					<resource-min amount="10">180</resource-min>
					<resource-opt amount="3">500</resource-opt>
				</resource>
				<resource>
					<resource-name>Bronze Bar</resource-name>
					<resource-skill>Weaponcraft</resource-skill>
					<resource-min amount="5">180</resource-min>
					<resource-opt amount="2">400</resource-opt>
				</resource>
			</resources>
		</tier>
	</item>
	<item>
		<item-name>Deteriorated Mace of Zeal</item-name>
		<item-icon>icon_formula_w_2hs_01_11.png</item-icon>
		<item-batchqty>1</item-batchqty>
		<item-attributes>
			<item-attribute type="equipSlot">Right Palm</item-attribute>
		</item-attributes>
		<item-keywords>
			<item-keyword>bodyslot_rightpalm</item-keyword>
			<item-keyword>weapon</item-keyword>
		</item-keywords>
		<tier>
			<tier-name>Deteriorated Mace of Zeal</tier-name>
			<tier-lvl>1</tier-lvl>
			<tier-desc>An old deteriorated mace rumored to have been blessed by Brobbet himself during a time in which the gods played a more active role in the world. It is said that the wielder of this mace will feel zeal overcome them during their time of need.</tier-desc>
			<tier-allowedtechniques>-1</tier-allowedtechniques>
			<tier-attributes>
				<tier-attribute type="bulk">32</tier-attribute>
				<tier-attribute type="hoardValue">2500</tier-attribute>
				<tier-attribute type="damage">17-21</tier-attribute>
				<tier-attribute type="skill">One Hand Crush</tier-attribute>
				<tier-attribute type="statBonus">+15 Power</tier-attribute>
				<tier-attribute type="reqAdvSkill">One Hand Crush (200)</tier-attribute>
				<tier-attribute type="reqCurrentAdvLevel">Current Adventure Level (20)</tier-attribute>
				<tier-attribute type="reqAdvSchool">GRDN, ELAR, CRSB, RNGR, CLRC, SHMN, SCT, HLR, WAR</tier-attribute>
			</tier-attributes>
			<tier-keywords>
				<tier-keyword>weaponstyle_mace</tier-keyword>
				<tier-keyword>weapon_mace</tier-keyword>
				<tier-keyword>skill_use_onehandcrush</tier-keyword>
			</tier-keywords>
			<resources>
				<resource>
					<resource-name>Cracked Regal Mace Bits</resource-name>
					<resource-skill>Weaponcraft</resource-skill>
					<resource-min amount="1">180</resource-min>
					<resource-opt amount="1">180</resource-opt>
				</resource>
				<resource>
					<resource-name>Cracked Regal Mace Pieces</resource-name>
					<resource-skill>Weaponcraft</resource-skill>
					<resource-min amount="1">180</resource-min>
					<resource-opt amount="1">180</resource-opt>
				</resource>
				<resource>
					<resource-name>Weaker Ghost Vapor</resource-name>
					<resource-skill>Weaponcraft</resource-skill>
					<resource-min amount="1">180</resource-min>
					<resource-opt amount="1">180</resource-opt>
				</resource>
				<resource>
					<resource-name>Dim Essence Orb</resource-name>
					<resource-skill>Weaponcraft</resource-skill>
					<resource-min amount="10">180</resource-min>
					<resource-opt amount="3">500</resource-opt>
				</resource>
				<resource>
					<resource-name>Bronze Bar</resource-name>
					<resource-skill>Weaponcraft</resource-skill>
					<resource-min amount="5">180</resource-min>
					<resource-opt amount="2">400</resource-opt>
				</resource>
			</resources>
		</tier>
	</item>
	<item>
		<item-name>Deteriorated Shrieking Battle Axe</item-name>
		<item-icon>icon_formula_w_2hs_01_11.png</item-icon>
		<item-batchqty>1</item-batchqty>
		<item-attributes>
			<item-attribute type="equipSlot">Right Palm</item-attribute>
		</item-attributes>
		<item-keywords>
			<item-keyword>bodyslot_rightpalm</item-keyword>
			<item-keyword>weapon</item-keyword>
		</item-keywords>
		<tier>
			<tier-name>Deteriorated Shrieking Battle Axe</tier-name>
			<tier-lvl>1</tier-lvl>
			<tier-desc>An old deteriorated battle-axe with a haunted black sheen. It is rumored in legend that the souls of mortals who challenged Daggarth , the God of Malice and Strength, were entombed into this axe. If one is to listen closely enough, it is said you can hear them shriek.</tier-desc>
			<tier-allowedtechniques>-1</tier-allowedtechniques>
			<tier-attributes>
				<tier-attribute type="bulk">64</tier-attribute>
				<tier-attribute type="hoardValue">2500</tier-attribute>
				<tier-attribute type="damage">20-30</tier-attribute>
				<tier-attribute type="skill">Two Hand Slash</tier-attribute>
				<tier-attribute type="statBonus">+20 Health</tier-attribute>
				<tier-attribute type="statBonus">+8 Strength</tier-attribute>
				<tier-attribute type="reqAdvSkill">Two Hand Slash (150)</tier-attribute>
				<tier-attribute type="reqCurrentAdvLevel">Current Adventure Level (15)</tier-attribute>
				<tier-attribute type="reqAdvSchool">BRSK, RVR, WAR</tier-attribute>
			</tier-attributes>
			<tier-keywords>
				<tier-keyword>weapon_battleaxe</tier-keyword>
				<tier-keyword>weaponstyle_axe</tier-keyword>
				<tier-keyword>skill_use_twohandslash</tier-keyword>
			</tier-keywords>
			<resources>
				<resource>
					<resource-name>Cracked Regal Battle Axe Bits</resource-name>
					<resource-skill>Weaponcraft</resource-skill>
					<resource-min amount="1">180</resource-min>
					<resource-opt amount="1">180</resource-opt>
				</resource>
				<resource>
					<resource-name>Cracked Regal Battle Axe Pieces</resource-name>
					<resource-skill>Weaponcraft</resource-skill>
					<resource-min amount="1">180</resource-min>
					<resource-opt amount="1">180</resource-opt>
				</resource>
				<resource>
					<resource-name>Weaker Ghost Vapor</resource-name>
					<resource-skill>Weaponcraft</resource-skill>
					<resource-min amount="1">180</resource-min>
					<resource-opt amount="1">180</resource-opt>
				</resource>
				<resource>
					<resource-name>Dim Essence Orb</resource-name>
					<resource-skill>Weaponcraft</resource-skill>
					<resource-min amount="10">180</resource-min>
					<resource-opt amount="3">500</resource-opt>
				</resource>
				<resource>
					<resource-name>Bronze Bar</resource-name>
					<resource-skill>Weaponcraft</resource-skill>
					<resource-min amount="5">180</resource-min>
					<resource-opt amount="2">400</resource-opt>
				</resource>
			</resources>
		</tier>
	</item>
	<item>
		<item-name>Worn Thurin Hatchet</item-name>
		<item-icon>icon_formula_w_2hs_01_11.png</item-icon>
		<item-batchqty>1</item-batchqty>
		<item-attributes>
			<item-attribute type="equipSlot">Right Palm</item-attribute>
		</item-attributes>
		<item-keywords>
			<item-keyword>bodyslot_rightpalm</item-keyword>
			<item-keyword>weapon</item-keyword>
		</item-keywords>
		<tier>
			<tier-name>Worn Thurin Hatchet</tier-name>
			<tier-lvl>3</tier-lvl>
			<tier-desc/>
			<tier-allowedtechniques>-1</tier-allowedtechniques>
			<tier-attributes>
				<tier-attribute type="bulk">16</tier-attribute>
				<tier-attribute type="hoardValue">5000</tier-attribute>
				<tier-attribute type="damage">18-31</tier-attribute>
				<tier-attribute type="skill">One Hand Slash</tier-attribute>
				<tier-attribute type="damage">18-31</tier-attribute>
				<tier-attribute type="skill">One Hand Slash</tier-attribute>
				<tier-attribute type="statBonus">+12 Dexterity</tier-attribute>
				<tier-attribute type="statBonus">+3 Block Bonus</tier-attribute>
				<tier-attribute type="reqAdvSkill">One Hand Slash (300)</tier-attribute>
				<tier-attribute type="reqCurrentAdvLevel">Current Adventure Level (30)</tier-attribute>
				<tier-attribute type="reqAdvSchool">ELAR, CRSB, BRSK, RVR, RNGR, SCT, WAR</tier-attribute>
			</tier-attributes>
			<tier-keywords>
				<tier-keyword>weapon_hatchet</tier-keyword>
				<tier-keyword>weaponstyle_axe</tier-keyword>
				<tier-keyword>skill_use_onehandslash</tier-keyword>
			</tier-keywords>
			<resources>
				<resource>
					<resource-name>Rusted Regal Hatchet Pieces</resource-name>
					<resource-skill>Weaponcraft</resource-skill>
					<resource-min amount="1">280</resource-min>
					<resource-opt amount="1">280</resource-opt>
				</resource>
				<resource>
					<resource-name>Rusted Regal Hatchet Bits</resource-name>
					<resource-skill>Weaponcraft</resource-skill>
					<resource-min amount="1">280</resource-min>
					<resource-opt amount="1">280</resource-opt>
				</resource>
				<resource>
					<resource-name>Splinter of Flame-Bone</resource-name>
					<resource-skill>Weaponcraft</resource-skill>
					<resource-min amount="4">480</resource-min>
					<resource-opt amount="4">480</resource-opt>
				</resource>
				<resource>
					<resource-name>Pale Essence Orb</resource-name>
					<resource-skill>Weaponcraft</resource-skill>
					<resource-min amount="10">380</resource-min>
					<resource-opt amount="3">700</resource-opt>
				</resource>
				<resource>
					<resource-name>Iron Bar</resource-name>
					<resource-skill>Weaponcraft</resource-skill>
					<resource-min amount="5">380</resource-min>
					<resource-opt amount="2">600</resource-opt>
				</resource>
			</resources>
		</tier>
	</item>
	<item>
		<item-name>Priceless Thurin Hatchet</item-name>
		<item-icon>icon_formula_w_2hs_01_11.png</item-icon>
		<item-batchqty>1</item-batchqty>
		<item-attributes>
			<item-attribute type="equipSlot">Right Palm</item-attribute>
		</item-attributes>
		<item-keywords>
			<item-keyword>bodyslot_rightpalm</item-keyword>
			<item-keyword>weapon</item-keyword>
		</item-keywords>
		<tier>
			<tier-name>Priceless Thurin Hatchet</tier-name>
			<tier-lvl>3</tier-lvl>
			<tier-desc/>
			<tier-allowedtechniques>-1</tier-allowedtechniques>
			<tier-attributes>
				<tier-attribute type="bulk">16</tier-attribute>
				<tier-attribute type="hoardValue">10000</tier-attribute>
				<tier-attribute type="damage">27-48</tier-attribute>
				<tier-attribute type="skill">One Hand Slash</tier-attribute>
				<tier-attribute type="damage">27-48</tier-attribute>
				<tier-attribute type="skill">One Hand Slash</tier-attribute>
				<tier-attribute type="statBonus">+20 Dexterity</tier-attribute>
				<tier-attribute type="statBonus">+5 Block Bonus</tier-attribute>
				<tier-attribute type="reqAdvSkill">One Hand Slash (500)</tier-attribute>
				<tier-attribute type="reqCurrentAdvLevel">Current Adventure Level (50)</tier-attribute>
				<tier-attribute type="reqAdvSchool">ELAR, CRSB, BRSK, RVR, RNGR, SCT, WAR</tier-attribute>
			</tier-attributes>
			<tier-keywords>
				<tier-keyword>weapon_hatchet</tier-keyword>
				<tier-keyword>weaponstyle_axe</tier-keyword>
				<tier-keyword>skill_use_onehandslash</tier-keyword>
			</tier-keywords>
			<resources>
				<resource>
					<resource-name>Shattered Regal Hatchet Pieces</resource-name>
					<resource-skill>Weaponcraft</resource-skill>
					<resource-min amount="1">480</resource-min>
					<resource-opt amount="1">480</resource-opt>
				</resource>
				<resource>
					<resource-name>Shattered Regal Hatchet Bits</resource-name>
					<resource-skill>Weaponcraft</resource-skill>
					<resource-min amount="1">480</resource-min>
					<resource-opt amount="1">480</resource-opt>
				</resource>
				<resource>
					<resource-name>Ruxus Skin</resource-name>
					<resource-skill>Weaponcraft</resource-skill>
					<resource-min amount="4">480</resource-min>
					<resource-opt amount="4">480</resource-opt>
				</resource>
				<resource>
					<resource-name>Glowing Essence Orb</resource-name>
					<resource-skill>Weaponcraft</resource-skill>
					<resource-min amount="10">480</resource-min>
					<resource-opt amount="3">800</resource-opt>
				</resource>
				<resource>
					<resource-name>Steel Bar</resource-name>
					<resource-skill>Weaponcraft</resource-skill>
					<resource-min amount="5">480</resource-min>
					<resource-opt amount="2">700</resource-opt>
				</resource>
			</resources>
		</tier>
	</item>
	<item>
		<item-name>Exceptional Zhurian Dagger</item-name>
		<item-icon>icon_formula_w_2hs_01_11.png</item-icon>
		<item-batchqty>1</item-batchqty>
		<item-attributes>
			<item-attribute type="equipSlot">Right Palm</item-attribute>
		</item-attributes>
		<item-keywords>
			<item-keyword>bodyslot_rightpalm</item-keyword>
			<item-keyword>weapon</item-keyword>
		</item-keywords>
		<tier>
			<tier-name>Exceptional Zhurian Dagger</tier-name>
			<tier-lvl>2</tier-lvl>
			<tier-desc/>
			<tier-allowedtechniques>-1</tier-allowedtechniques>
			<tier-attributes>
				<tier-attribute type="bulk">8</tier-attribute>
				<tier-attribute type="hoardValue">7500</tier-attribute>
				<tier-attribute type="damage">17-26</tier-attribute>
				<tier-attribute type="skill">One Hand Pierce</tier-attribute>
				<tier-attribute type="statBonus">+10 Evasion</tier-attribute>
				<tier-attribute type="reqAdvSkill">One Hand Pierce (400)</tier-attribute>
				<tier-attribute type="reqCurrentAdvLevel">Current Adventure Level (40)</tier-attribute>
				<tier-attribute type="reqAdvSchool">ELAR, CRSB, BLDM, RNGR, CONJ, SORC, WIZ, SHMN, SPRT, SCT, MAGE, WAR</tier-attribute>
			</tier-attributes>
			<tier-keywords>
				<tier-keyword>weaponstyle_dagger</tier-keyword>
				<tier-keyword>weapon_dagger</tier-keyword>
				<tier-keyword>skill_use_onehandpierce</tier-keyword>
			</tier-keywords>
			<resources>
				<resource>
					<resource-name>Ruined Regal Dagger Pieces</resource-name>
					<resource-skill>Weaponcraft</resource-skill>
					<resource-min amount="1">380</resource-min>
					<resource-opt amount="1">380</resource-opt>
				</resource>
				<resource>
					<resource-name>Ruined Regal Dagger Bits</resource-name>
					<resource-skill>Weaponcraft</resource-skill>
					<resource-min amount="1">380</resource-min>
					<resource-opt amount="1">380</resource-opt>
				</resource>
				<resource>
					<resource-name>Lesser Ghost Vapor</resource-name>
					<resource-skill>Weaponcraft</resource-skill>
					<resource-min amount="3">380</resource-min>
					<resource-opt amount="3">380</resource-opt>
				</resource>
				<resource>
					<resource-name>Pale Essence Orb</resource-name>
					<resource-skill>Weaponcraft</resource-skill>
					<resource-min amount="10">380</resource-min>
					<resource-opt amount="3">700</resource-opt>
				</resource>
				<resource>
					<resource-name>Iron Bar</resource-name>
					<resource-skill>Weaponcraft</resource-skill>
					<resource-min amount="5">380</resource-min>
					<resource-opt amount="2">600</resource-opt>
				</resource>
			</resources>
		</tier>
	</item>
	<item>
		<item-name>Priceless Zhurian Dagger</item-name>
		<item-icon>icon_formula_w_2hs_01_11.png</item-icon>
		<item-batchqty>1</item-batchqty>
		<item-attributes>
			<item-attribute type="equipSlot">Right Palm</item-attribute>
		</item-attributes>
		<item-keywords>
			<item-keyword>bodyslot_rightpalm</item-keyword>
			<item-keyword>weapon</item-keyword>
		</item-keywords>
		<tier>
			<tier-name>Priceless Zhurian Dagger</tier-name>
			<tier-lvl>3</tier-lvl>
			<tier-desc/>
			<tier-allowedtechniques>-1</tier-allowedtechniques>
			<tier-attributes>
				<tier-attribute type="bulk">8</tier-attribute>
				<tier-attribute type="hoardValue">10000</tier-attribute>
				<tier-attribute type="damage">20-31</tier-attribute>
				<tier-attribute type="skill">One Hand Pierce</tier-attribute>
				<tier-attribute type="statBonus">+12 Evasion</tier-attribute>
				<tier-attribute type="reqAdvSkill">One Hand Pierce (500)</tier-attribute>
				<tier-attribute type="reqCurrentAdvLevel">Current Adventure Level (50)</tier-attribute>
				<tier-attribute type="reqAdvSchool">ELAR, CRSB, BLDM, RNGR, CONJ, SORC, WIZ, SHMN, SPRT, SCT, MAGE, WAR</tier-attribute>
			</tier-attributes>
			<tier-keywords>
				<tier-keyword>weaponstyle_dagger</tier-keyword>
				<tier-keyword>weapon_dagger</tier-keyword>
				<tier-keyword>skill_use_onehandpierce</tier-keyword>
			</tier-keywords>
			<resources>
				<resource>
					<resource-name>Shattered Regal Dagger Pieces</resource-name>
					<resource-skill>Weaponcraft</resource-skill>
					<resource-min amount="1">480</resource-min>
					<resource-opt amount="1">480</resource-opt>
				</resource>
				<resource>
					<resource-name>Shattered Regal Dagger Bits</resource-name>
					<resource-skill>Weaponcraft</resource-skill>
					<resource-min amount="1">480</resource-min>
					<resource-opt amount="1">480</resource-opt>
				</resource>
				<resource>
					<resource-name>Greater Ghost Vapor</resource-name>
					<resource-skill>Weaponcraft</resource-skill>
					<resource-min amount="4">480</resource-min>
					<resource-opt amount="4">480</resource-opt>
				</resource>
				<resource>
					<resource-name>Glowing Essence Orb</resource-name>
					<resource-skill>Weaponcraft</resource-skill>
					<resource-min amount="10">480</resource-min>
					<resource-opt amount="3">800</resource-opt>
				</resource>
				<resource>
					<resource-name>Steel Bar</resource-name>
					<resource-skill>Weaponcraft</resource-skill>
					<resource-min amount="5">480</resource-min>
					<resource-opt amount="2">700</resource-opt>
				</resource>
			</resources>
		</tier>
	</item>
	<item>
		<item-name>Worn Zhurian Dagger</item-name>
		<item-icon>icon_formula_w_2hs_01_11.png</item-icon>
		<item-batchqty>1</item-batchqty>
		<item-attributes>
			<item-attribute type="equipSlot">Right Palm</item-attribute>
		</item-attributes>
		<item-keywords>
			<item-keyword>bodyslot_rightpalm</item-keyword>
			<item-keyword>weapon</item-keyword>
		</item-keywords>
		<tier>
			<tier-name>Worn Zhurian Dagger</tier-name>
			<tier-lvl>2</tier-lvl>
			<tier-desc/>
			<tier-allowedtechniques>-1</tier-allowedtechniques>
			<tier-attributes>
				<tier-attribute type="bulk">8</tier-attribute>
				<tier-attribute type="hoardValue">5000</tier-attribute>
				<tier-attribute type="damage">13-20</tier-attribute>
				<tier-attribute type="skill">One Hand Pierce</tier-attribute>
				<tier-attribute type="statBonus">+8 Evasion</tier-attribute>
				<tier-attribute type="reqAdvSkill">One Hand Pierce (300)</tier-attribute>
				<tier-attribute type="reqCurrentAdvLevel">Current Adventure Level (30)</tier-attribute>
				<tier-attribute type="reqAdvSchool">ELAR, CRSB, BLDM, RNGR, CONJ, SORC, WIZ, SHMN, SPRT, SCT, MAGE, WAR</tier-attribute>
			</tier-attributes>
			<tier-keywords>
				<tier-keyword>weaponstyle_dagger</tier-keyword>
				<tier-keyword>weapon_dagger</tier-keyword>
				<tier-keyword>skill_use_onehandpierce</tier-keyword>
			</tier-keywords>
			<resources>
				<resource>
					<resource-name>Rusted Regal Dagger Pieces</resource-name>
					<resource-skill>Weaponcraft</resource-skill>
					<resource-min amount="1">280</resource-min>
					<resource-opt amount="1">280</resource-opt>
				</resource>
				<resource>
					<resource-name>Rusted Regal Dagger Bits</resource-name>
					<resource-skill>Weaponcraft</resource-skill>
					<resource-min amount="1">280</resource-min>
					<resource-opt amount="1">280</resource-opt>
				</resource>
				<resource>
					<resource-name>Lesser Ghost Vapor</resource-name>
					<resource-skill>Weaponcraft</resource-skill>
					<resource-min amount="2">280</resource-min>
					<resource-opt amount="2">280</resource-opt>
				</resource>
				<resource>
					<resource-name>Pale Essence Orb</resource-name>
					<resource-skill>Weaponcraft</resource-skill>
					<resource-min amount="10">380</resource-min>
					<resource-opt amount="3">700</resource-opt>
				</resource>
				<resource>
					<resource-name>Iron Bar</resource-name>
					<resource-skill>Weaponcraft</resource-skill>
					<resource-min amount="5">380</resource-min>
					<resource-opt amount="2">600</resource-opt>
				</resource>
			</resources>
		</tier>
	</item>
	<item>
		<item-name>Priceless Sword of Embers</item-name>
		<item-icon>icon_formula_w_2hs_01_11.png</item-icon>
		<item-batchqty>1</item-batchqty>
		<item-attributes>
			<item-attribute type="equipSlot">Right Palm</item-attribute>
		</item-attributes>
		<item-keywords>
			<item-keyword>bodyslot_rightpalm</item-keyword>
			<item-keyword>weapon</item-keyword>
		</item-keywords>
		<tier>
			<tier-name>Priceless Sword of Embers</tier-name>
			<tier-lvl>3</tier-lvl>
			<tier-desc>A pristinely kept sword of what appears to be living embers. It is rumored that the ember blade is actually a tooth of Drulkar, the first dragon and god of fire.</tier-desc>
			<tier-allowedtechniques>-1</tier-allowedtechniques>
			<tier-attributes>
				<tier-attribute type="bulk">32</tier-attribute>
				<tier-attribute type="hoardValue">10000</tier-attribute>
				<tier-attribute type="damage">24-44</tier-attribute>
				<tier-attribute type="skill">One Hand Slash</tier-attribute>
				<tier-attribute type="statBonus">+5 Block Bonus</tier-attribute>
				<tier-attribute type="statBonus">+20 Strength</tier-attribute>
				<tier-attribute type="reqAdvSkill">One Hand Slash (450)</tier-attribute>
				<tier-attribute type="reqCurrentAdvLevel">Current Adventure Level (45)</tier-attribute>
				<tier-attribute type="reqAdvSchool">ELAR, CRSB, KNOC, RVR, RNGR, BTLM, PLDN, SCT, WAR</tier-attribute>
			</tier-attributes>
			<tier-keywords>
				<tier-keyword>weapon_longsword</tier-keyword>
				<tier-keyword>weaponstyle_sword</tier-keyword>
				<tier-keyword>skill_use_onehandslash</tier-keyword>
			</tier-keywords>
			<resources>
				<resource>
					<resource-name>Shattered Regal Long Sword Pieces</resource-name>
					<resource-skill>Weaponcraft</resource-skill>
					<resource-min amount="1">480</resource-min>
					<resource-opt amount="1">480</resource-opt>
				</resource>
				<resource>
					<resource-name>Shattered Regal Long Sword Bits</resource-name>
					<resource-skill>Weaponcraft</resource-skill>
					<resource-min amount="1">480</resource-min>
					<resource-opt amount="1">480</resource-opt>
				</resource>
				<resource>
					<resource-name>Splinter of Flame-Bone</resource-name>
					<resource-skill>Weaponcraft</resource-skill>
					<resource-min amount="4">480</resource-min>
					<resource-opt amount="4">480</resource-opt>
				</resource>
				<resource>
					<resource-name>Glowing Essence Orb</resource-name>
					<resource-skill>Weaponcraft</resource-skill>
					<resource-min amount="10">480</resource-min>
					<resource-opt amount="3">800</resource-opt>
				</resource>
				<resource>
					<resource-name>Steel Bar</resource-name>
					<resource-skill>Weaponcraft</resource-skill>
					<resource-min amount="5">480</resource-min>
					<resource-opt amount="2">700</resource-opt>
				</resource>
			</resources>
		</tier>
	</item>
	<item>
		<item-name>Exceptional Sword of Embers</item-name>
		<item-icon>icon_formula_w_2hs_01_11.png</item-icon>
		<item-batchqty>1</item-batchqty>
		<item-attributes>
			<item-attribute type="equipSlot">Right Palm</item-attribute>
		</item-attributes>
		<item-keywords>
			<item-keyword>bodyslot_rightpalm</item-keyword>
			<item-keyword>weapon</item-keyword>
		</item-keywords>
		<tier>
			<tier-name>Exceptional Sword of Embers</tier-name>
			<tier-lvl>2</tier-lvl>
			<tier-desc>An exceptionally crafted sword of what appears to be living embers. It is rumored that the ember blade is actually a tooth of Drulkar, the first dragon and god of fire.</tier-desc>
			<tier-allowedtechniques>-1</tier-allowedtechniques>
			<tier-attributes>
				<tier-attribute type="bulk">32</tier-attribute>
				<tier-attribute type="hoardValue">7500</tier-attribute>
				<tier-attribute type="damage">19-35</tier-attribute>
				<tier-attribute type="skill">One Hand Slash</tier-attribute>
				<tier-attribute type="statBonus">+4 Block Bonus</tier-attribute>
				<tier-attribute type="statBonus">+16 Strength</tier-attribute>
				<tier-attribute type="reqAdvSkill">One Hand Slash (350)</tier-attribute>
				<tier-attribute type="reqCurrentAdvLevel">Current Adventure Level (35)</tier-attribute>
				<tier-attribute type="reqAdvSchool">ELAR, CRSB, KNOC, RVR, RNGR, BTLM, PLDN, SCT, WAR</tier-attribute>
			</tier-attributes>
			<tier-keywords>
				<tier-keyword>weapon_longsword</tier-keyword>
				<tier-keyword>weaponstyle_sword</tier-keyword>
				<tier-keyword>skill_use_onehandslash</tier-keyword>
			</tier-keywords>
			<resources>
				<resource>
					<resource-name>Ruined Regal Long Sword Pieces</resource-name>
					<resource-skill>Weaponcraft</resource-skill>
					<resource-min amount="1">380</resource-min>
					<resource-opt amount="1">380</resource-opt>
				</resource>
				<resource>
					<resource-name>Ruined Regal Long Sword Bits</resource-name>
					<resource-skill>Weaponcraft</resource-skill>
					<resource-min amount="1">380</resource-min>
					<resource-opt amount="1">380</resource-opt>
				</resource>
				<resource>
					<resource-name>Splinter of Flame-Bone</resource-name>
					<resource-skill>Weaponcraft</resource-skill>
					<resource-min amount="3">380</resource-min>
					<resource-opt amount="3">380</resource-opt>
				</resource>
				<resource>
					<resource-name>Pale Essence Orb</resource-name>
					<resource-skill>Weaponcraft</resource-skill>
					<resource-min amount="10">380</resource-min>
					<resource-opt amount="3">700</resource-opt>
				</resource>
				<resource>
					<resource-name>Iron Bar</resource-name>
					<resource-skill>Weaponcraft</resource-skill>
					<resource-min amount="5">380</resource-min>
					<resource-opt amount="2">600</resource-opt>
				</resource>
			</resources>
		</tier>
	</item>
	<item>
		<item-name>Worn Sword of Embers</item-name>
		<item-icon>icon_formula_w_2hs_01_11.png</item-icon>
		<item-batchqty>1</item-batchqty>
		<item-attributes>
			<item-attribute type="equipSlot">Right Palm</item-attribute>
		</item-attributes>
		<item-keywords>
			<item-keyword>bodyslot_rightpalm</item-keyword>
			<item-keyword>weapon</item-keyword>
		</item-keywords>
		<tier>
			<tier-name>Worn Sword of Embers</tier-name>
			<tier-lvl>3</tier-lvl>
			<tier-desc>An old worn sword of what appears to be living embers. It is rumored that the ember blade is actually a tooth of Drulkar, the first dragon and god of fire.</tier-desc>
			<tier-allowedtechniques>-1</tier-allowedtechniques>
			<tier-attributes>
				<tier-attribute type="bulk">32</tier-attribute>
				<tier-attribute type="hoardValue">5000</tier-attribute>
				<tier-attribute type="damage">15-27</tier-attribute>
				<tier-attribute type="skill">One Hand Slash</tier-attribute>
				<tier-attribute type="statBonus">+3 Block Bonus</tier-attribute>
				<tier-attribute type="statBonus">+12 Strength</tier-attribute>
				<tier-attribute type="reqAdvSkill">One Hand Slash (250)</tier-attribute>
				<tier-attribute type="reqCurrentAdvLevel">Current Adventure Level (25)</tier-attribute>
				<tier-attribute type="reqAdvSchool">ELAR, CRSB, KNOC, RVR, RNGR, BTLM, PLDN, SCT, WAR</tier-attribute>
			</tier-attributes>
			<tier-keywords>
				<tier-keyword>weapon_longsword</tier-keyword>
				<tier-keyword>weaponstyle_sword</tier-keyword>
				<tier-keyword>skill_use_onehandslash</tier-keyword>
			</tier-keywords>
			<resources>
				<resource>
					<resource-name>Rusted Regal Long Sword Pieces</resource-name>
					<resource-skill>Weaponcraft</resource-skill>
					<resource-min amount="1">280</resource-min>
					<resource-opt amount="1">280</resource-opt>
				</resource>
				<resource>
					<resource-name>Rusted Regal Long Sword Bits</resource-name>
					<resource-skill>Weaponcraft</resource-skill>
					<resource-min amount="1">280</resource-min>
					<resource-opt amount="1">280</resource-opt>
				</resource>
				<resource>
					<resource-name>Splinter of Flame-Bone</resource-name>
					<resource-skill>Weaponcraft</resource-skill>
					<resource-min amount="4">480</resource-min>
					<resource-opt amount="4">480</resource-opt>
				</resource>
				<resource>
					<resource-name>Pale Essence Orb</resource-name>
					<resource-skill>Weaponcraft</resource-skill>
					<resource-min amount="10">380</resource-min>
					<resource-opt amount="3">700</resource-opt>
				</resource>
				<resource>
					<resource-name>Iron Bar</resource-name>
					<resource-skill>Weaponcraft</resource-skill>
					<resource-min amount="5">380</resource-min>
					<resource-opt amount="2">600</resource-opt>
				</resource>
			</resources>
		</tier>
	</item>
	<item>
		<item-name>Priceless Barasavian Long Spear</item-name>
		<item-icon>icon_formula_w_2hs_01_11.png</item-icon>
		<item-batchqty>1</item-batchqty>
		<item-attributes>
			<item-attribute type="equipSlot">Right Palm</item-attribute>
		</item-attributes>
		<item-keywords>
			<item-keyword>bodyslot_rightpalm</item-keyword>
			<item-keyword>weapon</item-keyword>
		</item-keywords>
		<tier>
			<tier-name>Priceless Barasavian Long Spear</tier-name>
			<tier-lvl>3</tier-lvl>
			<tier-desc>An pristinely kept spear that must truly be crafted by the Baramorians. Special techniques known only to their tribe have made their spears extremely desired, and sought after. Sadly, none live today to recreate these masterpieces from scratch.</tier-desc>
			<tier-allowedtechniques>-1</tier-allowedtechniques>
			<tier-attributes>
				<tier-attribute type="bulk">64</tier-attribute>
				<tier-attribute type="hoardValue">10000</tier-attribute>
				<tier-attribute type="damage">24-34</tier-attribute>
				<tier-attribute type="skill">One Hand Pierce</tier-attribute>
				<tier-attribute type="statBonus">+20 Strength</tier-attribute>
				<tier-attribute type="statBonus">+20 Dexterity</tier-attribute>
				<tier-attribute type="reqAdvSkill">One Hand Pierce (450)</tier-attribute>
				<tier-attribute type="reqCurrentAdvLevel">Current Adventure Level (45)</tier-attribute>
				<tier-attribute type="reqAdvSchool">ELAR, CRSB, SPRM, RNGR, SHMN, SPRT, SCT, WAR</tier-attribute>
			</tier-attributes>
			<tier-keywords>
				<tier-keyword>weapon_longspear</tier-keyword>
				<tier-keyword>weaponstyle_spear</tier-keyword>
				<tier-keyword>skill_use_onehandpierce</tier-keyword>
			</tier-keywords>
			<resources>
				<resource>
					<resource-name>Shattered Regal Spear Pieces</resource-name>
					<resource-skill>Weaponcraft</resource-skill>
					<resource-min amount="1">480</resource-min>
					<resource-opt amount="1">480</resource-opt>
				</resource>
				<resource>
					<resource-name>Shattered Regal Spear Bits</resource-name>
					<resource-skill>Weaponcraft</resource-skill>
					<resource-min amount="1">480</resource-min>
					<resource-opt amount="1">480</resource-opt>
				</resource>
				<resource>
					<resource-name>Spiderling Silk</resource-name>
					<resource-skill>Weaponcraft</resource-skill>
					<resource-min amount="12">480</resource-min>
					<resource-opt amount="12">480</resource-opt>
				</resource>
				<resource>
					<resource-name>Glowing Essence Orb</resource-name>
					<resource-skill>Weaponcraft</resource-skill>
					<resource-min amount="10">480</resource-min>
					<resource-opt amount="3">800</resource-opt>
				</resource>
				<resource>
					<resource-name>Steel Bar</resource-name>
					<resource-skill>Weaponcraft</resource-skill>
					<resource-min amount="5">480</resource-min>
					<resource-opt amount="2">700</resource-opt>
				</resource>
			</resources>
		</tier>
	</item>
	<item>
		<item-name>Exceptional Barasavian Long Spear</item-name>
		<item-icon>icon_formula_w_2hs_01_11.png</item-icon>
		<item-batchqty>1</item-batchqty>
		<item-attributes>
			<item-attribute type="equipSlot">Right Palm</item-attribute>
		</item-attributes>
		<item-keywords>
			<item-keyword>bodyslot_rightpalm</item-keyword>
			<item-keyword>weapon</item-keyword>
		</item-keywords>
		<tier>
			<tier-name>Exceptional Barasavian Long Spear</tier-name>
			<tier-lvl>2</tier-lvl>
			<tier-desc>An exceptionally kept spear rumored to have been crafted by a tribe of nomads called the Baramorians. Special techniques known only to their tribe have made their spears extremely desired, and sought after. Sadly, none live today to recreate these masterpieces from scratch.</tier-desc>
			<tier-allowedtechniques>-1</tier-allowedtechniques>
			<tier-attributes>
				<tier-attribute type="bulk">64</tier-attribute>
				<tier-attribute type="hoardValue">7500</tier-attribute>
				<tier-attribute type="damage">19-27</tier-attribute>
				<tier-attribute type="skill">One Hand Pierce</tier-attribute>
				<tier-attribute type="statBonus">+16 Strength</tier-attribute>
				<tier-attribute type="statBonus">+16 Dexterity</tier-attribute>
				<tier-attribute type="reqAdvSkill">One Hand Pierce (350)</tier-attribute>
				<tier-attribute type="reqCurrentAdvLevel">Current Adventure Level (35)</tier-attribute>
				<tier-attribute type="reqAdvSchool">ELAR, CRSB, SPRM, RNGR, SHMN, SPRT, SCT, WAR</tier-attribute>
			</tier-attributes>
			<tier-keywords>
				<tier-keyword>weapon_longspear</tier-keyword>
				<tier-keyword>weaponstyle_spear</tier-keyword>
				<tier-keyword>skill_use_onehandpierce</tier-keyword>
			</tier-keywords>
			<resources>
				<resource>
					<resource-name>Ruined Regal Spear Pieces</resource-name>
					<resource-skill>Weaponcraft</resource-skill>
					<resource-min amount="1">380</resource-min>
					<resource-opt amount="1">380</resource-opt>
				</resource>
				<resource>
					<resource-name>Ruined Regal Spear Bits</resource-name>
					<resource-skill>Weaponcraft</resource-skill>
					<resource-min amount="1">380</resource-min>
					<resource-opt amount="1">380</resource-opt>
				</resource>
				<resource>
					<resource-name>Spiderling Silk</resource-name>
					<resource-skill>Weaponcraft</resource-skill>
					<resource-min amount="9">380</resource-min>
					<resource-opt amount="9">380</resource-opt>
				</resource>
				<resource>
					<resource-name>Pale Essence Orb</resource-name>
					<resource-skill>Weaponcraft</resource-skill>
					<resource-min amount="10">380</resource-min>
					<resource-opt amount="3">700</resource-opt>
				</resource>
				<resource>
					<resource-name>Iron Bar</resource-name>
					<resource-skill>Weaponcraft</resource-skill>
					<resource-min amount="5">380</resource-min>
					<resource-opt amount="2">600</resource-opt>
				</resource>
			</resources>
		</tier>
	</item>
	<item>
		<item-name>Priceless Thundering Maul</item-name>
		<item-icon>icon_formula_w_2hs_01_11.png</item-icon>
		<item-batchqty>1</item-batchqty>
		<item-attributes>
			<item-attribute type="equipSlot">Right Palm</item-attribute>
		</item-attributes>
		<item-keywords>
			<item-keyword>bodyslot_rightpalm</item-keyword>
			<item-keyword>weapon</item-keyword>
		</item-keywords>
		<tier>
			<tier-name>Priceless Thundering Maul</tier-name>
			<tier-lvl>3</tier-lvl>
			<tier-desc/>
			<tier-allowedtechniques>-1</tier-allowedtechniques>
			<tier-attributes>
				<tier-attribute type="bulk">64</tier-attribute>
				<tier-attribute type="hoardValue">10000</tier-attribute>
				<tier-attribute type="damage">62-73</tier-attribute>
				<tier-attribute type="skill">Two Hand Crush</tier-attribute>
				<tier-attribute type="statBonus">+30 Strength</tier-attribute>
				<tier-attribute type="reqAdvSkill">Two Hand Crush (450)</tier-attribute>
				<tier-attribute type="reqCurrentAdvLevel">Current Adventure Level (45)</tier-attribute>
				<tier-attribute type="reqAdvSchool">GRDN, CHSW, CLRC, SHMN, WAR</tier-attribute>
			</tier-attributes>
			<tier-keywords>
				<tier-keyword>weaponstyle_mace</tier-keyword>
				<tier-keyword>weapon_maul</tier-keyword>
				<tier-keyword>skill_use_twohandcrush</tier-keyword>
			</tier-keywords>
			<resources>
				<resource>
					<resource-name>Shattered Regal Maul Pieces</resource-name>
					<resource-skill>Weaponcraft</resource-skill>
					<resource-min amount="1">480</resource-min>
					<resource-opt amount="1">480</resource-opt>
				</resource>
				<resource>
					<resource-name>Shattered Regal Maul Bits</resource-name>
					<resource-skill>Weaponcraft</resource-skill>
					<resource-min amount="1">480</resource-min>
					<resource-opt amount="1">480</resource-opt>
				</resource>
				<resource>
					<resource-name>Greater Ghost Vapor</resource-name>
					<resource-skill>Weaponcraft</resource-skill>
					<resource-min amount="4">480</resource-min>
					<resource-opt amount="4">480</resource-opt>
				</resource>
				<resource>
					<resource-name>Glowing Essence Orb</resource-name>
					<resource-skill>Weaponcraft</resource-skill>
					<resource-min amount="10">480</resource-min>
					<resource-opt amount="3">800</resource-opt>
				</resource>
				<resource>
					<resource-name>Steel Bar</resource-name>
					<resource-skill>Weaponcraft</resource-skill>
					<resource-min amount="5">480</resource-min>
					<resource-opt amount="2">700</resource-opt>
				</resource>
			</resources>
		</tier>
	</item>
	<item>
		<item-name>Worn Barasavian Long Spear</item-name>
		<item-icon>icon_formula_w_2hs_01_11.png</item-icon>
		<item-batchqty>1</item-batchqty>
		<item-attributes>
			<item-attribute type="equipSlot">Right Palm</item-attribute>
		</item-attributes>
		<item-keywords>
			<item-keyword>bodyslot_rightpalm</item-keyword>
			<item-keyword>weapon</item-keyword>
		</item-keywords>
		<tier>
			<tier-name>Worn Barasavian Long Spear</tier-name>
			<tier-lvl>3</tier-lvl>
			<tier-desc>An old worn spear rumored to have been crafted by a tribe of nomads called the Baramorians. Special techniques known only to their tribe have made their spears extremely desired, and sought after. Sadly, none live today to recreate these masterpieces from scratch.</tier-desc>
			<tier-allowedtechniques>-1</tier-allowedtechniques>
			<tier-attributes>
				<tier-attribute type="bulk">64</tier-attribute>
				<tier-attribute type="hoardValue">5000</tier-attribute>
				<tier-attribute type="damage">15-21</tier-attribute>
				<tier-attribute type="skill">One Hand Pierce</tier-attribute>
				<tier-attribute type="statBonus">+12 Strength</tier-attribute>
				<tier-attribute type="statBonus">+12 Dexterity</tier-attribute>
				<tier-attribute type="reqAdvSkill">One Hand Pierce (250)</tier-attribute>
				<tier-attribute type="reqCurrentAdvLevel">Current Adventure Level (25)</tier-attribute>
				<tier-attribute type="reqAdvSchool">ELAR, CRSB, SPRM, RNGR, SHMN, SPRT, SCT, WAR</tier-attribute>
			</tier-attributes>
			<tier-keywords>
				<tier-keyword>weapon_longspear</tier-keyword>
				<tier-keyword>weaponstyle_spear</tier-keyword>
				<tier-keyword>skill_use_onehandpierce</tier-keyword>
			</tier-keywords>
			<resources>
				<resource>
					<resource-name>Rusted Regal Spear Pieces</resource-name>
					<resource-skill>Weaponcraft</resource-skill>
					<resource-min amount="1">280</resource-min>
					<resource-opt amount="1">280</resource-opt>
				</resource>
				<resource>
					<resource-name>Rusted Regal Spear Bits</resource-name>
					<resource-skill>Weaponcraft</resource-skill>
					<resource-min amount="1">280</resource-min>
					<resource-opt amount="1">280</resource-opt>
				</resource>
				<resource>
					<resource-name>Spiderling Silk</resource-name>
					<resource-skill>Weaponcraft</resource-skill>
					<resource-min amount="12">480</resource-min>
					<resource-opt amount="12">480</resource-opt>
				</resource>
				<resource>
					<resource-name>Pale Essence Orb</resource-name>
					<resource-skill>Weaponcraft</resource-skill>
					<resource-min amount="10">380</resource-min>
					<resource-opt amount="3">700</resource-opt>
				</resource>
				<resource>
					<resource-name>Iron Bar</resource-name>
					<resource-skill>Weaponcraft</resource-skill>
					<resource-min amount="5">380</resource-min>
					<resource-opt amount="2">600</resource-opt>
				</resource>
			</resources>
		</tier>
	</item>
	<item>
		<item-name>Exceptional Thundering Maul</item-name>
		<item-icon>icon_formula_w_2hs_01_11.png</item-icon>
		<item-batchqty>1</item-batchqty>
		<item-attributes>
			<item-attribute type="equipSlot">Right Palm</item-attribute>
		</item-attributes>
		<item-keywords>
			<item-keyword>bodyslot_rightpalm</item-keyword>
			<item-keyword>weapon</item-keyword>
		</item-keywords>
		<tier>
			<tier-name>Exceptional Thundering Maul</tier-name>
			<tier-lvl>2</tier-lvl>
			<tier-desc/>
			<tier-allowedtechniques>-1</tier-allowedtechniques>
			<tier-attributes>
				<tier-attribute type="bulk">64</tier-attribute>
				<tier-attribute type="hoardValue">7500</tier-attribute>
				<tier-attribute type="damage">50-58</tier-attribute>
				<tier-attribute type="skill">Two Hand Crush</tier-attribute>
				<tier-attribute type="statBonus">+25 Strength</tier-attribute>
				<tier-attribute type="reqAdvSkill">Two Hand Crush (350)</tier-attribute>
				<tier-attribute type="reqCurrentAdvLevel">Current Adventure Level (35)</tier-attribute>
				<tier-attribute type="reqAdvSchool">GRDN, CHSW, CLRC, SHMN, WAR</tier-attribute>
			</tier-attributes>
			<tier-keywords>
				<tier-keyword>weaponstyle_mace</tier-keyword>
				<tier-keyword>weapon_maul</tier-keyword>
				<tier-keyword>skill_use_twohandcrush</tier-keyword>
			</tier-keywords>
			<resources>
				<resource>
					<resource-name>Ruined Regal Maul Pieces</resource-name>
					<resource-skill>Weaponcraft</resource-skill>
					<resource-min amount="1">380</resource-min>
					<resource-opt amount="1">380</resource-opt>
				</resource>
				<resource>
					<resource-name>Ruined Regal Maul Bits</resource-name>
					<resource-skill>Weaponcraft</resource-skill>
					<resource-min amount="1">380</resource-min>
					<resource-opt amount="1">380</resource-opt>
				</resource>
				<resource>
					<resource-name>Lesser Ghost Vapor</resource-name>
					<resource-skill>Weaponcraft</resource-skill>
					<resource-min amount="3">380</resource-min>
					<resource-opt amount="3">380</resource-opt>
				</resource>
				<resource>
					<resource-name>Pale Essence Orb</resource-name>
					<resource-skill>Weaponcraft</resource-skill>
					<resource-min amount="10">380</resource-min>
					<resource-opt amount="3">700</resource-opt>
				</resource>
				<resource>
					<resource-name>Iron Bar</resource-name>
					<resource-skill>Weaponcraft</resource-skill>
					<resource-min amount="5">380</resource-min>
					<resource-opt amount="2">600</resource-opt>
				</resource>
			</resources>
		</tier>
	</item>
	<item>
		<item-name>Worn Thundering Maul</item-name>
		<item-icon>icon_formula_w_2hs_01_11.png</item-icon>
		<item-batchqty>1</item-batchqty>
		<item-attributes>
			<item-attribute type="equipSlot">Right Palm</item-attribute>
		</item-attributes>
		<item-keywords>
			<item-keyword>bodyslot_rightpalm</item-keyword>
			<item-keyword>weapon</item-keyword>
		</item-keywords>
		<tier>
			<tier-name>Worn Thundering Maul</tier-name>
			<tier-lvl>2</tier-lvl>
			<tier-desc/>
			<tier-allowedtechniques>-1</tier-allowedtechniques>
			<tier-attributes>
				<tier-attribute type="bulk">64</tier-attribute>
				<tier-attribute type="hoardValue">5000</tier-attribute>
				<tier-attribute type="damage">37-45</tier-attribute>
				<tier-attribute type="skill">Two Hand Crush</tier-attribute>
				<tier-attribute type="statBonus">+20 Strength</tier-attribute>
				<tier-attribute type="reqAdvSkill">Two Hand Crush (250)</tier-attribute>
				<tier-attribute type="reqCurrentAdvLevel">Current Adventure Level (25)</tier-attribute>
				<tier-attribute type="reqAdvSchool">GRDN, CHSW, CLRC, SHMN, WAR</tier-attribute>
			</tier-attributes>
			<tier-keywords>
				<tier-keyword>weaponstyle_mace</tier-keyword>
				<tier-keyword>weapon_maul</tier-keyword>
				<tier-keyword>skill_use_twohandcrush</tier-keyword>
			</tier-keywords>
			<resources>
				<resource>
					<resource-name>Rusted Regal Maul Pieces</resource-name>
					<resource-skill>Weaponcraft</resource-skill>
					<resource-min amount="1">280</resource-min>
					<resource-opt amount="1">280</resource-opt>
				</resource>
				<resource>
					<resource-name>Rusted Regal Maul Bits</resource-name>
					<resource-skill>Weaponcraft</resource-skill>
					<resource-min amount="1">280</resource-min>
					<resource-opt amount="1">280</resource-opt>
				</resource>
				<resource>
					<resource-name>Lesser Ghost Vapor</resource-name>
					<resource-skill>Weaponcraft</resource-skill>
					<resource-min amount="2">280</resource-min>
					<resource-opt amount="2">280</resource-opt>
				</resource>
				<resource>
					<resource-name>Pale Essence Orb</resource-name>
					<resource-skill>Weaponcraft</resource-skill>
					<resource-min amount="10">380</resource-min>
					<resource-opt amount="3">700</resource-opt>
				</resource>
				<resource>
					<resource-name>Iron Bar</resource-name>
					<resource-skill>Weaponcraft</resource-skill>
					<resource-min amount="5">380</resource-min>
					<resource-opt amount="2">600</resource-opt>
				</resource>
			</resources>
		</tier>
	</item>
	<item>
		<item-name>Priceless Mace of Zeal</item-name>
		<item-icon>icon_formula_w_2hs_01_11.png</item-icon>
		<item-batchqty>1</item-batchqty>
		<item-attributes>
			<item-attribute type="equipSlot">Right Palm</item-attribute>
		</item-attributes>
		<item-keywords>
			<item-keyword>bodyslot_rightpalm</item-keyword>
			<item-keyword>weapon</item-keyword>
		</item-keywords>
		<tier>
			<tier-name>Priceless Mace of Zeal</tier-name>
			<tier-lvl>3</tier-lvl>
			<tier-desc>A pristinely kept mace that truly must have been blessed by Brobbet himself. It is said that the wielder of this mace will feel zeal overcome them during their time of need.</tier-desc>
			<tier-allowedtechniques>-1</tier-allowedtechniques>
			<tier-attributes>
				<tier-attribute type="bulk">32</tier-attribute>
				<tier-attribute type="hoardValue">10000</tier-attribute>
				<tier-attribute type="damage">37-42</tier-attribute>
				<tier-attribute type="skill">One Hand Crush</tier-attribute>
				<tier-attribute type="statBonus">+30 Power</tier-attribute>
				<tier-attribute type="reqAdvSkill">One Hand Crush (500)</tier-attribute>
				<tier-attribute type="reqCurrentAdvLevel">Current Adventure Level (50)</tier-attribute>
				<tier-attribute type="reqAdvSchool">GRDN, ELAR, CRSB, RNGR, CLRC, SHMN, SCT, HLR, WAR</tier-attribute>
			</tier-attributes>
			<tier-keywords>
				<tier-keyword>weaponstyle_mace</tier-keyword>
				<tier-keyword>weapon_mace</tier-keyword>
				<tier-keyword>skill_use_onehandcrush</tier-keyword>
			</tier-keywords>
			<resources>
				<resource>
					<resource-name>Shattered Regal Mace Pieces</resource-name>
					<resource-skill>Weaponcraft</resource-skill>
					<resource-min amount="1">480</resource-min>
					<resource-opt amount="1">480</resource-opt>
				</resource>
				<resource>
					<resource-name>Shattered Regal Mace Bits</resource-name>
					<resource-skill>Weaponcraft</resource-skill>
					<resource-min amount="1">480</resource-min>
					<resource-opt amount="1">480</resource-opt>
				</resource>
				<resource>
					<resource-name>Greater Ghost Vapor</resource-name>
					<resource-skill>Weaponcraft</resource-skill>
					<resource-min amount="4">480</resource-min>
					<resource-opt amount="4">480</resource-opt>
				</resource>
				<resource>
					<resource-name>Glowing Essence Orb</resource-name>
					<resource-skill>Weaponcraft</resource-skill>
					<resource-min amount="10">480</resource-min>
					<resource-opt amount="3">800</resource-opt>
				</resource>
				<resource>
					<resource-name>Steel Bar</resource-name>
					<resource-skill>Weaponcraft</resource-skill>
					<resource-min amount="5">480</resource-min>
					<resource-opt amount="2">700</resource-opt>
				</resource>
			</resources>
		</tier>
	</item>
	<item>
		<item-name>Exceptional Thurin Hatchet</item-name>
		<item-icon>icon_formula_w_2hs_01_11.png</item-icon>
		<item-batchqty>1</item-batchqty>
		<item-attributes>
			<item-attribute type="equipSlot">Right Palm</item-attribute>
		</item-attributes>
		<item-keywords>
			<item-keyword>bodyslot_rightpalm</item-keyword>
			<item-keyword>weapon</item-keyword>
		</item-keywords>
		<tier>
			<tier-name>Exceptional Thurin Hatchet</tier-name>
			<tier-lvl>2</tier-lvl>
			<tier-desc/>
			<tier-allowedtechniques>-1</tier-allowedtechniques>
			<tier-attributes>
				<tier-attribute type="bulk">16</tier-attribute>
				<tier-attribute type="hoardValue">7500</tier-attribute>
				<tier-attribute type="damage">23-40</tier-attribute>
				<tier-attribute type="skill">One Hand Slash</tier-attribute>
				<tier-attribute type="damage">23-40</tier-attribute>
				<tier-attribute type="skill">One Hand Slash</tier-attribute>
				<tier-attribute type="statBonus">+16 Dexterity</tier-attribute>
				<tier-attribute type="statBonus">+4 Block Bonus</tier-attribute>
				<tier-attribute type="reqAdvSkill">One Hand Slash (400)</tier-attribute>
				<tier-attribute type="reqCurrentAdvLevel">Current Adventure Level (40)</tier-attribute>
				<tier-attribute type="reqAdvSchool">ELAR, CRSB, BRSK, RVR, RNGR, SCT, WAR</tier-attribute>
			</tier-attributes>
			<tier-keywords>
				<tier-keyword>weapon_hatchet</tier-keyword>
				<tier-keyword>weaponstyle_axe</tier-keyword>
				<tier-keyword>skill_use_onehandslash</tier-keyword>
			</tier-keywords>
			<resources>
				<resource>
					<resource-name>Ruined Regal Hatchet Pieces</resource-name>
					<resource-skill>Weaponcraft</resource-skill>
					<resource-min amount="1">380</resource-min>
					<resource-opt amount="1">380</resource-opt>
				</resource>
				<resource>
					<resource-name>Ruined Regal Hatchet Bits</resource-name>
					<resource-skill>Weaponcraft</resource-skill>
					<resource-min amount="1">380</resource-min>
					<resource-opt amount="1">380</resource-opt>
				</resource>
				<resource>
					<resource-name>Ruxus Skin</resource-name>
					<resource-skill>Weaponcraft</resource-skill>
					<resource-min amount="3">380</resource-min>
					<resource-opt amount="3">380</resource-opt>
				</resource>
				<resource>
					<resource-name>Pale Essence Orb</resource-name>
					<resource-skill>Weaponcraft</resource-skill>
					<resource-min amount="10">380</resource-min>
					<resource-opt amount="3">700</resource-opt>
				</resource>
				<resource>
					<resource-name>Iron Bar</resource-name>
					<resource-skill>Weaponcraft</resource-skill>
					<resource-min amount="5">380</resource-min>
					<resource-opt amount="2">600</resource-opt>
				</resource>
			</resources>
		</tier>
	</item>
	<item>
		<item-name>Exceptional Mace of Zeal</item-name>
		<item-icon>icon_formula_w_2hs_01_11.png</item-icon>
		<item-batchqty>1</item-batchqty>
		<item-attributes>
			<item-attribute type="equipSlot">Right Palm</item-attribute>
		</item-attributes>
		<item-keywords>
			<item-keyword>bodyslot_rightpalm</item-keyword>
			<item-keyword>weapon</item-keyword>
		</item-keywords>
		<tier>
			<tier-name>Exceptional Mace of Zeal</tier-name>
			<tier-lvl>2</tier-lvl>
			<tier-desc>An exceptionally kept mace rumored to have been blessed by Brobbet himself during a time in which the gods played a more active role in the world. It is said that the wielder of this mace will feel zeal overcome them during their time of need.</tier-desc>
			<tier-allowedtechniques>-1</tier-allowedtechniques>
			<tier-attributes>
				<tier-attribute type="bulk">32</tier-attribute>
				<tier-attribute type="hoardValue">7500</tier-attribute>
				<tier-attribute type="damage">30-36</tier-attribute>
				<tier-attribute type="skill">One Hand Crush</tier-attribute>
				<tier-attribute type="statBonus">+25 Power</tier-attribute>
				<tier-attribute type="reqAdvSkill">One Hand Crush (400)</tier-attribute>
				<tier-attribute type="reqCurrentAdvLevel">Current Adventure Level (40)</tier-attribute>
				<tier-attribute type="reqAdvSchool">GRDN, ELAR, CRSB, RNGR, CLRC, SHMN, SCT, HLR, WAR</tier-attribute>
			</tier-attributes>
			<tier-keywords>
				<tier-keyword>weaponstyle_mace</tier-keyword>
				<tier-keyword>weapon_mace</tier-keyword>
				<tier-keyword>skill_use_onehandcrush</tier-keyword>
			</tier-keywords>
			<resources>
				<resource>
					<resource-name>Ruined Regal Mace Pieces</resource-name>
					<resource-skill>Weaponcraft</resource-skill>
					<resource-min amount="1">380</resource-min>
					<resource-opt amount="1">380</resource-opt>
				</resource>
				<resource>
					<resource-name>Ruined Regal Mace Bits</resource-name>
					<resource-skill>Weaponcraft</resource-skill>
					<resource-min amount="1">380</resource-min>
					<resource-opt amount="1">380</resource-opt>
				</resource>
				<resource>
					<resource-name>Lesser Ghost Vapor</resource-name>
					<resource-skill>Weaponcraft</resource-skill>
					<resource-min amount="3">380</resource-min>
					<resource-opt amount="3">380</resource-opt>
				</resource>
				<resource>
					<resource-name>Pale Essence Orb</resource-name>
					<resource-skill>Weaponcraft</resource-skill>
					<resource-min amount="10">380</resource-min>
					<resource-opt amount="3">700</resource-opt>
				</resource>
				<resource>
					<resource-name>Iron Bar</resource-name>
					<resource-skill>Weaponcraft</resource-skill>
					<resource-min amount="5">380</resource-min>
					<resource-opt amount="2">600</resource-opt>
				</resource>
			</resources>
		</tier>
	</item>
	<item>
		<item-name>Worn Mace of Zeal</item-name>
		<item-icon>icon_formula_w_2hs_01_11.png</item-icon>
		<item-batchqty>1</item-batchqty>
		<item-attributes>
			<item-attribute type="equipSlot">Right Palm</item-attribute>
		</item-attributes>
		<item-keywords>
			<item-keyword>bodyslot_rightpalm</item-keyword>
			<item-keyword>weapon</item-keyword>
		</item-keywords>
		<tier>
			<tier-name>Worn Mace of Zeal</tier-name>
			<tier-lvl>2</tier-lvl>
			<tier-desc/>
			<tier-allowedtechniques>-1</tier-allowedtechniques>
			<tier-attributes>
				<tier-attribute type="bulk">32</tier-attribute>
				<tier-attribute type="hoardValue">5000</tier-attribute>
				<tier-attribute type="damage">24-28</tier-attribute>
				<tier-attribute type="skill">One Hand Crush</tier-attribute>
				<tier-attribute type="statBonus">+20 Power</tier-attribute>
				<tier-attribute type="reqAdvSkill">One Hand Crush (300)</tier-attribute>
				<tier-attribute type="reqCurrentAdvLevel">Current Adventure Level (30)</tier-attribute>
				<tier-attribute type="reqAdvSchool">GRDN, ELAR, CRSB, RNGR, CLRC, SHMN, SCT, HLR, WAR</tier-attribute>
			</tier-attributes>
			<tier-keywords>
				<tier-keyword>weaponstyle_mace</tier-keyword>
				<tier-keyword>weapon_mace</tier-keyword>
				<tier-keyword>skill_use_onehandcrush</tier-keyword>
			</tier-keywords>
			<resources>
				<resource>
					<resource-name>Rusted Regal Mace Pieces</resource-name>
					<resource-skill>Weaponcraft</resource-skill>
					<resource-min amount="1">280</resource-min>
					<resource-opt amount="1">280</resource-opt>
				</resource>
				<resource>
					<resource-name>Rusted Regal Mace Bits</resource-name>
					<resource-skill>Weaponcraft</resource-skill>
					<resource-min amount="1">280</resource-min>
					<resource-opt amount="1">280</resource-opt>
				</resource>
				<resource>
					<resource-name>Lesser Ghost Vapor</resource-name>
					<resource-skill>Weaponcraft</resource-skill>
					<resource-min amount="2">280</resource-min>
					<resource-opt amount="2">280</resource-opt>
				</resource>
				<resource>
					<resource-name>Pale Essence Orb</resource-name>
					<resource-skill>Weaponcraft</resource-skill>
					<resource-min amount="10">380</resource-min>
					<resource-opt amount="3">700</resource-opt>
				</resource>
				<resource>
					<resource-name>Iron Bar</resource-name>
					<resource-skill>Weaponcraft</resource-skill>
					<resource-min amount="5">380</resource-min>
					<resource-opt amount="2">600</resource-opt>
				</resource>
			</resources>
		</tier>
	</item>
</formulaset>
