<?xml version="1.0" encoding="ISO-8859-1"?>
<formulaset format="2.1">
	<formulaset-name>Scales</formulaset-name>
	<formulaset-categories>
		<formulaset-category>Epic / Rare</formulaset-category>
	</formulaset-categories>
	<item>
		<item-name>Scale of Dance</item-name>
		<item-icon>icon_formula_ds_01_04_11.png</item-icon>
		<item-batchqty>1</item-batchqty>
		<item-attributes>
			<item-attribute type="equipSlot">Head Scale</item-attribute>
			<item-attribute type="bulk">20</item-attribute>
			<item-attribute type="reqCurrentSchoolLevel">Current School Level (20)</item-attribute>
			<item-attribute type="reqRace">Adult Dragon, Hatchling Dragon, Ancient Dragon, Khutit</item-attribute>
			<item-attribute type="convertDamage">Converts damage to dance</item-attribute>
		</item-attributes>
		<item-keywords>
			<item-keyword>dragon_bodyslot_head</item-keyword>
			<item-keyword>dragonscale</item-keyword>
			<item-keyword>tier_2</item-keyword>
		</item-keywords>
		<tier>
			<tier-name>Scale of Dance</tier-name>
			<tier-lvl>2</tier-lvl>
			<tier-allowedtechniques>-1</tier-allowedtechniques>
			<tier-attributes>
      </tier-attributes>
			<resources>
				<resource>
					<resource-name>Elnathian Silver Bar</resource-name>
					<resource-skill>Scalecraft</resource-skill>
					<resource-min amount="10">200</resource-min>
					<resource-opt amount="5">400</resource-opt>
				</resource>
				<resource>
					<resource-name>Elnathian Slate Rune</resource-name>
					<resource-skill>Scalecraft</resource-skill>
					<resource-min amount="10">200</resource-min>
					<resource-opt amount="5">400</resource-opt>
				</resource>
			</resources>
		</tier>
	</item>
	<item>
		<item-name>Scale of Melody</item-name>
		<item-icon>icon_formula_ds_01_03_11.png</item-icon>
		<item-batchqty>1</item-batchqty>
		<item-attributes>
			<item-attribute type="equipSlot">Head Scale</item-attribute>
			<item-attribute type="bulk">20</item-attribute>
			<item-attribute type="reqCurrentSchoolLevel">Current School Level (20)</item-attribute>
			<item-attribute type="reqRace">Adult Dragon, Hatchling Dragon, Ancient Dragon, Khutit</item-attribute>
			<item-attribute type="convertDamage">Converts damage to melody</item-attribute>
		</item-attributes>
		<item-keywords>
			<item-keyword>dragon_bodyslot_head</item-keyword>
			<item-keyword>dragonscale</item-keyword>
			<item-keyword>tier_2</item-keyword>
		</item-keywords>
		<tier>
			<tier-name>Scale of Melody</tier-name>
			<tier-lvl>2</tier-lvl>
			<tier-allowedtechniques>-1</tier-allowedtechniques>
			<tier-attributes>
      </tier-attributes>
			<resources>
				<resource>
					<resource-name>Dabihian Silver Bar</resource-name>
					<resource-skill>Scalecraft</resource-skill>
					<resource-min amount="10">200</resource-min>
					<resource-opt amount="5">400</resource-opt>
				</resource>
				<resource>
					<resource-name>Dabihian Slate Rune</resource-name>
					<resource-skill>Scalecraft</resource-skill>
					<resource-min amount="10">200</resource-min>
					<resource-opt amount="5">400</resource-opt>
				</resource>
			</resources>
		</tier>
	</item>
	<item>
		<item-name>Scale of Revelry</item-name>
		<item-icon>icon_formula_ds_01_03_11.png</item-icon>
		<item-batchqty>1</item-batchqty>
		<item-attributes>
			<item-attribute type="equipSlot">Head Scale</item-attribute>
			<item-attribute type="bulk">20</item-attribute>
			<item-attribute type="reqCurrentSchoolLevel">Current School Level (20)</item-attribute>
			<item-attribute type="reqRace">Adult Dragon, Hatchling Dragon, Ancient Dragon, Khutit</item-attribute>
			<item-attribute type="convertDamage">Converts damage to revelry</item-attribute>
		</item-attributes>
		<item-keywords>
			<item-keyword>dragon_bodyslot_head</item-keyword>
			<item-keyword>dragonscale</item-keyword>
			<item-keyword>tier_2</item-keyword>
		</item-keywords>
		<tier>
			<tier-name>Scale of Revelry</tier-name>
			<tier-lvl>2</tier-lvl>
			<tier-allowedtechniques>-1</tier-allowedtechniques>
			<tier-attributes>
      </tier-attributes>
			<resources>
				<resource>
					<resource-name>Algedian Silver Bar</resource-name>
					<resource-skill>Scalecraft</resource-skill>
					<resource-min amount="10">200</resource-min>
					<resource-opt amount="5">400</resource-opt>
				</resource>
				<resource>
					<resource-name>Algedian Slate Rune</resource-name>
					<resource-skill>Scalecraft</resource-skill>
					<resource-min amount="10">200</resource-min>
					<resource-opt amount="5">400</resource-opt>
				</resource>
			</resources>
		</tier>
	</item>
	<item>
		<item-name>Scale of the Feast</item-name>
		<item-icon>icon_formula_ds_01_01_11.png</item-icon>
		<item-batchqty>1</item-batchqty>
		<item-attributes>
			<item-attribute type="equipSlot">Head Scale</item-attribute>
			<item-attribute type="bulk">20</item-attribute>
			<item-attribute type="reqCurrentSchoolLevel">Current School Level (20)</item-attribute>
			<item-attribute type="reqRace">Adult Dragon, Hatchling Dragon, Ancient Dragon, Khutit</item-attribute>
			<item-attribute type="convertDamage">Converts damage to feasting</item-attribute>
		</item-attributes>
		<item-keywords>
			<item-keyword>dragon_bodyslot_head</item-keyword>
			<item-keyword>dragonscale</item-keyword>
			<item-keyword>tier_2</item-keyword>
		</item-keywords>
		<tier>
			<tier-name>Scale of the Feast</tier-name>
			<tier-lvl>2</tier-lvl>
			<tier-allowedtechniques>-1</tier-allowedtechniques>
			<tier-attributes>
      </tier-attributes>
			<resources>
				<resource>
					<resource-name>Corvian Silver Bar</resource-name>
					<resource-skill>Scalecraft</resource-skill>
					<resource-min amount="10">200</resource-min>
					<resource-opt amount="5">400</resource-opt>
				</resource>
				<resource>
					<resource-name>Corvian Slate Rune</resource-name>
					<resource-skill>Scalecraft</resource-skill>
					<resource-min amount="10">200</resource-min>
					<resource-opt amount="5">400</resource-opt>
				</resource>
			</resources>
		</tier>
	</item>
	<item>
		<item-name>Reklar's Tail Scale</item-name>
		<item-icon>icon_formula_ds_04_05_11.png</item-icon>
		<item-batchqty>1</item-batchqty>
		<item-attributes>
			<item-attribute type="bulk">1</item-attribute>
			<item-attribute type="equipSlot">Tail Scale</item-attribute>
			<item-attribute type="hoardValue">150000</item-attribute>
			<item-attribute type="statBonus">+75 Armor</item-attribute>
			<item-attribute type="statBonus">+100 Power</item-attribute>
			<item-attribute type="statBonus">+50 Primal</item-attribute>
			<item-attribute type="reqCurrentAdvLevel">Current Adventure Level (100)</item-attribute>
			<item-attribute type="damagemodifier">Incoming Attacks only Against Undead: Does 94% of normal damage</item-attribute>
			<item-attribute type="damagemodifier">Incoming Ranged only Attacks only Spells only Against Undead: Does 104% of normal damage</item-attribute>
		</item-attributes>
		<item-keywords>
			<item-keyword>dragon_bodyslot_tail</item-keyword>
			<item-keyword>dragonscale</item-keyword>
			<item-keyword>tier_6</item-keyword>
		</item-keywords>
		<tier>
			<tier-name>Reklar's Tail Scale</tier-name>
			<tier-lvl>6</tier-lvl>
			<tier-desc/>
			<tier-allowedtechniques>-1</tier-allowedtechniques>
			<tier-attributes>
			</tier-attributes>
			<tier-keywords>
			</tier-keywords>
			<resources>
				<resource>
					<resource-name>Reklar's Tail Scale (Piece 1 of 4)</resource-name>
					<resource-skill>Dragon Scalecraft</resource-skill>
					<resource-min amount="1">1200</resource-min>
					<resource-opt amount="1">1200</resource-opt>
				</resource>
				<resource>
					<resource-name>Reklar's Tail Scale (Piece 2 of 4)</resource-name>
					<resource-skill>Dragon Scalecraft</resource-skill>
					<resource-min amount="1">1200</resource-min>
					<resource-opt amount="1">1200</resource-opt>
				</resource>
				<resource>
					<resource-name>Reklar's Tail Scale (Piece 3 of 4)</resource-name>
					<resource-skill>Dragon Scalecraft</resource-skill>
					<resource-min amount="1">1200</resource-min>
					<resource-opt amount="1">1200</resource-opt>
				</resource>
				<resource>
					<resource-name>Reklar's Tail Scale (Piece 4 of 4)</resource-name>
					<resource-skill>Dragon Scalecraft</resource-skill>
					<resource-min amount="1">1200</resource-min>
					<resource-opt amount="1">1200</resource-opt>
				</resource>
			</resources>
		</tier>
	</item>
</formulaset>
