<?xml version="1.0" encoding="ISO-8859-1"?>
<formulaset format="2.1">
	<formulaset-name>Shields</formulaset-name>
	<formulaset-categories>
		<formulaset-category>Epic / Rare</formulaset-category>
	</formulaset-categories>
	<item>
		<item-name>Reklar's Tower Shield</item-name>
		<item-icon>icon_formula_a_17_04_11.png</item-icon>
		<item-batchqty>1</item-batchqty>
		<item-attributes>
			<item-attribute type="bulk">32</item-attribute>
			<item-attribute type="equipSlot">Left Palm</item-attribute>
			<item-attribute type="hoardValue">150000</item-attribute>
			<item-attribute type="shieldOn">Allows shield blocking</item-attribute>
			<item-attribute type="statBonus">+225 Armor</item-attribute>
			<item-attribute type="statBonus">+30 One Hand Pierce</item-attribute>
			<item-attribute type="statBonus">+30 One Hand Slash</item-attribute>
			<item-attribute type="statBonus">+30 One Hand Crush</item-attribute>
			<item-attribute type="statBonus">+15 Block Bonus</item-attribute>
			<item-attribute type="reqAdvSkill">Shield (1000)</item-attribute>
			<item-attribute type="reqCurrentAdvLevel">Current Adventure Level (100)</item-attribute>
			<item-attribute type="reqAdvSchool">GRDN, CRSB, KNOC, SPRM, RVR, RNGR, CLRC, DRU, SHMN, BTLM, PLDN, SCT, HLR, WAR</item-attribute>
			<item-attribute type="damagemodifier">Incoming Attacks only Against Undead: Does 94% of normal damage</item-attribute>
		</item-attributes>
		<item-keywords>
			<item-keyword>shieldstyle_large</item-keyword>
			<item-keyword>tier_6</item-keyword>
			<item-keyword>bodyslot_leftpalm</item-keyword>
			<item-keyword>shield</item-keyword>
			<item-keyword>armor</item-keyword>
		</item-keywords>
		<tier>
			<tier-name>Reklar's Tower Shield</tier-name>
			<tier-lvl>6</tier-lvl>
			<tier-desc/>
			<tier-allowedtechniques>-1</tier-allowedtechniques>
			<tier-attributes>
			</tier-attributes>
			<tier-keywords>
			</tier-keywords>
			<resources>
				<resource>
					<resource-name>Reklar's Tower Shield (Piece 1 of 4)</resource-name>
					<resource-skill>Armorcraft</resource-skill>
					<resource-min amount="1">1200</resource-min>
					<resource-opt amount="1">1200</resource-opt>
				</resource>
				<resource>
					<resource-name>Reklar's Tower Shield (Piece 2 of 4)</resource-name>
					<resource-skill>Armorcraft</resource-skill>
					<resource-min amount="1">1200</resource-min>
					<resource-opt amount="1">1200</resource-opt>
				</resource>
				<resource>
					<resource-name>Reklar's Tower Shield (Piece 3 of 4)</resource-name>
					<resource-skill>Armorcraft</resource-skill>
					<resource-min amount="1">1200</resource-min>
					<resource-opt amount="1">1200</resource-opt>
				</resource>
				<resource>
					<resource-name>Reklar's Tower Shield (Piece 1 of 4)</resource-name>
					<resource-skill>Armorcraft</resource-skill>
					<resource-min amount="1">1200</resource-min>
					<resource-opt amount="1">1200</resource-opt>
				</resource>
			</resources>
		</tier>
	</item>
</formulaset>
