<?xml version="1.0" encoding="ISO-8859-1"?>
	<formulaset format="2.1">
	<formulaset-name>Techniques</formulaset-name>
	<formulaset-categories>
		<formulaset-category>Epic / Rare</formulaset-category>
	</formulaset-categories>
	<item>
		<item-name>Hunter's Retribution</item-name>
		<item-icon>icon_augment_s_02_01_11.png</item-icon>
		<item-batchqty>1</item-batchqty>
		<item-attributes>
			<item-attribute type="bulk">1</item-attribute>
			<item-attribute type="description">Drag onto an item to apply</item-attribute>
			<item-attribute type="hoardValue">0</item-attribute>
		</item-attributes>
		<item-keywords>
			<item-keyword>techclass_1</item-keyword>
			<item-keyword>tech_spell</item-keyword>
			<item-keyword>technique</item-keyword>
			<item-keyword>tier_1</item-keyword>
		</item-keywords>
		<tier>
			<tier-name>Hunter's Retribution I</tier-name>
			<tier-lvl>1</tier-lvl>
			<tier-desc>This technique, usable on a weapon or dragon claw, gives the item a chance to do nature damage to a target.</tier-desc>
			<tier-allowedtechniques>0</tier-allowedtechniques>
			<tier-attributes>
			</tier-attributes>
			<tier-keywords>
			</tier-keywords>
			<resources>
				<resource>
					<resource-name>Jungle Crawler Breeder Thorax</resource-name>
					<resource-skill>Ingenuity</resource-skill>
					<resource-min amount="6">1</resource-min>
					<resource-opt amount="4">100</resource-opt>
				</resource>
				<resource>
					<resource-name>Dim Essence Orb</resource-name>
					<resource-skill>Ingenuity</resource-skill>
					<resource-min amount="6">100</resource-min>
					<resource-opt amount="4">100</resource-opt>
				</resource>
			</resources>
		</tier>
	</item>
</formulaset>
