<?xml version="1.0" encoding="ISO-8859-1"?>
<formulaset format="2.1">
	<formulaset-name>Weapons</formulaset-name>
	<formulaset-categories>
		<formulaset-category>Epic / Rare</formulaset-category>
	</formulaset-categories>
	<item>
		<item-name>Reklar's Cursed Cudgel</item-name>
		<item-icon>icon_formula_w_1hs_10_11.png</item-icon>
		<item-batchqty>1</item-batchqty>
		<item-attributes>
			<item-attribute type="bulk">32</item-attribute>
			<item-attribute type="equipSlot">Right Palm</item-attribute>
			<item-attribute type="hoardValue">150000</item-attribute>
			<item-attribute type="statBonus">+100 Power</item-attribute>
			<item-attribute type="statBonus">+30 One Hand Crush</item-attribute>
			<item-attribute type="damage">60-75</item-attribute>
			<item-attribute type="skill">One Hand Crush</item-attribute>
			<item-attribute type="reqAdvSkill">One Hand Crush (1000)</item-attribute>
			<item-attribute type="reqCurrentAdvLevel">Current Adventure Level (100)</item-attribute>
			<item-attribute type="reqAdvSchool">GRDN, ELAR, CRSB, RNGR, CLRC, DRU, SHMN, MONK, SCT, HLR, WAR</item-attribute>
			<item-attribute type="effectstatBonus">-100 Strength</item-attribute>
			<item-attribute type="effectstatBonus">-100 Dexterity</item-attribute>
			<item-attribute type="effectstatBonus">-100 Power</item-attribute>
			<item-attribute type="effectstatBonus">-100 Focus</item-attribute>
			<item-attribute type="effectduration">0:30</item-attribute>
			<item-attribute type="effect">Curse of Reklar</item-attribute>
			<item-attribute type="effectchance">5%</item-attribute>
			<item-attribute type="damagemodifier">Incoming Against Undead: Does 110% of normal damage</item-attribute>
		</item-attributes>
		<item-keywords>
			<item-keyword>tier_6</item-keyword>
			<item-keyword>weaponstyle_club</item-keyword>
			<item-keyword>weapon_club</item-keyword>
			<item-keyword>skill_use_onehandcrush</item-keyword>
			<item-keyword>weapon</item-keyword>
		</item-keywords>
		<tier>
			<tier-name>Reklar's Cursed Cudgel of Power</tier-name>
			<tier-lvl>6</tier-lvl>
			<tier-desc/>
			<tier-allowedtechniques>-1</tier-allowedtechniques>
			<tier-attributes>
			</tier-attributes>
			<tier-keywords>
			</tier-keywords>
			<resources>
				<resource>
					<resource-name>Reklar's Cursed Cudgel of Power (Piece 1 of 6)</resource-name>
					<resource-skill>Woodworking</resource-skill>
					<resource-min amount="1">1200</resource-min>
					<resource-opt amount="1">1200</resource-opt>
				</resource>
				<resource>
					<resource-name>Reklar's Cursed Cudgel of Power (Piece 2 of 6)</resource-name>
					<resource-skill>Woodworking</resource-skill>
					<resource-min amount="1">1200</resource-min>
					<resource-opt amount="1">1200</resource-opt>
				</resource>
				<resource>
					<resource-name>Reklar's Cursed Cudgel of Power (Piece 3 of 6)</resource-name>
					<resource-skill>Woodworking</resource-skill>
					<resource-min amount="1">1200</resource-min>
					<resource-opt amount="1">1200</resource-opt>
				</resource>
				<resource>
					<resource-name>Reklar's Cursed Cudgel of Power (Piece 4 of 6)</resource-name>
					<resource-skill>Woodworking</resource-skill>
					<resource-min amount="1">1200</resource-min>
					<resource-opt amount="1">1200</resource-opt>
				</resource>
				<resource>
					<resource-name>Reklar's Cursed Cudgel of Power (Piece 5 of 6)</resource-name>
					<resource-skill>Woodworking</resource-skill>
					<resource-min amount="1">1200</resource-min>
					<resource-opt amount="1">1200</resource-opt>
				</resource>
				<resource>
					<resource-name>Reklar's Cursed Cudgel of Power (Piece 6 of 6)</resource-name>
					<resource-skill>Woodworking</resource-skill>
					<resource-min amount="1">1200</resource-min>
					<resource-opt amount="1">1200</resource-opt>
				</resource>
			</resources>
		</tier>
	</item>
	<item>
		<item-name>Blood Sword</item-name>
		<item-icon>icon_formula_j_04_04_11.png</item-icon>
		<item-batchqty>1</item-batchqty>
		<item-attributes>
			<item-attribute type="bulk">64</item-attribute>
			<item-attribute type="equipSlot">Right Palm</item-attribute>
			<item-attribute type="hoardValue">150000</item-attribute>
			<item-attribute type="statBonus">+100 Health</item-attribute>
			<item-attribute type="statBonus">+30 Strength</item-attribute>
			<item-attribute type="damage">120-160</item-attribute>
			<item-attribute type="skill">Two Hand Slash</item-attribute>
			<item-attribute type="reqAdvSkill">Two Hand Slash (900)</item-attribute>
			<item-attribute type="reqCurrentAdvLevel">Current Adventure Level (90)</item-attribute>
			<item-attribute type="reqAdvSchool">KNOC, RVR, PLDN, WAR</item-attribute>
			<item-attribute type="effecttakeDamage">65-75 (Ethereal)</item-attribute>
			<item-attribute type="effectduration">0:45</item-attribute>
			<item-attribute type="effectfrequency">0:05</item-attribute>
			<item-attribute type="effect">Syphon</item-attribute>
			<item-attribute type="effectchance">5%</item-attribute>
			<item-attribute type="effectdescription">90% of damage done given to the attacker</item-attribute>
		</item-attributes>
		<item-keywords>
			<item-keyword>weapon_twohandsword</item-keyword>
			<item-keyword>tier_6</item-keyword>
			<item-keyword>weaponstyle_sword</item-keyword>
			<item-keyword>bodyslot_rightpalm</item-keyword>
			<item-keyword>skill_use_twohandslash</item-keyword>
			<item-keyword>weapon</item-keyword>
		</item-keywords>
		<tier>
			<tier-name>Valkor's Blood Sword</tier-name>
			<tier-lvl>6</tier-lvl>
			<tier-desc>"Born out of the darkness of misery and torture, it brings weakness and despair.  Death is a welcomed release from its grip."



-Altorn the Paladin-</tier-desc>
			<tier-allowedtechniques>-1</tier-allowedtechniques>
			<tier-attributes>
			</tier-attributes>
			<tier-keywords>
			</tier-keywords>
			<resources>
				<resource>
					<resource-name>Valkor's Blood Sword (Piece 1 of 5)</resource-name>
					<resource-skill>Weaponcraft</resource-skill>
					<resource-min amount="1">1200</resource-min>
					<resource-opt amount="1">1200</resource-opt>
				</resource>
				<resource>
					<resource-name>Valkor's Blood Sword (Piece 2 of 5)</resource-name>
					<resource-skill>Weaponcraft</resource-skill>
					<resource-min amount="1">1200</resource-min>
					<resource-opt amount="1">1200</resource-opt>
				</resource>
				<resource>
					<resource-name>Valkor's Blood Sword (Piece 3 of 5)</resource-name>
					<resource-skill>Weaponcraft</resource-skill>
					<resource-min amount="1">1200</resource-min>
					<resource-opt amount="1">1200</resource-opt>
				</resource>
				<resource>
					<resource-name>Valkor's Blood Sword (Piece 4 of 5)</resource-name>
					<resource-skill>Weaponcraft</resource-skill>
					<resource-min amount="1">1200</resource-min>
					<resource-opt amount="1">1200</resource-opt>
				</resource>
				<resource>
					<resource-name>Valkor's Blood Sword (Piece 5 of 5)</resource-name>
					<resource-skill>Weaponcraft</resource-skill>
					<resource-min amount="1">1200</resource-min>
					<resource-opt amount="1">1200</resource-opt>
				</resource>
			</resources>
		</tier>
	</item>
	<item>
		<item-name>Blood Talon</item-name>
		<item-icon>icon_formula_j_04_04_11.png</item-icon>
		<item-batchqty>1</item-batchqty>
		<item-attributes>
			<item-attribute type="bulk">64</item-attribute>
			<item-attribute type="equipSlot">Dragon Claw</item-attribute>
			<item-attribute type="hoardValue">150000</item-attribute>
			<item-attribute type="statBonus">+30 Tooth and Claw</item-attribute>
			<item-attribute type="statBonus">+30 Strength</item-attribute>
			<item-attribute type="damage">50-75</item-attribute>
			<item-attribute type="skill">Tooth and Claw</item-attribute>
			<item-attribute type="reqCurrentAdvLevel">Current Adventure Level (90)</item-attribute>
			<item-attribute type="reqAdvSkill">Tooth and Claw (900)</item-attribute>
			<item-attribute type="reqAdvSchool">DRAG</item-attribute>
			<item-attribute type="effectduration">0:45</item-attribute>
			<item-attribute type="effectfrequency">0:06</item-attribute>
			<item-attribute type="effecttakeDamage">31-34 (Ethereal)</item-attribute>
			<item-attribute type="effect">Ethereal Leech V</item-attribute>
			<item-attribute type="effectchance">5%</item-attribute>
			<item-attribute type="effectdescription">100% of damage done given to the attacker</item-attribute>
		</item-attributes>
		<item-keywords>
			<item-keyword>dragon_bodyslot_claw</item-keyword>
			<item-keyword>primal</item-keyword>
			<item-keyword>dragonscale</item-keyword>
			<item-keyword>tier_6</item-keyword>
		</item-keywords>
		<tier>
			<tier-name>Valkor's Blood Talon</tier-name>
			<tier-lvl>6</tier-lvl>
			<tier-desc>Forged in fire, but quenched in blood.  The screams of the souls it has feasted upon echo into eternity.</tier-desc>
			<tier-allowedtechniques>-1</tier-allowedtechniques>
			<tier-attributes>
			</tier-attributes>
			<tier-keywords>
			</tier-keywords>
			<resources>
				<resource>
					<resource-name>Valkor's Blood Talon (Piece 1 of 5)</resource-name>
					<resource-skill>Dragon Scalecraft</resource-skill>
					<resource-min amount="1">1200</resource-min>
					<resource-opt amount="1">1200</resource-opt>
				</resource>
				<resource>
					<resource-name>Valkor's Blood Talon (Piece 2 of 5)</resource-name>
					<resource-skill>Dragon Scalecraft</resource-skill>
					<resource-min amount="1">1200</resource-min>
					<resource-opt amount="1">1200</resource-opt>
				</resource>
				<resource>
					<resource-name>Valkor's Blood Talon (Piece 3 of 5)</resource-name>
					<resource-skill>Dragon Scalecraft</resource-skill>
					<resource-min amount="1">1200</resource-min>
					<resource-opt amount="1">1200</resource-opt>
				</resource>
				<resource>
					<resource-name>Valkor's Blood Talon (Piece 4 of 5)</resource-name>
					<resource-skill>Dragon Scalecraft</resource-skill>
					<resource-min amount="1">1200</resource-min>
					<resource-opt amount="1">1200</resource-opt>
				</resource>
				<resource>
					<resource-name>Valkor's Blood Talon (Piece 5 of 5)</resource-name>
					<resource-skill>Dragon Scalecraft</resource-skill>
					<resource-min amount="1">1200</resource-min>
					<resource-opt amount="1">1200</resource-opt>
				</resource>
			</resources>
		</tier>
	</item>
	<item>
		<item-name>BloodThorn Bow</item-name>
		<item-icon>icon_formula_j_04_04_11.png</item-icon>
		<item-batchqty>1</item-batchqty>
		<item-attributes>
			<item-attribute type="bulk">64</item-attribute>
			<item-attribute type="equipSlot">Left Palm</item-attribute>
			<item-attribute type="hoardValue">150000</item-attribute>
			<item-attribute type="statBonus">+30 Bow</item-attribute>
			<item-attribute type="statBonus">+30 Dexterity</item-attribute>
			<item-attribute type="damage">50-110</item-attribute>
			<item-attribute type="skill">Bow</item-attribute>
			<item-attribute type="reqAdvSkill">Bow (900)</item-attribute>
			<item-attribute type="reqCurrentAdvLevel">Current Adventure Level (90)</item-attribute>
			<item-attribute type="reqAdvSchool">ELAR, RNGR, SCT</item-attribute>
			<item-attribute type="effecttakeDamage">34-36 (Ethereal)</item-attribute>
			<item-attribute type="effectduration">0:42</item-attribute>
			<item-attribute type="effectfrequency">0:06</item-attribute>
			<item-attribute type="effect">Ethereal Paroxysm V</item-attribute>
			<item-attribute type="effectchance">5%</item-attribute>
			<item-attribute type="effectdescription">100% of damage done given to the attacker</item-attribute>
		</item-attributes>
		<item-keywords>
			<item-keyword>skill_use_bow</item-keyword>
			<item-keyword>longbow</item-keyword>
			<item-keyword>tier_5</item-keyword>
			<item-keyword>weapon_longbow</item-keyword>
			<item-keyword>bodyslot_leftpalm</item-keyword>
			<item-keyword>weaponstyle_bow</item-keyword>
			<item-keyword>weapon</item-keyword>
		</item-keywords>
		<tier>
			<tier-name>Bloodthorn Bow</tier-name>
			<tier-lvl>6</tier-lvl>
			<tier-desc>"No one is beyond my grasp... Weakness is my legacy, blood is my fuel.  You cannot escape."

- Valkor the Impaler -</tier-desc>
			<tier-allowedtechniques>-1</tier-allowedtechniques>
			<tier-attributes>
			</tier-attributes>
			<tier-keywords>
			</tier-keywords>
			<resources>
				<resource>
					<resource-name>Bloodthorn Bow (Piece 1 of 5)</resource-name>
					<resource-skill>Fletching</resource-skill>
					<resource-min amount="1">1200</resource-min>
					<resource-opt amount="1">1200</resource-opt>
				</resource>
				<resource>
					<resource-name>Bloodthorn Bow (Piece 2 of 5)</resource-name>
					<resource-skill>Fletching</resource-skill>
					<resource-min amount="1">1200</resource-min>
					<resource-opt amount="1">1200</resource-opt>
				</resource>
				<resource>
					<resource-name>Bloodthorn Bow (Piece 3 of 5)</resource-name>
					<resource-skill>Fletching</resource-skill>
					<resource-min amount="1">1200</resource-min>
					<resource-opt amount="1">1200</resource-opt>
				</resource>
				<resource>
					<resource-name>Bloodthorn Bow (Piece 4 of 5)</resource-name>
					<resource-skill>Fletching</resource-skill>
					<resource-min amount="1">1200</resource-min>
					<resource-opt amount="1">1200</resource-opt>
				</resource>
				<resource>
					<resource-name>Bloodthorn Bow (Piece 5 of 5)</resource-name>
					<resource-skill>Fletching</resource-skill>
					<resource-min amount="1">1200</resource-min>
					<resource-opt amount="1">1200</resource-opt>
				</resource>
			</resources>
		</tier>
	</item>
	<item>
		<item-name>BloodThorn Staff</item-name>
		<item-icon>icon_formula_j_04_04_11.png</item-icon>
		<item-batchqty>1</item-batchqty>
		<item-attributes>
			<item-attribute type="bulk">64</item-attribute>
			<item-attribute type="equipSlot">Right Palm</item-attribute>
			<item-attribute type="hoardValue">150000</item-attribute>
			<item-attribute type="statBonus">+30 Power</item-attribute>
			<item-attribute type="statBonus">+30 Focus</item-attribute>
			<item-attribute type="damage">100-110</item-attribute>
			<item-attribute type="skill">Two Hand Crush</item-attribute>
			<item-attribute type="reqCurrentAdvLevel">Current Adventure Level (90)</item-attribute>
			<item-attribute type="reqAdvSchool">BLDM, CONJ, SORC, WIZ, DRU, SHMN, BTLM, SPRT, MAGE</item-attribute>
			<item-attribute type="effecttakeDamage">200-250 (Fire)</item-attribute>
			<item-attribute type="effectstatBonusVariable">+500 to +1000 Power</item-attribute>
			<item-attribute type="effectduration">0:20</item-attribute>
			<item-attribute type="effectfrequency">0:03</item-attribute>
			<item-attribute type="effectdelayMod">Modifies delay by -10%</item-attribute>
			<item-attribute type="effect">Lust for Blood</item-attribute>
			<item-attribute type="effectchance">5%</item-attribute>
		</item-attributes>
		<item-keywords>
			<item-keyword>tier_6</item-keyword>
			<item-keyword>weaponstyle_staff</item-keyword>
			<item-keyword>weapon_staff</item-keyword>
			<item-keyword>bodyslot_rightpalm</item-keyword>
			<item-keyword>skill_use_twohandcrush</item-keyword>
			<item-keyword>weapon</item-keyword>
		</item-keywords>
		<tier>
			<tier-name>Bloodthorn Staff</tier-name>
			<tier-lvl>6</tier-lvl>
			<tier-desc>"As he gripped the staff, the thorns rent his flesh, and his blood rained upon the earth.  They were but drops, compared to the ocean in his wake" 

- Omens of the Blood Harvest -</tier-desc>
			<tier-allowedtechniques>-1</tier-allowedtechniques>
			<tier-attributes>
			</tier-attributes>
			<tier-keywords>
			</tier-keywords>
			<resources>
				<resource>
					<resource-name>Bloodthorn Staff (Piece 1 of 5)</resource-name>
					<resource-skill>Fletching</resource-skill>
					<resource-min amount="1">1200</resource-min>
					<resource-opt amount="1">1200</resource-opt>
				</resource>
				<resource>
					<resource-name>Bloodthorn Staff (Piece 2 of 5)</resource-name>
					<resource-skill>Fletching</resource-skill>
					<resource-min amount="1">1200</resource-min>
					<resource-opt amount="1">1200</resource-opt>
				</resource>
				<resource>
					<resource-name>Bloodthorn Staff (Piece 3 of 5)</resource-name>
					<resource-skill>Fletching</resource-skill>
					<resource-min amount="1">1200</resource-min>
					<resource-opt amount="1">1200</resource-opt>
				</resource>
				<resource>
					<resource-name>Bloodthorn Staff (Piece 4 of 5)</resource-name>
					<resource-skill>Fletching</resource-skill>
					<resource-min amount="1">1200</resource-min>
					<resource-opt amount="1">1200</resource-opt>
				</resource>
				<resource>
					<resource-name>Bloodthorn Staff (Piece 5 of 5)</resource-name>
					<resource-skill>Fletching</resource-skill>
					<resource-min amount="1">1200</resource-min>
					<resource-opt amount="1">1200</resource-opt>
				</resource>
			</resources>
		</tier>
	</item>
	<item>
		<item-name>Chaos Chakram</item-name>
		<item-icon>icon_formula_w_1hs_05_10_11.png</item-icon>
		<item-batchqty>1</item-batchqty>
		<item-attributes>
			<item-attribute type="bulk">32</item-attribute>
			<item-attribute type="equipSlot">Right Palm</item-attribute>
			<item-attribute type="hoardValue">150000</item-attribute>
			<item-attribute type="statBonus">+30 One Hand Slash</item-attribute>
			<item-attribute type="damage">80-85</item-attribute>
			<item-attribute type="skill">One Hand Slash</item-attribute>
			<item-attribute type="reqAdvSkill">One Hand Slash (1000)</item-attribute>
			<item-attribute type="reqCurrentAdvLevel">Current Adventure Level (100)</item-attribute>
			<item-attribute type="reqAdvSchool">GRDN, ELAR, CRSB, KNOC, RVR, RNGR, CONJ, SORC, CLRC, WIZ, DRU, SHMN, BTLM, MONK, SPRT, PLDN, SCT, HLR, WAR</item-attribute>
			<item-attribute type="damagemodifier">Attacks only Against Undead: Does 104% of normal damage</item-attribute>
		</item-attributes>
		<item-keywords>
			<item-keyword>tier_6</item-keyword>
			<item-keyword>weaponstyle_sword</item-keyword>
			<item-keyword>bodyslot_rightpalm</item-keyword>
			<item-keyword>skill_use_onehandslash</item-keyword>
			<item-keyword>weapon</item-keyword>
		</item-keywords>
		<tier>
			<tier-name>Reklar's Chaos Chakram</tier-name>
			<tier-lvl>6</tier-lvl>
			<tier-desc/>
			<tier-allowedtechniques>-1</tier-allowedtechniques>
			<tier-attributes>
			</tier-attributes>
			<tier-keywords>
			</tier-keywords>
			<resources>
				<resource>
					<resource-name>Reklar's Chaos Chakram (Piece 1 of 6)</resource-name>
					<resource-skill>Weaponcraft</resource-skill>
					<resource-min amount="1">1200</resource-min>
					<resource-opt amount="1">1200</resource-opt>
				</resource>
				<resource>
					<resource-name>Reklar's Chaos Chakram (Piece 2 of 6)</resource-name>
					<resource-skill>Weaponcraft</resource-skill>
					<resource-min amount="1">1200</resource-min>
					<resource-opt amount="1">1200</resource-opt>
				</resource>
				<resource>
					<resource-name>Reklar's Chaos Chakram (Piece 3 of 6)</resource-name>
					<resource-skill>Weaponcraft</resource-skill>
					<resource-min amount="1">1200</resource-min>
					<resource-opt amount="1">1200</resource-opt>
				</resource>
				<resource>
					<resource-name>Reklar's Chaos Chakram (Piece 4 of 6)</resource-name>
					<resource-skill>Weaponcraft</resource-skill>
					<resource-min amount="1">1200</resource-min>
					<resource-opt amount="1">1200</resource-opt>
				</resource>
				<resource>
					<resource-name>Reklar's Chaos Chakram (Piece 5 of 6)</resource-name>
					<resource-skill>Weaponcraft</resource-skill>
					<resource-min amount="1">1200</resource-min>
					<resource-opt amount="1">1200</resource-opt>
				</resource>
				<resource>
					<resource-name>Reklar's Chaos Chakram (Piece 6 of 6)</resource-name>
					<resource-skill>Weaponcraft</resource-skill>
					<resource-min amount="1">1200</resource-min>
					<resource-opt amount="1">1200</resource-opt>
				</resource>
			</resources>
		</tier>
	</item>
</formulaset>
