<?xml version="1.0" encoding="ISO-8859-1"?>
<formulaset format="2.1">
	<formulaset-name>Scales - Focus</formulaset-name>
	<formulaset-categories>
		<formulaset-category>Scales</formulaset-category>
	</formulaset-categories>
	<item>
		<item-name>Focus Back Scale</item-name>
		<item-icon>icon_formula_ds_03_06_11.png</item-icon>
		<item-batchqty>1</item-batchqty>
		<item-attributes>
			<item-attribute type="equipSlot">Back Scale</item-attribute>
			<item-attribute type="bulk">20</item-attribute>
			<item-attribute type="hoardValue">864</item-attribute>
			<item-attribute type="reqCurrentSchoolLevel">Current School Level (80)</item-attribute>
			<item-attribute type="reqRace">Adult Dragon, Hatchling Dragon, Ancient Dragon, Khutit</item-attribute>
			<item-attribute type="statBonus">+50 Focus</item-attribute>
			<item-attribute type="statBonus">+25 Armor</item-attribute>
		</item-attributes>
		<item-keywords>
			<item-keyword>techclass_5</item-keyword>
			<item-keyword>techclass_4</item-keyword>
			<item-keyword>techclass_3</item-keyword>
			<item-keyword>techclass_2</item-keyword>
			<item-keyword>techclass_1</item-keyword>
			<item-keyword>dragon_bodyslot_back</item-keyword>
			<item-keyword>dragonscale</item-keyword>
			<item-keyword>tier_5</item-keyword>
			<item-keyword>statmod_focus_up</item-keyword>
		</item-keywords>
		<tier>
			<tier-name>Mithril Focus Back Scale</tier-name>
			<tier-lvl>5</tier-lvl>
			<tier-allowedtechniques>3</tier-allowedtechniques>
			<tier-attributes>
      </tier-attributes>
			<resources>
				<resource>
					<resource-name>Mithril Bar</resource-name>
					<resource-skill>Scalecraft</resource-skill>
					<resource-min amount="24">950</resource-min>
					<resource-opt amount="12">1150</resource-opt>
				</resource>
			</resources>
		</tier>
	</item>
	<item>
		<item-name>Focus Chest Scale</item-name>
		<item-icon>icon_formula_ds_02_06_11.png</item-icon>
		<item-batchqty>1</item-batchqty>
		<item-attributes>
			<item-attribute type="equipSlot">Chest Scale</item-attribute>
			<item-attribute type="bulk">20</item-attribute>
			<item-attribute type="reqRace">Adult Dragon, Hatchling Dragon, Ancient Dragon, Khutit</item-attribute>
		</item-attributes>
		<item-keywords>
			<item-keyword>techclass_1</item-keyword>
			<item-keyword>dragon_bodyslot_chest</item-keyword>
			<item-keyword>dragonscale</item-keyword>
			<item-keyword>statmod_focus_up</item-keyword>
		</item-keywords>
		<tier>
			<tier-name>Bronze Focus Chest Scale</tier-name>
			<tier-lvl>1</tier-lvl>
			<tier-allowedtechniques>1</tier-allowedtechniques>
			<tier-attributes>
				<tier-attribute type="hoardValue">60</tier-attribute>
				<tier-attribute type="reqCurrentSchoolLevel">Current School Level (1)</tier-attribute>
				<tier-attribute type="statBonus">+10 Focus</tier-attribute>
				<tier-attribute type="statBonus">+5 Armor</tier-attribute>
			</tier-attributes>
			<tier-keywords>
				<tier-keyword>tier_1</tier-keyword>
			</tier-keywords>
			<resources>
				<resource>
					<resource-name>Bronze Bar</resource-name>
					<resource-skill>Scalecraft</resource-skill>
					<resource-min amount="24">50</resource-min>
					<resource-opt amount="12">150</resource-opt>
				</resource>
			</resources>
		</tier>
		<tier>
			<tier-name>Iron Focus Chest Scale</tier-name>
			<tier-lvl>2</tier-lvl>
			<tier-allowedtechniques>1</tier-allowedtechniques>
			<tier-attributes>
				<tier-attribute type="hoardValue">108</tier-attribute>
				<tier-attribute type="reqCurrentSchoolLevel">Current School Level (20)</tier-attribute>
				<tier-attribute type="statBonus">+20 Focus</tier-attribute>
				<tier-attribute type="statBonus">+10 Armor</tier-attribute>
			</tier-attributes>
			<tier-keywords>
				<tier-keyword>techclass_2</tier-keyword>
				<tier-keyword>tier_2</tier-keyword>
			</tier-keywords>
			<resources>
				<resource>
					<resource-name>Iron Bar</resource-name>
					<resource-skill>Scalecraft</resource-skill>
					<resource-min amount="24">250</resource-min>
					<resource-opt amount="12">375</resource-opt>
				</resource>
			</resources>
		</tier>
		<tier>
			<tier-name>Steel Focus Chest Scale</tier-name>
			<tier-lvl>3</tier-lvl>
			<tier-allowedtechniques>2</tier-allowedtechniques>
			<tier-attributes>
				<tier-attribute type="hoardValue">216</tier-attribute>
				<tier-attribute type="reqCurrentSchoolLevel">Current School Level (40)</tier-attribute>
				<tier-attribute type="statBonus">+30 Focus</tier-attribute>
				<tier-attribute type="statBonus">+15 Armor</tier-attribute>
			</tier-attributes>
			<tier-keywords>
				<tier-keyword>techclass_3</tier-keyword>
				<tier-keyword>techclass_2</tier-keyword>
				<tier-keyword>tier_3</tier-keyword>
			</tier-keywords>
			<resources>
				<resource>
					<resource-name>Steel Bar</resource-name>
					<resource-skill>Scalecraft</resource-skill>
					<resource-min amount="24">450</resource-min>
					<resource-opt amount="12">600</resource-opt>
				</resource>
			</resources>
		</tier>
		<tier>
			<tier-name>Cobalt Focus Chest Scale</tier-name>
			<tier-lvl>4</tier-lvl>
			<tier-allowedtechniques>2</tier-allowedtechniques>
			<tier-attributes>
				<tier-attribute type="hoardValue">432</tier-attribute>
				<tier-attribute type="reqCurrentSchoolLevel">Current School Level (60)</tier-attribute>
				<tier-attribute type="statBonus">+40 Focus</tier-attribute>
				<tier-attribute type="statBonus">+20 Armor</tier-attribute>
			</tier-attributes>
			<tier-keywords>
				<tier-keyword>techclass_4</tier-keyword>
				<tier-keyword>techclass_3</tier-keyword>
				<tier-keyword>techclass_2</tier-keyword>
				<tier-keyword>tier_4</tier-keyword>
			</tier-keywords>
			<resources>
				<resource>
					<resource-name>Cobalt Bar</resource-name>
					<resource-skill>Scalecraft</resource-skill>
					<resource-min amount="24">650</resource-min>
					<resource-opt amount="12">825</resource-opt>
				</resource>
			</resources>
		</tier>
		<tier>
			<tier-name>Mithril Focus Chest Scale</tier-name>
			<tier-lvl>5</tier-lvl>
			<tier-allowedtechniques>3</tier-allowedtechniques>
			<tier-attributes>
				<tier-attribute type="hoardValue">864</tier-attribute>
				<tier-attribute type="reqCurrentSchoolLevel">Current School Level (80)</tier-attribute>
				<tier-attribute type="statBonus">+50 Focus</tier-attribute>
				<tier-attribute type="statBonus">+25 Armor</tier-attribute>
			</tier-attributes>
			<tier-keywords>
				<tier-keyword>techclass_5</tier-keyword>
				<tier-keyword>techclass_4</tier-keyword>
				<tier-keyword>techclass_3</tier-keyword>
				<tier-keyword>techclass_2</tier-keyword>
				<tier-keyword>tier_5</tier-keyword>
			</tier-keywords>
			<resources>
				<resource>
					<resource-name>Mithril Bar</resource-name>
					<resource-skill>Scalecraft</resource-skill>
					<resource-min amount="24">850</resource-min>
					<resource-opt amount="12">1050</resource-opt>
				</resource>
			</resources>
		</tier>
	</item>
	<item>
		<item-name>Focus Foreleg Scale</item-name>
		<item-icon>icon_formula_ds_06_06_11.png</item-icon>
		<item-batchqty>1</item-batchqty>
		<item-attributes>
			<item-attribute type="equipSlot">Foreleg Scale</item-attribute>
			<item-attribute type="bulk">20</item-attribute>
			<item-attribute type="reqRace">Adult Dragon, Hatchling Dragon, Ancient Dragon, Khutit</item-attribute>
		</item-attributes>
		<item-keywords>
			<item-keyword>techclass_3</item-keyword>
			<item-keyword>techclass_2</item-keyword>
			<item-keyword>techclass_1</item-keyword>
			<item-keyword>dragon_bodyslot_foreleg</item-keyword>
			<item-keyword>dragonscale</item-keyword>
			<item-keyword>statmod_focus_up</item-keyword>
		</item-keywords>
		<tier>
			<tier-name>Steel Focus Foreleg Scale</tier-name>
			<tier-lvl>3</tier-lvl>
			<tier-allowedtechniques>2</tier-allowedtechniques>
			<tier-attributes>
				<tier-attribute type="hoardValue">216</tier-attribute>
				<tier-attribute type="reqCurrentSchoolLevel">Current School Level (40)</tier-attribute>
				<tier-attribute type="statBonus">+30 Focus</tier-attribute>
				<tier-attribute type="statBonus">+15 Armor</tier-attribute>
			</tier-attributes>
			<tier-keywords>
				<tier-keyword>tier_3</tier-keyword>
			</tier-keywords>
			<resources>
				<resource>
					<resource-name>Steel Bar</resource-name>
					<resource-skill>Scalecraft</resource-skill>
					<resource-min amount="24">450</resource-min>
					<resource-opt amount="12">600</resource-opt>
				</resource>
			</resources>
		</tier>
		<tier>
			<tier-name>Cobalt Focus Foreleg Scale</tier-name>
			<tier-lvl>4</tier-lvl>
			<tier-allowedtechniques>2</tier-allowedtechniques>
			<tier-attributes>
				<tier-attribute type="hoardValue">432</tier-attribute>
				<tier-attribute type="reqCurrentSchoolLevel">Current School Level (60)</tier-attribute>
				<tier-attribute type="statBonus">+40 Focus</tier-attribute>
				<tier-attribute type="statBonus">+20 Armor</tier-attribute>
			</tier-attributes>
			<tier-keywords>
				<tier-keyword>techclass_4</tier-keyword>
				<tier-keyword>tier_4</tier-keyword>
			</tier-keywords>
			<resources>
				<resource>
					<resource-name>Cobalt Bar</resource-name>
					<resource-skill>Scalecraft</resource-skill>
					<resource-min amount="24">650</resource-min>
					<resource-opt amount="12">825</resource-opt>
				</resource>
			</resources>
		</tier>
		<tier>
			<tier-name>Mithril Focus Foreleg Scale</tier-name>
			<tier-lvl>5</tier-lvl>
			<tier-allowedtechniques>3</tier-allowedtechniques>
			<tier-attributes>
				<tier-attribute type="hoardValue">864</tier-attribute>
				<tier-attribute type="reqCurrentSchoolLevel">Current School Level (80)</tier-attribute>
				<tier-attribute type="statBonus">+50 Focus</tier-attribute>
				<tier-attribute type="statBonus">+25 Armor</tier-attribute>
			</tier-attributes>
			<tier-keywords>
				<tier-keyword>techclass_5</tier-keyword>
				<tier-keyword>techclass_4</tier-keyword>
				<tier-keyword>tier_5</tier-keyword>
			</tier-keywords>
			<resources>
				<resource>
					<resource-name>Mithril Bar</resource-name>
					<resource-skill>Scalecraft</resource-skill>
					<resource-min amount="24">850</resource-min>
					<resource-opt amount="12">1050</resource-opt>
				</resource>
			</resources>
		</tier>
	</item>
	<item>
		<item-name>Focus Head Scale</item-name>
		<item-icon>icon_formula_ds_01_06_11.png</item-icon>
		<item-batchqty>1</item-batchqty>
		<item-attributes>
			<item-attribute type="equipSlot">Head Scale</item-attribute>
			<item-attribute type="bulk">20</item-attribute>
			<item-attribute type="reqRace">Adult Dragon, Hatchling Dragon, Ancient Dragon, Khutit</item-attribute>
		</item-attributes>
		<item-keywords>
			<item-keyword>techclass_2</item-keyword>
			<item-keyword>techclass_1</item-keyword>
			<item-keyword>dragon_bodyslot_head</item-keyword>
			<item-keyword>dragonscale</item-keyword>
			<item-keyword>statmod_focus_up</item-keyword>
		</item-keywords>
		<tier>
			<tier-name>Iron Focus Head Scale</tier-name>
			<tier-lvl>2</tier-lvl>
			<tier-allowedtechniques>1</tier-allowedtechniques>
			<tier-attributes>
				<tier-attribute type="hoardValue">108</tier-attribute>
				<tier-attribute type="reqCurrentSchoolLevel">Current School Level (20)</tier-attribute>
				<tier-attribute type="statBonus">+20 Focus</tier-attribute>
				<tier-attribute type="statBonus">+10 Armor</tier-attribute>
			</tier-attributes>
			<tier-keywords>
				<tier-keyword>tier_2</tier-keyword>
			</tier-keywords>
			<resources>
				<resource>
					<resource-name>Iron Bar</resource-name>
					<resource-skill>Scalecraft</resource-skill>
					<resource-min amount="24">250</resource-min>
					<resource-opt amount="12">375</resource-opt>
				</resource>
			</resources>
		</tier>
		<tier>
			<tier-name>Steel Focus Head Scale</tier-name>
			<tier-lvl>3</tier-lvl>
			<tier-allowedtechniques>2</tier-allowedtechniques>
			<tier-attributes>
				<tier-attribute type="hoardValue">216</tier-attribute>
				<tier-attribute type="reqCurrentSchoolLevel">Current School Level (40)</tier-attribute>
				<tier-attribute type="statBonus">+30 Focus</tier-attribute>
				<tier-attribute type="statBonus">+15 Armor</tier-attribute>
			</tier-attributes>
			<tier-keywords>
				<tier-keyword>techclass_3</tier-keyword>
				<tier-keyword>tier_3</tier-keyword>
			</tier-keywords>
			<resources>
				<resource>
					<resource-name>Steel Bar</resource-name>
					<resource-skill>Scalecraft</resource-skill>
					<resource-min amount="24">450</resource-min>
					<resource-opt amount="12">600</resource-opt>
				</resource>
			</resources>
		</tier>
		<tier>
			<tier-name>Cobalt Focus Head Scale</tier-name>
			<tier-lvl>4</tier-lvl>
			<tier-allowedtechniques>2</tier-allowedtechniques>
			<tier-attributes>
				<tier-attribute type="hoardValue">432</tier-attribute>
				<tier-attribute type="reqCurrentSchoolLevel">Current School Level (60)</tier-attribute>
				<tier-attribute type="statBonus">+40 Focus</tier-attribute>
				<tier-attribute type="statBonus">+20 Armor</tier-attribute>
			</tier-attributes>
			<tier-keywords>
				<tier-keyword>techclass_4</tier-keyword>
				<tier-keyword>techclass_3</tier-keyword>
				<tier-keyword>tier_4</tier-keyword>
			</tier-keywords>
			<resources>
				<resource>
					<resource-name>Cobalt Bar</resource-name>
					<resource-skill>Scalecraft</resource-skill>
					<resource-min amount="24">650</resource-min>
					<resource-opt amount="12">825</resource-opt>
				</resource>
			</resources>
		</tier>
		<tier>
			<tier-name>Mithril Focus Head Scale</tier-name>
			<tier-lvl>5</tier-lvl>
			<tier-allowedtechniques>3</tier-allowedtechniques>
			<tier-attributes>
				<tier-attribute type="hoardValue">864</tier-attribute>
				<tier-attribute type="reqCurrentSchoolLevel">Current School Level (80)</tier-attribute>
				<tier-attribute type="statBonus">+50 Focus</tier-attribute>
				<tier-attribute type="statBonus">+25 Armor</tier-attribute>
			</tier-attributes>
			<tier-keywords>
				<tier-keyword>techclass_5</tier-keyword>
				<tier-keyword>techclass_4</tier-keyword>
				<tier-keyword>techclass_3</tier-keyword>
				<tier-keyword>tier_5</tier-keyword>
			</tier-keywords>
			<resources>
				<resource>
					<resource-name>Mithril Bar</resource-name>
					<resource-skill>Scalecraft</resource-skill>
					<resource-min amount="24">850</resource-min>
					<resource-opt amount="12">1050</resource-opt>
				</resource>
			</resources>
		</tier>
	</item>
	<item>
		<item-name>Focus Hindleg Scale</item-name>
		<item-icon>icon_formula_ds_07_06_11.png</item-icon>
		<item-batchqty>1</item-batchqty>
		<item-attributes>
			<item-attribute type="equipSlot">Hindleg Scale</item-attribute>
			<item-attribute type="bulk">20</item-attribute>
			<item-attribute type="reqRace">Adult Dragon, Hatchling Dragon, Ancient Dragon, Khutit</item-attribute>
		</item-attributes>
		<item-keywords>
			<item-keyword>techclass_3</item-keyword>
			<item-keyword>techclass_2</item-keyword>
			<item-keyword>techclass_1</item-keyword>
			<item-keyword>dragon_bodyslot_hindleg</item-keyword>
			<item-keyword>dragonscale</item-keyword>
			<item-keyword>statmod_focus_up</item-keyword>
		</item-keywords>
		<tier>
			<tier-name>Steel Focus Hindleg Scale</tier-name>
			<tier-lvl>3</tier-lvl>
			<tier-allowedtechniques>2</tier-allowedtechniques>
			<tier-attributes>
				<tier-attribute type="hoardValue">216</tier-attribute>
				<tier-attribute type="reqCurrentSchoolLevel">Current School Level (50)</tier-attribute>
				<tier-attribute type="statBonus">+30 Focus</tier-attribute>
				<tier-attribute type="statBonus">+15 Armor</tier-attribute>
			</tier-attributes>
			<tier-keywords>
				<tier-keyword>tier_3</tier-keyword>
			</tier-keywords>
			<resources>
				<resource>
					<resource-name>Steel Bar</resource-name>
					<resource-skill>Scalecraft</resource-skill>
					<resource-min amount="24">550</resource-min>
					<resource-opt amount="12">700</resource-opt>
				</resource>
			</resources>
		</tier>
		<tier>
			<tier-name>Cobalt Focus Hindleg Scale</tier-name>
			<tier-lvl>4</tier-lvl>
			<tier-allowedtechniques>2</tier-allowedtechniques>
			<tier-attributes>
				<tier-attribute type="hoardValue">432</tier-attribute>
				<tier-attribute type="reqCurrentSchoolLevel">Current School Level (60)</tier-attribute>
				<tier-attribute type="statBonus">+40 Focus</tier-attribute>
				<tier-attribute type="statBonus">+20 Armor</tier-attribute>
			</tier-attributes>
			<tier-keywords>
				<tier-keyword>techclass_4</tier-keyword>
				<tier-keyword>tier_4</tier-keyword>
			</tier-keywords>
			<resources>
				<resource>
					<resource-name>Cobalt Bar</resource-name>
					<resource-skill>Scalecraft</resource-skill>
					<resource-min amount="24">750</resource-min>
					<resource-opt amount="12">925</resource-opt>
				</resource>
			</resources>
		</tier>
		<tier>
			<tier-name>Mithril Focus Hindleg Scale</tier-name>
			<tier-lvl>5</tier-lvl>
			<tier-allowedtechniques>3</tier-allowedtechniques>
			<tier-attributes>
				<tier-attribute type="hoardValue">864</tier-attribute>
				<tier-attribute type="reqCurrentSchoolLevel">Current School Level (80)</tier-attribute>
				<tier-attribute type="statBonus">+50 Focus</tier-attribute>
				<tier-attribute type="statBonus">+25 Armor</tier-attribute>
			</tier-attributes>
			<tier-keywords>
				<tier-keyword>techclass_5</tier-keyword>
				<tier-keyword>techclass_4</tier-keyword>
				<tier-keyword>tier_5</tier-keyword>
			</tier-keywords>
			<resources>
				<resource>
					<resource-name>Mithril Bar</resource-name>
					<resource-skill>Scalecraft</resource-skill>
					<resource-min amount="24">950</resource-min>
					<resource-opt amount="12">1150</resource-opt>
				</resource>
			</resources>
		</tier>
	</item>
	<item>
		<item-name>Focus Tail Scale</item-name>
		<item-icon>icon_formula_ds_04_06_11.png</item-icon>
		<item-batchqty>1</item-batchqty>
		<item-attributes>
			<item-attribute type="equipSlot">Tail Scale</item-attribute>
			<item-attribute type="bulk">20</item-attribute>
			<item-attribute type="hoardValue">864</item-attribute>
			<item-attribute type="reqCurrentSchoolLevel">Current School Level (80)</item-attribute>
			<item-attribute type="reqRace">Adult Dragon, Hatchling Dragon, Ancient Dragon, Khutit</item-attribute>
			<item-attribute type="statBonus">+50 Focus</item-attribute>
			<item-attribute type="statBonus">+25 Armor</item-attribute>
		</item-attributes>
		<item-keywords>
			<item-keyword>techclass_5</item-keyword>
			<item-keyword>techclass_4</item-keyword>
			<item-keyword>techclass_3</item-keyword>
			<item-keyword>techclass_2</item-keyword>
			<item-keyword>techclass_1</item-keyword>
			<item-keyword>dragon_bodyslot_tail</item-keyword>
			<item-keyword>dragonscale</item-keyword>
			<item-keyword>tier_5</item-keyword>
			<item-keyword>statmod_focus_up</item-keyword>
		</item-keywords>
		<tier>
			<tier-name>Mithril Focus Tail Scale</tier-name>
			<tier-lvl>5</tier-lvl>
			<tier-allowedtechniques>3</tier-allowedtechniques>
			<tier-attributes>
      </tier-attributes>
			<resources>
				<resource>
					<resource-name>Mithril Bar</resource-name>
					<resource-skill>Scalecraft</resource-skill>
					<resource-min amount="24">950</resource-min>
					<resource-opt amount="12">1150</resource-opt>
				</resource>
			</resources>
		</tier>
	</item>
	<item>
		<item-name>Focus Wing Scale</item-name>
		<item-icon>icon_formula_ds_05_06_11.png</item-icon>
		<item-batchqty>1</item-batchqty>
		<item-attributes>
			<item-attribute type="equipSlot">Wing Scale</item-attribute>
			<item-attribute type="bulk">20</item-attribute>
			<item-attribute type="reqRace">Adult Dragon, Hatchling Dragon, Ancient Dragon, Khutit</item-attribute>
		</item-attributes>
		<item-keywords>
			<item-keyword>techclass_1</item-keyword>
			<item-keyword>dragon_bodyslot_wing</item-keyword>
			<item-keyword>dragonscale</item-keyword>
			<item-keyword>statmod_focus_up</item-keyword>
		</item-keywords>
		<tier>
			<tier-name>Bronze Focus Wing Scale</tier-name>
			<tier-lvl>1</tier-lvl>
			<tier-allowedtechniques>1</tier-allowedtechniques>
			<tier-attributes>
				<tier-attribute type="hoardValue">60</tier-attribute>
				<tier-attribute type="reqCurrentSchoolLevel">Current School Level (10)</tier-attribute>
				<tier-attribute type="statBonus">+10 Focus</tier-attribute>
				<tier-attribute type="statBonus">+5 Armor</tier-attribute>
			</tier-attributes>
			<tier-keywords>
				<tier-keyword>tier_1</tier-keyword>
			</tier-keywords>
			<resources>
				<resource>
					<resource-name>Bronze Bar</resource-name>
					<resource-skill>Scalecraft</resource-skill>
					<resource-min amount="24">150</resource-min>
					<resource-opt amount="12">250</resource-opt>
				</resource>
			</resources>
		</tier>
		<tier>
			<tier-name>Iron Focus Wing Scale</tier-name>
			<tier-lvl>2</tier-lvl>
			<tier-allowedtechniques>1</tier-allowedtechniques>
			<tier-attributes>
				<tier-attribute type="hoardValue">108</tier-attribute>
				<tier-attribute type="reqCurrentSchoolLevel">Current School Level (20)</tier-attribute>
				<tier-attribute type="statBonus">+20 Focus</tier-attribute>
				<tier-attribute type="statBonus">+10 Armor</tier-attribute>
			</tier-attributes>
			<tier-keywords>
				<tier-keyword>techclass_2</tier-keyword>
				<tier-keyword>tier_2</tier-keyword>
			</tier-keywords>
			<resources>
				<resource>
					<resource-name>Iron Bar</resource-name>
					<resource-skill>Scalecraft</resource-skill>
					<resource-min amount="24">350</resource-min>
					<resource-opt amount="12">475</resource-opt>
				</resource>
			</resources>
		</tier>
		<tier>
			<tier-name>Steel Focus Wing Scale</tier-name>
			<tier-lvl>3</tier-lvl>
			<tier-allowedtechniques>2</tier-allowedtechniques>
			<tier-attributes>
				<tier-attribute type="hoardValue">216</tier-attribute>
				<tier-attribute type="reqCurrentSchoolLevel">Current School Level (40)</tier-attribute>
				<tier-attribute type="statBonus">+30 Focus</tier-attribute>
				<tier-attribute type="statBonus">+15 Armor</tier-attribute>
			</tier-attributes>
			<tier-keywords>
				<tier-keyword>techclass_3</tier-keyword>
				<tier-keyword>techclass_2</tier-keyword>
				<tier-keyword>tier_3</tier-keyword>
			</tier-keywords>
			<resources>
				<resource>
					<resource-name>Steel Bar</resource-name>
					<resource-skill>Scalecraft</resource-skill>
					<resource-min amount="24">550</resource-min>
					<resource-opt amount="12">700</resource-opt>
				</resource>
			</resources>
		</tier>
		<tier>
			<tier-name>Cobalt Focus Wing Scale</tier-name>
			<tier-lvl>4</tier-lvl>
			<tier-allowedtechniques>2</tier-allowedtechniques>
			<tier-attributes>
				<tier-attribute type="hoardValue">432</tier-attribute>
				<tier-attribute type="reqCurrentSchoolLevel">Current School Level (60)</tier-attribute>
				<tier-attribute type="statBonus">+40 Focus</tier-attribute>
				<tier-attribute type="statBonus">+20 Armor</tier-attribute>
			</tier-attributes>
			<tier-keywords>
				<tier-keyword>techclass_4</tier-keyword>
				<tier-keyword>techclass_3</tier-keyword>
				<tier-keyword>techclass_2</tier-keyword>
				<tier-keyword>tier_4</tier-keyword>
			</tier-keywords>
			<resources>
				<resource>
					<resource-name>Cobalt Bar</resource-name>
					<resource-skill>Scalecraft</resource-skill>
					<resource-min amount="24">750</resource-min>
					<resource-opt amount="12">925</resource-opt>
				</resource>
			</resources>
		</tier>
		<tier>
			<tier-name>Mithril Focus Wing Scale</tier-name>
			<tier-lvl>5</tier-lvl>
			<tier-allowedtechniques>3</tier-allowedtechniques>
			<tier-attributes>
				<tier-attribute type="hoardValue">864</tier-attribute>
				<tier-attribute type="reqCurrentSchoolLevel">Current School Level (80)</tier-attribute>
				<tier-attribute type="statBonus">+50 Focus</tier-attribute>
				<tier-attribute type="statBonus">+25 Armor</tier-attribute>
			</tier-attributes>
			<tier-keywords>
				<tier-keyword>techclass_5</tier-keyword>
				<tier-keyword>techclass_4</tier-keyword>
				<tier-keyword>techclass_3</tier-keyword>
				<tier-keyword>techclass_2</tier-keyword>
				<tier-keyword>tier_5</tier-keyword>
			</tier-keywords>
			<resources>
				<resource>
					<resource-name>Mithril Bar</resource-name>
					<resource-skill>Scalecraft</resource-skill>
					<resource-min amount="24">950</resource-min>
					<resource-opt amount="12">1150</resource-opt>
				</resource>
			</resources>
		</tier>
	</item>
</formulaset>
