<?xml version="1.0" encoding="ISO-8859-1"?>
<techniqueset format="2.1">
	<techniqueset-name>Fishing</techniqueset-name>
	<techniqueset-categories>
		<techniqueset-category>Craft</techniqueset-category>
	</techniqueset-categories>
	<tech>
		<tech-name>Fishing</tech-name>
		<tech-icon>icon_technique_03_00_11.png</tech-icon>
		<tech-keywords>
			<tech-keywordset>
				<tech-keyword>armor</tech-keyword>
				<tech-keyword>jewelry</tech-keyword>
				<tech-keyword>tool</tech-keyword>
				<tech-keyword>container</tech-keyword>
			</tech-keywordset>
			<tech-keywordset>
				<tech-keyword>bodyslot_neck</tech-keyword>
				<tech-keyword>bodyslot_face</tech-keyword>
				<tech-keyword>bodyslot_ear</tech-keyword>
				<tech-keyword>bodyslot_waist</tech-keyword>
				<tech-keyword>bodyslot_feet</tech-keyword>
				<tech-keyword>bodyslot_hands</tech-keyword>
				<tech-keyword>bodyslot_rightpalm</tech-keyword>
				<tech-keyword>bodyslot_leftpalm</tech-keyword>
				<tech-keyword>bodyslot_finger</tech-keyword>
			</tech-keywordset>
		</tech-keywords>
		<tech-effectkeywords>
			<tech-effectkeywordset>
				<tech-effectkeyword>statmod_fishing_up</tech-effectkeyword>
			</tech-effectkeywordset>
		</tech-effectkeywords>
		<tier>
			<tier-name>Fishing I</tier-name>
			<tier-origin>Craft: Fishing I</tier-origin>
			<tier-lvl>1</tier-lvl>
			<tier-desc>This technique gives the user the ability to create certain objects with an addtional +4 in the Fishing trade skill.</tier-desc>
			<tier-skilladjust>10</tier-skilladjust>
			<tier-keywords>
				<tier-keywordset>
					<tier-keyword>techclass_1</tier-keyword>
				</tier-keywordset>
			</tier-keywords>
			<tier-attributes>
				<tier-attribute type="statBonus">+4 Fishing</tier-attribute>
			</tier-attributes>
			<components>
				<component amount="100">Fresh Minnow</component>
				<component amount="4">Dim Essence Orb</component>
			</components>
		</tier>
		<tier>
			<tier-name>Fishing II</tier-name>
			<tier-origin>Craft: Fishing II</tier-origin>
			<tier-lvl>2</tier-lvl>
			<tier-desc>This technique gives the user the ability to create certain objects with an addtional +8 in the Fishing trade skill.</tier-desc>
			<tier-skilladjust>20</tier-skilladjust>
			<tier-keywords>
				<tier-keywordset>
					<tier-keyword>techclass_2</tier-keyword>
				</tier-keywordset>
			</tier-keywords>
			<tier-attributes>
				<tier-attribute type="statBonus">+8 Fishing</tier-attribute>
			</tier-attributes>
			<components>
				<component amount="100">Fresh Bluegill</component>
				<component amount="4">Pale Essence Orb</component>
			</components>
		</tier>
		<tier>
			<tier-name>Fishing III</tier-name>
			<tier-origin>Craft: Fishing III</tier-origin>
			<tier-lvl>3</tier-lvl>
			<tier-desc>This technique gives the user the ability to create certain objects with an addtional +12 in the Fishing trade skill.</tier-desc>
			<tier-skilladjust>30</tier-skilladjust>
			<tier-keywords>
				<tier-keywordset>
					<tier-keyword>techclass_3</tier-keyword>
				</tier-keywordset>
			</tier-keywords>
			<tier-attributes>
				<tier-attribute type="statBonus">+12 Fishing</tier-attribute>
			</tier-attributes>
			<components>
				<component amount="4">Glowing Essence Orb</component>
				<component amount="100">Fresh Bass</component>
			</components>
		</tier>
		<tier>
			<tier-name>Fishing IV</tier-name>
			<tier-origin>Craft: Fishing IV</tier-origin>
			<tier-lvl>4</tier-lvl>
			<tier-desc>This technique gives the user the ability to create certain objects with an addtional +16 in the Fishing trade skill.</tier-desc>
			<tier-skilladjust>40</tier-skilladjust>
			<tier-keywords>
				<tier-keywordset>
					<tier-keyword>techclass_4</tier-keyword>
				</tier-keywordset>
			</tier-keywords>
			<tier-attributes>
				<tier-attribute type="statBonus">+16 Fishing</tier-attribute>
			</tier-attributes>
			<components>
				<component amount="4">Bright Essence Orb</component>
				<component amount="100">Fresh Trout</component>
			</components>
		</tier>
		<tier>
			<tier-name>Fishing V</tier-name>
			<tier-origin>Craft: Fishing V</tier-origin>
			<tier-lvl>5</tier-lvl>
			<tier-desc>This technique gives the user the ability to create certain objects with an addtional +20 in the Fishing trade skill.</tier-desc>
			<tier-skilladjust>50</tier-skilladjust>
			<tier-keywords>
				<tier-keywordset>
					<tier-keyword>techclass_5</tier-keyword>
				</tier-keywordset>
			</tier-keywords>
			<tier-attributes>
				<tier-attribute type="statBonus">+20 Fishing</tier-attribute>
			</tier-attributes>
			<components>
				<component amount="4">Shining Essence Orb</component>
				<component amount="100">Fresh Mackerel</component>
			</components>
		</tier>
	</tech>
</techniqueset>
