<?xml version="1.0" encoding="ISO-8859-1"?>
<techniqueset format="2.1">
	<techniqueset-name>Armorcraft</techniqueset-name>
	<techniqueset-categories>
		<techniqueset-category>Craft</techniqueset-category>
	</techniqueset-categories>
	<tech>
		<tech-name>Armorcraft</tech-name>
		<tech-icon>icon_technique_03_00_11.png</tech-icon>
		<tech-keywords>
			<tech-keywordset>
				<tech-keyword>armor</tech-keyword>
				<tech-keyword>jewelry</tech-keyword>
				<tech-keyword>tool</tech-keyword>
			</tech-keywordset>
			<tech-keywordset>
				<tech-keyword>bodyslot_chest</tech-keyword>
				<tech-keyword>bodyslot_neck</tech-keyword>
				<tech-keyword>bodyslot_head</tech-keyword>
				<tech-keyword>bodyslot_ear</tech-keyword>
				<tech-keyword>bodyslot_waist</tech-keyword>
				<tech-keyword>bodyslot_wrist</tech-keyword>
				<tech-keyword>bodyslot_hands</tech-keyword>
				<tech-keyword>bodyslot_rightpalm</tech-keyword>
			</tech-keywordset>
		</tech-keywords>
		<tech-effectkeywords>
			<tech-effectkeywordset>
				<tech-effectkeyword>statmod_armorcraft_up</tech-effectkeyword>
			</tech-effectkeywordset>
		</tech-effectkeywords>
		<tier>
			<tier-name>Armorcraft I</tier-name>
			<tier-origin>Craft: Armorcraft I</tier-origin>
			<tier-lvl>1</tier-lvl>
			<tier-desc>This technique gives the user the ability to create certain objects with an addtional +4 in the Armorcraft trade skill.</tier-desc>
			<tier-skilladjust>10</tier-skilladjust>
			<tier-keywords>
				<tier-keywordset>
					<tier-keyword>techclass_1</tier-keyword>
				</tier-keywordset>
			</tier-keywords>
			<tier-attributes>
				<tier-attribute type="statBonus">+4 Armorcraft</tier-attribute>
			</tier-attributes>
			<components>
				<component amount="4">Dim Essence Orb</component>
				<component amount="1">Brittle Fyakki Leg</component>
			</components>
		</tier>
		<tier>
			<tier-name>Armorcraft II</tier-name>
			<tier-origin>Craft: Armorcraft II</tier-origin>
			<tier-lvl>2</tier-lvl>
			<tier-desc>This technique gives the user the ability to create certain objects with an addtional +8 in the Armorcraft trade skill.</tier-desc>
			<tier-skilladjust>20</tier-skilladjust>
			<tier-keywords>
				<tier-keywordset>
					<tier-keyword>techclass_2</tier-keyword>
				</tier-keywordset>
			</tier-keywords>
			<tier-attributes>
				<tier-attribute type="statBonus">+8 Armorcraft</tier-attribute>
			</tier-attributes>
			<components>
				<component amount="4">Pale Essence Orb</component>
				<component amount="1">Slate Golem Fragment</component>
				<component amount="1">Iron Golem Fragment</component>
			</components>
		</tier>
		<tier>
			<tier-name>Armorcraft III</tier-name>
			<tier-origin>Craft: Armorcraft III</tier-origin>
			<tier-lvl>3</tier-lvl>
			<tier-desc>This technique gives the user the ability to create certain objects with an addtional +12 in the Armorcraft trade skill.</tier-desc>
			<tier-skilladjust>30</tier-skilladjust>
			<tier-keywords>
				<tier-keywordset>
					<tier-keyword>techclass_3</tier-keyword>
				</tier-keywordset>
			</tier-keywords>
			<tier-attributes>
				<tier-attribute type="statBonus">+12 Armorcraft</tier-attribute>
			</tier-attributes>
			<components>
				<component amount="4">Glowing Essence Orb</component>
				<component amount="1">Imbued Armor Splinter</component>
				<component amount="1">Resistant Fyakki Eye</component>
			</components>
		</tier>
		<tier>
			<tier-name>Armorcraft IV</tier-name>
			<tier-origin>Craft: Armorcraft IV</tier-origin>
			<tier-lvl>4</tier-lvl>
			<tier-desc>This technique gives the user the ability to create certain objects with an addtional +16 in the Armorcraft trade skill.</tier-desc>
			<tier-skilladjust>40</tier-skilladjust>
			<tier-keywords>
				<tier-keywordset>
					<tier-keyword>techclass_4</tier-keyword>
				</tier-keywordset>
			</tier-keywords>
			<tier-attributes>
				<tier-attribute type="statBonus">+16 Armorcraft</tier-attribute>
			</tier-attributes>
			<components>
				<component amount="4">Bright Essence Orb</component>
				<component amount="1">Platinum Golem Fragment</component>
				<component amount="2">Jade Golem Chip</component>
			</components>
		</tier>
		<tier>
			<tier-name>Armorcraft V</tier-name>
			<tier-origin>Craft: Armorcraft V</tier-origin>
			<tier-lvl>5</tier-lvl>
			<tier-desc>This technique gives the user the ability to create certain objects with an addtional +20 in the Armorcraft trade skill.</tier-desc>
			<tier-skilladjust>50</tier-skilladjust>
			<tier-keywords>
				<tier-keywordset>
					<tier-keyword>techclass_5</tier-keyword>
				</tier-keywordset>
			</tier-keywords>
			<tier-attributes>
				<tier-attribute type="statBonus">+20 Armorcraft</tier-attribute>
			</tier-attributes>
			<components>
				<component amount="4">Shining Essence Orb</component>
				<component amount="2">Mithril Golem Fragment</component>
				<component amount="2">Kwellen Energy Node</component>
			</components>
		</tier>
	</tech>
</techniqueset>
